Copyright 1986-2022 Xilinx, Inc. All Rights Reserved. Copyright 2022-2024 Advanced Micro Devices, Inc. All Rights Reserved.
---------------------------------------------------------------------------------------------------------------------------------------------------------------------------------------------------------------------------------------------------
| Tool Version : Vivado v.2024.1 (win64) Build 5076996 Wed May 22 18:37:14 MDT 2024
| Date         : Wed Sep 23 23:13:06 2026
| Host         : LAPTOP-N9F2OTPF running 64-bit major release  (build 9200)
| Command      : report_timing_summary -max_paths 10 -report_unconstrained -file noc_mesh_synth_top_timing_summary_routed.rpt -pb noc_mesh_synth_top_timing_summary_routed.pb -rpx noc_mesh_synth_top_timing_summary_routed.rpx -warn_on_violation
| Design       : noc_mesh_synth_top
| Device       : 7a100t-csg324
| Speed File   : -1  PRODUCTION 1.23 2018-06-13
| Design State : Routed
---------------------------------------------------------------------------------------------------------------------------------------------------------------------------------------------------------------------------------------------------

Timing Summary Report

------------------------------------------------------------------------------------------------
| Timer Settings
| --------------
------------------------------------------------------------------------------------------------

  Enable Multi Corner Analysis               :  Yes
  Enable Pessimism Removal                   :  Yes
  Pessimism Removal Resolution               :  Nearest Common Node
  Enable Input Delay Default Clock           :  No
  Enable Preset / Clear Arcs                 :  No
  Disable Flight Delays                      :  No
  Ignore I/O Paths                           :  No
  Timing Early Launch at Borrowing Latches   :  No
  Borrow Time for Max Delay Exceptions       :  Yes
  Merge Timing Exceptions                    :  Yes
  Inter-SLR Compensation                     :  Conservative

  Corner  Analyze    Analyze    
  Name    Max Paths  Min Paths  
  ------  ---------  ---------  
  Slow    Yes        Yes        
  Fast    Yes        Yes        


------------------------------------------------------------------------------------------------
| Report Methodology
| ------------------
------------------------------------------------------------------------------------------------

No report available as report_methodology has not been run prior. Run report_methodology on the current design for the summary of methodology violations.



check_timing report

Table of Contents
-----------------
1. checking no_clock (0)
2. checking constant_clock (0)
3. checking pulse_width_clock (0)
4. checking unconstrained_internal_endpoints (0)
5. checking no_input_delay (1)
6. checking no_output_delay (1)
7. checking multiple_clock (0)
8. checking generated_clocks (0)
9. checking loops (0)
10. checking partial_input_delay (0)
11. checking partial_output_delay (0)
12. checking latch_loops (0)

1. checking no_clock (0)
------------------------
 There are 0 register/latch pins with no clock.


2. checking constant_clock (0)
------------------------------
 There are 0 register/latch pins with constant_clock.


3. checking pulse_width_clock (0)
---------------------------------
 There are 0 register/latch pins which need pulse_width check


4. checking unconstrained_internal_endpoints (0)
------------------------------------------------
 There are 0 pins that are not constrained for maximum delay.

 There are 0 pins that are not constrained for maximum delay due to constant clock.


5. checking no_input_delay (1)
------------------------------
 There are 0 input ports with no input delay specified.

 There is 1 input port with no input delay but user has a false path constraint. (MEDIUM)


6. checking no_output_delay (1)
-------------------------------
 There are 0 ports with no output delay specified.

 There is 1 port with no output delay but user has a false path constraint (MEDIUM)

 There are 0 ports with no output delay but with a timing clock defined on it or propagating through it


7. checking multiple_clock (0)
------------------------------
 There are 0 register/latch pins with multiple clocks.


8. checking generated_clocks (0)
--------------------------------
 There are 0 generated clocks that are not connected to a clock source.


9. checking loops (0)
---------------------
 There are 0 combinational loops in the design.


10. checking partial_input_delay (0)
------------------------------------
 There are 0 input ports with partial input delay specified.


11. checking partial_output_delay (0)
-------------------------------------
 There are 0 ports with partial output delay specified.


12. checking latch_loops (0)
----------------------------
 There are 0 combinational latch loops in the design through latch input



------------------------------------------------------------------------------------------------
| Design Timing Summary
| ---------------------
------------------------------------------------------------------------------------------------

    WNS(ns)      TNS(ns)  TNS Failing Endpoints  TNS Total Endpoints      WHS(ns)      THS(ns)  THS Failing Endpoints  THS Total Endpoints     WPWS(ns)     TPWS(ns)  TPWS Failing Endpoints  TPWS Total Endpoints  
    -------      -------  ---------------------  -------------------      -------      -------  ---------------------  -------------------     --------     --------  ----------------------  --------------------  
     -0.317       -9.265                     50                17793        0.029        0.000                      0                17793        8.750        0.000                       0                  5389  


Timing constraints are not met.


------------------------------------------------------------------------------------------------
| Clock Summary
| -------------
------------------------------------------------------------------------------------------------

Clock  Waveform(ns)       Period(ns)      Frequency(MHz)
-----  ------------       ----------      --------------
clk    {0.000 10.000}     20.000          50.000          


------------------------------------------------------------------------------------------------
| Intra Clock Table
| -----------------
------------------------------------------------------------------------------------------------

Clock             WNS(ns)      TNS(ns)  TNS Failing Endpoints  TNS Total Endpoints      WHS(ns)      THS(ns)  THS Failing Endpoints  THS Total Endpoints     WPWS(ns)     TPWS(ns)  TPWS Failing Endpoints  TPWS Total Endpoints  
-----             -------      -------  ---------------------  -------------------      -------      -------  ---------------------  -------------------     --------     --------  ----------------------  --------------------  
clk                -0.317       -9.265                     50                17793        0.029        0.000                      0                17793        8.750        0.000                       0                  5389  


------------------------------------------------------------------------------------------------
| Inter Clock Table
| -----------------
------------------------------------------------------------------------------------------------

From Clock    To Clock          WNS(ns)      TNS(ns)  TNS Failing Endpoints  TNS Total Endpoints      WHS(ns)      THS(ns)  THS Failing Endpoints  THS Total Endpoints  
----------    --------          -------      -------  ---------------------  -------------------      -------      -------  ---------------------  -------------------  


------------------------------------------------------------------------------------------------
| Other Path Groups Table
| -----------------------
------------------------------------------------------------------------------------------------

Path Group    From Clock    To Clock          WNS(ns)      TNS(ns)  TNS Failing Endpoints  TNS Total Endpoints      WHS(ns)      THS(ns)  THS Failing Endpoints  THS Total Endpoints  
----------    ----------    --------          -------      -------  ---------------------  -------------------      -------      -------  ---------------------  -------------------  


------------------------------------------------------------------------------------------------
| User Ignored Path Table
| -----------------------
------------------------------------------------------------------------------------------------

Path Group    From Clock    To Clock    
----------    ----------    --------    
(none)        clk                         
(none)                      clk           


------------------------------------------------------------------------------------------------
| Unconstrained Path Table
| ------------------------
------------------------------------------------------------------------------------------------

Path Group    From Clock    To Clock    
----------    ----------    --------    


------------------------------------------------------------------------------------------------
| Timing Details
| --------------
------------------------------------------------------------------------------------------------


---------------------------------------------------------------------------------------------------
From Clock:  clk
  To Clock:  clk

Setup :           50  Failing Endpoints,  Worst Slack       -0.317ns,  Total Violation       -9.265ns
Hold  :            0  Failing Endpoints,  Worst Slack        0.029ns,  Total Violation        0.000ns
PW    :            0  Failing Endpoints,  Worst Slack        8.750ns,  Total Violation        0.000ns
---------------------------------------------------------------------------------------------------


Max Delay Paths
--------------------------------------------------------------------------------------
Slack (VIOLATED) :        -0.317ns  (required time - arrival time)
  Source:                 u_mesh/GEN_R[0].r/u_datapath/local_vc0_fifo/rd_ptr_reg[0]/C
                            (rising edge-triggered cell FDRE clocked by clk  {rise@0.000ns fall@10.000ns period=20.000ns})
  Destination:            u_mesh/GEN_R[0].r/u_eject_fifo/fifo_mem_reg[0][flit_data]_0_15_24_29/RAMA/WE
                            (rising edge-triggered cell RAMD32 clocked by clk  {rise@0.000ns fall@10.000ns period=20.000ns})
  Path Group:             clk
  Path Type:              Setup (Max at Slow Process Corner)
  Requirement:            20.000ns  (clk rise@20.000ns - clk rise@0.000ns)
  Data Path Delay:        19.703ns  (logic 3.307ns (16.784%)  route 16.396ns (83.216%))
  Logic Levels:           20  (LUT2=1 LUT4=2 LUT5=5 LUT6=11 RAMD32=1)
  Clock Path Skew:        -0.046ns (DCD - SCD + CPR)
    Destination Clock Delay (DCD):    4.926ns = ( 24.926 - 20.000 ) 
    Source Clock Delay      (SCD):    5.231ns
    Clock Pessimism Removal (CPR):    0.259ns
  Clock Uncertainty:      0.035ns  ((TSJ^2 + TIJ^2)^1/2 + DJ) / 2 + PE
    Total System Jitter     (TSJ):    0.071ns
    Total Input Jitter      (TIJ):    0.000ns
    Discrete Jitter          (DJ):    0.000ns
    Phase Error              (PE):    0.000ns

    Location             Delay type                Incr(ns)  Path(ns)    Netlist Resource(s)
  -------------------------------------------------------------------    -------------------
                         (clock clk rise edge)        0.000     0.000 r  
    E3                                                0.000     0.000 r  clk (IN)
                         net (fo=0)                   0.000     0.000    clk
    E3                   IBUF (Prop_ibuf_I_O)         1.482     1.482 r  clk_IBUF_inst/O
                         net (fo=1, routed)           2.025     3.506    clk_IBUF
    BUFGCTRL_X0Y16       BUFG (Prop_bufg_I_O)         0.096     3.602 r  clk_IBUF_BUFG_inst/O
                         net (fo=5388, routed)        1.629     5.231    u_mesh/GEN_R[0].r/u_datapath/local_vc0_fifo/clk_IBUF_BUFG
    SLICE_X11Y139        FDRE                                         r  u_mesh/GEN_R[0].r/u_datapath/local_vc0_fifo/rd_ptr_reg[0]/C
  -------------------------------------------------------------------    -------------------
    SLICE_X11Y139        FDRE (Prop_fdre_C_Q)         0.419     5.650 r  u_mesh/GEN_R[0].r/u_datapath/local_vc0_fifo/rd_ptr_reg[0]/Q
                         net (fo=38, routed)          1.027     6.677    u_mesh/GEN_R[0].r/u_datapath/local_vc0_fifo/fifo_mem_reg[0][flit_data]_0_3_24_29/ADDRC0
    SLICE_X12Y139        RAMD32 (Prop_ramd32_RADR0_O)
                                                      0.325     7.002 f  u_mesh/GEN_R[0].r/u_datapath/local_vc0_fifo/fifo_mem_reg[0][flit_data]_0_3_24_29/RAMC/O
                         net (fo=9, routed)           1.081     8.083    u_mesh/GEN_R[0].r/u_datapath/local_vc0_fifo/GEN_SRC[0].lfsr_reg[29][2]
    SLICE_X10Y142        LUT6 (Prop_lut6_I0_O)        0.331     8.414 f  u_mesh/GEN_R[0].r/u_datapath/local_vc0_fifo/i___29_i_95/O
                         net (fo=2, routed)           1.063     9.477    u_mesh/GEN_R[0].r/u_datapath/local_vc0_fifo/i___29_i_95_n_0
    SLICE_X7Y142         LUT6 (Prop_lut6_I2_O)        0.124     9.601 r  u_mesh/GEN_R[0].r/u_datapath/local_vc0_fifo/i___29_i_88/O
                         net (fo=1, routed)           0.581    10.182    u_mesh/GEN_R[0].r/u_datapath/local_vc0_fifo/i___29_i_88_n_0
    SLICE_X4Y141         LUT5 (Prop_lut5_I1_O)        0.124    10.306 f  u_mesh/GEN_R[0].r/u_datapath/local_vc0_fifo/i___29_i_74/O
                         net (fo=4, routed)           0.810    11.116    u_mesh/GEN_R[0].r/u_datapath/local_vc0_fifo/i___29_i_74_n_0
    SLICE_X3Y144         LUT6 (Prop_lut6_I1_O)        0.124    11.240 f  u_mesh/GEN_R[0].r/u_datapath/local_vc0_fifo/i___29_i_43/O
                         net (fo=3, routed)           0.603    11.843    u_mesh/GEN_R[0].r/u_datapath/local_vc0_fifo/output_locked_reg[0]
    SLICE_X5Y144         LUT5 (Prop_lut5_I2_O)        0.124    11.967 f  u_mesh/GEN_R[0].r/u_datapath/local_vc0_fifo/i___29_i_13/O
                         net (fo=5, routed)           0.359    12.326    u_mesh/GEN_R[0].r/u_datapath/local_vc2_fifo/in_req[4]_56[0]
    SLICE_X6Y145         LUT5 (Prop_lut5_I4_O)        0.124    12.450 r  u_mesh/GEN_R[0].r/u_datapath/local_vc2_fifo/i___24_i_1/O
                         net (fo=24, routed)          0.831    13.281    u_mesh/GEN_R[0].r/u_datapath/local_vc2_fifo/rr_ptr_reg[1]_15
    SLICE_X7Y144         LUT5 (Prop_lut5_I0_O)        0.124    13.405 f  u_mesh/GEN_R[0].r/u_datapath/local_vc2_fifo/rr_ptr[2]_i_25/O
                         net (fo=4, routed)           0.858    14.263    u_mesh/GEN_R[0].r/u_datapath/local_vc2_fifo/rr_ptr[2]_i_25_n_0
    SLICE_X7Y144         LUT6 (Prop_lut6_I1_O)        0.124    14.387 r  u_mesh/GEN_R[0].r/u_datapath/local_vc2_fifo/rr_ptr[2]_i_10__1/O
                         net (fo=10, routed)          1.163    15.550    u_mesh/GEN_R[0].r/u_datapath/local_vc2_fifo/rr_ptr[2]_i_10__1_n_0
    SLICE_X8Y148         LUT4 (Prop_lut4_I1_O)        0.124    15.674 f  u_mesh/GEN_R[0].r/u_datapath/local_vc2_fifo/rr_ptr[2]_i_5/O
                         net (fo=21, routed)          0.736    16.410    u_mesh/GEN_R[0].r/u_datapath/local_vc2_fifo/rr_ptr[2]_i_11__1_3
    SLICE_X8Y148         LUT6 (Prop_lut6_I0_O)        0.124    16.534 r  u_mesh/GEN_R[0].r/u_datapath/local_vc2_fifo/i___22_i_8/O
                         net (fo=1, routed)           0.908    17.442    u_mesh/GEN_R[0].r/u_allocator/GEN_ARB[3].u_arbiter/i___18_i_2_1
    SLICE_X14Y149        LUT6 (Prop_lut6_I1_O)        0.124    17.566 r  u_mesh/GEN_R[0].r/u_allocator/GEN_ARB[3].u_arbiter/i___22_i_3/O
                         net (fo=5, routed)           0.851    18.417    u_mesh/GEN_R[0].r/u_allocator/GEN_ARB[3].u_arbiter/out_winner[3]_43[0]
    SLICE_X14Y150        LUT6 (Prop_lut6_I4_O)        0.124    18.541 r  u_mesh/GEN_R[0].r/u_allocator/GEN_ARB[3].u_arbiter/i___18_i_2/O
                         net (fo=2, routed)           0.652    19.193    u_mesh/GEN_R[0].r/u_datapath/east_vc2_fifo/i___20
    SLICE_X15Y151        LUT4 (Prop_lut4_I1_O)        0.124    19.317 r  u_mesh/GEN_R[0].r/u_datapath/east_vc2_fifo/i___20_i_3/O
                         net (fo=24, routed)          1.087    20.404    u_mesh/GEN_R[0].r/u_datapath/east_vc2_fifo/rr_ptr_reg[0]_24
    SLICE_X22Y153        LUT5 (Prop_lut5_I3_O)        0.124    20.528 r  u_mesh/GEN_R[0].r/u_datapath/east_vc2_fifo/i___1_i_42/O
                         net (fo=1, routed)           0.839    21.368    u_mesh/GEN_R[0].r/u_datapath_n_102
    SLICE_X22Y151        LUT6 (Prop_lut6_I0_O)        0.124    21.492 r  u_mesh/GEN_R[0].r/i___1_i_16/O
                         net (fo=1, routed)           0.592    22.084    u_mesh/GEN_R[0].r/u_datapath/east_vc2_fifo/sel_west_vc0
    SLICE_X24Y151        LUT6 (Prop_lut6_I2_O)        0.124    22.208 r  u_mesh/GEN_R[0].r/u_datapath/east_vc2_fifo/i___1_i_9/O
                         net (fo=3, routed)           0.504    22.711    u_mesh/GEN_R[0].r/crossbar_valid_west
    SLICE_X25Y151        LUT6 (Prop_lut6_I0_O)        0.124    22.835 r  u_mesh/GEN_R[0].r/i___1_i_2/O
                         net (fo=1, routed)           0.409    23.244    u_mesh/GEN_R[0].r/i___1_i_2_n_0
    SLICE_X27Y150        LUT6 (Prop_lut6_I1_O)        0.124    23.368 r  u_mesh/GEN_R[0].r/i___1/O
                         net (fo=9, routed)           0.540    23.908    u_mesh/GEN_R[0].r/i___1_n_0
    SLICE_X29Y149        LUT2 (Prop_lut2_I0_O)        0.124    24.032 r  u_mesh/GEN_R[0].r/i_/O
                         net (fo=52, routed)          0.902    24.934    u_mesh/GEN_R[0].r/u_eject_fifo/fifo_mem_reg[0][flit_data]_0_15_24_29/WE
    SLICE_X30Y143        RAMD32                                       r  u_mesh/GEN_R[0].r/u_eject_fifo/fifo_mem_reg[0][flit_data]_0_15_24_29/RAMA/WE
  -------------------------------------------------------------------    -------------------

                         (clock clk rise edge)       20.000    20.000 r  
    E3                                                0.000    20.000 r  clk (IN)
                         net (fo=0)                   0.000    20.000    clk
    E3                   IBUF (Prop_ibuf_I_O)         1.411    21.411 r  clk_IBUF_inst/O
                         net (fo=1, routed)           1.920    23.331    clk_IBUF
    BUFGCTRL_X0Y16       BUFG (Prop_bufg_I_O)         0.091    23.422 r  clk_IBUF_BUFG_inst/O
                         net (fo=5388, routed)        1.504    24.926    u_mesh/GEN_R[0].r/u_eject_fifo/fifo_mem_reg[0][flit_data]_0_15_24_29/WCLK
    SLICE_X30Y143        RAMD32                                       r  u_mesh/GEN_R[0].r/u_eject_fifo/fifo_mem_reg[0][flit_data]_0_15_24_29/RAMA/CLK
                         clock pessimism              0.259    25.185    
                         clock uncertainty           -0.035    25.150    
    SLICE_X30Y143        RAMD32 (Setup_ramd32_CLK_WE)
                                                     -0.533    24.617    u_mesh/GEN_R[0].r/u_eject_fifo/fifo_mem_reg[0][flit_data]_0_15_24_29/RAMA
  -------------------------------------------------------------------
                         required time                         24.617    
                         arrival time                         -24.934    
  -------------------------------------------------------------------
                         slack                                 -0.317    

Slack (VIOLATED) :        -0.317ns  (required time - arrival time)
  Source:                 u_mesh/GEN_R[0].r/u_datapath/local_vc0_fifo/rd_ptr_reg[0]/C
                            (rising edge-triggered cell FDRE clocked by clk  {rise@0.000ns fall@10.000ns period=20.000ns})
  Destination:            u_mesh/GEN_R[0].r/u_eject_fifo/fifo_mem_reg[0][flit_data]_0_15_24_29/RAMA_D1/WE
                            (rising edge-triggered cell RAMD32 clocked by clk  {rise@0.000ns fall@10.000ns period=20.000ns})
  Path Group:             clk
  Path Type:              Setup (Max at Slow Process Corner)
  Requirement:            20.000ns  (clk rise@20.000ns - clk rise@0.000ns)
  Data Path Delay:        19.703ns  (logic 3.307ns (16.784%)  route 16.396ns (83.216%))
  Logic Levels:           20  (LUT2=1 LUT4=2 LUT5=5 LUT6=11 RAMD32=1)
  Clock Path Skew:        -0.046ns (DCD - SCD + CPR)
    Destination Clock Delay (DCD):    4.926ns = ( 24.926 - 20.000 ) 
    Source Clock Delay      (SCD):    5.231ns
    Clock Pessimism Removal (CPR):    0.259ns
  Clock Uncertainty:      0.035ns  ((TSJ^2 + TIJ^2)^1/2 + DJ) / 2 + PE
    Total System Jitter     (TSJ):    0.071ns
    Total Input Jitter      (TIJ):    0.000ns
    Discrete Jitter          (DJ):    0.000ns
    Phase Error              (PE):    0.000ns

    Location             Delay type                Incr(ns)  Path(ns)    Netlist Resource(s)
  -------------------------------------------------------------------    -------------------
                         (clock clk rise edge)        0.000     0.000 r  
    E3                                                0.000     0.000 r  clk (IN)
                         net (fo=0)                   0.000     0.000    clk
    E3                   IBUF (Prop_ibuf_I_O)         1.482     1.482 r  clk_IBUF_inst/O
                         net (fo=1, routed)           2.025     3.506    clk_IBUF
    BUFGCTRL_X0Y16       BUFG (Prop_bufg_I_O)         0.096     3.602 r  clk_IBUF_BUFG_inst/O
                         net (fo=5388, routed)        1.629     5.231    u_mesh/GEN_R[0].r/u_datapath/local_vc0_fifo/clk_IBUF_BUFG
    SLICE_X11Y139        FDRE                                         r  u_mesh/GEN_R[0].r/u_datapath/local_vc0_fifo/rd_ptr_reg[0]/C
  -------------------------------------------------------------------    -------------------
    SLICE_X11Y139        FDRE (Prop_fdre_C_Q)         0.419     5.650 r  u_mesh/GEN_R[0].r/u_datapath/local_vc0_fifo/rd_ptr_reg[0]/Q
                         net (fo=38, routed)          1.027     6.677    u_mesh/GEN_R[0].r/u_datapath/local_vc0_fifo/fifo_mem_reg[0][flit_data]_0_3_24_29/ADDRC0
    SLICE_X12Y139        RAMD32 (Prop_ramd32_RADR0_O)
                                                      0.325     7.002 f  u_mesh/GEN_R[0].r/u_datapath/local_vc0_fifo/fifo_mem_reg[0][flit_data]_0_3_24_29/RAMC/O
                         net (fo=9, routed)           1.081     8.083    u_mesh/GEN_R[0].r/u_datapath/local_vc0_fifo/GEN_SRC[0].lfsr_reg[29][2]
    SLICE_X10Y142        LUT6 (Prop_lut6_I0_O)        0.331     8.414 f  u_mesh/GEN_R[0].r/u_datapath/local_vc0_fifo/i___29_i_95/O
                         net (fo=2, routed)           1.063     9.477    u_mesh/GEN_R[0].r/u_datapath/local_vc0_fifo/i___29_i_95_n_0
    SLICE_X7Y142         LUT6 (Prop_lut6_I2_O)        0.124     9.601 r  u_mesh/GEN_R[0].r/u_datapath/local_vc0_fifo/i___29_i_88/O
                         net (fo=1, routed)           0.581    10.182    u_mesh/GEN_R[0].r/u_datapath/local_vc0_fifo/i___29_i_88_n_0
    SLICE_X4Y141         LUT5 (Prop_lut5_I1_O)        0.124    10.306 f  u_mesh/GEN_R[0].r/u_datapath/local_vc0_fifo/i___29_i_74/O
                         net (fo=4, routed)           0.810    11.116    u_mesh/GEN_R[0].r/u_datapath/local_vc0_fifo/i___29_i_74_n_0
    SLICE_X3Y144         LUT6 (Prop_lut6_I1_O)        0.124    11.240 f  u_mesh/GEN_R[0].r/u_datapath/local_vc0_fifo/i___29_i_43/O
                         net (fo=3, routed)           0.603    11.843    u_mesh/GEN_R[0].r/u_datapath/local_vc0_fifo/output_locked_reg[0]
    SLICE_X5Y144         LUT5 (Prop_lut5_I2_O)        0.124    11.967 f  u_mesh/GEN_R[0].r/u_datapath/local_vc0_fifo/i___29_i_13/O
                         net (fo=5, routed)           0.359    12.326    u_mesh/GEN_R[0].r/u_datapath/local_vc2_fifo/in_req[4]_56[0]
    SLICE_X6Y145         LUT5 (Prop_lut5_I4_O)        0.124    12.450 r  u_mesh/GEN_R[0].r/u_datapath/local_vc2_fifo/i___24_i_1/O
                         net (fo=24, routed)          0.831    13.281    u_mesh/GEN_R[0].r/u_datapath/local_vc2_fifo/rr_ptr_reg[1]_15
    SLICE_X7Y144         LUT5 (Prop_lut5_I0_O)        0.124    13.405 f  u_mesh/GEN_R[0].r/u_datapath/local_vc2_fifo/rr_ptr[2]_i_25/O
                         net (fo=4, routed)           0.858    14.263    u_mesh/GEN_R[0].r/u_datapath/local_vc2_fifo/rr_ptr[2]_i_25_n_0
    SLICE_X7Y144         LUT6 (Prop_lut6_I1_O)        0.124    14.387 r  u_mesh/GEN_R[0].r/u_datapath/local_vc2_fifo/rr_ptr[2]_i_10__1/O
                         net (fo=10, routed)          1.163    15.550    u_mesh/GEN_R[0].r/u_datapath/local_vc2_fifo/rr_ptr[2]_i_10__1_n_0
    SLICE_X8Y148         LUT4 (Prop_lut4_I1_O)        0.124    15.674 f  u_mesh/GEN_R[0].r/u_datapath/local_vc2_fifo/rr_ptr[2]_i_5/O
                         net (fo=21, routed)          0.736    16.410    u_mesh/GEN_R[0].r/u_datapath/local_vc2_fifo/rr_ptr[2]_i_11__1_3
    SLICE_X8Y148         LUT6 (Prop_lut6_I0_O)        0.124    16.534 r  u_mesh/GEN_R[0].r/u_datapath/local_vc2_fifo/i___22_i_8/O
                         net (fo=1, routed)           0.908    17.442    u_mesh/GEN_R[0].r/u_allocator/GEN_ARB[3].u_arbiter/i___18_i_2_1
    SLICE_X14Y149        LUT6 (Prop_lut6_I1_O)        0.124    17.566 r  u_mesh/GEN_R[0].r/u_allocator/GEN_ARB[3].u_arbiter/i___22_i_3/O
                         net (fo=5, routed)           0.851    18.417    u_mesh/GEN_R[0].r/u_allocator/GEN_ARB[3].u_arbiter/out_winner[3]_43[0]
    SLICE_X14Y150        LUT6 (Prop_lut6_I4_O)        0.124    18.541 r  u_mesh/GEN_R[0].r/u_allocator/GEN_ARB[3].u_arbiter/i___18_i_2/O
                         net (fo=2, routed)           0.652    19.193    u_mesh/GEN_R[0].r/u_datapath/east_vc2_fifo/i___20
    SLICE_X15Y151        LUT4 (Prop_lut4_I1_O)        0.124    19.317 r  u_mesh/GEN_R[0].r/u_datapath/east_vc2_fifo/i___20_i_3/O
                         net (fo=24, routed)          1.087    20.404    u_mesh/GEN_R[0].r/u_datapath/east_vc2_fifo/rr_ptr_reg[0]_24
    SLICE_X22Y153        LUT5 (Prop_lut5_I3_O)        0.124    20.528 r  u_mesh/GEN_R[0].r/u_datapath/east_vc2_fifo/i___1_i_42/O
                         net (fo=1, routed)           0.839    21.368    u_mesh/GEN_R[0].r/u_datapath_n_102
    SLICE_X22Y151        LUT6 (Prop_lut6_I0_O)        0.124    21.492 r  u_mesh/GEN_R[0].r/i___1_i_16/O
                         net (fo=1, routed)           0.592    22.084    u_mesh/GEN_R[0].r/u_datapath/east_vc2_fifo/sel_west_vc0
    SLICE_X24Y151        LUT6 (Prop_lut6_I2_O)        0.124    22.208 r  u_mesh/GEN_R[0].r/u_datapath/east_vc2_fifo/i___1_i_9/O
                         net (fo=3, routed)           0.504    22.711    u_mesh/GEN_R[0].r/crossbar_valid_west
    SLICE_X25Y151        LUT6 (Prop_lut6_I0_O)        0.124    22.835 r  u_mesh/GEN_R[0].r/i___1_i_2/O
                         net (fo=1, routed)           0.409    23.244    u_mesh/GEN_R[0].r/i___1_i_2_n_0
    SLICE_X27Y150        LUT6 (Prop_lut6_I1_O)        0.124    23.368 r  u_mesh/GEN_R[0].r/i___1/O
                         net (fo=9, routed)           0.540    23.908    u_mesh/GEN_R[0].r/i___1_n_0
    SLICE_X29Y149        LUT2 (Prop_lut2_I0_O)        0.124    24.032 r  u_mesh/GEN_R[0].r/i_/O
                         net (fo=52, routed)          0.902    24.934    u_mesh/GEN_R[0].r/u_eject_fifo/fifo_mem_reg[0][flit_data]_0_15_24_29/WE
    SLICE_X30Y143        RAMD32                                       r  u_mesh/GEN_R[0].r/u_eject_fifo/fifo_mem_reg[0][flit_data]_0_15_24_29/RAMA_D1/WE
  -------------------------------------------------------------------    -------------------

                         (clock clk rise edge)       20.000    20.000 r  
    E3                                                0.000    20.000 r  clk (IN)
                         net (fo=0)                   0.000    20.000    clk
    E3                   IBUF (Prop_ibuf_I_O)         1.411    21.411 r  clk_IBUF_inst/O
                         net (fo=1, routed)           1.920    23.331    clk_IBUF
    BUFGCTRL_X0Y16       BUFG (Prop_bufg_I_O)         0.091    23.422 r  clk_IBUF_BUFG_inst/O
                         net (fo=5388, routed)        1.504    24.926    u_mesh/GEN_R[0].r/u_eject_fifo/fifo_mem_reg[0][flit_data]_0_15_24_29/WCLK
    SLICE_X30Y143        RAMD32                                       r  u_mesh/GEN_R[0].r/u_eject_fifo/fifo_mem_reg[0][flit_data]_0_15_24_29/RAMA_D1/CLK
                         clock pessimism              0.259    25.185    
                         clock uncertainty           -0.035    25.150    
    SLICE_X30Y143        RAMD32 (Setup_ramd32_CLK_WE)
                                                     -0.533    24.617    u_mesh/GEN_R[0].r/u_eject_fifo/fifo_mem_reg[0][flit_data]_0_15_24_29/RAMA_D1
  -------------------------------------------------------------------
                         required time                         24.617    
                         arrival time                         -24.934    
  -------------------------------------------------------------------
                         slack                                 -0.317    

Slack (VIOLATED) :        -0.317ns  (required time - arrival time)
  Source:                 u_mesh/GEN_R[0].r/u_datapath/local_vc0_fifo/rd_ptr_reg[0]/C
                            (rising edge-triggered cell FDRE clocked by clk  {rise@0.000ns fall@10.000ns period=20.000ns})
  Destination:            u_mesh/GEN_R[0].r/u_eject_fifo/fifo_mem_reg[0][flit_data]_0_15_24_29/RAMB/WE
                            (rising edge-triggered cell RAMD32 clocked by clk  {rise@0.000ns fall@10.000ns period=20.000ns})
  Path Group:             clk
  Path Type:              Setup (Max at Slow Process Corner)
  Requirement:            20.000ns  (clk rise@20.000ns - clk rise@0.000ns)
  Data Path Delay:        19.703ns  (logic 3.307ns (16.784%)  route 16.396ns (83.216%))
  Logic Levels:           20  (LUT2=1 LUT4=2 LUT5=5 LUT6=11 RAMD32=1)
  Clock Path Skew:        -0.046ns (DCD - SCD + CPR)
    Destination Clock Delay (DCD):    4.926ns = ( 24.926 - 20.000 ) 
    Source Clock Delay      (SCD):    5.231ns
    Clock Pessimism Removal (CPR):    0.259ns
  Clock Uncertainty:      0.035ns  ((TSJ^2 + TIJ^2)^1/2 + DJ) / 2 + PE
    Total System Jitter     (TSJ):    0.071ns
    Total Input Jitter      (TIJ):    0.000ns
    Discrete Jitter          (DJ):    0.000ns
    Phase Error              (PE):    0.000ns

    Location             Delay type                Incr(ns)  Path(ns)    Netlist Resource(s)
  -------------------------------------------------------------------    -------------------
                         (clock clk rise edge)        0.000     0.000 r  
    E3                                                0.000     0.000 r  clk (IN)
                         net (fo=0)                   0.000     0.000    clk
    E3                   IBUF (Prop_ibuf_I_O)         1.482     1.482 r  clk_IBUF_inst/O
                         net (fo=1, routed)           2.025     3.506    clk_IBUF
    BUFGCTRL_X0Y16       BUFG (Prop_bufg_I_O)         0.096     3.602 r  clk_IBUF_BUFG_inst/O
                         net (fo=5388, routed)        1.629     5.231    u_mesh/GEN_R[0].r/u_datapath/local_vc0_fifo/clk_IBUF_BUFG
    SLICE_X11Y139        FDRE                                         r  u_mesh/GEN_R[0].r/u_datapath/local_vc0_fifo/rd_ptr_reg[0]/C
  -------------------------------------------------------------------    -------------------
    SLICE_X11Y139        FDRE (Prop_fdre_C_Q)         0.419     5.650 r  u_mesh/GEN_R[0].r/u_datapath/local_vc0_fifo/rd_ptr_reg[0]/Q
                         net (fo=38, routed)          1.027     6.677    u_mesh/GEN_R[0].r/u_datapath/local_vc0_fifo/fifo_mem_reg[0][flit_data]_0_3_24_29/ADDRC0
    SLICE_X12Y139        RAMD32 (Prop_ramd32_RADR0_O)
                                                      0.325     7.002 f  u_mesh/GEN_R[0].r/u_datapath/local_vc0_fifo/fifo_mem_reg[0][flit_data]_0_3_24_29/RAMC/O
                         net (fo=9, routed)           1.081     8.083    u_mesh/GEN_R[0].r/u_datapath/local_vc0_fifo/GEN_SRC[0].lfsr_reg[29][2]
    SLICE_X10Y142        LUT6 (Prop_lut6_I0_O)        0.331     8.414 f  u_mesh/GEN_R[0].r/u_datapath/local_vc0_fifo/i___29_i_95/O
                         net (fo=2, routed)           1.063     9.477    u_mesh/GEN_R[0].r/u_datapath/local_vc0_fifo/i___29_i_95_n_0
    SLICE_X7Y142         LUT6 (Prop_lut6_I2_O)        0.124     9.601 r  u_mesh/GEN_R[0].r/u_datapath/local_vc0_fifo/i___29_i_88/O
                         net (fo=1, routed)           0.581    10.182    u_mesh/GEN_R[0].r/u_datapath/local_vc0_fifo/i___29_i_88_n_0
    SLICE_X4Y141         LUT5 (Prop_lut5_I1_O)        0.124    10.306 f  u_mesh/GEN_R[0].r/u_datapath/local_vc0_fifo/i___29_i_74/O
                         net (fo=4, routed)           0.810    11.116    u_mesh/GEN_R[0].r/u_datapath/local_vc0_fifo/i___29_i_74_n_0
    SLICE_X3Y144         LUT6 (Prop_lut6_I1_O)        0.124    11.240 f  u_mesh/GEN_R[0].r/u_datapath/local_vc0_fifo/i___29_i_43/O
                         net (fo=3, routed)           0.603    11.843    u_mesh/GEN_R[0].r/u_datapath/local_vc0_fifo/output_locked_reg[0]
    SLICE_X5Y144         LUT5 (Prop_lut5_I2_O)        0.124    11.967 f  u_mesh/GEN_R[0].r/u_datapath/local_vc0_fifo/i___29_i_13/O
                         net (fo=5, routed)           0.359    12.326    u_mesh/GEN_R[0].r/u_datapath/local_vc2_fifo/in_req[4]_56[0]
    SLICE_X6Y145         LUT5 (Prop_lut5_I4_O)        0.124    12.450 r  u_mesh/GEN_R[0].r/u_datapath/local_vc2_fifo/i___24_i_1/O
                         net (fo=24, routed)          0.831    13.281    u_mesh/GEN_R[0].r/u_datapath/local_vc2_fifo/rr_ptr_reg[1]_15
    SLICE_X7Y144         LUT5 (Prop_lut5_I0_O)        0.124    13.405 f  u_mesh/GEN_R[0].r/u_datapath/local_vc2_fifo/rr_ptr[2]_i_25/O
                         net (fo=4, routed)           0.858    14.263    u_mesh/GEN_R[0].r/u_datapath/local_vc2_fifo/rr_ptr[2]_i_25_n_0
    SLICE_X7Y144         LUT6 (Prop_lut6_I1_O)        0.124    14.387 r  u_mesh/GEN_R[0].r/u_datapath/local_vc2_fifo/rr_ptr[2]_i_10__1/O
                         net (fo=10, routed)          1.163    15.550    u_mesh/GEN_R[0].r/u_datapath/local_vc2_fifo/rr_ptr[2]_i_10__1_n_0
    SLICE_X8Y148         LUT4 (Prop_lut4_I1_O)        0.124    15.674 f  u_mesh/GEN_R[0].r/u_datapath/local_vc2_fifo/rr_ptr[2]_i_5/O
                         net (fo=21, routed)          0.736    16.410    u_mesh/GEN_R[0].r/u_datapath/local_vc2_fifo/rr_ptr[2]_i_11__1_3
    SLICE_X8Y148         LUT6 (Prop_lut6_I0_O)        0.124    16.534 r  u_mesh/GEN_R[0].r/u_datapath/local_vc2_fifo/i___22_i_8/O
                         net (fo=1, routed)           0.908    17.442    u_mesh/GEN_R[0].r/u_allocator/GEN_ARB[3].u_arbiter/i___18_i_2_1
    SLICE_X14Y149        LUT6 (Prop_lut6_I1_O)        0.124    17.566 r  u_mesh/GEN_R[0].r/u_allocator/GEN_ARB[3].u_arbiter/i___22_i_3/O
                         net (fo=5, routed)           0.851    18.417    u_mesh/GEN_R[0].r/u_allocator/GEN_ARB[3].u_arbiter/out_winner[3]_43[0]
    SLICE_X14Y150        LUT6 (Prop_lut6_I4_O)        0.124    18.541 r  u_mesh/GEN_R[0].r/u_allocator/GEN_ARB[3].u_arbiter/i___18_i_2/O
                         net (fo=2, routed)           0.652    19.193    u_mesh/GEN_R[0].r/u_datapath/east_vc2_fifo/i___20
    SLICE_X15Y151        LUT4 (Prop_lut4_I1_O)        0.124    19.317 r  u_mesh/GEN_R[0].r/u_datapath/east_vc2_fifo/i___20_i_3/O
                         net (fo=24, routed)          1.087    20.404    u_mesh/GEN_R[0].r/u_datapath/east_vc2_fifo/rr_ptr_reg[0]_24
    SLICE_X22Y153        LUT5 (Prop_lut5_I3_O)        0.124    20.528 r  u_mesh/GEN_R[0].r/u_datapath/east_vc2_fifo/i___1_i_42/O
                         net (fo=1, routed)           0.839    21.368    u_mesh/GEN_R[0].r/u_datapath_n_102
    SLICE_X22Y151        LUT6 (Prop_lut6_I0_O)        0.124    21.492 r  u_mesh/GEN_R[0].r/i___1_i_16/O
                         net (fo=1, routed)           0.592    22.084    u_mesh/GEN_R[0].r/u_datapath/east_vc2_fifo/sel_west_vc0
    SLICE_X24Y151        LUT6 (Prop_lut6_I2_O)        0.124    22.208 r  u_mesh/GEN_R[0].r/u_datapath/east_vc2_fifo/i___1_i_9/O
                         net (fo=3, routed)           0.504    22.711    u_mesh/GEN_R[0].r/crossbar_valid_west
    SLICE_X25Y151        LUT6 (Prop_lut6_I0_O)        0.124    22.835 r  u_mesh/GEN_R[0].r/i___1_i_2/O
                         net (fo=1, routed)           0.409    23.244    u_mesh/GEN_R[0].r/i___1_i_2_n_0
    SLICE_X27Y150        LUT6 (Prop_lut6_I1_O)        0.124    23.368 r  u_mesh/GEN_R[0].r/i___1/O
                         net (fo=9, routed)           0.540    23.908    u_mesh/GEN_R[0].r/i___1_n_0
    SLICE_X29Y149        LUT2 (Prop_lut2_I0_O)        0.124    24.032 r  u_mesh/GEN_R[0].r/i_/O
                         net (fo=52, routed)          0.902    24.934    u_mesh/GEN_R[0].r/u_eject_fifo/fifo_mem_reg[0][flit_data]_0_15_24_29/WE
    SLICE_X30Y143        RAMD32                                       r  u_mesh/GEN_R[0].r/u_eject_fifo/fifo_mem_reg[0][flit_data]_0_15_24_29/RAMB/WE
  -------------------------------------------------------------------    -------------------

                         (clock clk rise edge)       20.000    20.000 r  
    E3                                                0.000    20.000 r  clk (IN)
                         net (fo=0)                   0.000    20.000    clk
    E3                   IBUF (Prop_ibuf_I_O)         1.411    21.411 r  clk_IBUF_inst/O
                         net (fo=1, routed)           1.920    23.331    clk_IBUF
    BUFGCTRL_X0Y16       BUFG (Prop_bufg_I_O)         0.091    23.422 r  clk_IBUF_BUFG_inst/O
                         net (fo=5388, routed)        1.504    24.926    u_mesh/GEN_R[0].r/u_eject_fifo/fifo_mem_reg[0][flit_data]_0_15_24_29/WCLK
    SLICE_X30Y143        RAMD32                                       r  u_mesh/GEN_R[0].r/u_eject_fifo/fifo_mem_reg[0][flit_data]_0_15_24_29/RAMB/CLK
                         clock pessimism              0.259    25.185    
                         clock uncertainty           -0.035    25.150    
    SLICE_X30Y143        RAMD32 (Setup_ramd32_CLK_WE)
                                                     -0.533    24.617    u_mesh/GEN_R[0].r/u_eject_fifo/fifo_mem_reg[0][flit_data]_0_15_24_29/RAMB
  -------------------------------------------------------------------
                         required time                         24.617    
                         arrival time                         -24.934    
  -------------------------------------------------------------------
                         slack                                 -0.317    

Slack (VIOLATED) :        -0.317ns  (required time - arrival time)
  Source:                 u_mesh/GEN_R[0].r/u_datapath/local_vc0_fifo/rd_ptr_reg[0]/C
                            (rising edge-triggered cell FDRE clocked by clk  {rise@0.000ns fall@10.000ns period=20.000ns})
  Destination:            u_mesh/GEN_R[0].r/u_eject_fifo/fifo_mem_reg[0][flit_data]_0_15_24_29/RAMB_D1/WE
                            (rising edge-triggered cell RAMD32 clocked by clk  {rise@0.000ns fall@10.000ns period=20.000ns})
  Path Group:             clk
  Path Type:              Setup (Max at Slow Process Corner)
  Requirement:            20.000ns  (clk rise@20.000ns - clk rise@0.000ns)
  Data Path Delay:        19.703ns  (logic 3.307ns (16.784%)  route 16.396ns (83.216%))
  Logic Levels:           20  (LUT2=1 LUT4=2 LUT5=5 LUT6=11 RAMD32=1)
  Clock Path Skew:        -0.046ns (DCD - SCD + CPR)
    Destination Clock Delay (DCD):    4.926ns = ( 24.926 - 20.000 ) 
    Source Clock Delay      (SCD):    5.231ns
    Clock Pessimism Removal (CPR):    0.259ns
  Clock Uncertainty:      0.035ns  ((TSJ^2 + TIJ^2)^1/2 + DJ) / 2 + PE
    Total System Jitter     (TSJ):    0.071ns
    Total Input Jitter      (TIJ):    0.000ns
    Discrete Jitter          (DJ):    0.000ns
    Phase Error              (PE):    0.000ns

    Location             Delay type                Incr(ns)  Path(ns)    Netlist Resource(s)
  -------------------------------------------------------------------    -------------------
                         (clock clk rise edge)        0.000     0.000 r  
    E3                                                0.000     0.000 r  clk (IN)
                         net (fo=0)                   0.000     0.000    clk
    E3                   IBUF (Prop_ibuf_I_O)         1.482     1.482 r  clk_IBUF_inst/O
                         net (fo=1, routed)           2.025     3.506    clk_IBUF
    BUFGCTRL_X0Y16       BUFG (Prop_bufg_I_O)         0.096     3.602 r  clk_IBUF_BUFG_inst/O
                         net (fo=5388, routed)        1.629     5.231    u_mesh/GEN_R[0].r/u_datapath/local_vc0_fifo/clk_IBUF_BUFG
    SLICE_X11Y139        FDRE                                         r  u_mesh/GEN_R[0].r/u_datapath/local_vc0_fifo/rd_ptr_reg[0]/C
  -------------------------------------------------------------------    -------------------
    SLICE_X11Y139        FDRE (Prop_fdre_C_Q)         0.419     5.650 r  u_mesh/GEN_R[0].r/u_datapath/local_vc0_fifo/rd_ptr_reg[0]/Q
                         net (fo=38, routed)          1.027     6.677    u_mesh/GEN_R[0].r/u_datapath/local_vc0_fifo/fifo_mem_reg[0][flit_data]_0_3_24_29/ADDRC0
    SLICE_X12Y139        RAMD32 (Prop_ramd32_RADR0_O)
                                                      0.325     7.002 f  u_mesh/GEN_R[0].r/u_datapath/local_vc0_fifo/fifo_mem_reg[0][flit_data]_0_3_24_29/RAMC/O
                         net (fo=9, routed)           1.081     8.083    u_mesh/GEN_R[0].r/u_datapath/local_vc0_fifo/GEN_SRC[0].lfsr_reg[29][2]
    SLICE_X10Y142        LUT6 (Prop_lut6_I0_O)        0.331     8.414 f  u_mesh/GEN_R[0].r/u_datapath/local_vc0_fifo/i___29_i_95/O
                         net (fo=2, routed)           1.063     9.477    u_mesh/GEN_R[0].r/u_datapath/local_vc0_fifo/i___29_i_95_n_0
    SLICE_X7Y142         LUT6 (Prop_lut6_I2_O)        0.124     9.601 r  u_mesh/GEN_R[0].r/u_datapath/local_vc0_fifo/i___29_i_88/O
                         net (fo=1, routed)           0.581    10.182    u_mesh/GEN_R[0].r/u_datapath/local_vc0_fifo/i___29_i_88_n_0
    SLICE_X4Y141         LUT5 (Prop_lut5_I1_O)        0.124    10.306 f  u_mesh/GEN_R[0].r/u_datapath/local_vc0_fifo/i___29_i_74/O
                         net (fo=4, routed)           0.810    11.116    u_mesh/GEN_R[0].r/u_datapath/local_vc0_fifo/i___29_i_74_n_0
    SLICE_X3Y144         LUT6 (Prop_lut6_I1_O)        0.124    11.240 f  u_mesh/GEN_R[0].r/u_datapath/local_vc0_fifo/i___29_i_43/O
                         net (fo=3, routed)           0.603    11.843    u_mesh/GEN_R[0].r/u_datapath/local_vc0_fifo/output_locked_reg[0]
    SLICE_X5Y144         LUT5 (Prop_lut5_I2_O)        0.124    11.967 f  u_mesh/GEN_R[0].r/u_datapath/local_vc0_fifo/i___29_i_13/O
                         net (fo=5, routed)           0.359    12.326    u_mesh/GEN_R[0].r/u_datapath/local_vc2_fifo/in_req[4]_56[0]
    SLICE_X6Y145         LUT5 (Prop_lut5_I4_O)        0.124    12.450 r  u_mesh/GEN_R[0].r/u_datapath/local_vc2_fifo/i___24_i_1/O
                         net (fo=24, routed)          0.831    13.281    u_mesh/GEN_R[0].r/u_datapath/local_vc2_fifo/rr_ptr_reg[1]_15
    SLICE_X7Y144         LUT5 (Prop_lut5_I0_O)        0.124    13.405 f  u_mesh/GEN_R[0].r/u_datapath/local_vc2_fifo/rr_ptr[2]_i_25/O
                         net (fo=4, routed)           0.858    14.263    u_mesh/GEN_R[0].r/u_datapath/local_vc2_fifo/rr_ptr[2]_i_25_n_0
    SLICE_X7Y144         LUT6 (Prop_lut6_I1_O)        0.124    14.387 r  u_mesh/GEN_R[0].r/u_datapath/local_vc2_fifo/rr_ptr[2]_i_10__1/O
                         net (fo=10, routed)          1.163    15.550    u_mesh/GEN_R[0].r/u_datapath/local_vc2_fifo/rr_ptr[2]_i_10__1_n_0
    SLICE_X8Y148         LUT4 (Prop_lut4_I1_O)        0.124    15.674 f  u_mesh/GEN_R[0].r/u_datapath/local_vc2_fifo/rr_ptr[2]_i_5/O
                         net (fo=21, routed)          0.736    16.410    u_mesh/GEN_R[0].r/u_datapath/local_vc2_fifo/rr_ptr[2]_i_11__1_3
    SLICE_X8Y148         LUT6 (Prop_lut6_I0_O)        0.124    16.534 r  u_mesh/GEN_R[0].r/u_datapath/local_vc2_fifo/i___22_i_8/O
                         net (fo=1, routed)           0.908    17.442    u_mesh/GEN_R[0].r/u_allocator/GEN_ARB[3].u_arbiter/i___18_i_2_1
    SLICE_X14Y149        LUT6 (Prop_lut6_I1_O)        0.124    17.566 r  u_mesh/GEN_R[0].r/u_allocator/GEN_ARB[3].u_arbiter/i___22_i_3/O
                         net (fo=5, routed)           0.851    18.417    u_mesh/GEN_R[0].r/u_allocator/GEN_ARB[3].u_arbiter/out_winner[3]_43[0]
    SLICE_X14Y150        LUT6 (Prop_lut6_I4_O)        0.124    18.541 r  u_mesh/GEN_R[0].r/u_allocator/GEN_ARB[3].u_arbiter/i___18_i_2/O
                         net (fo=2, routed)           0.652    19.193    u_mesh/GEN_R[0].r/u_datapath/east_vc2_fifo/i___20
    SLICE_X15Y151        LUT4 (Prop_lut4_I1_O)        0.124    19.317 r  u_mesh/GEN_R[0].r/u_datapath/east_vc2_fifo/i___20_i_3/O
                         net (fo=24, routed)          1.087    20.404    u_mesh/GEN_R[0].r/u_datapath/east_vc2_fifo/rr_ptr_reg[0]_24
    SLICE_X22Y153        LUT5 (Prop_lut5_I3_O)        0.124    20.528 r  u_mesh/GEN_R[0].r/u_datapath/east_vc2_fifo/i___1_i_42/O
                         net (fo=1, routed)           0.839    21.368    u_mesh/GEN_R[0].r/u_datapath_n_102
    SLICE_X22Y151        LUT6 (Prop_lut6_I0_O)        0.124    21.492 r  u_mesh/GEN_R[0].r/i___1_i_16/O
                         net (fo=1, routed)           0.592    22.084    u_mesh/GEN_R[0].r/u_datapath/east_vc2_fifo/sel_west_vc0
    SLICE_X24Y151        LUT6 (Prop_lut6_I2_O)        0.124    22.208 r  u_mesh/GEN_R[0].r/u_datapath/east_vc2_fifo/i___1_i_9/O
                         net (fo=3, routed)           0.504    22.711    u_mesh/GEN_R[0].r/crossbar_valid_west
    SLICE_X25Y151        LUT6 (Prop_lut6_I0_O)        0.124    22.835 r  u_mesh/GEN_R[0].r/i___1_i_2/O
                         net (fo=1, routed)           0.409    23.244    u_mesh/GEN_R[0].r/i___1_i_2_n_0
    SLICE_X27Y150        LUT6 (Prop_lut6_I1_O)        0.124    23.368 r  u_mesh/GEN_R[0].r/i___1/O
                         net (fo=9, routed)           0.540    23.908    u_mesh/GEN_R[0].r/i___1_n_0
    SLICE_X29Y149        LUT2 (Prop_lut2_I0_O)        0.124    24.032 r  u_mesh/GEN_R[0].r/i_/O
                         net (fo=52, routed)          0.902    24.934    u_mesh/GEN_R[0].r/u_eject_fifo/fifo_mem_reg[0][flit_data]_0_15_24_29/WE
    SLICE_X30Y143        RAMD32                                       r  u_mesh/GEN_R[0].r/u_eject_fifo/fifo_mem_reg[0][flit_data]_0_15_24_29/RAMB_D1/WE
  -------------------------------------------------------------------    -------------------

                         (clock clk rise edge)       20.000    20.000 r  
    E3                                                0.000    20.000 r  clk (IN)
                         net (fo=0)                   0.000    20.000    clk
    E3                   IBUF (Prop_ibuf_I_O)         1.411    21.411 r  clk_IBUF_inst/O
                         net (fo=1, routed)           1.920    23.331    clk_IBUF
    BUFGCTRL_X0Y16       BUFG (Prop_bufg_I_O)         0.091    23.422 r  clk_IBUF_BUFG_inst/O
                         net (fo=5388, routed)        1.504    24.926    u_mesh/GEN_R[0].r/u_eject_fifo/fifo_mem_reg[0][flit_data]_0_15_24_29/WCLK
    SLICE_X30Y143        RAMD32                                       r  u_mesh/GEN_R[0].r/u_eject_fifo/fifo_mem_reg[0][flit_data]_0_15_24_29/RAMB_D1/CLK
                         clock pessimism              0.259    25.185    
                         clock uncertainty           -0.035    25.150    
    SLICE_X30Y143        RAMD32 (Setup_ramd32_CLK_WE)
                                                     -0.533    24.617    u_mesh/GEN_R[0].r/u_eject_fifo/fifo_mem_reg[0][flit_data]_0_15_24_29/RAMB_D1
  -------------------------------------------------------------------
                         required time                         24.617    
                         arrival time                         -24.934    
  -------------------------------------------------------------------
                         slack                                 -0.317    

Slack (VIOLATED) :        -0.317ns  (required time - arrival time)
  Source:                 u_mesh/GEN_R[0].r/u_datapath/local_vc0_fifo/rd_ptr_reg[0]/C
                            (rising edge-triggered cell FDRE clocked by clk  {rise@0.000ns fall@10.000ns period=20.000ns})
  Destination:            u_mesh/GEN_R[0].r/u_eject_fifo/fifo_mem_reg[0][flit_data]_0_15_24_29/RAMC/WE
                            (rising edge-triggered cell RAMD32 clocked by clk  {rise@0.000ns fall@10.000ns period=20.000ns})
  Path Group:             clk
  Path Type:              Setup (Max at Slow Process Corner)
  Requirement:            20.000ns  (clk rise@20.000ns - clk rise@0.000ns)
  Data Path Delay:        19.703ns  (logic 3.307ns (16.784%)  route 16.396ns (83.216%))
  Logic Levels:           20  (LUT2=1 LUT4=2 LUT5=5 LUT6=11 RAMD32=1)
  Clock Path Skew:        -0.046ns (DCD - SCD + CPR)
    Destination Clock Delay (DCD):    4.926ns = ( 24.926 - 20.000 ) 
    Source Clock Delay      (SCD):    5.231ns
    Clock Pessimism Removal (CPR):    0.259ns
  Clock Uncertainty:      0.035ns  ((TSJ^2 + TIJ^2)^1/2 + DJ) / 2 + PE
    Total System Jitter     (TSJ):    0.071ns
    Total Input Jitter      (TIJ):    0.000ns
    Discrete Jitter          (DJ):    0.000ns
    Phase Error              (PE):    0.000ns

    Location             Delay type                Incr(ns)  Path(ns)    Netlist Resource(s)
  -------------------------------------------------------------------    -------------------
                         (clock clk rise edge)        0.000     0.000 r  
    E3                                                0.000     0.000 r  clk (IN)
                         net (fo=0)                   0.000     0.000    clk
    E3                   IBUF (Prop_ibuf_I_O)         1.482     1.482 r  clk_IBUF_inst/O
                         net (fo=1, routed)           2.025     3.506    clk_IBUF
    BUFGCTRL_X0Y16       BUFG (Prop_bufg_I_O)         0.096     3.602 r  clk_IBUF_BUFG_inst/O
                         net (fo=5388, routed)        1.629     5.231    u_mesh/GEN_R[0].r/u_datapath/local_vc0_fifo/clk_IBUF_BUFG
    SLICE_X11Y139        FDRE                                         r  u_mesh/GEN_R[0].r/u_datapath/local_vc0_fifo/rd_ptr_reg[0]/C
  -------------------------------------------------------------------    -------------------
    SLICE_X11Y139        FDRE (Prop_fdre_C_Q)         0.419     5.650 r  u_mesh/GEN_R[0].r/u_datapath/local_vc0_fifo/rd_ptr_reg[0]/Q
                         net (fo=38, routed)          1.027     6.677    u_mesh/GEN_R[0].r/u_datapath/local_vc0_fifo/fifo_mem_reg[0][flit_data]_0_3_24_29/ADDRC0
    SLICE_X12Y139        RAMD32 (Prop_ramd32_RADR0_O)
                                                      0.325     7.002 f  u_mesh/GEN_R[0].r/u_datapath/local_vc0_fifo/fifo_mem_reg[0][flit_data]_0_3_24_29/RAMC/O
                         net (fo=9, routed)           1.081     8.083    u_mesh/GEN_R[0].r/u_datapath/local_vc0_fifo/GEN_SRC[0].lfsr_reg[29][2]
    SLICE_X10Y142        LUT6 (Prop_lut6_I0_O)        0.331     8.414 f  u_mesh/GEN_R[0].r/u_datapath/local_vc0_fifo/i___29_i_95/O
                         net (fo=2, routed)           1.063     9.477    u_mesh/GEN_R[0].r/u_datapath/local_vc0_fifo/i___29_i_95_n_0
    SLICE_X7Y142         LUT6 (Prop_lut6_I2_O)        0.124     9.601 r  u_mesh/GEN_R[0].r/u_datapath/local_vc0_fifo/i___29_i_88/O
                         net (fo=1, routed)           0.581    10.182    u_mesh/GEN_R[0].r/u_datapath/local_vc0_fifo/i___29_i_88_n_0
    SLICE_X4Y141         LUT5 (Prop_lut5_I1_O)        0.124    10.306 f  u_mesh/GEN_R[0].r/u_datapath/local_vc0_fifo/i___29_i_74/O
                         net (fo=4, routed)           0.810    11.116    u_mesh/GEN_R[0].r/u_datapath/local_vc0_fifo/i___29_i_74_n_0
    SLICE_X3Y144         LUT6 (Prop_lut6_I1_O)        0.124    11.240 f  u_mesh/GEN_R[0].r/u_datapath/local_vc0_fifo/i___29_i_43/O
                         net (fo=3, routed)           0.603    11.843    u_mesh/GEN_R[0].r/u_datapath/local_vc0_fifo/output_locked_reg[0]
    SLICE_X5Y144         LUT5 (Prop_lut5_I2_O)        0.124    11.967 f  u_mesh/GEN_R[0].r/u_datapath/local_vc0_fifo/i___29_i_13/O
                         net (fo=5, routed)           0.359    12.326    u_mesh/GEN_R[0].r/u_datapath/local_vc2_fifo/in_req[4]_56[0]
    SLICE_X6Y145         LUT5 (Prop_lut5_I4_O)        0.124    12.450 r  u_mesh/GEN_R[0].r/u_datapath/local_vc2_fifo/i___24_i_1/O
                         net (fo=24, routed)          0.831    13.281    u_mesh/GEN_R[0].r/u_datapath/local_vc2_fifo/rr_ptr_reg[1]_15
    SLICE_X7Y144         LUT5 (Prop_lut5_I0_O)        0.124    13.405 f  u_mesh/GEN_R[0].r/u_datapath/local_vc2_fifo/rr_ptr[2]_i_25/O
                         net (fo=4, routed)           0.858    14.263    u_mesh/GEN_R[0].r/u_datapath/local_vc2_fifo/rr_ptr[2]_i_25_n_0
    SLICE_X7Y144         LUT6 (Prop_lut6_I1_O)        0.124    14.387 r  u_mesh/GEN_R[0].r/u_datapath/local_vc2_fifo/rr_ptr[2]_i_10__1/O
                         net (fo=10, routed)          1.163    15.550    u_mesh/GEN_R[0].r/u_datapath/local_vc2_fifo/rr_ptr[2]_i_10__1_n_0
    SLICE_X8Y148         LUT4 (Prop_lut4_I1_O)        0.124    15.674 f  u_mesh/GEN_R[0].r/u_datapath/local_vc2_fifo/rr_ptr[2]_i_5/O
                         net (fo=21, routed)          0.736    16.410    u_mesh/GEN_R[0].r/u_datapath/local_vc2_fifo/rr_ptr[2]_i_11__1_3
    SLICE_X8Y148         LUT6 (Prop_lut6_I0_O)        0.124    16.534 r  u_mesh/GEN_R[0].r/u_datapath/local_vc2_fifo/i___22_i_8/O
                         net (fo=1, routed)           0.908    17.442    u_mesh/GEN_R[0].r/u_allocator/GEN_ARB[3].u_arbiter/i___18_i_2_1
    SLICE_X14Y149        LUT6 (Prop_lut6_I1_O)        0.124    17.566 r  u_mesh/GEN_R[0].r/u_allocator/GEN_ARB[3].u_arbiter/i___22_i_3/O
                         net (fo=5, routed)           0.851    18.417    u_mesh/GEN_R[0].r/u_allocator/GEN_ARB[3].u_arbiter/out_winner[3]_43[0]
    SLICE_X14Y150        LUT6 (Prop_lut6_I4_O)        0.124    18.541 r  u_mesh/GEN_R[0].r/u_allocator/GEN_ARB[3].u_arbiter/i___18_i_2/O
                         net (fo=2, routed)           0.652    19.193    u_mesh/GEN_R[0].r/u_datapath/east_vc2_fifo/i___20
    SLICE_X15Y151        LUT4 (Prop_lut4_I1_O)        0.124    19.317 r  u_mesh/GEN_R[0].r/u_datapath/east_vc2_fifo/i___20_i_3/O
                         net (fo=24, routed)          1.087    20.404    u_mesh/GEN_R[0].r/u_datapath/east_vc2_fifo/rr_ptr_reg[0]_24
    SLICE_X22Y153        LUT5 (Prop_lut5_I3_O)        0.124    20.528 r  u_mesh/GEN_R[0].r/u_datapath/east_vc2_fifo/i___1_i_42/O
                         net (fo=1, routed)           0.839    21.368    u_mesh/GEN_R[0].r/u_datapath_n_102
    SLICE_X22Y151        LUT6 (Prop_lut6_I0_O)        0.124    21.492 r  u_mesh/GEN_R[0].r/i___1_i_16/O
                         net (fo=1, routed)           0.592    22.084    u_mesh/GEN_R[0].r/u_datapath/east_vc2_fifo/sel_west_vc0
    SLICE_X24Y151        LUT6 (Prop_lut6_I2_O)        0.124    22.208 r  u_mesh/GEN_R[0].r/u_datapath/east_vc2_fifo/i___1_i_9/O
                         net (fo=3, routed)           0.504    22.711    u_mesh/GEN_R[0].r/crossbar_valid_west
    SLICE_X25Y151        LUT6 (Prop_lut6_I0_O)        0.124    22.835 r  u_mesh/GEN_R[0].r/i___1_i_2/O
                         net (fo=1, routed)           0.409    23.244    u_mesh/GEN_R[0].r/i___1_i_2_n_0
    SLICE_X27Y150        LUT6 (Prop_lut6_I1_O)        0.124    23.368 r  u_mesh/GEN_R[0].r/i___1/O
                         net (fo=9, routed)           0.540    23.908    u_mesh/GEN_R[0].r/i___1_n_0
    SLICE_X29Y149        LUT2 (Prop_lut2_I0_O)        0.124    24.032 r  u_mesh/GEN_R[0].r/i_/O
                         net (fo=52, routed)          0.902    24.934    u_mesh/GEN_R[0].r/u_eject_fifo/fifo_mem_reg[0][flit_data]_0_15_24_29/WE
    SLICE_X30Y143        RAMD32                                       r  u_mesh/GEN_R[0].r/u_eject_fifo/fifo_mem_reg[0][flit_data]_0_15_24_29/RAMC/WE
  -------------------------------------------------------------------    -------------------

                         (clock clk rise edge)       20.000    20.000 r  
    E3                                                0.000    20.000 r  clk (IN)
                         net (fo=0)                   0.000    20.000    clk
    E3                   IBUF (Prop_ibuf_I_O)         1.411    21.411 r  clk_IBUF_inst/O
                         net (fo=1, routed)           1.920    23.331    clk_IBUF
    BUFGCTRL_X0Y16       BUFG (Prop_bufg_I_O)         0.091    23.422 r  clk_IBUF_BUFG_inst/O
                         net (fo=5388, routed)        1.504    24.926    u_mesh/GEN_R[0].r/u_eject_fifo/fifo_mem_reg[0][flit_data]_0_15_24_29/WCLK
    SLICE_X30Y143        RAMD32                                       r  u_mesh/GEN_R[0].r/u_eject_fifo/fifo_mem_reg[0][flit_data]_0_15_24_29/RAMC/CLK
                         clock pessimism              0.259    25.185    
                         clock uncertainty           -0.035    25.150    
    SLICE_X30Y143        RAMD32 (Setup_ramd32_CLK_WE)
                                                     -0.533    24.617    u_mesh/GEN_R[0].r/u_eject_fifo/fifo_mem_reg[0][flit_data]_0_15_24_29/RAMC
  -------------------------------------------------------------------
                         required time                         24.617    
                         arrival time                         -24.934    
  -------------------------------------------------------------------
                         slack                                 -0.317    

Slack (VIOLATED) :        -0.317ns  (required time - arrival time)
  Source:                 u_mesh/GEN_R[0].r/u_datapath/local_vc0_fifo/rd_ptr_reg[0]/C
                            (rising edge-triggered cell FDRE clocked by clk  {rise@0.000ns fall@10.000ns period=20.000ns})
  Destination:            u_mesh/GEN_R[0].r/u_eject_fifo/fifo_mem_reg[0][flit_data]_0_15_24_29/RAMC_D1/WE
                            (rising edge-triggered cell RAMD32 clocked by clk  {rise@0.000ns fall@10.000ns period=20.000ns})
  Path Group:             clk
  Path Type:              Setup (Max at Slow Process Corner)
  Requirement:            20.000ns  (clk rise@20.000ns - clk rise@0.000ns)
  Data Path Delay:        19.703ns  (logic 3.307ns (16.784%)  route 16.396ns (83.216%))
  Logic Levels:           20  (LUT2=1 LUT4=2 LUT5=5 LUT6=11 RAMD32=1)
  Clock Path Skew:        -0.046ns (DCD - SCD + CPR)
    Destination Clock Delay (DCD):    4.926ns = ( 24.926 - 20.000 ) 
    Source Clock Delay      (SCD):    5.231ns
    Clock Pessimism Removal (CPR):    0.259ns
  Clock Uncertainty:      0.035ns  ((TSJ^2 + TIJ^2)^1/2 + DJ) / 2 + PE
    Total System Jitter     (TSJ):    0.071ns
    Total Input Jitter      (TIJ):    0.000ns
    Discrete Jitter          (DJ):    0.000ns
    Phase Error              (PE):    0.000ns

    Location             Delay type                Incr(ns)  Path(ns)    Netlist Resource(s)
  -------------------------------------------------------------------    -------------------
                         (clock clk rise edge)        0.000     0.000 r  
    E3                                                0.000     0.000 r  clk (IN)
                         net (fo=0)                   0.000     0.000    clk
    E3                   IBUF (Prop_ibuf_I_O)         1.482     1.482 r  clk_IBUF_inst/O
                         net (fo=1, routed)           2.025     3.506    clk_IBUF
    BUFGCTRL_X0Y16       BUFG (Prop_bufg_I_O)         0.096     3.602 r  clk_IBUF_BUFG_inst/O
                         net (fo=5388, routed)        1.629     5.231    u_mesh/GEN_R[0].r/u_datapath/local_vc0_fifo/clk_IBUF_BUFG
    SLICE_X11Y139        FDRE                                         r  u_mesh/GEN_R[0].r/u_datapath/local_vc0_fifo/rd_ptr_reg[0]/C
  -------------------------------------------------------------------    -------------------
    SLICE_X11Y139        FDRE (Prop_fdre_C_Q)         0.419     5.650 r  u_mesh/GEN_R[0].r/u_datapath/local_vc0_fifo/rd_ptr_reg[0]/Q
                         net (fo=38, routed)          1.027     6.677    u_mesh/GEN_R[0].r/u_datapath/local_vc0_fifo/fifo_mem_reg[0][flit_data]_0_3_24_29/ADDRC0
    SLICE_X12Y139        RAMD32 (Prop_ramd32_RADR0_O)
                                                      0.325     7.002 f  u_mesh/GEN_R[0].r/u_datapath/local_vc0_fifo/fifo_mem_reg[0][flit_data]_0_3_24_29/RAMC/O
                         net (fo=9, routed)           1.081     8.083    u_mesh/GEN_R[0].r/u_datapath/local_vc0_fifo/GEN_SRC[0].lfsr_reg[29][2]
    SLICE_X10Y142        LUT6 (Prop_lut6_I0_O)        0.331     8.414 f  u_mesh/GEN_R[0].r/u_datapath/local_vc0_fifo/i___29_i_95/O
                         net (fo=2, routed)           1.063     9.477    u_mesh/GEN_R[0].r/u_datapath/local_vc0_fifo/i___29_i_95_n_0
    SLICE_X7Y142         LUT6 (Prop_lut6_I2_O)        0.124     9.601 r  u_mesh/GEN_R[0].r/u_datapath/local_vc0_fifo/i___29_i_88/O
                         net (fo=1, routed)           0.581    10.182    u_mesh/GEN_R[0].r/u_datapath/local_vc0_fifo/i___29_i_88_n_0
    SLICE_X4Y141         LUT5 (Prop_lut5_I1_O)        0.124    10.306 f  u_mesh/GEN_R[0].r/u_datapath/local_vc0_fifo/i___29_i_74/O
                         net (fo=4, routed)           0.810    11.116    u_mesh/GEN_R[0].r/u_datapath/local_vc0_fifo/i___29_i_74_n_0
    SLICE_X3Y144         LUT6 (Prop_lut6_I1_O)        0.124    11.240 f  u_mesh/GEN_R[0].r/u_datapath/local_vc0_fifo/i___29_i_43/O
                         net (fo=3, routed)           0.603    11.843    u_mesh/GEN_R[0].r/u_datapath/local_vc0_fifo/output_locked_reg[0]
    SLICE_X5Y144         LUT5 (Prop_lut5_I2_O)        0.124    11.967 f  u_mesh/GEN_R[0].r/u_datapath/local_vc0_fifo/i___29_i_13/O
                         net (fo=5, routed)           0.359    12.326    u_mesh/GEN_R[0].r/u_datapath/local_vc2_fifo/in_req[4]_56[0]
    SLICE_X6Y145         LUT5 (Prop_lut5_I4_O)        0.124    12.450 r  u_mesh/GEN_R[0].r/u_datapath/local_vc2_fifo/i___24_i_1/O
                         net (fo=24, routed)          0.831    13.281    u_mesh/GEN_R[0].r/u_datapath/local_vc2_fifo/rr_ptr_reg[1]_15
    SLICE_X7Y144         LUT5 (Prop_lut5_I0_O)        0.124    13.405 f  u_mesh/GEN_R[0].r/u_datapath/local_vc2_fifo/rr_ptr[2]_i_25/O
                         net (fo=4, routed)           0.858    14.263    u_mesh/GEN_R[0].r/u_datapath/local_vc2_fifo/rr_ptr[2]_i_25_n_0
    SLICE_X7Y144         LUT6 (Prop_lut6_I1_O)        0.124    14.387 r  u_mesh/GEN_R[0].r/u_datapath/local_vc2_fifo/rr_ptr[2]_i_10__1/O
                         net (fo=10, routed)          1.163    15.550    u_mesh/GEN_R[0].r/u_datapath/local_vc2_fifo/rr_ptr[2]_i_10__1_n_0
    SLICE_X8Y148         LUT4 (Prop_lut4_I1_O)        0.124    15.674 f  u_mesh/GEN_R[0].r/u_datapath/local_vc2_fifo/rr_ptr[2]_i_5/O
                         net (fo=21, routed)          0.736    16.410    u_mesh/GEN_R[0].r/u_datapath/local_vc2_fifo/rr_ptr[2]_i_11__1_3
    SLICE_X8Y148         LUT6 (Prop_lut6_I0_O)        0.124    16.534 r  u_mesh/GEN_R[0].r/u_datapath/local_vc2_fifo/i___22_i_8/O
                         net (fo=1, routed)           0.908    17.442    u_mesh/GEN_R[0].r/u_allocator/GEN_ARB[3].u_arbiter/i___18_i_2_1
    SLICE_X14Y149        LUT6 (Prop_lut6_I1_O)        0.124    17.566 r  u_mesh/GEN_R[0].r/u_allocator/GEN_ARB[3].u_arbiter/i___22_i_3/O
                         net (fo=5, routed)           0.851    18.417    u_mesh/GEN_R[0].r/u_allocator/GEN_ARB[3].u_arbiter/out_winner[3]_43[0]
    SLICE_X14Y150        LUT6 (Prop_lut6_I4_O)        0.124    18.541 r  u_mesh/GEN_R[0].r/u_allocator/GEN_ARB[3].u_arbiter/i___18_i_2/O
                         net (fo=2, routed)           0.652    19.193    u_mesh/GEN_R[0].r/u_datapath/east_vc2_fifo/i___20
    SLICE_X15Y151        LUT4 (Prop_lut4_I1_O)        0.124    19.317 r  u_mesh/GEN_R[0].r/u_datapath/east_vc2_fifo/i___20_i_3/O
                         net (fo=24, routed)          1.087    20.404    u_mesh/GEN_R[0].r/u_datapath/east_vc2_fifo/rr_ptr_reg[0]_24
    SLICE_X22Y153        LUT5 (Prop_lut5_I3_O)        0.124    20.528 r  u_mesh/GEN_R[0].r/u_datapath/east_vc2_fifo/i___1_i_42/O
                         net (fo=1, routed)           0.839    21.368    u_mesh/GEN_R[0].r/u_datapath_n_102
    SLICE_X22Y151        LUT6 (Prop_lut6_I0_O)        0.124    21.492 r  u_mesh/GEN_R[0].r/i___1_i_16/O
                         net (fo=1, routed)           0.592    22.084    u_mesh/GEN_R[0].r/u_datapath/east_vc2_fifo/sel_west_vc0
    SLICE_X24Y151        LUT6 (Prop_lut6_I2_O)        0.124    22.208 r  u_mesh/GEN_R[0].r/u_datapath/east_vc2_fifo/i___1_i_9/O
                         net (fo=3, routed)           0.504    22.711    u_mesh/GEN_R[0].r/crossbar_valid_west
    SLICE_X25Y151        LUT6 (Prop_lut6_I0_O)        0.124    22.835 r  u_mesh/GEN_R[0].r/i___1_i_2/O
                         net (fo=1, routed)           0.409    23.244    u_mesh/GEN_R[0].r/i___1_i_2_n_0
    SLICE_X27Y150        LUT6 (Prop_lut6_I1_O)        0.124    23.368 r  u_mesh/GEN_R[0].r/i___1/O
                         net (fo=9, routed)           0.540    23.908    u_mesh/GEN_R[0].r/i___1_n_0
    SLICE_X29Y149        LUT2 (Prop_lut2_I0_O)        0.124    24.032 r  u_mesh/GEN_R[0].r/i_/O
                         net (fo=52, routed)          0.902    24.934    u_mesh/GEN_R[0].r/u_eject_fifo/fifo_mem_reg[0][flit_data]_0_15_24_29/WE
    SLICE_X30Y143        RAMD32                                       r  u_mesh/GEN_R[0].r/u_eject_fifo/fifo_mem_reg[0][flit_data]_0_15_24_29/RAMC_D1/WE
  -------------------------------------------------------------------    -------------------

                         (clock clk rise edge)       20.000    20.000 r  
    E3                                                0.000    20.000 r  clk (IN)
                         net (fo=0)                   0.000    20.000    clk
    E3                   IBUF (Prop_ibuf_I_O)         1.411    21.411 r  clk_IBUF_inst/O
                         net (fo=1, routed)           1.920    23.331    clk_IBUF
    BUFGCTRL_X0Y16       BUFG (Prop_bufg_I_O)         0.091    23.422 r  clk_IBUF_BUFG_inst/O
                         net (fo=5388, routed)        1.504    24.926    u_mesh/GEN_R[0].r/u_eject_fifo/fifo_mem_reg[0][flit_data]_0_15_24_29/WCLK
    SLICE_X30Y143        RAMD32                                       r  u_mesh/GEN_R[0].r/u_eject_fifo/fifo_mem_reg[0][flit_data]_0_15_24_29/RAMC_D1/CLK
                         clock pessimism              0.259    25.185    
                         clock uncertainty           -0.035    25.150    
    SLICE_X30Y143        RAMD32 (Setup_ramd32_CLK_WE)
                                                     -0.533    24.617    u_mesh/GEN_R[0].r/u_eject_fifo/fifo_mem_reg[0][flit_data]_0_15_24_29/RAMC_D1
  -------------------------------------------------------------------
                         required time                         24.617    
                         arrival time                         -24.934    
  -------------------------------------------------------------------
                         slack                                 -0.317    

Slack (VIOLATED) :        -0.317ns  (required time - arrival time)
  Source:                 u_mesh/GEN_R[0].r/u_datapath/local_vc0_fifo/rd_ptr_reg[0]/C
                            (rising edge-triggered cell FDRE clocked by clk  {rise@0.000ns fall@10.000ns period=20.000ns})
  Destination:            u_mesh/GEN_R[0].r/u_eject_fifo/fifo_mem_reg[0][flit_data]_0_15_24_29/RAMD/WE
                            (rising edge-triggered cell RAMS32 clocked by clk  {rise@0.000ns fall@10.000ns period=20.000ns})
  Path Group:             clk
  Path Type:              Setup (Max at Slow Process Corner)
  Requirement:            20.000ns  (clk rise@20.000ns - clk rise@0.000ns)
  Data Path Delay:        19.703ns  (logic 3.307ns (16.784%)  route 16.396ns (83.216%))
  Logic Levels:           20  (LUT2=1 LUT4=2 LUT5=5 LUT6=11 RAMD32=1)
  Clock Path Skew:        -0.046ns (DCD - SCD + CPR)
    Destination Clock Delay (DCD):    4.926ns = ( 24.926 - 20.000 ) 
    Source Clock Delay      (SCD):    5.231ns
    Clock Pessimism Removal (CPR):    0.259ns
  Clock Uncertainty:      0.035ns  ((TSJ^2 + TIJ^2)^1/2 + DJ) / 2 + PE
    Total System Jitter     (TSJ):    0.071ns
    Total Input Jitter      (TIJ):    0.000ns
    Discrete Jitter          (DJ):    0.000ns
    Phase Error              (PE):    0.000ns

    Location             Delay type                Incr(ns)  Path(ns)    Netlist Resource(s)
  -------------------------------------------------------------------    -------------------
                         (clock clk rise edge)        0.000     0.000 r  
    E3                                                0.000     0.000 r  clk (IN)
                         net (fo=0)                   0.000     0.000    clk
    E3                   IBUF (Prop_ibuf_I_O)         1.482     1.482 r  clk_IBUF_inst/O
                         net (fo=1, routed)           2.025     3.506    clk_IBUF
    BUFGCTRL_X0Y16       BUFG (Prop_bufg_I_O)         0.096     3.602 r  clk_IBUF_BUFG_inst/O
                         net (fo=5388, routed)        1.629     5.231    u_mesh/GEN_R[0].r/u_datapath/local_vc0_fifo/clk_IBUF_BUFG
    SLICE_X11Y139        FDRE                                         r  u_mesh/GEN_R[0].r/u_datapath/local_vc0_fifo/rd_ptr_reg[0]/C
  -------------------------------------------------------------------    -------------------
    SLICE_X11Y139        FDRE (Prop_fdre_C_Q)         0.419     5.650 r  u_mesh/GEN_R[0].r/u_datapath/local_vc0_fifo/rd_ptr_reg[0]/Q
                         net (fo=38, routed)          1.027     6.677    u_mesh/GEN_R[0].r/u_datapath/local_vc0_fifo/fifo_mem_reg[0][flit_data]_0_3_24_29/ADDRC0
    SLICE_X12Y139        RAMD32 (Prop_ramd32_RADR0_O)
                                                      0.325     7.002 f  u_mesh/GEN_R[0].r/u_datapath/local_vc0_fifo/fifo_mem_reg[0][flit_data]_0_3_24_29/RAMC/O
                         net (fo=9, routed)           1.081     8.083    u_mesh/GEN_R[0].r/u_datapath/local_vc0_fifo/GEN_SRC[0].lfsr_reg[29][2]
    SLICE_X10Y142        LUT6 (Prop_lut6_I0_O)        0.331     8.414 f  u_mesh/GEN_R[0].r/u_datapath/local_vc0_fifo/i___29_i_95/O
                         net (fo=2, routed)           1.063     9.477    u_mesh/GEN_R[0].r/u_datapath/local_vc0_fifo/i___29_i_95_n_0
    SLICE_X7Y142         LUT6 (Prop_lut6_I2_O)        0.124     9.601 r  u_mesh/GEN_R[0].r/u_datapath/local_vc0_fifo/i___29_i_88/O
                         net (fo=1, routed)           0.581    10.182    u_mesh/GEN_R[0].r/u_datapath/local_vc0_fifo/i___29_i_88_n_0
    SLICE_X4Y141         LUT5 (Prop_lut5_I1_O)        0.124    10.306 f  u_mesh/GEN_R[0].r/u_datapath/local_vc0_fifo/i___29_i_74/O
                         net (fo=4, routed)           0.810    11.116    u_mesh/GEN_R[0].r/u_datapath/local_vc0_fifo/i___29_i_74_n_0
    SLICE_X3Y144         LUT6 (Prop_lut6_I1_O)        0.124    11.240 f  u_mesh/GEN_R[0].r/u_datapath/local_vc0_fifo/i___29_i_43/O
                         net (fo=3, routed)           0.603    11.843    u_mesh/GEN_R[0].r/u_datapath/local_vc0_fifo/output_locked_reg[0]
    SLICE_X5Y144         LUT5 (Prop_lut5_I2_O)        0.124    11.967 f  u_mesh/GEN_R[0].r/u_datapath/local_vc0_fifo/i___29_i_13/O
                         net (fo=5, routed)           0.359    12.326    u_mesh/GEN_R[0].r/u_datapath/local_vc2_fifo/in_req[4]_56[0]
    SLICE_X6Y145         LUT5 (Prop_lut5_I4_O)        0.124    12.450 r  u_mesh/GEN_R[0].r/u_datapath/local_vc2_fifo/i___24_i_1/O
                         net (fo=24, routed)          0.831    13.281    u_mesh/GEN_R[0].r/u_datapath/local_vc2_fifo/rr_ptr_reg[1]_15
    SLICE_X7Y144         LUT5 (Prop_lut5_I0_O)        0.124    13.405 f  u_mesh/GEN_R[0].r/u_datapath/local_vc2_fifo/rr_ptr[2]_i_25/O
                         net (fo=4, routed)           0.858    14.263    u_mesh/GEN_R[0].r/u_datapath/local_vc2_fifo/rr_ptr[2]_i_25_n_0
    SLICE_X7Y144         LUT6 (Prop_lut6_I1_O)        0.124    14.387 r  u_mesh/GEN_R[0].r/u_datapath/local_vc2_fifo/rr_ptr[2]_i_10__1/O
                         net (fo=10, routed)          1.163    15.550    u_mesh/GEN_R[0].r/u_datapath/local_vc2_fifo/rr_ptr[2]_i_10__1_n_0
    SLICE_X8Y148         LUT4 (Prop_lut4_I1_O)        0.124    15.674 f  u_mesh/GEN_R[0].r/u_datapath/local_vc2_fifo/rr_ptr[2]_i_5/O
                         net (fo=21, routed)          0.736    16.410    u_mesh/GEN_R[0].r/u_datapath/local_vc2_fifo/rr_ptr[2]_i_11__1_3
    SLICE_X8Y148         LUT6 (Prop_lut6_I0_O)        0.124    16.534 r  u_mesh/GEN_R[0].r/u_datapath/local_vc2_fifo/i___22_i_8/O
                         net (fo=1, routed)           0.908    17.442    u_mesh/GEN_R[0].r/u_allocator/GEN_ARB[3].u_arbiter/i___18_i_2_1
    SLICE_X14Y149        LUT6 (Prop_lut6_I1_O)        0.124    17.566 r  u_mesh/GEN_R[0].r/u_allocator/GEN_ARB[3].u_arbiter/i___22_i_3/O
                         net (fo=5, routed)           0.851    18.417    u_mesh/GEN_R[0].r/u_allocator/GEN_ARB[3].u_arbiter/out_winner[3]_43[0]
    SLICE_X14Y150        LUT6 (Prop_lut6_I4_O)        0.124    18.541 r  u_mesh/GEN_R[0].r/u_allocator/GEN_ARB[3].u_arbiter/i___18_i_2/O
                         net (fo=2, routed)           0.652    19.193    u_mesh/GEN_R[0].r/u_datapath/east_vc2_fifo/i___20
    SLICE_X15Y151        LUT4 (Prop_lut4_I1_O)        0.124    19.317 r  u_mesh/GEN_R[0].r/u_datapath/east_vc2_fifo/i___20_i_3/O
                         net (fo=24, routed)          1.087    20.404    u_mesh/GEN_R[0].r/u_datapath/east_vc2_fifo/rr_ptr_reg[0]_24
    SLICE_X22Y153        LUT5 (Prop_lut5_I3_O)        0.124    20.528 r  u_mesh/GEN_R[0].r/u_datapath/east_vc2_fifo/i___1_i_42/O
                         net (fo=1, routed)           0.839    21.368    u_mesh/GEN_R[0].r/u_datapath_n_102
    SLICE_X22Y151        LUT6 (Prop_lut6_I0_O)        0.124    21.492 r  u_mesh/GEN_R[0].r/i___1_i_16/O
                         net (fo=1, routed)           0.592    22.084    u_mesh/GEN_R[0].r/u_datapath/east_vc2_fifo/sel_west_vc0
    SLICE_X24Y151        LUT6 (Prop_lut6_I2_O)        0.124    22.208 r  u_mesh/GEN_R[0].r/u_datapath/east_vc2_fifo/i___1_i_9/O
                         net (fo=3, routed)           0.504    22.711    u_mesh/GEN_R[0].r/crossbar_valid_west
    SLICE_X25Y151        LUT6 (Prop_lut6_I0_O)        0.124    22.835 r  u_mesh/GEN_R[0].r/i___1_i_2/O
                         net (fo=1, routed)           0.409    23.244    u_mesh/GEN_R[0].r/i___1_i_2_n_0
    SLICE_X27Y150        LUT6 (Prop_lut6_I1_O)        0.124    23.368 r  u_mesh/GEN_R[0].r/i___1/O
                         net (fo=9, routed)           0.540    23.908    u_mesh/GEN_R[0].r/i___1_n_0
    SLICE_X29Y149        LUT2 (Prop_lut2_I0_O)        0.124    24.032 r  u_mesh/GEN_R[0].r/i_/O
                         net (fo=52, routed)          0.902    24.934    u_mesh/GEN_R[0].r/u_eject_fifo/fifo_mem_reg[0][flit_data]_0_15_24_29/WE
    SLICE_X30Y143        RAMS32                                       r  u_mesh/GEN_R[0].r/u_eject_fifo/fifo_mem_reg[0][flit_data]_0_15_24_29/RAMD/WE
  -------------------------------------------------------------------    -------------------

                         (clock clk rise edge)       20.000    20.000 r  
    E3                                                0.000    20.000 r  clk (IN)
                         net (fo=0)                   0.000    20.000    clk
    E3                   IBUF (Prop_ibuf_I_O)         1.411    21.411 r  clk_IBUF_inst/O
                         net (fo=1, routed)           1.920    23.331    clk_IBUF
    BUFGCTRL_X0Y16       BUFG (Prop_bufg_I_O)         0.091    23.422 r  clk_IBUF_BUFG_inst/O
                         net (fo=5388, routed)        1.504    24.926    u_mesh/GEN_R[0].r/u_eject_fifo/fifo_mem_reg[0][flit_data]_0_15_24_29/WCLK
    SLICE_X30Y143        RAMS32                                       r  u_mesh/GEN_R[0].r/u_eject_fifo/fifo_mem_reg[0][flit_data]_0_15_24_29/RAMD/CLK
                         clock pessimism              0.259    25.185    
                         clock uncertainty           -0.035    25.150    
    SLICE_X30Y143        RAMS32 (Setup_rams32_CLK_WE)
                                                     -0.533    24.617    u_mesh/GEN_R[0].r/u_eject_fifo/fifo_mem_reg[0][flit_data]_0_15_24_29/RAMD
  -------------------------------------------------------------------
                         required time                         24.617    
                         arrival time                         -24.934    
  -------------------------------------------------------------------
                         slack                                 -0.317    

Slack (VIOLATED) :        -0.317ns  (required time - arrival time)
  Source:                 u_mesh/GEN_R[0].r/u_datapath/local_vc0_fifo/rd_ptr_reg[0]/C
                            (rising edge-triggered cell FDRE clocked by clk  {rise@0.000ns fall@10.000ns period=20.000ns})
  Destination:            u_mesh/GEN_R[0].r/u_eject_fifo/fifo_mem_reg[0][flit_data]_0_15_24_29/RAMD_D1/WE
                            (rising edge-triggered cell RAMS32 clocked by clk  {rise@0.000ns fall@10.000ns period=20.000ns})
  Path Group:             clk
  Path Type:              Setup (Max at Slow Process Corner)
  Requirement:            20.000ns  (clk rise@20.000ns - clk rise@0.000ns)
  Data Path Delay:        19.703ns  (logic 3.307ns (16.784%)  route 16.396ns (83.216%))
  Logic Levels:           20  (LUT2=1 LUT4=2 LUT5=5 LUT6=11 RAMD32=1)
  Clock Path Skew:        -0.046ns (DCD - SCD + CPR)
    Destination Clock Delay (DCD):    4.926ns = ( 24.926 - 20.000 ) 
    Source Clock Delay      (SCD):    5.231ns
    Clock Pessimism Removal (CPR):    0.259ns
  Clock Uncertainty:      0.035ns  ((TSJ^2 + TIJ^2)^1/2 + DJ) / 2 + PE
    Total System Jitter     (TSJ):    0.071ns
    Total Input Jitter      (TIJ):    0.000ns
    Discrete Jitter          (DJ):    0.000ns
    Phase Error              (PE):    0.000ns

    Location             Delay type                Incr(ns)  Path(ns)    Netlist Resource(s)
  -------------------------------------------------------------------    -------------------
                         (clock clk rise edge)        0.000     0.000 r  
    E3                                                0.000     0.000 r  clk (IN)
                         net (fo=0)                   0.000     0.000    clk
    E3                   IBUF (Prop_ibuf_I_O)         1.482     1.482 r  clk_IBUF_inst/O
                         net (fo=1, routed)           2.025     3.506    clk_IBUF
    BUFGCTRL_X0Y16       BUFG (Prop_bufg_I_O)         0.096     3.602 r  clk_IBUF_BUFG_inst/O
                         net (fo=5388, routed)        1.629     5.231    u_mesh/GEN_R[0].r/u_datapath/local_vc0_fifo/clk_IBUF_BUFG
    SLICE_X11Y139        FDRE                                         r  u_mesh/GEN_R[0].r/u_datapath/local_vc0_fifo/rd_ptr_reg[0]/C
  -------------------------------------------------------------------    -------------------
    SLICE_X11Y139        FDRE (Prop_fdre_C_Q)         0.419     5.650 r  u_mesh/GEN_R[0].r/u_datapath/local_vc0_fifo/rd_ptr_reg[0]/Q
                         net (fo=38, routed)          1.027     6.677    u_mesh/GEN_R[0].r/u_datapath/local_vc0_fifo/fifo_mem_reg[0][flit_data]_0_3_24_29/ADDRC0
    SLICE_X12Y139        RAMD32 (Prop_ramd32_RADR0_O)
                                                      0.325     7.002 f  u_mesh/GEN_R[0].r/u_datapath/local_vc0_fifo/fifo_mem_reg[0][flit_data]_0_3_24_29/RAMC/O
                         net (fo=9, routed)           1.081     8.083    u_mesh/GEN_R[0].r/u_datapath/local_vc0_fifo/GEN_SRC[0].lfsr_reg[29][2]
    SLICE_X10Y142        LUT6 (Prop_lut6_I0_O)        0.331     8.414 f  u_mesh/GEN_R[0].r/u_datapath/local_vc0_fifo/i___29_i_95/O
                         net (fo=2, routed)           1.063     9.477    u_mesh/GEN_R[0].r/u_datapath/local_vc0_fifo/i___29_i_95_n_0
    SLICE_X7Y142         LUT6 (Prop_lut6_I2_O)        0.124     9.601 r  u_mesh/GEN_R[0].r/u_datapath/local_vc0_fifo/i___29_i_88/O
                         net (fo=1, routed)           0.581    10.182    u_mesh/GEN_R[0].r/u_datapath/local_vc0_fifo/i___29_i_88_n_0
    SLICE_X4Y141         LUT5 (Prop_lut5_I1_O)        0.124    10.306 f  u_mesh/GEN_R[0].r/u_datapath/local_vc0_fifo/i___29_i_74/O
                         net (fo=4, routed)           0.810    11.116    u_mesh/GEN_R[0].r/u_datapath/local_vc0_fifo/i___29_i_74_n_0
    SLICE_X3Y144         LUT6 (Prop_lut6_I1_O)        0.124    11.240 f  u_mesh/GEN_R[0].r/u_datapath/local_vc0_fifo/i___29_i_43/O
                         net (fo=3, routed)           0.603    11.843    u_mesh/GEN_R[0].r/u_datapath/local_vc0_fifo/output_locked_reg[0]
    SLICE_X5Y144         LUT5 (Prop_lut5_I2_O)        0.124    11.967 f  u_mesh/GEN_R[0].r/u_datapath/local_vc0_fifo/i___29_i_13/O
                         net (fo=5, routed)           0.359    12.326    u_mesh/GEN_R[0].r/u_datapath/local_vc2_fifo/in_req[4]_56[0]
    SLICE_X6Y145         LUT5 (Prop_lut5_I4_O)        0.124    12.450 r  u_mesh/GEN_R[0].r/u_datapath/local_vc2_fifo/i___24_i_1/O
                         net (fo=24, routed)          0.831    13.281    u_mesh/GEN_R[0].r/u_datapath/local_vc2_fifo/rr_ptr_reg[1]_15
    SLICE_X7Y144         LUT5 (Prop_lut5_I0_O)        0.124    13.405 f  u_mesh/GEN_R[0].r/u_datapath/local_vc2_fifo/rr_ptr[2]_i_25/O
                         net (fo=4, routed)           0.858    14.263    u_mesh/GEN_R[0].r/u_datapath/local_vc2_fifo/rr_ptr[2]_i_25_n_0
    SLICE_X7Y144         LUT6 (Prop_lut6_I1_O)        0.124    14.387 r  u_mesh/GEN_R[0].r/u_datapath/local_vc2_fifo/rr_ptr[2]_i_10__1/O
                         net (fo=10, routed)          1.163    15.550    u_mesh/GEN_R[0].r/u_datapath/local_vc2_fifo/rr_ptr[2]_i_10__1_n_0
    SLICE_X8Y148         LUT4 (Prop_lut4_I1_O)        0.124    15.674 f  u_mesh/GEN_R[0].r/u_datapath/local_vc2_fifo/rr_ptr[2]_i_5/O
                         net (fo=21, routed)          0.736    16.410    u_mesh/GEN_R[0].r/u_datapath/local_vc2_fifo/rr_ptr[2]_i_11__1_3
    SLICE_X8Y148         LUT6 (Prop_lut6_I0_O)        0.124    16.534 r  u_mesh/GEN_R[0].r/u_datapath/local_vc2_fifo/i___22_i_8/O
                         net (fo=1, routed)           0.908    17.442    u_mesh/GEN_R[0].r/u_allocator/GEN_ARB[3].u_arbiter/i___18_i_2_1
    SLICE_X14Y149        LUT6 (Prop_lut6_I1_O)        0.124    17.566 r  u_mesh/GEN_R[0].r/u_allocator/GEN_ARB[3].u_arbiter/i___22_i_3/O
                         net (fo=5, routed)           0.851    18.417    u_mesh/GEN_R[0].r/u_allocator/GEN_ARB[3].u_arbiter/out_winner[3]_43[0]
    SLICE_X14Y150        LUT6 (Prop_lut6_I4_O)        0.124    18.541 r  u_mesh/GEN_R[0].r/u_allocator/GEN_ARB[3].u_arbiter/i___18_i_2/O
                         net (fo=2, routed)           0.652    19.193    u_mesh/GEN_R[0].r/u_datapath/east_vc2_fifo/i___20
    SLICE_X15Y151        LUT4 (Prop_lut4_I1_O)        0.124    19.317 r  u_mesh/GEN_R[0].r/u_datapath/east_vc2_fifo/i___20_i_3/O
                         net (fo=24, routed)          1.087    20.404    u_mesh/GEN_R[0].r/u_datapath/east_vc2_fifo/rr_ptr_reg[0]_24
    SLICE_X22Y153        LUT5 (Prop_lut5_I3_O)        0.124    20.528 r  u_mesh/GEN_R[0].r/u_datapath/east_vc2_fifo/i___1_i_42/O
                         net (fo=1, routed)           0.839    21.368    u_mesh/GEN_R[0].r/u_datapath_n_102
    SLICE_X22Y151        LUT6 (Prop_lut6_I0_O)        0.124    21.492 r  u_mesh/GEN_R[0].r/i___1_i_16/O
                         net (fo=1, routed)           0.592    22.084    u_mesh/GEN_R[0].r/u_datapath/east_vc2_fifo/sel_west_vc0
    SLICE_X24Y151        LUT6 (Prop_lut6_I2_O)        0.124    22.208 r  u_mesh/GEN_R[0].r/u_datapath/east_vc2_fifo/i___1_i_9/O
                         net (fo=3, routed)           0.504    22.711    u_mesh/GEN_R[0].r/crossbar_valid_west
    SLICE_X25Y151        LUT6 (Prop_lut6_I0_O)        0.124    22.835 r  u_mesh/GEN_R[0].r/i___1_i_2/O
                         net (fo=1, routed)           0.409    23.244    u_mesh/GEN_R[0].r/i___1_i_2_n_0
    SLICE_X27Y150        LUT6 (Prop_lut6_I1_O)        0.124    23.368 r  u_mesh/GEN_R[0].r/i___1/O
                         net (fo=9, routed)           0.540    23.908    u_mesh/GEN_R[0].r/i___1_n_0
    SLICE_X29Y149        LUT2 (Prop_lut2_I0_O)        0.124    24.032 r  u_mesh/GEN_R[0].r/i_/O
                         net (fo=52, routed)          0.902    24.934    u_mesh/GEN_R[0].r/u_eject_fifo/fifo_mem_reg[0][flit_data]_0_15_24_29/WE
    SLICE_X30Y143        RAMS32                                       r  u_mesh/GEN_R[0].r/u_eject_fifo/fifo_mem_reg[0][flit_data]_0_15_24_29/RAMD_D1/WE
  -------------------------------------------------------------------    -------------------

                         (clock clk rise edge)       20.000    20.000 r  
    E3                                                0.000    20.000 r  clk (IN)
                         net (fo=0)                   0.000    20.000    clk
    E3                   IBUF (Prop_ibuf_I_O)         1.411    21.411 r  clk_IBUF_inst/O
                         net (fo=1, routed)           1.920    23.331    clk_IBUF
    BUFGCTRL_X0Y16       BUFG (Prop_bufg_I_O)         0.091    23.422 r  clk_IBUF_BUFG_inst/O
                         net (fo=5388, routed)        1.504    24.926    u_mesh/GEN_R[0].r/u_eject_fifo/fifo_mem_reg[0][flit_data]_0_15_24_29/WCLK
    SLICE_X30Y143        RAMS32                                       r  u_mesh/GEN_R[0].r/u_eject_fifo/fifo_mem_reg[0][flit_data]_0_15_24_29/RAMD_D1/CLK
                         clock pessimism              0.259    25.185    
                         clock uncertainty           -0.035    25.150    
    SLICE_X30Y143        RAMS32 (Setup_rams32_CLK_WE)
                                                     -0.533    24.617    u_mesh/GEN_R[0].r/u_eject_fifo/fifo_mem_reg[0][flit_data]_0_15_24_29/RAMD_D1
  -------------------------------------------------------------------
                         required time                         24.617    
                         arrival time                         -24.934    
  -------------------------------------------------------------------
                         slack                                 -0.317    

Slack (VIOLATED) :        -0.272ns  (required time - arrival time)
  Source:                 u_mesh/GEN_R[0].r/u_datapath/local_vc0_fifo/rd_ptr_reg[0]/C
                            (rising edge-triggered cell FDRE clocked by clk  {rise@0.000ns fall@10.000ns period=20.000ns})
  Destination:            u_mesh/GEN_R[0].r/u_eject_fifo/fifo_mem_reg[0][flit_data]_0_15_12_17/RAMA/WE
                            (rising edge-triggered cell RAMD32 clocked by clk  {rise@0.000ns fall@10.000ns period=20.000ns})
  Path Group:             clk
  Path Type:              Setup (Max at Slow Process Corner)
  Requirement:            20.000ns  (clk rise@20.000ns - clk rise@0.000ns)
  Data Path Delay:        19.656ns  (logic 3.307ns (16.824%)  route 16.349ns (83.176%))
  Logic Levels:           20  (LUT2=1 LUT4=2 LUT5=5 LUT6=11 RAMD32=1)
  Clock Path Skew:        -0.048ns (DCD - SCD + CPR)
    Destination Clock Delay (DCD):    4.924ns = ( 24.924 - 20.000 ) 
    Source Clock Delay      (SCD):    5.231ns
    Clock Pessimism Removal (CPR):    0.259ns
  Clock Uncertainty:      0.035ns  ((TSJ^2 + TIJ^2)^1/2 + DJ) / 2 + PE
    Total System Jitter     (TSJ):    0.071ns
    Total Input Jitter      (TIJ):    0.000ns
    Discrete Jitter          (DJ):    0.000ns
    Phase Error              (PE):    0.000ns

    Location             Delay type                Incr(ns)  Path(ns)    Netlist Resource(s)
  -------------------------------------------------------------------    -------------------
                         (clock clk rise edge)        0.000     0.000 r  
    E3                                                0.000     0.000 r  clk (IN)
                         net (fo=0)                   0.000     0.000    clk
    E3                   IBUF (Prop_ibuf_I_O)         1.482     1.482 r  clk_IBUF_inst/O
                         net (fo=1, routed)           2.025     3.506    clk_IBUF
    BUFGCTRL_X0Y16       BUFG (Prop_bufg_I_O)         0.096     3.602 r  clk_IBUF_BUFG_inst/O
                         net (fo=5388, routed)        1.629     5.231    u_mesh/GEN_R[0].r/u_datapath/local_vc0_fifo/clk_IBUF_BUFG
    SLICE_X11Y139        FDRE                                         r  u_mesh/GEN_R[0].r/u_datapath/local_vc0_fifo/rd_ptr_reg[0]/C
  -------------------------------------------------------------------    -------------------
    SLICE_X11Y139        FDRE (Prop_fdre_C_Q)         0.419     5.650 r  u_mesh/GEN_R[0].r/u_datapath/local_vc0_fifo/rd_ptr_reg[0]/Q
                         net (fo=38, routed)          1.027     6.677    u_mesh/GEN_R[0].r/u_datapath/local_vc0_fifo/fifo_mem_reg[0][flit_data]_0_3_24_29/ADDRC0
    SLICE_X12Y139        RAMD32 (Prop_ramd32_RADR0_O)
                                                      0.325     7.002 f  u_mesh/GEN_R[0].r/u_datapath/local_vc0_fifo/fifo_mem_reg[0][flit_data]_0_3_24_29/RAMC/O
                         net (fo=9, routed)           1.081     8.083    u_mesh/GEN_R[0].r/u_datapath/local_vc0_fifo/GEN_SRC[0].lfsr_reg[29][2]
    SLICE_X10Y142        LUT6 (Prop_lut6_I0_O)        0.331     8.414 f  u_mesh/GEN_R[0].r/u_datapath/local_vc0_fifo/i___29_i_95/O
                         net (fo=2, routed)           1.063     9.477    u_mesh/GEN_R[0].r/u_datapath/local_vc0_fifo/i___29_i_95_n_0
    SLICE_X7Y142         LUT6 (Prop_lut6_I2_O)        0.124     9.601 r  u_mesh/GEN_R[0].r/u_datapath/local_vc0_fifo/i___29_i_88/O
                         net (fo=1, routed)           0.581    10.182    u_mesh/GEN_R[0].r/u_datapath/local_vc0_fifo/i___29_i_88_n_0
    SLICE_X4Y141         LUT5 (Prop_lut5_I1_O)        0.124    10.306 f  u_mesh/GEN_R[0].r/u_datapath/local_vc0_fifo/i___29_i_74/O
                         net (fo=4, routed)           0.810    11.116    u_mesh/GEN_R[0].r/u_datapath/local_vc0_fifo/i___29_i_74_n_0
    SLICE_X3Y144         LUT6 (Prop_lut6_I1_O)        0.124    11.240 f  u_mesh/GEN_R[0].r/u_datapath/local_vc0_fifo/i___29_i_43/O
                         net (fo=3, routed)           0.603    11.843    u_mesh/GEN_R[0].r/u_datapath/local_vc0_fifo/output_locked_reg[0]
    SLICE_X5Y144         LUT5 (Prop_lut5_I2_O)        0.124    11.967 f  u_mesh/GEN_R[0].r/u_datapath/local_vc0_fifo/i___29_i_13/O
                         net (fo=5, routed)           0.359    12.326    u_mesh/GEN_R[0].r/u_datapath/local_vc2_fifo/in_req[4]_56[0]
    SLICE_X6Y145         LUT5 (Prop_lut5_I4_O)        0.124    12.450 r  u_mesh/GEN_R[0].r/u_datapath/local_vc2_fifo/i___24_i_1/O
                         net (fo=24, routed)          0.831    13.281    u_mesh/GEN_R[0].r/u_datapath/local_vc2_fifo/rr_ptr_reg[1]_15
    SLICE_X7Y144         LUT5 (Prop_lut5_I0_O)        0.124    13.405 f  u_mesh/GEN_R[0].r/u_datapath/local_vc2_fifo/rr_ptr[2]_i_25/O
                         net (fo=4, routed)           0.858    14.263    u_mesh/GEN_R[0].r/u_datapath/local_vc2_fifo/rr_ptr[2]_i_25_n_0
    SLICE_X7Y144         LUT6 (Prop_lut6_I1_O)        0.124    14.387 r  u_mesh/GEN_R[0].r/u_datapath/local_vc2_fifo/rr_ptr[2]_i_10__1/O
                         net (fo=10, routed)          1.163    15.550    u_mesh/GEN_R[0].r/u_datapath/local_vc2_fifo/rr_ptr[2]_i_10__1_n_0
    SLICE_X8Y148         LUT4 (Prop_lut4_I1_O)        0.124    15.674 f  u_mesh/GEN_R[0].r/u_datapath/local_vc2_fifo/rr_ptr[2]_i_5/O
                         net (fo=21, routed)          0.736    16.410    u_mesh/GEN_R[0].r/u_datapath/local_vc2_fifo/rr_ptr[2]_i_11__1_3
    SLICE_X8Y148         LUT6 (Prop_lut6_I0_O)        0.124    16.534 r  u_mesh/GEN_R[0].r/u_datapath/local_vc2_fifo/i___22_i_8/O
                         net (fo=1, routed)           0.908    17.442    u_mesh/GEN_R[0].r/u_allocator/GEN_ARB[3].u_arbiter/i___18_i_2_1
    SLICE_X14Y149        LUT6 (Prop_lut6_I1_O)        0.124    17.566 r  u_mesh/GEN_R[0].r/u_allocator/GEN_ARB[3].u_arbiter/i___22_i_3/O
                         net (fo=5, routed)           0.851    18.417    u_mesh/GEN_R[0].r/u_allocator/GEN_ARB[3].u_arbiter/out_winner[3]_43[0]
    SLICE_X14Y150        LUT6 (Prop_lut6_I4_O)        0.124    18.541 r  u_mesh/GEN_R[0].r/u_allocator/GEN_ARB[3].u_arbiter/i___18_i_2/O
                         net (fo=2, routed)           0.652    19.193    u_mesh/GEN_R[0].r/u_datapath/east_vc2_fifo/i___20
    SLICE_X15Y151        LUT4 (Prop_lut4_I1_O)        0.124    19.317 r  u_mesh/GEN_R[0].r/u_datapath/east_vc2_fifo/i___20_i_3/O
                         net (fo=24, routed)          1.087    20.404    u_mesh/GEN_R[0].r/u_datapath/east_vc2_fifo/rr_ptr_reg[0]_24
    SLICE_X22Y153        LUT5 (Prop_lut5_I3_O)        0.124    20.528 r  u_mesh/GEN_R[0].r/u_datapath/east_vc2_fifo/i___1_i_42/O
                         net (fo=1, routed)           0.839    21.368    u_mesh/GEN_R[0].r/u_datapath_n_102
    SLICE_X22Y151        LUT6 (Prop_lut6_I0_O)        0.124    21.492 r  u_mesh/GEN_R[0].r/i___1_i_16/O
                         net (fo=1, routed)           0.592    22.084    u_mesh/GEN_R[0].r/u_datapath/east_vc2_fifo/sel_west_vc0
    SLICE_X24Y151        LUT6 (Prop_lut6_I2_O)        0.124    22.208 r  u_mesh/GEN_R[0].r/u_datapath/east_vc2_fifo/i___1_i_9/O
                         net (fo=3, routed)           0.504    22.711    u_mesh/GEN_R[0].r/crossbar_valid_west
    SLICE_X25Y151        LUT6 (Prop_lut6_I0_O)        0.124    22.835 r  u_mesh/GEN_R[0].r/i___1_i_2/O
                         net (fo=1, routed)           0.409    23.244    u_mesh/GEN_R[0].r/i___1_i_2_n_0
    SLICE_X27Y150        LUT6 (Prop_lut6_I1_O)        0.124    23.368 r  u_mesh/GEN_R[0].r/i___1/O
                         net (fo=9, routed)           0.540    23.908    u_mesh/GEN_R[0].r/i___1_n_0
    SLICE_X29Y149        LUT2 (Prop_lut2_I0_O)        0.124    24.032 r  u_mesh/GEN_R[0].r/i_/O
                         net (fo=52, routed)          0.856    24.887    u_mesh/GEN_R[0].r/u_eject_fifo/fifo_mem_reg[0][flit_data]_0_15_12_17/WE
    SLICE_X34Y142        RAMD32                                       r  u_mesh/GEN_R[0].r/u_eject_fifo/fifo_mem_reg[0][flit_data]_0_15_12_17/RAMA/WE
  -------------------------------------------------------------------    -------------------

                         (clock clk rise edge)       20.000    20.000 r  
    E3                                                0.000    20.000 r  clk (IN)
                         net (fo=0)                   0.000    20.000    clk
    E3                   IBUF (Prop_ibuf_I_O)         1.411    21.411 r  clk_IBUF_inst/O
                         net (fo=1, routed)           1.920    23.331    clk_IBUF
    BUFGCTRL_X0Y16       BUFG (Prop_bufg_I_O)         0.091    23.422 r  clk_IBUF_BUFG_inst/O
                         net (fo=5388, routed)        1.502    24.924    u_mesh/GEN_R[0].r/u_eject_fifo/fifo_mem_reg[0][flit_data]_0_15_12_17/WCLK
    SLICE_X34Y142        RAMD32                                       r  u_mesh/GEN_R[0].r/u_eject_fifo/fifo_mem_reg[0][flit_data]_0_15_12_17/RAMA/CLK
                         clock pessimism              0.259    25.183    
                         clock uncertainty           -0.035    25.148    
    SLICE_X34Y142        RAMD32 (Setup_ramd32_CLK_WE)
                                                     -0.533    24.615    u_mesh/GEN_R[0].r/u_eject_fifo/fifo_mem_reg[0][flit_data]_0_15_12_17/RAMA
  -------------------------------------------------------------------
                         required time                         24.615    
                         arrival time                         -24.887    
  -------------------------------------------------------------------
                         slack                                 -0.272    

Slack (VIOLATED) :        -0.272ns  (required time - arrival time)
  Source:                 u_mesh/GEN_R[0].r/u_datapath/local_vc0_fifo/rd_ptr_reg[0]/C
                            (rising edge-triggered cell FDRE clocked by clk  {rise@0.000ns fall@10.000ns period=20.000ns})
  Destination:            u_mesh/GEN_R[0].r/u_eject_fifo/fifo_mem_reg[0][flit_data]_0_15_12_17/RAMA_D1/WE
                            (rising edge-triggered cell RAMD32 clocked by clk  {rise@0.000ns fall@10.000ns period=20.000ns})
  Path Group:             clk
  Path Type:              Setup (Max at Slow Process Corner)
  Requirement:            20.000ns  (clk rise@20.000ns - clk rise@0.000ns)
  Data Path Delay:        19.656ns  (logic 3.307ns (16.824%)  route 16.349ns (83.176%))
  Logic Levels:           20  (LUT2=1 LUT4=2 LUT5=5 LUT6=11 RAMD32=1)
  Clock Path Skew:        -0.048ns (DCD - SCD + CPR)
    Destination Clock Delay (DCD):    4.924ns = ( 24.924 - 20.000 ) 
    Source Clock Delay      (SCD):    5.231ns
    Clock Pessimism Removal (CPR):    0.259ns
  Clock Uncertainty:      0.035ns  ((TSJ^2 + TIJ^2)^1/2 + DJ) / 2 + PE
    Total System Jitter     (TSJ):    0.071ns
    Total Input Jitter      (TIJ):    0.000ns
    Discrete Jitter          (DJ):    0.000ns
    Phase Error              (PE):    0.000ns

    Location             Delay type                Incr(ns)  Path(ns)    Netlist Resource(s)
  -------------------------------------------------------------------    -------------------
                         (clock clk rise edge)        0.000     0.000 r  
    E3                                                0.000     0.000 r  clk (IN)
                         net (fo=0)                   0.000     0.000    clk
    E3                   IBUF (Prop_ibuf_I_O)         1.482     1.482 r  clk_IBUF_inst/O
                         net (fo=1, routed)           2.025     3.506    clk_IBUF
    BUFGCTRL_X0Y16       BUFG (Prop_bufg_I_O)         0.096     3.602 r  clk_IBUF_BUFG_inst/O
                         net (fo=5388, routed)        1.629     5.231    u_mesh/GEN_R[0].r/u_datapath/local_vc0_fifo/clk_IBUF_BUFG
    SLICE_X11Y139        FDRE                                         r  u_mesh/GEN_R[0].r/u_datapath/local_vc0_fifo/rd_ptr_reg[0]/C
  -------------------------------------------------------------------    -------------------
    SLICE_X11Y139        FDRE (Prop_fdre_C_Q)         0.419     5.650 r  u_mesh/GEN_R[0].r/u_datapath/local_vc0_fifo/rd_ptr_reg[0]/Q
                         net (fo=38, routed)          1.027     6.677    u_mesh/GEN_R[0].r/u_datapath/local_vc0_fifo/fifo_mem_reg[0][flit_data]_0_3_24_29/ADDRC0
    SLICE_X12Y139        RAMD32 (Prop_ramd32_RADR0_O)
                                                      0.325     7.002 f  u_mesh/GEN_R[0].r/u_datapath/local_vc0_fifo/fifo_mem_reg[0][flit_data]_0_3_24_29/RAMC/O
                         net (fo=9, routed)           1.081     8.083    u_mesh/GEN_R[0].r/u_datapath/local_vc0_fifo/GEN_SRC[0].lfsr_reg[29][2]
    SLICE_X10Y142        LUT6 (Prop_lut6_I0_O)        0.331     8.414 f  u_mesh/GEN_R[0].r/u_datapath/local_vc0_fifo/i___29_i_95/O
                         net (fo=2, routed)           1.063     9.477    u_mesh/GEN_R[0].r/u_datapath/local_vc0_fifo/i___29_i_95_n_0
    SLICE_X7Y142         LUT6 (Prop_lut6_I2_O)        0.124     9.601 r  u_mesh/GEN_R[0].r/u_datapath/local_vc0_fifo/i___29_i_88/O
                         net (fo=1, routed)           0.581    10.182    u_mesh/GEN_R[0].r/u_datapath/local_vc0_fifo/i___29_i_88_n_0
    SLICE_X4Y141         LUT5 (Prop_lut5_I1_O)        0.124    10.306 f  u_mesh/GEN_R[0].r/u_datapath/local_vc0_fifo/i___29_i_74/O
                         net (fo=4, routed)           0.810    11.116    u_mesh/GEN_R[0].r/u_datapath/local_vc0_fifo/i___29_i_74_n_0
    SLICE_X3Y144         LUT6 (Prop_lut6_I1_O)        0.124    11.240 f  u_mesh/GEN_R[0].r/u_datapath/local_vc0_fifo/i___29_i_43/O
                         net (fo=3, routed)           0.603    11.843    u_mesh/GEN_R[0].r/u_datapath/local_vc0_fifo/output_locked_reg[0]
    SLICE_X5Y144         LUT5 (Prop_lut5_I2_O)        0.124    11.967 f  u_mesh/GEN_R[0].r/u_datapath/local_vc0_fifo/i___29_i_13/O
                         net (fo=5, routed)           0.359    12.326    u_mesh/GEN_R[0].r/u_datapath/local_vc2_fifo/in_req[4]_56[0]
    SLICE_X6Y145         LUT5 (Prop_lut5_I4_O)        0.124    12.450 r  u_mesh/GEN_R[0].r/u_datapath/local_vc2_fifo/i___24_i_1/O
                         net (fo=24, routed)          0.831    13.281    u_mesh/GEN_R[0].r/u_datapath/local_vc2_fifo/rr_ptr_reg[1]_15
    SLICE_X7Y144         LUT5 (Prop_lut5_I0_O)        0.124    13.405 f  u_mesh/GEN_R[0].r/u_datapath/local_vc2_fifo/rr_ptr[2]_i_25/O
                         net (fo=4, routed)           0.858    14.263    u_mesh/GEN_R[0].r/u_datapath/local_vc2_fifo/rr_ptr[2]_i_25_n_0
    SLICE_X7Y144         LUT6 (Prop_lut6_I1_O)        0.124    14.387 r  u_mesh/GEN_R[0].r/u_datapath/local_vc2_fifo/rr_ptr[2]_i_10__1/O
                         net (fo=10, routed)          1.163    15.550    u_mesh/GEN_R[0].r/u_datapath/local_vc2_fifo/rr_ptr[2]_i_10__1_n_0
    SLICE_X8Y148         LUT4 (Prop_lut4_I1_O)        0.124    15.674 f  u_mesh/GEN_R[0].r/u_datapath/local_vc2_fifo/rr_ptr[2]_i_5/O
                         net (fo=21, routed)          0.736    16.410    u_mesh/GEN_R[0].r/u_datapath/local_vc2_fifo/rr_ptr[2]_i_11__1_3
    SLICE_X8Y148         LUT6 (Prop_lut6_I0_O)        0.124    16.534 r  u_mesh/GEN_R[0].r/u_datapath/local_vc2_fifo/i___22_i_8/O
                         net (fo=1, routed)           0.908    17.442    u_mesh/GEN_R[0].r/u_allocator/GEN_ARB[3].u_arbiter/i___18_i_2_1
    SLICE_X14Y149        LUT6 (Prop_lut6_I1_O)        0.124    17.566 r  u_mesh/GEN_R[0].r/u_allocator/GEN_ARB[3].u_arbiter/i___22_i_3/O
                         net (fo=5, routed)           0.851    18.417    u_mesh/GEN_R[0].r/u_allocator/GEN_ARB[3].u_arbiter/out_winner[3]_43[0]
    SLICE_X14Y150        LUT6 (Prop_lut6_I4_O)        0.124    18.541 r  u_mesh/GEN_R[0].r/u_allocator/GEN_ARB[3].u_arbiter/i___18_i_2/O
                         net (fo=2, routed)           0.652    19.193    u_mesh/GEN_R[0].r/u_datapath/east_vc2_fifo/i___20
    SLICE_X15Y151        LUT4 (Prop_lut4_I1_O)        0.124    19.317 r  u_mesh/GEN_R[0].r/u_datapath/east_vc2_fifo/i___20_i_3/O
                         net (fo=24, routed)          1.087    20.404    u_mesh/GEN_R[0].r/u_datapath/east_vc2_fifo/rr_ptr_reg[0]_24
    SLICE_X22Y153        LUT5 (Prop_lut5_I3_O)        0.124    20.528 r  u_mesh/GEN_R[0].r/u_datapath/east_vc2_fifo/i___1_i_42/O
                         net (fo=1, routed)           0.839    21.368    u_mesh/GEN_R[0].r/u_datapath_n_102
    SLICE_X22Y151        LUT6 (Prop_lut6_I0_O)        0.124    21.492 r  u_mesh/GEN_R[0].r/i___1_i_16/O
                         net (fo=1, routed)           0.592    22.084    u_mesh/GEN_R[0].r/u_datapath/east_vc2_fifo/sel_west_vc0
    SLICE_X24Y151        LUT6 (Prop_lut6_I2_O)        0.124    22.208 r  u_mesh/GEN_R[0].r/u_datapath/east_vc2_fifo/i___1_i_9/O
                         net (fo=3, routed)           0.504    22.711    u_mesh/GEN_R[0].r/crossbar_valid_west
    SLICE_X25Y151        LUT6 (Prop_lut6_I0_O)        0.124    22.835 r  u_mesh/GEN_R[0].r/i___1_i_2/O
                         net (fo=1, routed)           0.409    23.244    u_mesh/GEN_R[0].r/i___1_i_2_n_0
    SLICE_X27Y150        LUT6 (Prop_lut6_I1_O)        0.124    23.368 r  u_mesh/GEN_R[0].r/i___1/O
                         net (fo=9, routed)           0.540    23.908    u_mesh/GEN_R[0].r/i___1_n_0
    SLICE_X29Y149        LUT2 (Prop_lut2_I0_O)        0.124    24.032 r  u_mesh/GEN_R[0].r/i_/O
                         net (fo=52, routed)          0.856    24.887    u_mesh/GEN_R[0].r/u_eject_fifo/fifo_mem_reg[0][flit_data]_0_15_12_17/WE
    SLICE_X34Y142        RAMD32                                       r  u_mesh/GEN_R[0].r/u_eject_fifo/fifo_mem_reg[0][flit_data]_0_15_12_17/RAMA_D1/WE
  -------------------------------------------------------------------    -------------------

                         (clock clk rise edge)       20.000    20.000 r  
    E3                                                0.000    20.000 r  clk (IN)
                         net (fo=0)                   0.000    20.000    clk
    E3                   IBUF (Prop_ibuf_I_O)         1.411    21.411 r  clk_IBUF_inst/O
                         net (fo=1, routed)           1.920    23.331    clk_IBUF
    BUFGCTRL_X0Y16       BUFG (Prop_bufg_I_O)         0.091    23.422 r  clk_IBUF_BUFG_inst/O
                         net (fo=5388, routed)        1.502    24.924    u_mesh/GEN_R[0].r/u_eject_fifo/fifo_mem_reg[0][flit_data]_0_15_12_17/WCLK
    SLICE_X34Y142        RAMD32                                       r  u_mesh/GEN_R[0].r/u_eject_fifo/fifo_mem_reg[0][flit_data]_0_15_12_17/RAMA_D1/CLK
                         clock pessimism              0.259    25.183    
                         clock uncertainty           -0.035    25.148    
    SLICE_X34Y142        RAMD32 (Setup_ramd32_CLK_WE)
                                                     -0.533    24.615    u_mesh/GEN_R[0].r/u_eject_fifo/fifo_mem_reg[0][flit_data]_0_15_12_17/RAMA_D1
  -------------------------------------------------------------------
                         required time                         24.615    
                         arrival time                         -24.887    
  -------------------------------------------------------------------
                         slack                                 -0.272    





Min Delay Paths
--------------------------------------------------------------------------------------
Slack (MET) :             0.029ns  (arrival time - required time)
  Source:                 u_mesh/GEN_R[0].G_LINK_REG.q_s_reg[flit_data][31]/C
                            (rising edge-triggered cell FDRE clocked by clk  {rise@0.000ns fall@10.000ns period=20.000ns})
  Destination:            u_mesh/GEN_R[3].r/u_datapath/north_vc2_fifo/fifo_mem_reg[0][flit_data]_0_3_30_31__0/SP/I
                            (rising edge-triggered cell RAMD32 clocked by clk  {rise@0.000ns fall@10.000ns period=20.000ns})
  Path Group:             clk
  Path Type:              Hold (Min at Fast Process Corner)
  Requirement:            0.000ns  (clk rise@0.000ns - clk rise@0.000ns)
  Data Path Delay:        0.521ns  (logic 0.141ns (27.065%)  route 0.380ns (72.935%))
  Logic Levels:           0  
  Clock Path Skew:        0.348ns (DCD - SCD - CPR)
    Destination Clock Delay (DCD):    2.087ns
    Source Clock Delay      (SCD):    1.488ns
    Clock Pessimism Removal (CPR):    0.250ns

    Location             Delay type                Incr(ns)  Path(ns)    Netlist Resource(s)
  -------------------------------------------------------------------    -------------------
                         (clock clk rise edge)        0.000     0.000 r  
    E3                                                0.000     0.000 r  clk (IN)
                         net (fo=0)                   0.000     0.000    clk
    E3                   IBUF (Prop_ibuf_I_O)         0.250     0.250 r  clk_IBUF_inst/O
                         net (fo=1, routed)           0.644     0.894    clk_IBUF
    BUFGCTRL_X0Y16       BUFG (Prop_bufg_I_O)         0.026     0.920 r  clk_IBUF_BUFG_inst/O
                         net (fo=5388, routed)        0.569     1.488    u_mesh/clk_IBUF_BUFG
    SLICE_X15Y144        FDRE                                         r  u_mesh/GEN_R[0].G_LINK_REG.q_s_reg[flit_data][31]/C
  -------------------------------------------------------------------    -------------------
    SLICE_X15Y144        FDRE (Prop_fdre_C_Q)         0.141     1.629 r  u_mesh/GEN_R[0].G_LINK_REG.q_s_reg[flit_data][31]/Q
                         net (fo=6, routed)           0.380     2.009    u_mesh/GEN_R[3].r/u_datapath/north_vc2_fifo/fifo_mem_reg[0][flit_data]_0_3_30_31__0/D
    SLICE_X34Y150        RAMD32                                       r  u_mesh/GEN_R[3].r/u_datapath/north_vc2_fifo/fifo_mem_reg[0][flit_data]_0_3_30_31__0/SP/I
  -------------------------------------------------------------------    -------------------

                         (clock clk rise edge)        0.000     0.000 r  
    E3                                                0.000     0.000 r  clk (IN)
                         net (fo=0)                   0.000     0.000    clk
    E3                   IBUF (Prop_ibuf_I_O)         0.438     0.438 r  clk_IBUF_inst/O
                         net (fo=1, routed)           0.699     1.136    clk_IBUF
    BUFGCTRL_X0Y16       BUFG (Prop_bufg_I_O)         0.029     1.165 r  clk_IBUF_BUFG_inst/O
                         net (fo=5388, routed)        0.922     2.087    u_mesh/GEN_R[3].r/u_datapath/north_vc2_fifo/fifo_mem_reg[0][flit_data]_0_3_30_31__0/WCLK
    SLICE_X34Y150        RAMD32                                       r  u_mesh/GEN_R[3].r/u_datapath/north_vc2_fifo/fifo_mem_reg[0][flit_data]_0_3_30_31__0/SP/CLK
                         clock pessimism             -0.250     1.837    
    SLICE_X34Y150        RAMD32 (Hold_ramd32_CLK_I)
                                                      0.144     1.981    u_mesh/GEN_R[3].r/u_datapath/north_vc2_fifo/fifo_mem_reg[0][flit_data]_0_3_30_31__0/SP
  -------------------------------------------------------------------
                         required time                         -1.981    
                         arrival time                           2.009    
  -------------------------------------------------------------------
                         slack                                  0.029    

Slack (MET) :             0.041ns  (arrival time - required time)
  Source:                 u_mesh/GEN_R[4].G_LINK_REG.q_n_reg[flit_data][7]/C
                            (rising edge-triggered cell FDRE clocked by clk  {rise@0.000ns fall@10.000ns period=20.000ns})
  Destination:            u_mesh/GEN_R[1].r/u_datapath/south_vc2_fifo/fifo_mem_reg[0][flit_data]_0_3_6_11/RAMA_D1/I
                            (rising edge-triggered cell RAMD32 clocked by clk  {rise@0.000ns fall@10.000ns period=20.000ns})
  Path Group:             clk
  Path Type:              Hold (Min at Fast Process Corner)
  Requirement:            0.000ns  (clk rise@0.000ns - clk rise@0.000ns)
  Data Path Delay:        0.424ns  (logic 0.141ns (33.278%)  route 0.283ns (66.722%))
  Logic Levels:           0  
  Clock Path Skew:        0.263ns (DCD - SCD - CPR)
    Destination Clock Delay (DCD):    1.988ns
    Source Clock Delay      (SCD):    1.474ns
    Clock Pessimism Removal (CPR):    0.250ns

    Location             Delay type                Incr(ns)  Path(ns)    Netlist Resource(s)
  -------------------------------------------------------------------    -------------------
                         (clock clk rise edge)        0.000     0.000 r  
    E3                                                0.000     0.000 r  clk (IN)
                         net (fo=0)                   0.000     0.000    clk
    E3                   IBUF (Prop_ibuf_I_O)         0.250     0.250 r  clk_IBUF_inst/O
                         net (fo=1, routed)           0.644     0.894    clk_IBUF
    BUFGCTRL_X0Y16       BUFG (Prop_bufg_I_O)         0.026     0.920 r  clk_IBUF_BUFG_inst/O
                         net (fo=5388, routed)        0.555     1.474    u_mesh/clk_IBUF_BUFG
    SLICE_X52Y137        FDRE                                         r  u_mesh/GEN_R[4].G_LINK_REG.q_n_reg[flit_data][7]/C
  -------------------------------------------------------------------    -------------------
    SLICE_X52Y137        FDRE (Prop_fdre_C_Q)         0.141     1.615 r  u_mesh/GEN_R[4].G_LINK_REG.q_n_reg[flit_data][7]/Q
                         net (fo=3, routed)           0.283     1.898    u_mesh/GEN_R[1].r/u_datapath/south_vc2_fifo/fifo_mem_reg[0][flit_data]_0_3_6_11/DIA1
    SLICE_X42Y131        RAMD32                                       r  u_mesh/GEN_R[1].r/u_datapath/south_vc2_fifo/fifo_mem_reg[0][flit_data]_0_3_6_11/RAMA_D1/I
  -------------------------------------------------------------------    -------------------

                         (clock clk rise edge)        0.000     0.000 r  
    E3                                                0.000     0.000 r  clk (IN)
                         net (fo=0)                   0.000     0.000    clk
    E3                   IBUF (Prop_ibuf_I_O)         0.438     0.438 r  clk_IBUF_inst/O
                         net (fo=1, routed)           0.699     1.136    clk_IBUF
    BUFGCTRL_X0Y16       BUFG (Prop_bufg_I_O)         0.029     1.165 r  clk_IBUF_BUFG_inst/O
                         net (fo=5388, routed)        0.822     1.988    u_mesh/GEN_R[1].r/u_datapath/south_vc2_fifo/fifo_mem_reg[0][flit_data]_0_3_6_11/WCLK
    SLICE_X42Y131        RAMD32                                       r  u_mesh/GEN_R[1].r/u_datapath/south_vc2_fifo/fifo_mem_reg[0][flit_data]_0_3_6_11/RAMA_D1/CLK
                         clock pessimism             -0.250     1.737    
    SLICE_X42Y131        RAMD32 (Hold_ramd32_CLK_I)
                                                      0.120     1.857    u_mesh/GEN_R[1].r/u_datapath/south_vc2_fifo/fifo_mem_reg[0][flit_data]_0_3_6_11/RAMA_D1
  -------------------------------------------------------------------
                         required time                         -1.857    
                         arrival time                           1.898    
  -------------------------------------------------------------------
                         slack                                  0.041    

Slack (MET) :             0.044ns  (arrival time - required time)
  Source:                 u_mesh/GEN_R[0].r/u_datapath/south_vc2_fifo/wr_ptr_reg[1]/C
                            (rising edge-triggered cell FDRE clocked by clk  {rise@0.000ns fall@10.000ns period=20.000ns})
  Destination:            u_mesh/GEN_R[0].r/u_datapath/south_vc2_fifo/fifo_mem_reg[0][flit_data]_0_3_18_23/RAMA/WADR1
                            (rising edge-triggered cell RAMD32 clocked by clk  {rise@0.000ns fall@10.000ns period=20.000ns})
  Path Group:             clk
  Path Type:              Hold (Min at Fast Process Corner)
  Requirement:            0.000ns  (clk rise@0.000ns - clk rise@0.000ns)
  Data Path Delay:        0.534ns  (logic 0.141ns (26.392%)  route 0.393ns (73.608%))
  Logic Levels:           0  
  Clock Path Skew:        0.181ns (DCD - SCD - CPR)
    Destination Clock Delay (DCD):    2.001ns
    Source Clock Delay      (SCD):    1.569ns
    Clock Pessimism Removal (CPR):    0.250ns

    Location             Delay type                Incr(ns)  Path(ns)    Netlist Resource(s)
  -------------------------------------------------------------------    -------------------
                         (clock clk rise edge)        0.000     0.000 r  
    E3                                                0.000     0.000 r  clk (IN)
                         net (fo=0)                   0.000     0.000    clk
    E3                   IBUF (Prop_ibuf_I_O)         0.250     0.250 r  clk_IBUF_inst/O
                         net (fo=1, routed)           0.644     0.894    clk_IBUF
    BUFGCTRL_X0Y16       BUFG (Prop_bufg_I_O)         0.026     0.920 r  clk_IBUF_BUFG_inst/O
                         net (fo=5388, routed)        0.649     1.569    u_mesh/GEN_R[0].r/u_datapath/south_vc2_fifo/clk_IBUF_BUFG
    SLICE_X29Y150        FDRE                                         r  u_mesh/GEN_R[0].r/u_datapath/south_vc2_fifo/wr_ptr_reg[1]/C
  -------------------------------------------------------------------    -------------------
    SLICE_X29Y150        FDRE (Prop_fdre_C_Q)         0.141     1.710 r  u_mesh/GEN_R[0].r/u_datapath/south_vc2_fifo/wr_ptr_reg[1]/Q
                         net (fo=59, routed)          0.393     2.103    u_mesh/GEN_R[0].r/u_datapath/south_vc2_fifo/fifo_mem_reg[0][flit_data]_0_3_18_23/ADDRD1
    SLICE_X34Y149        RAMD32                                       r  u_mesh/GEN_R[0].r/u_datapath/south_vc2_fifo/fifo_mem_reg[0][flit_data]_0_3_18_23/RAMA/WADR1
  -------------------------------------------------------------------    -------------------

                         (clock clk rise edge)        0.000     0.000 r  
    E3                                                0.000     0.000 r  clk (IN)
                         net (fo=0)                   0.000     0.000    clk
    E3                   IBUF (Prop_ibuf_I_O)         0.438     0.438 r  clk_IBUF_inst/O
                         net (fo=1, routed)           0.699     1.136    clk_IBUF
    BUFGCTRL_X0Y16       BUFG (Prop_bufg_I_O)         0.029     1.165 r  clk_IBUF_BUFG_inst/O
                         net (fo=5388, routed)        0.836     2.001    u_mesh/GEN_R[0].r/u_datapath/south_vc2_fifo/fifo_mem_reg[0][flit_data]_0_3_18_23/WCLK
    SLICE_X34Y149        RAMD32                                       r  u_mesh/GEN_R[0].r/u_datapath/south_vc2_fifo/fifo_mem_reg[0][flit_data]_0_3_18_23/RAMA/CLK
                         clock pessimism             -0.250     1.750    
    SLICE_X34Y149        RAMD32 (Hold_ramd32_CLK_WADR1)
                                                      0.309     2.059    u_mesh/GEN_R[0].r/u_datapath/south_vc2_fifo/fifo_mem_reg[0][flit_data]_0_3_18_23/RAMA
  -------------------------------------------------------------------
                         required time                         -2.059    
                         arrival time                           2.103    
  -------------------------------------------------------------------
                         slack                                  0.044    

Slack (MET) :             0.044ns  (arrival time - required time)
  Source:                 u_mesh/GEN_R[0].r/u_datapath/south_vc2_fifo/wr_ptr_reg[1]/C
                            (rising edge-triggered cell FDRE clocked by clk  {rise@0.000ns fall@10.000ns period=20.000ns})
  Destination:            u_mesh/GEN_R[0].r/u_datapath/south_vc2_fifo/fifo_mem_reg[0][flit_data]_0_3_18_23/RAMA_D1/WADR1
                            (rising edge-triggered cell RAMD32 clocked by clk  {rise@0.000ns fall@10.000ns period=20.000ns})
  Path Group:             clk
  Path Type:              Hold (Min at Fast Process Corner)
  Requirement:            0.000ns  (clk rise@0.000ns - clk rise@0.000ns)
  Data Path Delay:        0.534ns  (logic 0.141ns (26.392%)  route 0.393ns (73.608%))
  Logic Levels:           0  
  Clock Path Skew:        0.181ns (DCD - SCD - CPR)
    Destination Clock Delay (DCD):    2.001ns
    Source Clock Delay      (SCD):    1.569ns
    Clock Pessimism Removal (CPR):    0.250ns

    Location             Delay type                Incr(ns)  Path(ns)    Netlist Resource(s)
  -------------------------------------------------------------------    -------------------
                         (clock clk rise edge)        0.000     0.000 r  
    E3                                                0.000     0.000 r  clk (IN)
                         net (fo=0)                   0.000     0.000    clk
    E3                   IBUF (Prop_ibuf_I_O)         0.250     0.250 r  clk_IBUF_inst/O
                         net (fo=1, routed)           0.644     0.894    clk_IBUF
    BUFGCTRL_X0Y16       BUFG (Prop_bufg_I_O)         0.026     0.920 r  clk_IBUF_BUFG_inst/O
                         net (fo=5388, routed)        0.649     1.569    u_mesh/GEN_R[0].r/u_datapath/south_vc2_fifo/clk_IBUF_BUFG
    SLICE_X29Y150        FDRE                                         r  u_mesh/GEN_R[0].r/u_datapath/south_vc2_fifo/wr_ptr_reg[1]/C
  -------------------------------------------------------------------    -------------------
    SLICE_X29Y150        FDRE (Prop_fdre_C_Q)         0.141     1.710 r  u_mesh/GEN_R[0].r/u_datapath/south_vc2_fifo/wr_ptr_reg[1]/Q
                         net (fo=59, routed)          0.393     2.103    u_mesh/GEN_R[0].r/u_datapath/south_vc2_fifo/fifo_mem_reg[0][flit_data]_0_3_18_23/ADDRD1
    SLICE_X34Y149        RAMD32                                       r  u_mesh/GEN_R[0].r/u_datapath/south_vc2_fifo/fifo_mem_reg[0][flit_data]_0_3_18_23/RAMA_D1/WADR1
  -------------------------------------------------------------------    -------------------

                         (clock clk rise edge)        0.000     0.000 r  
    E3                                                0.000     0.000 r  clk (IN)
                         net (fo=0)                   0.000     0.000    clk
    E3                   IBUF (Prop_ibuf_I_O)         0.438     0.438 r  clk_IBUF_inst/O
                         net (fo=1, routed)           0.699     1.136    clk_IBUF
    BUFGCTRL_X0Y16       BUFG (Prop_bufg_I_O)         0.029     1.165 r  clk_IBUF_BUFG_inst/O
                         net (fo=5388, routed)        0.836     2.001    u_mesh/GEN_R[0].r/u_datapath/south_vc2_fifo/fifo_mem_reg[0][flit_data]_0_3_18_23/WCLK
    SLICE_X34Y149        RAMD32                                       r  u_mesh/GEN_R[0].r/u_datapath/south_vc2_fifo/fifo_mem_reg[0][flit_data]_0_3_18_23/RAMA_D1/CLK
                         clock pessimism             -0.250     1.750    
    SLICE_X34Y149        RAMD32 (Hold_ramd32_CLK_WADR1)
                                                      0.309     2.059    u_mesh/GEN_R[0].r/u_datapath/south_vc2_fifo/fifo_mem_reg[0][flit_data]_0_3_18_23/RAMA_D1
  -------------------------------------------------------------------
                         required time                         -2.059    
                         arrival time                           2.103    
  -------------------------------------------------------------------
                         slack                                  0.044    

Slack (MET) :             0.044ns  (arrival time - required time)
  Source:                 u_mesh/GEN_R[0].r/u_datapath/south_vc2_fifo/wr_ptr_reg[1]/C
                            (rising edge-triggered cell FDRE clocked by clk  {rise@0.000ns fall@10.000ns period=20.000ns})
  Destination:            u_mesh/GEN_R[0].r/u_datapath/south_vc2_fifo/fifo_mem_reg[0][flit_data]_0_3_18_23/RAMB/WADR1
                            (rising edge-triggered cell RAMD32 clocked by clk  {rise@0.000ns fall@10.000ns period=20.000ns})
  Path Group:             clk
  Path Type:              Hold (Min at Fast Process Corner)
  Requirement:            0.000ns  (clk rise@0.000ns - clk rise@0.000ns)
  Data Path Delay:        0.534ns  (logic 0.141ns (26.392%)  route 0.393ns (73.608%))
  Logic Levels:           0  
  Clock Path Skew:        0.181ns (DCD - SCD - CPR)
    Destination Clock Delay (DCD):    2.001ns
    Source Clock Delay      (SCD):    1.569ns
    Clock Pessimism Removal (CPR):    0.250ns

    Location             Delay type                Incr(ns)  Path(ns)    Netlist Resource(s)
  -------------------------------------------------------------------    -------------------
                         (clock clk rise edge)        0.000     0.000 r  
    E3                                                0.000     0.000 r  clk (IN)
                         net (fo=0)                   0.000     0.000    clk
    E3                   IBUF (Prop_ibuf_I_O)         0.250     0.250 r  clk_IBUF_inst/O
                         net (fo=1, routed)           0.644     0.894    clk_IBUF
    BUFGCTRL_X0Y16       BUFG (Prop_bufg_I_O)         0.026     0.920 r  clk_IBUF_BUFG_inst/O
                         net (fo=5388, routed)        0.649     1.569    u_mesh/GEN_R[0].r/u_datapath/south_vc2_fifo/clk_IBUF_BUFG
    SLICE_X29Y150        FDRE                                         r  u_mesh/GEN_R[0].r/u_datapath/south_vc2_fifo/wr_ptr_reg[1]/C
  -------------------------------------------------------------------    -------------------
    SLICE_X29Y150        FDRE (Prop_fdre_C_Q)         0.141     1.710 r  u_mesh/GEN_R[0].r/u_datapath/south_vc2_fifo/wr_ptr_reg[1]/Q
                         net (fo=59, routed)          0.393     2.103    u_mesh/GEN_R[0].r/u_datapath/south_vc2_fifo/fifo_mem_reg[0][flit_data]_0_3_18_23/ADDRD1
    SLICE_X34Y149        RAMD32                                       r  u_mesh/GEN_R[0].r/u_datapath/south_vc2_fifo/fifo_mem_reg[0][flit_data]_0_3_18_23/RAMB/WADR1
  -------------------------------------------------------------------    -------------------

                         (clock clk rise edge)        0.000     0.000 r  
    E3                                                0.000     0.000 r  clk (IN)
                         net (fo=0)                   0.000     0.000    clk
    E3                   IBUF (Prop_ibuf_I_O)         0.438     0.438 r  clk_IBUF_inst/O
                         net (fo=1, routed)           0.699     1.136    clk_IBUF
    BUFGCTRL_X0Y16       BUFG (Prop_bufg_I_O)         0.029     1.165 r  clk_IBUF_BUFG_inst/O
                         net (fo=5388, routed)        0.836     2.001    u_mesh/GEN_R[0].r/u_datapath/south_vc2_fifo/fifo_mem_reg[0][flit_data]_0_3_18_23/WCLK
    SLICE_X34Y149        RAMD32                                       r  u_mesh/GEN_R[0].r/u_datapath/south_vc2_fifo/fifo_mem_reg[0][flit_data]_0_3_18_23/RAMB/CLK
                         clock pessimism             -0.250     1.750    
    SLICE_X34Y149        RAMD32 (Hold_ramd32_CLK_WADR1)
                                                      0.309     2.059    u_mesh/GEN_R[0].r/u_datapath/south_vc2_fifo/fifo_mem_reg[0][flit_data]_0_3_18_23/RAMB
  -------------------------------------------------------------------
                         required time                         -2.059    
                         arrival time                           2.103    
  -------------------------------------------------------------------
                         slack                                  0.044    

Slack (MET) :             0.044ns  (arrival time - required time)
  Source:                 u_mesh/GEN_R[0].r/u_datapath/south_vc2_fifo/wr_ptr_reg[1]/C
                            (rising edge-triggered cell FDRE clocked by clk  {rise@0.000ns fall@10.000ns period=20.000ns})
  Destination:            u_mesh/GEN_R[0].r/u_datapath/south_vc2_fifo/fifo_mem_reg[0][flit_data]_0_3_18_23/RAMB_D1/WADR1
                            (rising edge-triggered cell RAMD32 clocked by clk  {rise@0.000ns fall@10.000ns period=20.000ns})
  Path Group:             clk
  Path Type:              Hold (Min at Fast Process Corner)
  Requirement:            0.000ns  (clk rise@0.000ns - clk rise@0.000ns)
  Data Path Delay:        0.534ns  (logic 0.141ns (26.392%)  route 0.393ns (73.608%))
  Logic Levels:           0  
  Clock Path Skew:        0.181ns (DCD - SCD - CPR)
    Destination Clock Delay (DCD):    2.001ns
    Source Clock Delay      (SCD):    1.569ns
    Clock Pessimism Removal (CPR):    0.250ns

    Location             Delay type                Incr(ns)  Path(ns)    Netlist Resource(s)
  -------------------------------------------------------------------    -------------------
                         (clock clk rise edge)        0.000     0.000 r  
    E3                                                0.000     0.000 r  clk (IN)
                         net (fo=0)                   0.000     0.000    clk
    E3                   IBUF (Prop_ibuf_I_O)         0.250     0.250 r  clk_IBUF_inst/O
                         net (fo=1, routed)           0.644     0.894    clk_IBUF
    BUFGCTRL_X0Y16       BUFG (Prop_bufg_I_O)         0.026     0.920 r  clk_IBUF_BUFG_inst/O
                         net (fo=5388, routed)        0.649     1.569    u_mesh/GEN_R[0].r/u_datapath/south_vc2_fifo/clk_IBUF_BUFG
    SLICE_X29Y150        FDRE                                         r  u_mesh/GEN_R[0].r/u_datapath/south_vc2_fifo/wr_ptr_reg[1]/C
  -------------------------------------------------------------------    -------------------
    SLICE_X29Y150        FDRE (Prop_fdre_C_Q)         0.141     1.710 r  u_mesh/GEN_R[0].r/u_datapath/south_vc2_fifo/wr_ptr_reg[1]/Q
                         net (fo=59, routed)          0.393     2.103    u_mesh/GEN_R[0].r/u_datapath/south_vc2_fifo/fifo_mem_reg[0][flit_data]_0_3_18_23/ADDRD1
    SLICE_X34Y149        RAMD32                                       r  u_mesh/GEN_R[0].r/u_datapath/south_vc2_fifo/fifo_mem_reg[0][flit_data]_0_3_18_23/RAMB_D1/WADR1
  -------------------------------------------------------------------    -------------------

                         (clock clk rise edge)        0.000     0.000 r  
    E3                                                0.000     0.000 r  clk (IN)
                         net (fo=0)                   0.000     0.000    clk
    E3                   IBUF (Prop_ibuf_I_O)         0.438     0.438 r  clk_IBUF_inst/O
                         net (fo=1, routed)           0.699     1.136    clk_IBUF
    BUFGCTRL_X0Y16       BUFG (Prop_bufg_I_O)         0.029     1.165 r  clk_IBUF_BUFG_inst/O
                         net (fo=5388, routed)        0.836     2.001    u_mesh/GEN_R[0].r/u_datapath/south_vc2_fifo/fifo_mem_reg[0][flit_data]_0_3_18_23/WCLK
    SLICE_X34Y149        RAMD32                                       r  u_mesh/GEN_R[0].r/u_datapath/south_vc2_fifo/fifo_mem_reg[0][flit_data]_0_3_18_23/RAMB_D1/CLK
                         clock pessimism             -0.250     1.750    
    SLICE_X34Y149        RAMD32 (Hold_ramd32_CLK_WADR1)
                                                      0.309     2.059    u_mesh/GEN_R[0].r/u_datapath/south_vc2_fifo/fifo_mem_reg[0][flit_data]_0_3_18_23/RAMB_D1
  -------------------------------------------------------------------
                         required time                         -2.059    
                         arrival time                           2.103    
  -------------------------------------------------------------------
                         slack                                  0.044    

Slack (MET) :             0.044ns  (arrival time - required time)
  Source:                 u_mesh/GEN_R[0].r/u_datapath/south_vc2_fifo/wr_ptr_reg[1]/C
                            (rising edge-triggered cell FDRE clocked by clk  {rise@0.000ns fall@10.000ns period=20.000ns})
  Destination:            u_mesh/GEN_R[0].r/u_datapath/south_vc2_fifo/fifo_mem_reg[0][flit_data]_0_3_18_23/RAMC/WADR1
                            (rising edge-triggered cell RAMD32 clocked by clk  {rise@0.000ns fall@10.000ns period=20.000ns})
  Path Group:             clk
  Path Type:              Hold (Min at Fast Process Corner)
  Requirement:            0.000ns  (clk rise@0.000ns - clk rise@0.000ns)
  Data Path Delay:        0.534ns  (logic 0.141ns (26.392%)  route 0.393ns (73.608%))
  Logic Levels:           0  
  Clock Path Skew:        0.181ns (DCD - SCD - CPR)
    Destination Clock Delay (DCD):    2.001ns
    Source Clock Delay      (SCD):    1.569ns
    Clock Pessimism Removal (CPR):    0.250ns

    Location             Delay type                Incr(ns)  Path(ns)    Netlist Resource(s)
  -------------------------------------------------------------------    -------------------
                         (clock clk rise edge)        0.000     0.000 r  
    E3                                                0.000     0.000 r  clk (IN)
                         net (fo=0)                   0.000     0.000    clk
    E3                   IBUF (Prop_ibuf_I_O)         0.250     0.250 r  clk_IBUF_inst/O
                         net (fo=1, routed)           0.644     0.894    clk_IBUF
    BUFGCTRL_X0Y16       BUFG (Prop_bufg_I_O)         0.026     0.920 r  clk_IBUF_BUFG_inst/O
                         net (fo=5388, routed)        0.649     1.569    u_mesh/GEN_R[0].r/u_datapath/south_vc2_fifo/clk_IBUF_BUFG
    SLICE_X29Y150        FDRE                                         r  u_mesh/GEN_R[0].r/u_datapath/south_vc2_fifo/wr_ptr_reg[1]/C
  -------------------------------------------------------------------    -------------------
    SLICE_X29Y150        FDRE (Prop_fdre_C_Q)         0.141     1.710 r  u_mesh/GEN_R[0].r/u_datapath/south_vc2_fifo/wr_ptr_reg[1]/Q
                         net (fo=59, routed)          0.393     2.103    u_mesh/GEN_R[0].r/u_datapath/south_vc2_fifo/fifo_mem_reg[0][flit_data]_0_3_18_23/ADDRD1
    SLICE_X34Y149        RAMD32                                       r  u_mesh/GEN_R[0].r/u_datapath/south_vc2_fifo/fifo_mem_reg[0][flit_data]_0_3_18_23/RAMC/WADR1
  -------------------------------------------------------------------    -------------------

                         (clock clk rise edge)        0.000     0.000 r  
    E3                                                0.000     0.000 r  clk (IN)
                         net (fo=0)                   0.000     0.000    clk
    E3                   IBUF (Prop_ibuf_I_O)         0.438     0.438 r  clk_IBUF_inst/O
                         net (fo=1, routed)           0.699     1.136    clk_IBUF
    BUFGCTRL_X0Y16       BUFG (Prop_bufg_I_O)         0.029     1.165 r  clk_IBUF_BUFG_inst/O
                         net (fo=5388, routed)        0.836     2.001    u_mesh/GEN_R[0].r/u_datapath/south_vc2_fifo/fifo_mem_reg[0][flit_data]_0_3_18_23/WCLK
    SLICE_X34Y149        RAMD32                                       r  u_mesh/GEN_R[0].r/u_datapath/south_vc2_fifo/fifo_mem_reg[0][flit_data]_0_3_18_23/RAMC/CLK
                         clock pessimism             -0.250     1.750    
    SLICE_X34Y149        RAMD32 (Hold_ramd32_CLK_WADR1)
                                                      0.309     2.059    u_mesh/GEN_R[0].r/u_datapath/south_vc2_fifo/fifo_mem_reg[0][flit_data]_0_3_18_23/RAMC
  -------------------------------------------------------------------
                         required time                         -2.059    
                         arrival time                           2.103    
  -------------------------------------------------------------------
                         slack                                  0.044    

Slack (MET) :             0.044ns  (arrival time - required time)
  Source:                 u_mesh/GEN_R[0].r/u_datapath/south_vc2_fifo/wr_ptr_reg[1]/C
                            (rising edge-triggered cell FDRE clocked by clk  {rise@0.000ns fall@10.000ns period=20.000ns})
  Destination:            u_mesh/GEN_R[0].r/u_datapath/south_vc2_fifo/fifo_mem_reg[0][flit_data]_0_3_18_23/RAMC_D1/WADR1
                            (rising edge-triggered cell RAMD32 clocked by clk  {rise@0.000ns fall@10.000ns period=20.000ns})
  Path Group:             clk
  Path Type:              Hold (Min at Fast Process Corner)
  Requirement:            0.000ns  (clk rise@0.000ns - clk rise@0.000ns)
  Data Path Delay:        0.534ns  (logic 0.141ns (26.392%)  route 0.393ns (73.608%))
  Logic Levels:           0  
  Clock Path Skew:        0.181ns (DCD - SCD - CPR)
    Destination Clock Delay (DCD):    2.001ns
    Source Clock Delay      (SCD):    1.569ns
    Clock Pessimism Removal (CPR):    0.250ns

    Location             Delay type                Incr(ns)  Path(ns)    Netlist Resource(s)
  -------------------------------------------------------------------    -------------------
                         (clock clk rise edge)        0.000     0.000 r  
    E3                                                0.000     0.000 r  clk (IN)
                         net (fo=0)                   0.000     0.000    clk
    E3                   IBUF (Prop_ibuf_I_O)         0.250     0.250 r  clk_IBUF_inst/O
                         net (fo=1, routed)           0.644     0.894    clk_IBUF
    BUFGCTRL_X0Y16       BUFG (Prop_bufg_I_O)         0.026     0.920 r  clk_IBUF_BUFG_inst/O
                         net (fo=5388, routed)        0.649     1.569    u_mesh/GEN_R[0].r/u_datapath/south_vc2_fifo/clk_IBUF_BUFG
    SLICE_X29Y150        FDRE                                         r  u_mesh/GEN_R[0].r/u_datapath/south_vc2_fifo/wr_ptr_reg[1]/C
  -------------------------------------------------------------------    -------------------
    SLICE_X29Y150        FDRE (Prop_fdre_C_Q)         0.141     1.710 r  u_mesh/GEN_R[0].r/u_datapath/south_vc2_fifo/wr_ptr_reg[1]/Q
                         net (fo=59, routed)          0.393     2.103    u_mesh/GEN_R[0].r/u_datapath/south_vc2_fifo/fifo_mem_reg[0][flit_data]_0_3_18_23/ADDRD1
    SLICE_X34Y149        RAMD32                                       r  u_mesh/GEN_R[0].r/u_datapath/south_vc2_fifo/fifo_mem_reg[0][flit_data]_0_3_18_23/RAMC_D1/WADR1
  -------------------------------------------------------------------    -------------------

                         (clock clk rise edge)        0.000     0.000 r  
    E3                                                0.000     0.000 r  clk (IN)
                         net (fo=0)                   0.000     0.000    clk
    E3                   IBUF (Prop_ibuf_I_O)         0.438     0.438 r  clk_IBUF_inst/O
                         net (fo=1, routed)           0.699     1.136    clk_IBUF
    BUFGCTRL_X0Y16       BUFG (Prop_bufg_I_O)         0.029     1.165 r  clk_IBUF_BUFG_inst/O
                         net (fo=5388, routed)        0.836     2.001    u_mesh/GEN_R[0].r/u_datapath/south_vc2_fifo/fifo_mem_reg[0][flit_data]_0_3_18_23/WCLK
    SLICE_X34Y149        RAMD32                                       r  u_mesh/GEN_R[0].r/u_datapath/south_vc2_fifo/fifo_mem_reg[0][flit_data]_0_3_18_23/RAMC_D1/CLK
                         clock pessimism             -0.250     1.750    
    SLICE_X34Y149        RAMD32 (Hold_ramd32_CLK_WADR1)
                                                      0.309     2.059    u_mesh/GEN_R[0].r/u_datapath/south_vc2_fifo/fifo_mem_reg[0][flit_data]_0_3_18_23/RAMC_D1
  -------------------------------------------------------------------
                         required time                         -2.059    
                         arrival time                           2.103    
  -------------------------------------------------------------------
                         slack                                  0.044    

Slack (MET) :             0.044ns  (arrival time - required time)
  Source:                 u_mesh/GEN_R[0].r/u_datapath/south_vc2_fifo/wr_ptr_reg[1]/C
                            (rising edge-triggered cell FDRE clocked by clk  {rise@0.000ns fall@10.000ns period=20.000ns})
  Destination:            u_mesh/GEN_R[0].r/u_datapath/south_vc2_fifo/fifo_mem_reg[0][flit_data]_0_3_18_23/RAMD/ADR1
                            (rising edge-triggered cell RAMS32 clocked by clk  {rise@0.000ns fall@10.000ns period=20.000ns})
  Path Group:             clk
  Path Type:              Hold (Min at Fast Process Corner)
  Requirement:            0.000ns  (clk rise@0.000ns - clk rise@0.000ns)
  Data Path Delay:        0.534ns  (logic 0.141ns (26.392%)  route 0.393ns (73.608%))
  Logic Levels:           0  
  Clock Path Skew:        0.181ns (DCD - SCD - CPR)
    Destination Clock Delay (DCD):    2.001ns
    Source Clock Delay      (SCD):    1.569ns
    Clock Pessimism Removal (CPR):    0.250ns

    Location             Delay type                Incr(ns)  Path(ns)    Netlist Resource(s)
  -------------------------------------------------------------------    -------------------
                         (clock clk rise edge)        0.000     0.000 r  
    E3                                                0.000     0.000 r  clk (IN)
                         net (fo=0)                   0.000     0.000    clk
    E3                   IBUF (Prop_ibuf_I_O)         0.250     0.250 r  clk_IBUF_inst/O
                         net (fo=1, routed)           0.644     0.894    clk_IBUF
    BUFGCTRL_X0Y16       BUFG (Prop_bufg_I_O)         0.026     0.920 r  clk_IBUF_BUFG_inst/O
                         net (fo=5388, routed)        0.649     1.569    u_mesh/GEN_R[0].r/u_datapath/south_vc2_fifo/clk_IBUF_BUFG
    SLICE_X29Y150        FDRE                                         r  u_mesh/GEN_R[0].r/u_datapath/south_vc2_fifo/wr_ptr_reg[1]/C
  -------------------------------------------------------------------    -------------------
    SLICE_X29Y150        FDRE (Prop_fdre_C_Q)         0.141     1.710 r  u_mesh/GEN_R[0].r/u_datapath/south_vc2_fifo/wr_ptr_reg[1]/Q
                         net (fo=59, routed)          0.393     2.103    u_mesh/GEN_R[0].r/u_datapath/south_vc2_fifo/fifo_mem_reg[0][flit_data]_0_3_18_23/ADDRD1
    SLICE_X34Y149        RAMS32                                       r  u_mesh/GEN_R[0].r/u_datapath/south_vc2_fifo/fifo_mem_reg[0][flit_data]_0_3_18_23/RAMD/ADR1
  -------------------------------------------------------------------    -------------------

                         (clock clk rise edge)        0.000     0.000 r  
    E3                                                0.000     0.000 r  clk (IN)
                         net (fo=0)                   0.000     0.000    clk
    E3                   IBUF (Prop_ibuf_I_O)         0.438     0.438 r  clk_IBUF_inst/O
                         net (fo=1, routed)           0.699     1.136    clk_IBUF
    BUFGCTRL_X0Y16       BUFG (Prop_bufg_I_O)         0.029     1.165 r  clk_IBUF_BUFG_inst/O
                         net (fo=5388, routed)        0.836     2.001    u_mesh/GEN_R[0].r/u_datapath/south_vc2_fifo/fifo_mem_reg[0][flit_data]_0_3_18_23/WCLK
    SLICE_X34Y149        RAMS32                                       r  u_mesh/GEN_R[0].r/u_datapath/south_vc2_fifo/fifo_mem_reg[0][flit_data]_0_3_18_23/RAMD/CLK
                         clock pessimism             -0.250     1.750    
    SLICE_X34Y149        RAMS32 (Hold_rams32_CLK_ADR1)
                                                      0.309     2.059    u_mesh/GEN_R[0].r/u_datapath/south_vc2_fifo/fifo_mem_reg[0][flit_data]_0_3_18_23/RAMD
  -------------------------------------------------------------------
                         required time                         -2.059    
                         arrival time                           2.103    
  -------------------------------------------------------------------
                         slack                                  0.044    

Slack (MET) :             0.044ns  (arrival time - required time)
  Source:                 u_mesh/GEN_R[0].r/u_datapath/south_vc2_fifo/wr_ptr_reg[1]/C
                            (rising edge-triggered cell FDRE clocked by clk  {rise@0.000ns fall@10.000ns period=20.000ns})
  Destination:            u_mesh/GEN_R[0].r/u_datapath/south_vc2_fifo/fifo_mem_reg[0][flit_data]_0_3_18_23/RAMD_D1/ADR1
                            (rising edge-triggered cell RAMS32 clocked by clk  {rise@0.000ns fall@10.000ns period=20.000ns})
  Path Group:             clk
  Path Type:              Hold (Min at Fast Process Corner)
  Requirement:            0.000ns  (clk rise@0.000ns - clk rise@0.000ns)
  Data Path Delay:        0.534ns  (logic 0.141ns (26.392%)  route 0.393ns (73.608%))
  Logic Levels:           0  
  Clock Path Skew:        0.181ns (DCD - SCD - CPR)
    Destination Clock Delay (DCD):    2.001ns
    Source Clock Delay      (SCD):    1.569ns
    Clock Pessimism Removal (CPR):    0.250ns

    Location             Delay type                Incr(ns)  Path(ns)    Netlist Resource(s)
  -------------------------------------------------------------------    -------------------
                         (clock clk rise edge)        0.000     0.000 r  
    E3                                                0.000     0.000 r  clk (IN)
                         net (fo=0)                   0.000     0.000    clk
    E3                   IBUF (Prop_ibuf_I_O)         0.250     0.250 r  clk_IBUF_inst/O
                         net (fo=1, routed)           0.644     0.894    clk_IBUF
    BUFGCTRL_X0Y16       BUFG (Prop_bufg_I_O)         0.026     0.920 r  clk_IBUF_BUFG_inst/O
                         net (fo=5388, routed)        0.649     1.569    u_mesh/GEN_R[0].r/u_datapath/south_vc2_fifo/clk_IBUF_BUFG
    SLICE_X29Y150        FDRE                                         r  u_mesh/GEN_R[0].r/u_datapath/south_vc2_fifo/wr_ptr_reg[1]/C
  -------------------------------------------------------------------    -------------------
    SLICE_X29Y150        FDRE (Prop_fdre_C_Q)         0.141     1.710 r  u_mesh/GEN_R[0].r/u_datapath/south_vc2_fifo/wr_ptr_reg[1]/Q
                         net (fo=59, routed)          0.393     2.103    u_mesh/GEN_R[0].r/u_datapath/south_vc2_fifo/fifo_mem_reg[0][flit_data]_0_3_18_23/ADDRD1
    SLICE_X34Y149        RAMS32                                       r  u_mesh/GEN_R[0].r/u_datapath/south_vc2_fifo/fifo_mem_reg[0][flit_data]_0_3_18_23/RAMD_D1/ADR1
  -------------------------------------------------------------------    -------------------

                         (clock clk rise edge)        0.000     0.000 r  
    E3                                                0.000     0.000 r  clk (IN)
                         net (fo=0)                   0.000     0.000    clk
    E3                   IBUF (Prop_ibuf_I_O)         0.438     0.438 r  clk_IBUF_inst/O
                         net (fo=1, routed)           0.699     1.136    clk_IBUF
    BUFGCTRL_X0Y16       BUFG (Prop_bufg_I_O)         0.029     1.165 r  clk_IBUF_BUFG_inst/O
                         net (fo=5388, routed)        0.836     2.001    u_mesh/GEN_R[0].r/u_datapath/south_vc2_fifo/fifo_mem_reg[0][flit_data]_0_3_18_23/WCLK
    SLICE_X34Y149        RAMS32                                       r  u_mesh/GEN_R[0].r/u_datapath/south_vc2_fifo/fifo_mem_reg[0][flit_data]_0_3_18_23/RAMD_D1/CLK
                         clock pessimism             -0.250     1.750    
    SLICE_X34Y149        RAMS32 (Hold_rams32_CLK_ADR1)
                                                      0.309     2.059    u_mesh/GEN_R[0].r/u_datapath/south_vc2_fifo/fifo_mem_reg[0][flit_data]_0_3_18_23/RAMD_D1
  -------------------------------------------------------------------
                         required time                         -2.059    
                         arrival time                           2.103    
  -------------------------------------------------------------------
                         slack                                  0.044    





Pulse Width Checks
--------------------------------------------------------------------------------------
Clock Name:         clk
Waveform(ns):       { 0.000 10.000 }
Period(ns):         20.000
Sources:            { clk }

Check Type        Corner  Lib Pin     Reference Pin  Required(ns)  Actual(ns)  Slack(ns)  Location        Pin
Min Period        n/a     BUFG/I      n/a            2.155         20.000      17.845     BUFGCTRL_X0Y16  clk_IBUF_BUFG_inst/I
Min Period        n/a     FDSE/C      n/a            1.000         20.000      19.000     SLICE_X13Y137   GEN_SRC[0].lfsr_reg[0]/C
Min Period        n/a     FDSE/C      n/a            1.000         20.000      19.000     SLICE_X31Y138   GEN_SRC[0].lfsr_reg[10]/C
Min Period        n/a     FDSE/C      n/a            1.000         20.000      19.000     SLICE_X31Y138   GEN_SRC[0].lfsr_reg[11]/C
Min Period        n/a     FDSE/C      n/a            1.000         20.000      19.000     SLICE_X31Y139   GEN_SRC[0].lfsr_reg[12]/C
Min Period        n/a     FDRE/C      n/a            1.000         20.000      19.000     SLICE_X31Y139   GEN_SRC[0].lfsr_reg[13]/C
Min Period        n/a     FDRE/C      n/a            1.000         20.000      19.000     SLICE_X31Y139   GEN_SRC[0].lfsr_reg[14]/C
Min Period        n/a     FDRE/C      n/a            1.000         20.000      19.000     SLICE_X31Y139   GEN_SRC[0].lfsr_reg[15]/C
Min Period        n/a     FDSE/C      n/a            1.000         20.000      19.000     SLICE_X31Y137   GEN_SRC[0].lfsr_reg[16]/C
Min Period        n/a     FDSE/C      n/a            1.000         20.000      19.000     SLICE_X31Y134   GEN_SRC[0].lfsr_reg[17]/C
Low Pulse Width   Slow    RAMD32/CLK  n/a            1.250         10.000      8.750      SLICE_X38Y138   u_mesh/GEN_R[0].r/u_datapath/east_vc0_fifo/fifo_mem_reg[0][flit_data]_0_3_0_5/RAMA/CLK
Low Pulse Width   Fast    RAMD32/CLK  n/a            1.250         10.000      8.750      SLICE_X38Y138   u_mesh/GEN_R[0].r/u_datapath/east_vc0_fifo/fifo_mem_reg[0][flit_data]_0_3_0_5/RAMA/CLK
Low Pulse Width   Slow    RAMD32/CLK  n/a            1.250         10.000      8.750      SLICE_X38Y138   u_mesh/GEN_R[0].r/u_datapath/east_vc0_fifo/fifo_mem_reg[0][flit_data]_0_3_0_5/RAMA_D1/CLK
Low Pulse Width   Fast    RAMD32/CLK  n/a            1.250         10.000      8.750      SLICE_X38Y138   u_mesh/GEN_R[0].r/u_datapath/east_vc0_fifo/fifo_mem_reg[0][flit_data]_0_3_0_5/RAMA_D1/CLK
Low Pulse Width   Slow    RAMD32/CLK  n/a            1.250         10.000      8.750      SLICE_X38Y138   u_mesh/GEN_R[0].r/u_datapath/east_vc0_fifo/fifo_mem_reg[0][flit_data]_0_3_0_5/RAMB/CLK
Low Pulse Width   Fast    RAMD32/CLK  n/a            1.250         10.000      8.750      SLICE_X38Y138   u_mesh/GEN_R[0].r/u_datapath/east_vc0_fifo/fifo_mem_reg[0][flit_data]_0_3_0_5/RAMB/CLK
Low Pulse Width   Slow    RAMD32/CLK  n/a            1.250         10.000      8.750      SLICE_X38Y138   u_mesh/GEN_R[0].r/u_datapath/east_vc0_fifo/fifo_mem_reg[0][flit_data]_0_3_0_5/RAMB_D1/CLK
Low Pulse Width   Fast    RAMD32/CLK  n/a            1.250         10.000      8.750      SLICE_X38Y138   u_mesh/GEN_R[0].r/u_datapath/east_vc0_fifo/fifo_mem_reg[0][flit_data]_0_3_0_5/RAMB_D1/CLK
Low Pulse Width   Slow    RAMD32/CLK  n/a            1.250         10.000      8.750      SLICE_X38Y138   u_mesh/GEN_R[0].r/u_datapath/east_vc0_fifo/fifo_mem_reg[0][flit_data]_0_3_0_5/RAMC/CLK
Low Pulse Width   Fast    RAMD32/CLK  n/a            1.250         10.000      8.750      SLICE_X38Y138   u_mesh/GEN_R[0].r/u_datapath/east_vc0_fifo/fifo_mem_reg[0][flit_data]_0_3_0_5/RAMC/CLK
High Pulse Width  Slow    RAMD32/CLK  n/a            1.250         10.000      8.750      SLICE_X38Y138   u_mesh/GEN_R[0].r/u_datapath/east_vc0_fifo/fifo_mem_reg[0][flit_data]_0_3_0_5/RAMA/CLK
High Pulse Width  Fast    RAMD32/CLK  n/a            1.250         10.000      8.750      SLICE_X38Y138   u_mesh/GEN_R[0].r/u_datapath/east_vc0_fifo/fifo_mem_reg[0][flit_data]_0_3_0_5/RAMA/CLK
High Pulse Width  Slow    RAMD32/CLK  n/a            1.250         10.000      8.750      SLICE_X38Y138   u_mesh/GEN_R[0].r/u_datapath/east_vc0_fifo/fifo_mem_reg[0][flit_data]_0_3_0_5/RAMA_D1/CLK
High Pulse Width  Fast    RAMD32/CLK  n/a            1.250         10.000      8.750      SLICE_X38Y138   u_mesh/GEN_R[0].r/u_datapath/east_vc0_fifo/fifo_mem_reg[0][flit_data]_0_3_0_5/RAMA_D1/CLK
High Pulse Width  Slow    RAMD32/CLK  n/a            1.250         10.000      8.750      SLICE_X38Y138   u_mesh/GEN_R[0].r/u_datapath/east_vc0_fifo/fifo_mem_reg[0][flit_data]_0_3_0_5/RAMB/CLK
High Pulse Width  Fast    RAMD32/CLK  n/a            1.250         10.000      8.750      SLICE_X38Y138   u_mesh/GEN_R[0].r/u_datapath/east_vc0_fifo/fifo_mem_reg[0][flit_data]_0_3_0_5/RAMB/CLK
High Pulse Width  Slow    RAMD32/CLK  n/a            1.250         10.000      8.750      SLICE_X38Y138   u_mesh/GEN_R[0].r/u_datapath/east_vc0_fifo/fifo_mem_reg[0][flit_data]_0_3_0_5/RAMB_D1/CLK
High Pulse Width  Fast    RAMD32/CLK  n/a            1.250         10.000      8.750      SLICE_X38Y138   u_mesh/GEN_R[0].r/u_datapath/east_vc0_fifo/fifo_mem_reg[0][flit_data]_0_3_0_5/RAMB_D1/CLK
High Pulse Width  Slow    RAMD32/CLK  n/a            1.250         10.000      8.750      SLICE_X38Y138   u_mesh/GEN_R[0].r/u_datapath/east_vc0_fifo/fifo_mem_reg[0][flit_data]_0_3_0_5/RAMC/CLK
High Pulse Width  Fast    RAMD32/CLK  n/a            1.250         10.000      8.750      SLICE_X38Y138   u_mesh/GEN_R[0].r/u_datapath/east_vc0_fifo/fifo_mem_reg[0][flit_data]_0_3_0_5/RAMC/CLK



--------------------------------------------------------------------------------------
Path Group:  (none)
From Clock:  clk
  To Clock:  

Max Delay             1 Endpoint
Min Delay             1 Endpoint
--------------------------------------------------------------------------------------


Max Delay Paths
--------------------------------------------------------------------------------------
Slack:                    inf
  Source:                 fold_q_reg_lopt_replica/C
                            (rising edge-triggered cell FDRE clocked by clk  {rise@0.000ns fall@10.000ns period=20.000ns})
  Destination:            led
                            (output port)
  Path Group:             (none)
  Path Type:              Max at Slow Process Corner
  Data Path Delay:        7.227ns  (logic 3.986ns (55.151%)  route 3.241ns (44.849%))
  Logic Levels:           1  (OBUF=1)
  Clock Uncertainty:      0.025ns  ((TSJ^2 + TIJ^2)^1/2 + DJ) / 2 + PE
    Total System Jitter     (TSJ):    0.050ns
    Total Input Jitter      (TIJ):    0.000ns
    Discrete Jitter          (DJ):    0.000ns
    Phase Error              (PE):    0.000ns
  Timing Exception:       False Path

    Location             Delay type                Incr(ns)  Path(ns)    Netlist Resource(s)
  -------------------------------------------------------------------    -------------------
                         (clock clk rise edge)        0.000     0.000 r  
    E3                                                0.000     0.000 r  clk (IN)
                         net (fo=0)                   0.000     0.000    clk
    E3                   IBUF (Prop_ibuf_I_O)         1.482     1.482 r  clk_IBUF_inst/O
                         net (fo=1, routed)           2.025     3.506    clk_IBUF
    BUFGCTRL_X0Y16       BUFG (Prop_bufg_I_O)         0.096     3.602 r  clk_IBUF_BUFG_inst/O
                         net (fo=5388, routed)        1.603     5.205    clk_IBUF_BUFG
    SLICE_X67Y128        FDRE                                         r  fold_q_reg_lopt_replica/C
  -------------------------------------------------------------------    -------------------
    SLICE_X67Y128        FDRE (Prop_fdre_C_Q)         0.456     5.661 r  fold_q_reg_lopt_replica/Q
                         net (fo=1, routed)           3.241     8.902    fold_q_reg_lopt_replica_1
    H5                   OBUF (Prop_obuf_I_O)         3.530    12.432 r  led_OBUF_inst/O
                         net (fo=0)                   0.000    12.432    led
    H5                                                                r  led (OUT)
  -------------------------------------------------------------------    -------------------





Min Delay Paths
--------------------------------------------------------------------------------------
Slack:                    inf
  Source:                 fold_q_reg_lopt_replica/C
                            (rising edge-triggered cell FDRE clocked by clk  {rise@0.000ns fall@10.000ns period=20.000ns})
  Destination:            led
                            (output port)
  Path Group:             (none)
  Path Type:              Min at Fast Process Corner
  Data Path Delay:        2.484ns  (logic 1.372ns (55.222%)  route 1.112ns (44.778%))
  Logic Levels:           1  (OBUF=1)
  Clock Uncertainty:      0.025ns  ((TSJ^2 + TIJ^2)^1/2 + DJ) / 2 + PE
    Total System Jitter     (TSJ):    0.050ns
    Total Input Jitter      (TIJ):    0.000ns
    Discrete Jitter          (DJ):    0.000ns
    Phase Error              (PE):    0.000ns
  Timing Exception:       False Path

    Location             Delay type                Incr(ns)  Path(ns)    Netlist Resource(s)
  -------------------------------------------------------------------    -------------------
                         (clock clk rise edge)        0.000     0.000 r  
    E3                                                0.000     0.000 r  clk (IN)
                         net (fo=0)                   0.000     0.000    clk
    E3                   IBUF (Prop_ibuf_I_O)         0.250     0.250 r  clk_IBUF_inst/O
                         net (fo=1, routed)           0.644     0.894    clk_IBUF
    BUFGCTRL_X0Y16       BUFG (Prop_bufg_I_O)         0.026     0.920 r  clk_IBUF_BUFG_inst/O
                         net (fo=5388, routed)        0.552     1.471    clk_IBUF_BUFG
    SLICE_X67Y128        FDRE                                         r  fold_q_reg_lopt_replica/C
  -------------------------------------------------------------------    -------------------
    SLICE_X67Y128        FDRE (Prop_fdre_C_Q)         0.141     1.612 r  fold_q_reg_lopt_replica/Q
                         net (fo=1, routed)           1.112     2.725    fold_q_reg_lopt_replica_1
    H5                   OBUF (Prop_obuf_I_O)         1.231     3.955 r  led_OBUF_inst/O
                         net (fo=0)                   0.000     3.955    led
    H5                                                                r  led (OUT)
  -------------------------------------------------------------------    -------------------





--------------------------------------------------------------------------------------
Path Group:  (none)
From Clock:  
  To Clock:  clk

Max Delay             1 Endpoint
Min Delay             1 Endpoint
--------------------------------------------------------------------------------------


Max Delay Paths
--------------------------------------------------------------------------------------
Slack:                    inf
  Source:                 rst
                            (input port)
  Destination:            rst_sync_reg[0]/D
                            (rising edge-triggered cell FDRE clocked by clk  {rise@0.000ns fall@10.000ns period=20.000ns})
  Path Group:             (none)
  Path Type:              Setup (Max at Slow Process Corner)
  Data Path Delay:        5.032ns  (logic 1.487ns (29.559%)  route 3.544ns (70.441%))
  Logic Levels:           1  (IBUF=1)
  Clock Path Skew:        4.925ns (DCD - SCD + CPR)
    Destination Clock Delay (DCD):    4.925ns
    Source Clock Delay      (SCD):    0.000ns
    Clock Pessimism Removal (CPR):    0.000ns
  Clock Uncertainty:      0.025ns  ((TSJ^2 + TIJ^2)^1/2 + DJ) / 2 + PE
    Total System Jitter     (TSJ):    0.050ns
    Total Input Jitter      (TIJ):    0.000ns
    Discrete Jitter          (DJ):    0.000ns
    Phase Error              (PE):    0.000ns
  Timing Exception:       False Path

    Location             Delay type                Incr(ns)  Path(ns)    Netlist Resource(s)
  -------------------------------------------------------------------    -------------------
    D9                                                0.000     0.000 r  rst (IN)
                         net (fo=0)                   0.000     0.000    rst
    D9                   IBUF (Prop_ibuf_I_O)         1.487     1.487 r  rst_IBUF_inst/O
                         net (fo=1, routed)           3.544     5.032    rst_IBUF
    SLICE_X8Y114         FDRE                                         r  rst_sync_reg[0]/D
  -------------------------------------------------------------------    -------------------

                         (clock clk rise edge)        0.000     0.000 r  
    E3                                                0.000     0.000 r  clk (IN)
                         net (fo=0)                   0.000     0.000    clk
    E3                   IBUF (Prop_ibuf_I_O)         1.411     1.411 r  clk_IBUF_inst/O
                         net (fo=1, routed)           1.920     3.331    clk_IBUF
    BUFGCTRL_X0Y16       BUFG (Prop_bufg_I_O)         0.091     3.422 r  clk_IBUF_BUFG_inst/O
                         net (fo=5388, routed)        1.503     4.925    clk_IBUF_BUFG
    SLICE_X8Y114         FDRE                                         r  rst_sync_reg[0]/C





Min Delay Paths
--------------------------------------------------------------------------------------
Slack:                    inf
  Source:                 rst
                            (input port)
  Destination:            rst_sync_reg[0]/D
                            (rising edge-triggered cell FDRE clocked by clk  {rise@0.000ns fall@10.000ns period=20.000ns})
  Path Group:             (none)
  Path Type:              Hold (Min at Fast Process Corner)
  Data Path Delay:        1.792ns  (logic 0.255ns (14.241%)  route 1.536ns (85.759%))
  Logic Levels:           1  (IBUF=1)
  Clock Path Skew:        2.000ns (DCD - SCD - CPR)
    Destination Clock Delay (DCD):    2.000ns
    Source Clock Delay      (SCD):    0.000ns
    Clock Pessimism Removal (CPR):    -0.000ns
  Timing Exception:       False Path

    Location             Delay type                Incr(ns)  Path(ns)    Netlist Resource(s)
  -------------------------------------------------------------------    -------------------
    D9                                                0.000     0.000 r  rst (IN)
                         net (fo=0)                   0.000     0.000    rst
    D9                   IBUF (Prop_ibuf_I_O)         0.255     0.255 r  rst_IBUF_inst/O
                         net (fo=1, routed)           1.536     1.792    rst_IBUF
    SLICE_X8Y114         FDRE                                         r  rst_sync_reg[0]/D
  -------------------------------------------------------------------    -------------------

                         (clock clk rise edge)        0.000     0.000 r  
    E3                                                0.000     0.000 r  clk (IN)
                         net (fo=0)                   0.000     0.000    clk
    E3                   IBUF (Prop_ibuf_I_O)         0.438     0.438 r  clk_IBUF_inst/O
                         net (fo=1, routed)           0.699     1.136    clk_IBUF
    BUFGCTRL_X0Y16       BUFG (Prop_bufg_I_O)         0.029     1.165 r  clk_IBUF_BUFG_inst/O
                         net (fo=5388, routed)        0.835     2.000    clk_IBUF_BUFG
    SLICE_X8Y114         FDRE                                         r  rst_sync_reg[0]/C





