Copyright 1986-2022 Xilinx, Inc. All Rights Reserved. Copyright 2022-2024 Advanced Micro Devices, Inc. All Rights Reserved.
---------------------------------------------------------------------------------------------------------------------------------------------
| Tool Version : Vivado v.2024.1 (win64) Build 5076996 Wed May 22 18:37:14 MDT 2024
| Date         : Fri Sep 25 01:35:14 2026
| Host         : LAPTOP-N9F2OTPF running 64-bit major release  (build 9200)
| Command      : report_timing_summary -max_paths 10 -report_unconstrained -check_timing_verbose -return_string
| Design       : noc_mesh_synth_top
| Device       : 7a100t-csg324
| Speed File   : -1  PRODUCTION 1.23 2018-06-13
| Design State : Physopt postRoute
---------------------------------------------------------------------------------------------------------------------------------------------

Timing Summary Report

------------------------------------------------------------------------------------------------
| Timer Settings
| --------------
------------------------------------------------------------------------------------------------

  Enable Multi Corner Analysis               :  Yes
  Enable Pessimism Removal                   :  Yes
  Pessimism Removal Resolution               :  Nearest Common Node
  Enable Input Delay Default Clock           :  No
  Enable Preset / Clear Arcs                 :  No
  Disable Flight Delays                      :  No
  Ignore I/O Paths                           :  No
  Timing Early Launch at Borrowing Latches   :  No
  Borrow Time for Max Delay Exceptions       :  Yes
  Merge Timing Exceptions                    :  Yes
  Inter-SLR Compensation                     :  Conservative

  Corner  Analyze    Analyze    
  Name    Max Paths  Min Paths  
  ------  ---------  ---------  
  Slow    Yes        Yes        
  Fast    Yes        Yes        


------------------------------------------------------------------------------------------------
| Report Methodology
| ------------------
------------------------------------------------------------------------------------------------

No report available as report_methodology has not been run prior. Run report_methodology on the current design for the summary of methodology violations.



check_timing report

Table of Contents
-----------------
1. checking no_clock (0)
2. checking constant_clock (0)
3. checking pulse_width_clock (0)
4. checking unconstrained_internal_endpoints (0)
5. checking no_input_delay (1)
6. checking no_output_delay (1)
7. checking multiple_clock (0)
8. checking generated_clocks (0)
9. checking loops (0)
10. checking partial_input_delay (0)
11. checking partial_output_delay (0)
12. checking latch_loops (0)

1. checking no_clock (0)
------------------------
 There are 0 register/latch pins with no clock.


2. checking constant_clock (0)
------------------------------
 There are 0 register/latch pins with constant_clock.


3. checking pulse_width_clock (0)
---------------------------------
 There are 0 register/latch pins which need pulse_width check


4. checking unconstrained_internal_endpoints (0)
------------------------------------------------
 There are 0 pins that are not constrained for maximum delay.

 There are 0 pins that are not constrained for maximum delay due to constant clock.


5. checking no_input_delay (1)
------------------------------
 There are 0 input ports with no input delay specified.

 There is 1 input port with no input delay but user has a false path constraint. (MEDIUM)

rst


6. checking no_output_delay (1)
-------------------------------
 There are 0 ports with no output delay specified.

 There is 1 port with no output delay but user has a false path constraint (MEDIUM)

led

 There are 0 ports with no output delay but with a timing clock defined on it or propagating through it


7. checking multiple_clock (0)
------------------------------
 There are 0 register/latch pins with multiple clocks.


8. checking generated_clocks (0)
--------------------------------
 There are 0 generated clocks that are not connected to a clock source.


9. checking loops (0)
---------------------
 There are 0 combinational loops in the design.


10. checking partial_input_delay (0)
------------------------------------
 There are 0 input ports with partial input delay specified.


11. checking partial_output_delay (0)
-------------------------------------
 There are 0 ports with partial output delay specified.


12. checking latch_loops (0)
----------------------------
 There are 0 combinational latch loops in the design through latch input



------------------------------------------------------------------------------------------------
| Design Timing Summary
| ---------------------
------------------------------------------------------------------------------------------------

    WNS(ns)      TNS(ns)  TNS Failing Endpoints  TNS Total Endpoints      WHS(ns)      THS(ns)  THS Failing Endpoints  THS Total Endpoints     WPWS(ns)     TPWS(ns)  TPWS Failing Endpoints  TPWS Total Endpoints  
    -------      -------  ---------------------  -------------------      -------      -------  ---------------------  -------------------     --------     --------  ----------------------  --------------------  
      0.202        0.000                      0                18237        0.047        0.000                      0                18237        8.750        0.000                       0                  5611  


All user specified timing constraints are met.


------------------------------------------------------------------------------------------------
| Clock Summary
| -------------
------------------------------------------------------------------------------------------------

Clock  Waveform(ns)       Period(ns)      Frequency(MHz)
-----  ------------       ----------      --------------
clk    {0.000 10.000}     20.000          50.000          


------------------------------------------------------------------------------------------------
| Intra Clock Table
| -----------------
------------------------------------------------------------------------------------------------

Clock             WNS(ns)      TNS(ns)  TNS Failing Endpoints  TNS Total Endpoints      WHS(ns)      THS(ns)  THS Failing Endpoints  THS Total Endpoints     WPWS(ns)     TPWS(ns)  TPWS Failing Endpoints  TPWS Total Endpoints  
-----             -------      -------  ---------------------  -------------------      -------      -------  ---------------------  -------------------     --------     --------  ----------------------  --------------------  
clk                 0.202        0.000                      0                18237        0.047        0.000                      0                18237        8.750        0.000                       0                  5611  


------------------------------------------------------------------------------------------------
| Inter Clock Table
| -----------------
------------------------------------------------------------------------------------------------

From Clock    To Clock          WNS(ns)      TNS(ns)  TNS Failing Endpoints  TNS Total Endpoints      WHS(ns)      THS(ns)  THS Failing Endpoints  THS Total Endpoints  
----------    --------          -------      -------  ---------------------  -------------------      -------      -------  ---------------------  -------------------  


------------------------------------------------------------------------------------------------
| Other Path Groups Table
| -----------------------
------------------------------------------------------------------------------------------------

Path Group    From Clock    To Clock          WNS(ns)      TNS(ns)  TNS Failing Endpoints  TNS Total Endpoints      WHS(ns)      THS(ns)  THS Failing Endpoints  THS Total Endpoints  
----------    ----------    --------          -------      -------  ---------------------  -------------------      -------      -------  ---------------------  -------------------  


------------------------------------------------------------------------------------------------
| User Ignored Path Table
| -----------------------
------------------------------------------------------------------------------------------------

Path Group    From Clock    To Clock    
----------    ----------    --------    
(none)        clk                         
(none)                      clk           


------------------------------------------------------------------------------------------------
| Unconstrained Path Table
| ------------------------
------------------------------------------------------------------------------------------------

Path Group    From Clock    To Clock    
----------    ----------    --------    


------------------------------------------------------------------------------------------------
| Timing Details
| --------------
------------------------------------------------------------------------------------------------


---------------------------------------------------------------------------------------------------
From Clock:  clk
  To Clock:  clk

Setup :            0  Failing Endpoints,  Worst Slack        0.202ns,  Total Violation        0.000ns
Hold  :            0  Failing Endpoints,  Worst Slack        0.047ns,  Total Violation        0.000ns
PW    :            0  Failing Endpoints,  Worst Slack        8.750ns,  Total Violation        0.000ns
---------------------------------------------------------------------------------------------------


Max Delay Paths
--------------------------------------------------------------------------------------
Slack (MET) :             0.202ns  (required time - arrival time)
  Source:                 u_mesh/GEN_R[0].r/u_datapath/south_vc1_fifo/rd_ptr_reg[0]/C
                            (rising edge-triggered cell FDRE clocked by clk  {rise@0.000ns fall@10.000ns period=20.000ns})
  Destination:            u_mesh/GEN_R[0].r/G_EJECT_REG.eject_flit_q_reg[flit_data][12]/D
                            (rising edge-triggered cell FDRE clocked by clk  {rise@0.000ns fall@10.000ns period=20.000ns})
  Path Group:             clk
  Path Type:              Setup (Max at Slow Process Corner)
  Requirement:            20.000ns  (clk rise@20.000ns - clk rise@0.000ns)
  Data Path Delay:        19.761ns  (logic 3.847ns (19.467%)  route 15.914ns (80.533%))
  Logic Levels:           19  (LUT3=1 LUT4=2 LUT5=6 LUT6=9 RAMD32=1)
  Clock Path Skew:        -0.033ns (DCD - SCD + CPR)
    Destination Clock Delay (DCD):    5.096ns = ( 25.096 - 20.000 ) 
    Source Clock Delay      (SCD):    5.414ns
    Clock Pessimism Removal (CPR):    0.284ns
  Clock Uncertainty:      0.035ns  ((TSJ^2 + TIJ^2)^1/2 + DJ) / 2 + PE
    Total System Jitter     (TSJ):    0.071ns
    Total Input Jitter      (TIJ):    0.000ns
    Discrete Jitter          (DJ):    0.000ns
    Phase Error              (PE):    0.000ns

    Location             Delay type                Incr(ns)  Path(ns)    Netlist Resource(s)
  -------------------------------------------------------------------    -------------------
                         (clock clk rise edge)        0.000     0.000 r  
    E3                                                0.000     0.000 r  clk (IN)
                         net (fo=0)                   0.000     0.000    clk
    E3                   IBUF (Prop_ibuf_I_O)         1.482     1.482 r  clk_IBUF_inst/O
                         net (fo=1, routed)           2.025     3.506    clk_IBUF
    BUFGCTRL_X0Y16       BUFG (Prop_bufg_I_O)         0.096     3.602 r  clk_IBUF_BUFG_inst/O
                         net (fo=5610, routed)        1.811     5.414    u_mesh/GEN_R[0].r/u_datapath/south_vc1_fifo/clk_IBUF_BUFG
    SLICE_X15Y188        FDRE                                         r  u_mesh/GEN_R[0].r/u_datapath/south_vc1_fifo/rd_ptr_reg[0]/C
  -------------------------------------------------------------------    -------------------
    SLICE_X15Y188        FDRE (Prop_fdre_C_Q)         0.419     5.833 r  u_mesh/GEN_R[0].r/u_datapath/south_vc1_fifo/rd_ptr_reg[0]/Q
                         net (fo=38, routed)          1.441     7.274    u_mesh/GEN_R[0].r/u_datapath/south_vc1_fifo/fifo_mem_reg[0][flit_data]_0_3_24_29/ADDRC0
    SLICE_X14Y187        RAMD32 (Prop_ramd32_RADR0_O)
                                                      0.325     7.599 f  u_mesh/GEN_R[0].r/u_datapath/south_vc1_fifo/fifo_mem_reg[0][flit_data]_0_3_24_29/RAMC/O
                         net (fo=9, routed)           1.163     8.762    u_mesh/GEN_R[0].r/u_datapath/south_vc1_fifo/fifo_mem[28]
    SLICE_X21Y188        LUT6 (Prop_lut6_I0_O)        0.331     9.093 f  u_mesh/GEN_R[0].r/u_datapath/south_vc1_fifo/rr_ptr[1]_i_48/O
                         net (fo=2, routed)           0.693     9.786    u_mesh/GEN_R[0].r/u_datapath/south_vc1_fifo/rr_ptr[1]_i_48_n_0
    SLICE_X21Y188        LUT6 (Prop_lut6_I2_O)        0.124     9.910 r  u_mesh/GEN_R[0].r/u_datapath/south_vc1_fifo/rr_ptr[1]_i_43/O
                         net (fo=1, routed)           0.657    10.568    u_mesh/GEN_R[0].r/u_datapath/south_vc1_fifo/rr_ptr[1]_i_43_n_0
    SLICE_X19Y188        LUT5 (Prop_lut5_I1_O)        0.124    10.692 f  u_mesh/GEN_R[0].r/u_datapath/south_vc1_fifo/rr_ptr[1]_i_33__0/O
                         net (fo=4, routed)           0.444    11.135    u_mesh/GEN_R[0].r/u_datapath/south_vc1_fifo/rr_ptr[1]_i_33__0_n_0
    SLICE_X17Y189        LUT6 (Prop_lut6_I0_O)        0.124    11.259 f  u_mesh/GEN_R[0].r/u_datapath/south_vc1_fifo/rr_ptr[1]_i_16/O
                         net (fo=2, routed)           0.826    12.085    u_mesh/GEN_R[0].r/u_datapath/south_vc1_fifo/output_locked_reg[2]
    SLICE_X17Y190        LUT5 (Prop_lut5_I2_O)        0.124    12.209 f  u_mesh/GEN_R[0].r/u_datapath/south_vc1_fifo/rr_ptr[1]_i_6__5/O
                         net (fo=5, routed)           0.804    13.013    u_mesh/GEN_R[0].r/u_datapath/south_vc2_fifo/in_req[1]_53[1]
    SLICE_X16Y193        LUT5 (Prop_lut5_I3_O)        0.153    13.166 f  u_mesh/GEN_R[0].r/u_datapath/south_vc2_fifo/rr_ptr[1]_i_8/O
                         net (fo=1, routed)           0.640    13.806    u_mesh/GEN_R[0].r/u_datapath/south_vc2_fifo/rr_ptr[1]_i_8_n_0
    SLICE_X16Y193        LUT3 (Prop_lut3_I1_O)        0.327    14.133 f  u_mesh/GEN_R[0].r/u_datapath/south_vc2_fifo/rr_ptr[1]_i_4/O
                         net (fo=10, routed)          0.975    15.108    u_mesh/GEN_R[0].r/u_datapath/south_vc2_fifo/u_allocator/in_valid[1]_34
    SLICE_X13Y193        LUT5 (Prop_lut5_I1_O)        0.124    15.232 f  u_mesh/GEN_R[0].r/u_datapath/south_vc2_fifo/rr_ptr[2]_i_17/O
                         net (fo=4, routed)           0.855    16.087    u_mesh/GEN_R[0].r/u_datapath/south_vc2_fifo/u_allocator/cand_out[0]
    SLICE_X13Y193        LUT4 (Prop_lut4_I0_O)        0.124    16.211 r  u_mesh/GEN_R[0].r/u_datapath/south_vc2_fifo/rr_ptr[2]_i_7__1/O
                         net (fo=24, routed)          0.662    16.874    u_mesh/GEN_R[0].r/u_allocator/GEN_ARB[2].u_arbiter/rr_ptr_reg[2]_3
    SLICE_X13Y191        LUT5 (Prop_lut5_I3_O)        0.118    16.992 r  u_mesh/GEN_R[0].r/u_allocator/GEN_ARB[2].u_arbiter/i___12_i_16/O
                         net (fo=1, routed)           0.984    17.976    u_mesh/GEN_R[0].r/u_allocator/GEN_ARB[2].u_arbiter/i___12_i_16_n_0
    SLICE_X13Y191        LUT6 (Prop_lut6_I0_O)        0.326    18.302 r  u_mesh/GEN_R[0].r/u_allocator/GEN_ARB[2].u_arbiter/i___12_i_7/O
                         net (fo=5, routed)           0.446    18.748    u_mesh/GEN_R[0].r/u_allocator/GEN_ARB[2].u_arbiter/out_winner[2]_42[0]
    SLICE_X15Y190        LUT6 (Prop_lut6_I4_O)        0.124    18.872 r  u_mesh/GEN_R[0].r/u_allocator/GEN_ARB[2].u_arbiter/i___12_i_9/O
                         net (fo=2, routed)           0.584    19.456    u_mesh/GEN_R[0].r/u_datapath/east_vc2_fifo/i___12
    SLICE_X15Y189        LUT4 (Prop_lut4_I1_O)        0.124    19.580 r  u_mesh/GEN_R[0].r/u_datapath/east_vc2_fifo/i___12_i_4/O
                         net (fo=25, routed)          1.021    20.601    u_mesh/GEN_R[0].r/u_datapath/east_vc2_fifo/rr_ptr_reg[0]_3
    SLICE_X13Y186        LUT5 (Prop_lut5_I4_O)        0.152    20.753 f  u_mesh/GEN_R[0].r/u_datapath/east_vc2_fifo/i___1_i_36__0/O
                         net (fo=1, routed)           0.942    21.695    u_mesh/GEN_R[0].r/u_datapath_n_80
    SLICE_X13Y188        LUT6 (Prop_lut6_I2_O)        0.332    22.027 f  u_mesh/GEN_R[0].r/i___1_i_16/O
                         net (fo=3, routed)           0.733    22.760    u_mesh/GEN_R[0].r/u_datapath/east_vc2_fifo/sel_local_vc0
    SLICE_X16Y187        LUT6 (Prop_lut6_I5_O)        0.124    22.884 r  u_mesh/GEN_R[0].r/u_datapath/east_vc2_fifo/i___1_i_7/O
                         net (fo=37, routed)          1.193    24.076    u_mesh/GEN_R[0].r/u_datapath/local_vc0_fifo/GEN_R[0].G_LINK_REG.q_s_reg[flit_data][0]_0
    SLICE_X16Y184        LUT6 (Prop_lut6_I5_O)        0.124    24.200 r  u_mesh/GEN_R[0].r/u_datapath/local_vc0_fifo/G_EJECT_REG.eject_flit_q[flit_data][12]_i_4/O
                         net (fo=3, routed)           0.851    25.051    u_mesh/GEN_R[0].r/crossbar_in_local[flit_data][12]
    SLICE_X13Y180        LUT6 (Prop_lut6_I4_O)        0.124    25.175 r  u_mesh/GEN_R[0].r/G_EJECT_REG.eject_flit_q[flit_data][12]_i_1/O
                         net (fo=1, routed)           0.000    25.175    u_mesh/GEN_R[0].r/xb_out_local[flit_data][12]
    SLICE_X13Y180        FDRE                                         r  u_mesh/GEN_R[0].r/G_EJECT_REG.eject_flit_q_reg[flit_data][12]/D
  -------------------------------------------------------------------    -------------------

                         (clock clk rise edge)       20.000    20.000 r  
    E3                                                0.000    20.000 r  clk (IN)
                         net (fo=0)                   0.000    20.000    clk
    E3                   IBUF (Prop_ibuf_I_O)         1.411    21.411 r  clk_IBUF_inst/O
                         net (fo=1, routed)           1.920    23.331    clk_IBUF
    BUFGCTRL_X0Y16       BUFG (Prop_bufg_I_O)         0.091    23.422 r  clk_IBUF_BUFG_inst/O
                         net (fo=5610, routed)        1.674    25.096    u_mesh/GEN_R[0].r/clk_IBUF_BUFG
    SLICE_X13Y180        FDRE                                         r  u_mesh/GEN_R[0].r/G_EJECT_REG.eject_flit_q_reg[flit_data][12]/C
                         clock pessimism              0.284    25.381    
                         clock uncertainty           -0.035    25.345    
    SLICE_X13Y180        FDRE (Setup_fdre_C_D)        0.032    25.377    u_mesh/GEN_R[0].r/G_EJECT_REG.eject_flit_q_reg[flit_data][12]
  -------------------------------------------------------------------
                         required time                         25.377    
                         arrival time                         -25.175    
  -------------------------------------------------------------------
                         slack                                  0.202    

Slack (MET) :             0.203ns  (required time - arrival time)
  Source:                 u_mesh/GEN_R[1].r/u_datapath/south_vc2_fifo/rd_ptr_reg[0]/C
                            (rising edge-triggered cell FDRE clocked by clk  {rise@0.000ns fall@10.000ns period=20.000ns})
  Destination:            u_mesh/GEN_R[1].G_LINK_REG.q_w_reg[flit_data][4]/D
                            (rising edge-triggered cell FDRE clocked by clk  {rise@0.000ns fall@10.000ns period=20.000ns})
  Path Group:             clk
  Path Type:              Setup (Max at Slow Process Corner)
  Requirement:            20.000ns  (clk rise@20.000ns - clk rise@0.000ns)
  Data Path Delay:        19.750ns  (logic 3.186ns (16.132%)  route 16.564ns (83.868%))
  Logic Levels:           19  (LUT3=1 LUT4=3 LUT5=7 LUT6=7 RAMD32=1)
  Clock Path Skew:        -0.041ns (DCD - SCD + CPR)
    Destination Clock Delay (DCD):    5.093ns = ( 25.093 - 20.000 ) 
    Source Clock Delay      (SCD):    5.403ns
    Clock Pessimism Removal (CPR):    0.268ns
  Clock Uncertainty:      0.035ns  ((TSJ^2 + TIJ^2)^1/2 + DJ) / 2 + PE
    Total System Jitter     (TSJ):    0.071ns
    Total Input Jitter      (TIJ):    0.000ns
    Discrete Jitter          (DJ):    0.000ns
    Phase Error              (PE):    0.000ns

    Location             Delay type                Incr(ns)  Path(ns)    Netlist Resource(s)
  -------------------------------------------------------------------    -------------------
                         (clock clk rise edge)        0.000     0.000 r  
    E3                                                0.000     0.000 r  clk (IN)
                         net (fo=0)                   0.000     0.000    clk
    E3                   IBUF (Prop_ibuf_I_O)         1.482     1.482 r  clk_IBUF_inst/O
                         net (fo=1, routed)           2.025     3.506    clk_IBUF
    BUFGCTRL_X0Y16       BUFG (Prop_bufg_I_O)         0.096     3.602 r  clk_IBUF_BUFG_inst/O
                         net (fo=5610, routed)        1.800     5.403    u_mesh/GEN_R[1].r/u_datapath/south_vc2_fifo/clk_IBUF_BUFG
    SLICE_X11Y171        FDRE                                         r  u_mesh/GEN_R[1].r/u_datapath/south_vc2_fifo/rd_ptr_reg[0]/C
  -------------------------------------------------------------------    -------------------
    SLICE_X11Y171        FDRE (Prop_fdre_C_Q)         0.419     5.822 r  u_mesh/GEN_R[1].r/u_datapath/south_vc2_fifo/rd_ptr_reg[0]/Q
                         net (fo=38, routed)          1.331     7.152    u_mesh/GEN_R[1].r/u_datapath/south_vc2_fifo/fifo_mem_reg[0][flit_data]_0_3_24_29/ADDRC0
    SLICE_X14Y170        RAMD32 (Prop_ramd32_RADR0_O)
                                                      0.328     7.480 f  u_mesh/GEN_R[1].r/u_datapath/south_vc2_fifo/fifo_mem_reg[0][flit_data]_0_3_24_29/RAMC/O
                         net (fo=4, routed)           0.894     8.374    u_mesh/GEN_R[1].r/u_datapath/south_vc2_fifo/GEN_R[4].G_LINK_REG.q_n_reg[flit_data][25][28]
    SLICE_X15Y170        LUT5 (Prop_lut5_I0_O)        0.331     8.705 r  u_mesh/GEN_R[1].r/u_datapath/south_vc2_fifo/i___28__0_i_1/O
                         net (fo=3, routed)           0.548     9.253    u_mesh/GEN_R[1].r/u_datapath_n_545
    SLICE_X13Y171        LUT5 (Prop_lut5_I0_O)        0.124     9.377 r  u_mesh/GEN_R[1].r/i___28__0/O
                         net (fo=2, routed)           0.497     9.874    u_mesh/GEN_R[1].r/i___28__0_n_0
    SLICE_X13Y170        LUT6 (Prop_lut6_I5_O)        0.124     9.998 f  u_mesh/GEN_R[1].r/i___27/O
                         net (fo=5, routed)           0.845    10.843    u_mesh/GEN_R[1].r/u_datapath/south_vc2_fifo/i___29_i_15_1
    SLICE_X13Y169        LUT6 (Prop_lut6_I4_O)        0.124    10.967 r  u_mesh/GEN_R[1].r/u_datapath/south_vc2_fifo/i___29_i_58/O
                         net (fo=2, routed)           0.799    11.766    u_mesh/GEN_R[1].r/u_datapath/south_vc2_fifo/i___29_i_58_n_0
    SLICE_X15Y169        LUT5 (Prop_lut5_I1_O)        0.124    11.890 r  u_mesh/GEN_R[1].r/u_datapath/south_vc2_fifo/rr_ptr[1]_i_5__10/O
                         net (fo=5, routed)           0.801    12.691    u_mesh/GEN_R[1].r/u_datapath/south_vc2_fifo/output_locked_reg[4][0]
    SLICE_X16Y168        LUT5 (Prop_lut5_I0_O)        0.124    12.815 r  u_mesh/GEN_R[1].r/u_datapath/south_vc2_fifo/i___5_i_4/O
                         net (fo=7, routed)           0.853    13.668    u_mesh/GEN_R[1].r/u_datapath/south_vc2_fifo/u_allocator/in_winner[1]_86[1]
    SLICE_X15Y168        LUT6 (Prop_lut6_I3_O)        0.124    13.792 r  u_mesh/GEN_R[1].r/u_datapath/south_vc2_fifo/i___29_i_16/O
                         net (fo=4, routed)           1.012    14.804    u_mesh/GEN_R[1].r/u_datapath/south_vc2_fifo/i___29_i_16_n_0
    SLICE_X11Y167        LUT5 (Prop_lut5_I2_O)        0.124    14.928 r  u_mesh/GEN_R[1].r/u_datapath/south_vc2_fifo/rr_ptr[2]_i_13__1/O
                         net (fo=4, routed)           0.902    15.830    u_mesh/GEN_R[1].r/u_datapath/south_vc2_fifo/u_allocator/cand_out[0]
    SLICE_X7Y167         LUT4 (Prop_lut4_I2_O)        0.124    15.954 r  u_mesh/GEN_R[1].r/u_datapath/south_vc2_fifo/rr_ptr[2]_i_8__1/O
                         net (fo=24, routed)          0.951    16.905    u_mesh/GEN_R[1].r/u_datapath/south_vc2_fifo/rr_ptr[2]_i_15__0_1
    SLICE_X7Y167         LUT4 (Prop_lut4_I0_O)        0.124    17.029 r  u_mesh/GEN_R[1].r/u_datapath/south_vc2_fifo/rr_ptr[2]_i_11__3/O
                         net (fo=1, routed)           0.762    17.791    u_mesh/GEN_R[1].r/u_datapath/south_vc2_fifo/rr_ptr[2]_i_11__3_n_0
    SLICE_X5Y170         LUT6 (Prop_lut6_I2_O)        0.124    17.915 r  u_mesh/GEN_R[1].r/u_datapath/south_vc2_fifo/rr_ptr[2]_i_5__4/O
                         net (fo=48, routed)          1.333    19.247    u_mesh/GEN_R[1].r/u_datapath/south_vc2_fifo/rr_ptr_reg[0]_17
    SLICE_X13Y166        LUT5 (Prop_lut5_I0_O)        0.124    19.371 r  u_mesh/GEN_R[1].r/u_datapath/south_vc2_fifo/credit_count[1][2][2]_i_4/O
                         net (fo=11, routed)          0.652    20.024    u_mesh/GEN_R[1].r/xbar_sel[1]_105[3]
    SLICE_X17Y163        LUT3 (Prop_lut3_I2_O)        0.124    20.148 f  u_mesh/GEN_R[1].r/i___2_i_110/O
                         net (fo=4, routed)           0.652    20.800    u_mesh/GEN_R[1].r/i___2_i_110_n_0
    SLICE_X21Y163        LUT4 (Prop_lut4_I1_O)        0.124    20.924 f  u_mesh/GEN_R[1].r/i___2_i_97/O
                         net (fo=1, routed)           0.643    21.567    u_mesh/GEN_R[1].r/i___2_i_97_n_0
    SLICE_X21Y163        LUT6 (Prop_lut6_I2_O)        0.124    21.691 f  u_mesh/GEN_R[1].r/i___2_i_42/O
                         net (fo=4, routed)           0.793    22.484    u_mesh/GEN_R[1].r/u_datapath/south_vc1_fifo/sel_south_vc0
    SLICE_X22Y170        LUT5 (Prop_lut5_I0_O)        0.124    22.608 r  u_mesh/GEN_R[1].r/u_datapath/south_vc1_fifo/G_EJECT_REG.eject_flit_q[flit_data][31]_i_6__0/O
                         net (fo=36, routed)          1.134    23.742    u_mesh/GEN_R[1].r/u_datapath/south_vc0_fifo/GEN_R[1].G_LINK_REG.q_s_reg[flit_data][0]
    SLICE_X22Y174        LUT6 (Prop_lut6_I2_O)        0.124    23.866 r  u_mesh/GEN_R[1].r/u_datapath/south_vc0_fifo/G_EJECT_REG.eject_flit_q[flit_data][4]_i_2__0/O
                         net (fo=4, routed)           1.163    25.029    u_mesh/GEN_R[1].r/crossbar_in_south[flit_data][4]
    SLICE_X22Y180        LUT6 (Prop_lut6_I0_O)        0.124    25.153 r  u_mesh/GEN_R[1].r/GEN_R[1].G_LINK_REG.q_w[flit_data][4]_i_1/O
                         net (fo=1, routed)           0.000    25.153    u_mesh/GEN_R[1].p_out_w[flit_data][4]
    SLICE_X22Y180        FDRE                                         r  u_mesh/GEN_R[1].G_LINK_REG.q_w_reg[flit_data][4]/D
  -------------------------------------------------------------------    -------------------

                         (clock clk rise edge)       20.000    20.000 r  
    E3                                                0.000    20.000 r  clk (IN)
                         net (fo=0)                   0.000    20.000    clk
    E3                   IBUF (Prop_ibuf_I_O)         1.411    21.411 r  clk_IBUF_inst/O
                         net (fo=1, routed)           1.920    23.331    clk_IBUF
    BUFGCTRL_X0Y16       BUFG (Prop_bufg_I_O)         0.091    23.422 r  clk_IBUF_BUFG_inst/O
                         net (fo=5610, routed)        1.671    25.093    u_mesh/clk_IBUF_BUFG
    SLICE_X22Y180        FDRE                                         r  u_mesh/GEN_R[1].G_LINK_REG.q_w_reg[flit_data][4]/C
                         clock pessimism              0.268    25.362    
                         clock uncertainty           -0.035    25.326    
    SLICE_X22Y180        FDRE (Setup_fdre_C_D)        0.029    25.355    u_mesh/GEN_R[1].G_LINK_REG.q_w_reg[flit_data][4]
  -------------------------------------------------------------------
                         required time                         25.355    
                         arrival time                         -25.153    
  -------------------------------------------------------------------
                         slack                                  0.203    

Slack (MET) :             0.280ns  (required time - arrival time)
  Source:                 u_mesh/GEN_R[0].r/u_datapath/south_vc1_fifo/rd_ptr_reg[0]/C
                            (rising edge-triggered cell FDRE clocked by clk  {rise@0.000ns fall@10.000ns period=20.000ns})
  Destination:            u_mesh/GEN_R[0].r/G_EJECT_REG.eject_flit_q_reg[flit_data][19]/D
                            (rising edge-triggered cell FDRE clocked by clk  {rise@0.000ns fall@10.000ns period=20.000ns})
  Path Group:             clk
  Path Type:              Setup (Max at Slow Process Corner)
  Requirement:            20.000ns  (clk rise@20.000ns - clk rise@0.000ns)
  Data Path Delay:        19.668ns  (logic 4.316ns (21.944%)  route 15.352ns (78.056%))
  Logic Levels:           19  (LUT3=1 LUT4=2 LUT5=7 LUT6=8 RAMD32=1)
  Clock Path Skew:        -0.047ns (DCD - SCD + CPR)
    Destination Clock Delay (DCD):    5.098ns = ( 25.098 - 20.000 ) 
    Source Clock Delay      (SCD):    5.414ns
    Clock Pessimism Removal (CPR):    0.268ns
  Clock Uncertainty:      0.035ns  ((TSJ^2 + TIJ^2)^1/2 + DJ) / 2 + PE
    Total System Jitter     (TSJ):    0.071ns
    Total Input Jitter      (TIJ):    0.000ns
    Discrete Jitter          (DJ):    0.000ns
    Phase Error              (PE):    0.000ns

    Location             Delay type                Incr(ns)  Path(ns)    Netlist Resource(s)
  -------------------------------------------------------------------    -------------------
                         (clock clk rise edge)        0.000     0.000 r  
    E3                                                0.000     0.000 r  clk (IN)
                         net (fo=0)                   0.000     0.000    clk
    E3                   IBUF (Prop_ibuf_I_O)         1.482     1.482 r  clk_IBUF_inst/O
                         net (fo=1, routed)           2.025     3.506    clk_IBUF
    BUFGCTRL_X0Y16       BUFG (Prop_bufg_I_O)         0.096     3.602 r  clk_IBUF_BUFG_inst/O
                         net (fo=5610, routed)        1.811     5.414    u_mesh/GEN_R[0].r/u_datapath/south_vc1_fifo/clk_IBUF_BUFG
    SLICE_X15Y188        FDRE                                         r  u_mesh/GEN_R[0].r/u_datapath/south_vc1_fifo/rd_ptr_reg[0]/C
  -------------------------------------------------------------------    -------------------
    SLICE_X15Y188        FDRE (Prop_fdre_C_Q)         0.419     5.833 r  u_mesh/GEN_R[0].r/u_datapath/south_vc1_fifo/rd_ptr_reg[0]/Q
                         net (fo=38, routed)          1.441     7.274    u_mesh/GEN_R[0].r/u_datapath/south_vc1_fifo/fifo_mem_reg[0][flit_data]_0_3_24_29/ADDRC0
    SLICE_X14Y187        RAMD32 (Prop_ramd32_RADR0_O)
                                                      0.325     7.599 f  u_mesh/GEN_R[0].r/u_datapath/south_vc1_fifo/fifo_mem_reg[0][flit_data]_0_3_24_29/RAMC/O
                         net (fo=9, routed)           1.163     8.762    u_mesh/GEN_R[0].r/u_datapath/south_vc1_fifo/fifo_mem[28]
    SLICE_X21Y188        LUT6 (Prop_lut6_I0_O)        0.331     9.093 f  u_mesh/GEN_R[0].r/u_datapath/south_vc1_fifo/rr_ptr[1]_i_48/O
                         net (fo=2, routed)           0.693     9.786    u_mesh/GEN_R[0].r/u_datapath/south_vc1_fifo/rr_ptr[1]_i_48_n_0
    SLICE_X21Y188        LUT6 (Prop_lut6_I2_O)        0.124     9.910 r  u_mesh/GEN_R[0].r/u_datapath/south_vc1_fifo/rr_ptr[1]_i_43/O
                         net (fo=1, routed)           0.657    10.568    u_mesh/GEN_R[0].r/u_datapath/south_vc1_fifo/rr_ptr[1]_i_43_n_0
    SLICE_X19Y188        LUT5 (Prop_lut5_I1_O)        0.124    10.692 f  u_mesh/GEN_R[0].r/u_datapath/south_vc1_fifo/rr_ptr[1]_i_33__0/O
                         net (fo=4, routed)           0.444    11.135    u_mesh/GEN_R[0].r/u_datapath/south_vc1_fifo/rr_ptr[1]_i_33__0_n_0
    SLICE_X17Y189        LUT6 (Prop_lut6_I0_O)        0.124    11.259 f  u_mesh/GEN_R[0].r/u_datapath/south_vc1_fifo/rr_ptr[1]_i_16/O
                         net (fo=2, routed)           0.826    12.085    u_mesh/GEN_R[0].r/u_datapath/south_vc1_fifo/output_locked_reg[2]
    SLICE_X17Y190        LUT5 (Prop_lut5_I2_O)        0.124    12.209 f  u_mesh/GEN_R[0].r/u_datapath/south_vc1_fifo/rr_ptr[1]_i_6__5/O
                         net (fo=5, routed)           0.804    13.013    u_mesh/GEN_R[0].r/u_datapath/south_vc2_fifo/in_req[1]_53[1]
    SLICE_X16Y193        LUT5 (Prop_lut5_I3_O)        0.153    13.166 f  u_mesh/GEN_R[0].r/u_datapath/south_vc2_fifo/rr_ptr[1]_i_8/O
                         net (fo=1, routed)           0.640    13.806    u_mesh/GEN_R[0].r/u_datapath/south_vc2_fifo/rr_ptr[1]_i_8_n_0
    SLICE_X16Y193        LUT3 (Prop_lut3_I1_O)        0.327    14.133 f  u_mesh/GEN_R[0].r/u_datapath/south_vc2_fifo/rr_ptr[1]_i_4/O
                         net (fo=10, routed)          0.975    15.108    u_mesh/GEN_R[0].r/u_datapath/south_vc2_fifo/u_allocator/in_valid[1]_34
    SLICE_X13Y193        LUT5 (Prop_lut5_I1_O)        0.124    15.232 f  u_mesh/GEN_R[0].r/u_datapath/south_vc2_fifo/rr_ptr[2]_i_17/O
                         net (fo=4, routed)           0.855    16.087    u_mesh/GEN_R[0].r/u_datapath/south_vc2_fifo/u_allocator/cand_out[0]
    SLICE_X13Y193        LUT4 (Prop_lut4_I0_O)        0.152    16.239 r  u_mesh/GEN_R[0].r/u_datapath/south_vc2_fifo/rr_ptr[2]_i_7__2/O
                         net (fo=24, routed)          0.675    16.915    u_mesh/GEN_R[0].r/u_allocator/GEN_ARB[0].u_arbiter/rr_ptr_reg[2]_3
    SLICE_X12Y195        LUT5 (Prop_lut5_I3_O)        0.324    17.239 r  u_mesh/GEN_R[0].r/u_allocator/GEN_ARB[0].u_arbiter/i___3_i_20/O
                         net (fo=1, routed)           0.737    17.975    u_mesh/GEN_R[0].r/u_allocator/GEN_ARB[0].u_arbiter/i___3_i_20_n_0
    SLICE_X12Y194        LUT6 (Prop_lut6_I0_O)        0.328    18.303 r  u_mesh/GEN_R[0].r/u_allocator/GEN_ARB[0].u_arbiter/i___3_i_11/O
                         net (fo=5, routed)           0.681    18.984    u_mesh/GEN_R[0].r/u_allocator/GEN_ARB[0].u_arbiter/out_winner[0]_40[0]
    SLICE_X9Y191         LUT6 (Prop_lut6_I2_O)        0.124    19.108 r  u_mesh/GEN_R[0].r/u_allocator/GEN_ARB[0].u_arbiter/i___3_i_13/O
                         net (fo=2, routed)           0.328    19.436    u_mesh/GEN_R[0].r/u_datapath/south_vc2_fifo/i___3_2
    SLICE_X11Y190        LUT4 (Prop_lut4_I1_O)        0.124    19.560 r  u_mesh/GEN_R[0].r/u_datapath/south_vc2_fifo/i___3_i_4/O
                         net (fo=25, routed)          0.855    20.415    u_mesh/GEN_R[0].r/u_datapath/south_vc2_fifo/rr_ptr_reg[0]_6
    SLICE_X11Y187        LUT5 (Prop_lut5_I4_O)        0.149    20.564 f  u_mesh/GEN_R[0].r/u_datapath/south_vc2_fifo/i___1_i_62/O
                         net (fo=1, routed)           1.124    21.688    u_mesh/GEN_R[0].r/u_datapath_n_173
    SLICE_X13Y185        LUT6 (Prop_lut6_I2_O)        0.332    22.020 r  u_mesh/GEN_R[0].r/i___1_i_26/O
                         net (fo=3, routed)           0.675    22.695    u_mesh/GEN_R[0].r/u_datapath/east_vc1_fifo/sel_east_vc1
    SLICE_X13Y185        LUT5 (Prop_lut5_I1_O)        0.152    22.847 r  u_mesh/GEN_R[0].r/u_datapath/east_vc1_fifo/G_EJECT_REG.eject_flit_q[flit_data][31]_i_9/O
                         net (fo=36, routed)          1.039    23.886    u_mesh/GEN_R[0].r/u_datapath/east_vc2_fifo/GEN_R[0].G_LINK_REG.q_s_reg[flit_data][0]
    SLICE_X16Y181        LUT6 (Prop_lut6_I2_O)        0.332    24.218 r  u_mesh/GEN_R[0].r/u_datapath/east_vc2_fifo/G_EJECT_REG.eject_flit_q[flit_data][19]_i_3/O
                         net (fo=3, routed)           0.740    24.958    u_mesh/GEN_R[0].r/crossbar_in_east[flit_data][19]
    SLICE_X18Y184        LUT6 (Prop_lut6_I1_O)        0.124    25.082 r  u_mesh/GEN_R[0].r/G_EJECT_REG.eject_flit_q[flit_data][19]_i_1/O
                         net (fo=1, routed)           0.000    25.082    u_mesh/GEN_R[0].r/xb_out_local[flit_data][19]
    SLICE_X18Y184        FDRE                                         r  u_mesh/GEN_R[0].r/G_EJECT_REG.eject_flit_q_reg[flit_data][19]/D
  -------------------------------------------------------------------    -------------------

                         (clock clk rise edge)       20.000    20.000 r  
    E3                                                0.000    20.000 r  clk (IN)
                         net (fo=0)                   0.000    20.000    clk
    E3                   IBUF (Prop_ibuf_I_O)         1.411    21.411 r  clk_IBUF_inst/O
                         net (fo=1, routed)           1.920    23.331    clk_IBUF
    BUFGCTRL_X0Y16       BUFG (Prop_bufg_I_O)         0.091    23.422 r  clk_IBUF_BUFG_inst/O
                         net (fo=5610, routed)        1.676    25.098    u_mesh/GEN_R[0].r/clk_IBUF_BUFG
    SLICE_X18Y184        FDRE                                         r  u_mesh/GEN_R[0].r/G_EJECT_REG.eject_flit_q_reg[flit_data][19]/C
                         clock pessimism              0.268    25.367    
                         clock uncertainty           -0.035    25.331    
    SLICE_X18Y184        FDRE (Setup_fdre_C_D)        0.031    25.362    u_mesh/GEN_R[0].r/G_EJECT_REG.eject_flit_q_reg[flit_data][19]
  -------------------------------------------------------------------
                         required time                         25.362    
                         arrival time                         -25.082    
  -------------------------------------------------------------------
                         slack                                  0.280    

Slack (MET) :             0.292ns  (required time - arrival time)
  Source:                 u_mesh/GEN_R[0].r/u_datapath/south_vc1_fifo/rd_ptr_reg[0]/C
                            (rising edge-triggered cell FDRE clocked by clk  {rise@0.000ns fall@10.000ns period=20.000ns})
  Destination:            u_mesh/GEN_R[0].r/G_EJECT_REG.eject_flit_q_reg[flit_data][22]/D
                            (rising edge-triggered cell FDRE clocked by clk  {rise@0.000ns fall@10.000ns period=20.000ns})
  Path Group:             clk
  Path Type:              Setup (Max at Slow Process Corner)
  Requirement:            20.000ns  (clk rise@20.000ns - clk rise@0.000ns)
  Data Path Delay:        19.655ns  (logic 4.316ns (21.958%)  route 15.339ns (78.042%))
  Logic Levels:           19  (LUT3=1 LUT4=2 LUT5=7 LUT6=8 RAMD32=1)
  Clock Path Skew:        -0.048ns (DCD - SCD + CPR)
    Destination Clock Delay (DCD):    5.097ns = ( 25.097 - 20.000 ) 
    Source Clock Delay      (SCD):    5.414ns
    Clock Pessimism Removal (CPR):    0.268ns
  Clock Uncertainty:      0.035ns  ((TSJ^2 + TIJ^2)^1/2 + DJ) / 2 + PE
    Total System Jitter     (TSJ):    0.071ns
    Total Input Jitter      (TIJ):    0.000ns
    Discrete Jitter          (DJ):    0.000ns
    Phase Error              (PE):    0.000ns

    Location             Delay type                Incr(ns)  Path(ns)    Netlist Resource(s)
  -------------------------------------------------------------------    -------------------
                         (clock clk rise edge)        0.000     0.000 r  
    E3                                                0.000     0.000 r  clk (IN)
                         net (fo=0)                   0.000     0.000    clk
    E3                   IBUF (Prop_ibuf_I_O)         1.482     1.482 r  clk_IBUF_inst/O
                         net (fo=1, routed)           2.025     3.506    clk_IBUF
    BUFGCTRL_X0Y16       BUFG (Prop_bufg_I_O)         0.096     3.602 r  clk_IBUF_BUFG_inst/O
                         net (fo=5610, routed)        1.811     5.414    u_mesh/GEN_R[0].r/u_datapath/south_vc1_fifo/clk_IBUF_BUFG
    SLICE_X15Y188        FDRE                                         r  u_mesh/GEN_R[0].r/u_datapath/south_vc1_fifo/rd_ptr_reg[0]/C
  -------------------------------------------------------------------    -------------------
    SLICE_X15Y188        FDRE (Prop_fdre_C_Q)         0.419     5.833 r  u_mesh/GEN_R[0].r/u_datapath/south_vc1_fifo/rd_ptr_reg[0]/Q
                         net (fo=38, routed)          1.441     7.274    u_mesh/GEN_R[0].r/u_datapath/south_vc1_fifo/fifo_mem_reg[0][flit_data]_0_3_24_29/ADDRC0
    SLICE_X14Y187        RAMD32 (Prop_ramd32_RADR0_O)
                                                      0.325     7.599 f  u_mesh/GEN_R[0].r/u_datapath/south_vc1_fifo/fifo_mem_reg[0][flit_data]_0_3_24_29/RAMC/O
                         net (fo=9, routed)           1.163     8.762    u_mesh/GEN_R[0].r/u_datapath/south_vc1_fifo/fifo_mem[28]
    SLICE_X21Y188        LUT6 (Prop_lut6_I0_O)        0.331     9.093 f  u_mesh/GEN_R[0].r/u_datapath/south_vc1_fifo/rr_ptr[1]_i_48/O
                         net (fo=2, routed)           0.693     9.786    u_mesh/GEN_R[0].r/u_datapath/south_vc1_fifo/rr_ptr[1]_i_48_n_0
    SLICE_X21Y188        LUT6 (Prop_lut6_I2_O)        0.124     9.910 r  u_mesh/GEN_R[0].r/u_datapath/south_vc1_fifo/rr_ptr[1]_i_43/O
                         net (fo=1, routed)           0.657    10.568    u_mesh/GEN_R[0].r/u_datapath/south_vc1_fifo/rr_ptr[1]_i_43_n_0
    SLICE_X19Y188        LUT5 (Prop_lut5_I1_O)        0.124    10.692 f  u_mesh/GEN_R[0].r/u_datapath/south_vc1_fifo/rr_ptr[1]_i_33__0/O
                         net (fo=4, routed)           0.444    11.135    u_mesh/GEN_R[0].r/u_datapath/south_vc1_fifo/rr_ptr[1]_i_33__0_n_0
    SLICE_X17Y189        LUT6 (Prop_lut6_I0_O)        0.124    11.259 f  u_mesh/GEN_R[0].r/u_datapath/south_vc1_fifo/rr_ptr[1]_i_16/O
                         net (fo=2, routed)           0.826    12.085    u_mesh/GEN_R[0].r/u_datapath/south_vc1_fifo/output_locked_reg[2]
    SLICE_X17Y190        LUT5 (Prop_lut5_I2_O)        0.124    12.209 f  u_mesh/GEN_R[0].r/u_datapath/south_vc1_fifo/rr_ptr[1]_i_6__5/O
                         net (fo=5, routed)           0.804    13.013    u_mesh/GEN_R[0].r/u_datapath/south_vc2_fifo/in_req[1]_53[1]
    SLICE_X16Y193        LUT5 (Prop_lut5_I3_O)        0.153    13.166 f  u_mesh/GEN_R[0].r/u_datapath/south_vc2_fifo/rr_ptr[1]_i_8/O
                         net (fo=1, routed)           0.640    13.806    u_mesh/GEN_R[0].r/u_datapath/south_vc2_fifo/rr_ptr[1]_i_8_n_0
    SLICE_X16Y193        LUT3 (Prop_lut3_I1_O)        0.327    14.133 f  u_mesh/GEN_R[0].r/u_datapath/south_vc2_fifo/rr_ptr[1]_i_4/O
                         net (fo=10, routed)          0.975    15.108    u_mesh/GEN_R[0].r/u_datapath/south_vc2_fifo/u_allocator/in_valid[1]_34
    SLICE_X13Y193        LUT5 (Prop_lut5_I1_O)        0.124    15.232 f  u_mesh/GEN_R[0].r/u_datapath/south_vc2_fifo/rr_ptr[2]_i_17/O
                         net (fo=4, routed)           0.855    16.087    u_mesh/GEN_R[0].r/u_datapath/south_vc2_fifo/u_allocator/cand_out[0]
    SLICE_X13Y193        LUT4 (Prop_lut4_I0_O)        0.152    16.239 r  u_mesh/GEN_R[0].r/u_datapath/south_vc2_fifo/rr_ptr[2]_i_7__2/O
                         net (fo=24, routed)          0.675    16.915    u_mesh/GEN_R[0].r/u_allocator/GEN_ARB[0].u_arbiter/rr_ptr_reg[2]_3
    SLICE_X12Y195        LUT5 (Prop_lut5_I3_O)        0.324    17.239 r  u_mesh/GEN_R[0].r/u_allocator/GEN_ARB[0].u_arbiter/i___3_i_20/O
                         net (fo=1, routed)           0.737    17.975    u_mesh/GEN_R[0].r/u_allocator/GEN_ARB[0].u_arbiter/i___3_i_20_n_0
    SLICE_X12Y194        LUT6 (Prop_lut6_I0_O)        0.328    18.303 r  u_mesh/GEN_R[0].r/u_allocator/GEN_ARB[0].u_arbiter/i___3_i_11/O
                         net (fo=5, routed)           0.681    18.984    u_mesh/GEN_R[0].r/u_allocator/GEN_ARB[0].u_arbiter/out_winner[0]_40[0]
    SLICE_X9Y191         LUT6 (Prop_lut6_I2_O)        0.124    19.108 r  u_mesh/GEN_R[0].r/u_allocator/GEN_ARB[0].u_arbiter/i___3_i_13/O
                         net (fo=2, routed)           0.328    19.436    u_mesh/GEN_R[0].r/u_datapath/south_vc2_fifo/i___3_2
    SLICE_X11Y190        LUT4 (Prop_lut4_I1_O)        0.124    19.560 r  u_mesh/GEN_R[0].r/u_datapath/south_vc2_fifo/i___3_i_4/O
                         net (fo=25, routed)          0.855    20.415    u_mesh/GEN_R[0].r/u_datapath/south_vc2_fifo/rr_ptr_reg[0]_6
    SLICE_X11Y187        LUT5 (Prop_lut5_I4_O)        0.149    20.564 f  u_mesh/GEN_R[0].r/u_datapath/south_vc2_fifo/i___1_i_62/O
                         net (fo=1, routed)           1.124    21.688    u_mesh/GEN_R[0].r/u_datapath_n_173
    SLICE_X13Y185        LUT6 (Prop_lut6_I2_O)        0.332    22.020 r  u_mesh/GEN_R[0].r/i___1_i_26/O
                         net (fo=3, routed)           0.675    22.695    u_mesh/GEN_R[0].r/u_datapath/east_vc1_fifo/sel_east_vc1
    SLICE_X13Y185        LUT5 (Prop_lut5_I1_O)        0.152    22.847 r  u_mesh/GEN_R[0].r/u_datapath/east_vc1_fifo/G_EJECT_REG.eject_flit_q[flit_data][31]_i_9/O
                         net (fo=36, routed)          1.142    23.989    u_mesh/GEN_R[0].r/u_datapath/east_vc2_fifo/GEN_R[0].G_LINK_REG.q_s_reg[flit_data][0]
    SLICE_X19Y182        LUT6 (Prop_lut6_I2_O)        0.332    24.321 r  u_mesh/GEN_R[0].r/u_datapath/east_vc2_fifo/G_EJECT_REG.eject_flit_q[flit_data][22]_i_3/O
                         net (fo=3, routed)           0.624    24.945    u_mesh/GEN_R[0].r/crossbar_in_east[flit_data][22]
    SLICE_X20Y183        LUT6 (Prop_lut6_I1_O)        0.124    25.069 r  u_mesh/GEN_R[0].r/G_EJECT_REG.eject_flit_q[flit_data][22]_i_1/O
                         net (fo=1, routed)           0.000    25.069    u_mesh/GEN_R[0].r/xb_out_local[flit_data][22]
    SLICE_X20Y183        FDRE                                         r  u_mesh/GEN_R[0].r/G_EJECT_REG.eject_flit_q_reg[flit_data][22]/D
  -------------------------------------------------------------------    -------------------

                         (clock clk rise edge)       20.000    20.000 r  
    E3                                                0.000    20.000 r  clk (IN)
                         net (fo=0)                   0.000    20.000    clk
    E3                   IBUF (Prop_ibuf_I_O)         1.411    21.411 r  clk_IBUF_inst/O
                         net (fo=1, routed)           1.920    23.331    clk_IBUF
    BUFGCTRL_X0Y16       BUFG (Prop_bufg_I_O)         0.091    23.422 r  clk_IBUF_BUFG_inst/O
                         net (fo=5610, routed)        1.675    25.097    u_mesh/GEN_R[0].r/clk_IBUF_BUFG
    SLICE_X20Y183        FDRE                                         r  u_mesh/GEN_R[0].r/G_EJECT_REG.eject_flit_q_reg[flit_data][22]/C
                         clock pessimism              0.268    25.366    
                         clock uncertainty           -0.035    25.330    
    SLICE_X20Y183        FDRE (Setup_fdre_C_D)        0.031    25.361    u_mesh/GEN_R[0].r/G_EJECT_REG.eject_flit_q_reg[flit_data][22]
  -------------------------------------------------------------------
                         required time                         25.361    
                         arrival time                         -25.069    
  -------------------------------------------------------------------
                         slack                                  0.292    

Slack (MET) :             0.293ns  (required time - arrival time)
  Source:                 u_mesh/GEN_R[2].r/u_datapath/local_vc1_fifo/rd_ptr_reg[0]/C
                            (rising edge-triggered cell FDRE clocked by clk  {rise@0.000ns fall@10.000ns period=20.000ns})
  Destination:            u_mesh/GEN_R[2].r/u_allocator/output_owner_reg[4][0]/CE
                            (rising edge-triggered cell FDRE clocked by clk  {rise@0.000ns fall@10.000ns period=20.000ns})
  Path Group:             clk
  Path Type:              Setup (Max at Slow Process Corner)
  Requirement:            20.000ns  (clk rise@20.000ns - clk rise@0.000ns)
  Data Path Delay:        18.966ns  (logic 3.418ns (18.022%)  route 15.548ns (81.978%))
  Logic Levels:           19  (LUT2=2 LUT4=2 LUT5=7 LUT6=7 RAMD32=1)
  Clock Path Skew:        -0.298ns (DCD - SCD + CPR)
    Destination Clock Delay (DCD):    4.927ns = ( 24.927 - 20.000 ) 
    Source Clock Delay      (SCD):    5.413ns
    Clock Pessimism Removal (CPR):    0.188ns
  Clock Uncertainty:      0.035ns  ((TSJ^2 + TIJ^2)^1/2 + DJ) / 2 + PE
    Total System Jitter     (TSJ):    0.071ns
    Total Input Jitter      (TIJ):    0.000ns
    Discrete Jitter          (DJ):    0.000ns
    Phase Error              (PE):    0.000ns

    Location             Delay type                Incr(ns)  Path(ns)    Netlist Resource(s)
  -------------------------------------------------------------------    -------------------
                         (clock clk rise edge)        0.000     0.000 r  
    E3                                                0.000     0.000 r  clk (IN)
                         net (fo=0)                   0.000     0.000    clk
    E3                   IBUF (Prop_ibuf_I_O)         1.482     1.482 r  clk_IBUF_inst/O
                         net (fo=1, routed)           2.025     3.506    clk_IBUF
    BUFGCTRL_X0Y16       BUFG (Prop_bufg_I_O)         0.096     3.602 r  clk_IBUF_BUFG_inst/O
                         net (fo=5610, routed)        1.810     5.413    u_mesh/GEN_R[2].r/u_datapath/local_vc1_fifo/clk_IBUF_BUFG
    SLICE_X31Y152        FDRE                                         r  u_mesh/GEN_R[2].r/u_datapath/local_vc1_fifo/rd_ptr_reg[0]/C
  -------------------------------------------------------------------    -------------------
    SLICE_X31Y152        FDRE (Prop_fdre_C_Q)         0.419     5.832 r  u_mesh/GEN_R[2].r/u_datapath/local_vc1_fifo/rd_ptr_reg[0]/Q
                         net (fo=38, routed)          0.859     6.691    u_mesh/GEN_R[2].r/u_datapath/local_vc1_fifo/fifo_mem_reg[0][flit_data]_0_3_24_29/ADDRC0
    SLICE_X30Y152        RAMD32 (Prop_ramd32_RADR0_O)
                                                      0.328     7.019 r  u_mesh/GEN_R[2].r/u_datapath/local_vc1_fifo/fifo_mem_reg[0][flit_data]_0_3_24_29/RAMC/O
                         net (fo=3, routed)           1.154     8.173    u_mesh/GEN_R[2].r/u_datapath/local_vc1_fifo/fifo_mem[28]
    SLICE_X25Y153        LUT5 (Prop_lut5_I0_O)        0.331     8.504 f  u_mesh/GEN_R[2].r/u_datapath/local_vc1_fifo/i___61__0_i_1/O
                         net (fo=3, routed)           0.678     9.182    u_mesh/GEN_R[2].r/u_datapath/local_vc1_fifo/count_reg[1]_4
    SLICE_X25Y153        LUT6 (Prop_lut6_I0_O)        0.124     9.306 f  u_mesh/GEN_R[2].r/u_datapath/local_vc1_fifo/i___24_i_62__0/O
                         net (fo=7, routed)           0.856    10.162    u_mesh/GEN_R[2].r/u_datapath/local_vc1_fifo/count_reg[1]_1
    SLICE_X24Y152        LUT5 (Prop_lut5_I0_O)        0.124    10.286 r  u_mesh/GEN_R[2].r/u_datapath/local_vc1_fifo/i___24_i_63__0/O
                         net (fo=5, routed)           0.739    11.025    u_mesh/GEN_R[2].r/u_datapath/local_vc1_fifo/i___24_i_63__0_n_0
    SLICE_X26Y151        LUT6 (Prop_lut6_I3_O)        0.124    11.149 r  u_mesh/GEN_R[2].r/u_datapath/local_vc1_fifo/i___24_i_35__1/O
                         net (fo=2, routed)           0.817    11.966    u_mesh/GEN_R[2].r/u_datapath/local_vc1_fifo/output_locked_reg[1]
    SLICE_X26Y150        LUT5 (Prop_lut5_I2_O)        0.124    12.090 r  u_mesh/GEN_R[2].r/u_datapath/local_vc1_fifo/i___24_i_10__0/O
                         net (fo=5, routed)           0.683    12.774    u_mesh/GEN_R[2].r/u_datapath/local_vc2_fifo/in_req[4]_162[1]
    SLICE_X28Y149        LUT5 (Prop_lut5_I3_O)        0.124    12.898 r  u_mesh/GEN_R[2].r/u_datapath/local_vc2_fifo/i___24_i_2__1/O
                         net (fo=22, routed)          0.961    13.858    u_mesh/GEN_R[2].r/u_datapath/local_vc2_fifo/rr_ptr_reg[1]_19
    SLICE_X27Y150        LUT5 (Prop_lut5_I0_O)        0.124    13.982 r  u_mesh/GEN_R[2].r/u_datapath/local_vc2_fifo/i___41_i_11/O
                         net (fo=3, routed)           0.984    14.967    u_mesh/GEN_R[2].r/u_datapath/local_vc2_fifo/i___41_i_11_n_0
    SLICE_X29Y149        LUT6 (Prop_lut6_I4_O)        0.124    15.091 f  u_mesh/GEN_R[2].r/u_datapath/local_vc2_fifo/i___41_i_5/O
                         net (fo=5, routed)           0.622    15.713    u_mesh/GEN_R[2].r/u_datapath/local_vc2_fifo/i___41_i_5_n_0
    SLICE_X34Y147        LUT4 (Prop_lut4_I3_O)        0.124    15.837 f  u_mesh/GEN_R[2].r/u_datapath/local_vc2_fifo/i___41_i_1/O
                         net (fo=22, routed)          0.788    16.625    u_mesh/GEN_R[2].r/out_req[4]_0[4]
    SLICE_X39Y149        LUT2 (Prop_lut2_I0_O)        0.124    16.749 r  u_mesh/GEN_R[2].r/i___41/O
                         net (fo=4, routed)           0.477    17.227    u_mesh/GEN_R[2].r/u_datapath/local_vc2_fifo/rr_ptr[1]_i_3__14_0
    SLICE_X36Y149        LUT5 (Prop_lut5_I0_O)        0.124    17.351 r  u_mesh/GEN_R[2].r/u_datapath/local_vc2_fifo/i___24_i_47__0/O
                         net (fo=1, routed)           0.783    18.134    u_mesh/GEN_R[2].r/u_allocator/GEN_ARB[4].u_arbiter/i___25_i_4_1
    SLICE_X36Y148        LUT6 (Prop_lut6_I1_O)        0.124    18.258 r  u_mesh/GEN_R[2].r/u_allocator/GEN_ARB[4].u_arbiter/i___24_i_18__0/O
                         net (fo=5, routed)           0.752    19.010    u_mesh/GEN_R[2].r/u_allocator/GEN_ARB[4].u_arbiter/rr_ptr_reg[0]_2
    SLICE_X33Y150        LUT6 (Prop_lut6_I2_O)        0.124    19.134 f  u_mesh/GEN_R[2].r/u_allocator/GEN_ARB[4].u_arbiter/i___30_i_2/O
                         net (fo=9, routed)           0.876    20.011    u_mesh/GEN_R[2].r/u_datapath/local_vc2_fifo/i___24_i_50__0_0
    SLICE_X27Y150        LUT4 (Prop_lut4_I1_O)        0.124    20.135 f  u_mesh/GEN_R[2].r/u_datapath/local_vc2_fifo/i___40_i_1__0/O
                         net (fo=16, routed)          0.746    20.881    u_mesh/GEN_R[2].r/u_datapath/local_vc2_fifo/rr_ptr_reg[0]_75
    SLICE_X21Y150        LUT2 (Prop_lut2_I0_O)        0.119    21.000 f  u_mesh/GEN_R[2].r/u_datapath/local_vc2_fifo/credit_count[4][2][2]_i_6__0/O
                         net (fo=8, routed)           0.875    21.875    u_mesh/GEN_R[2].r/u_datapath/local_vc2_fifo/credit_count[4][2][2]_i_6__0_n_0
    SLICE_X20Y150        LUT6 (Prop_lut6_I5_O)        0.332    22.207 r  u_mesh/GEN_R[2].r/u_datapath/local_vc2_fifo/credit_count[4][2][2]_i_3__4/O
                         net (fo=4, routed)           0.446    22.653    u_mesh/GEN_R[2].r/u_datapath/local_vc2_fifo/rr_ptr_reg[0]_72
    SLICE_X20Y150        LUT6 (Prop_lut6_I0_O)        0.124    22.777 r  u_mesh/GEN_R[2].r/u_datapath/local_vc2_fifo/i__i_3__3/O
                         net (fo=3, routed)           0.845    23.622    u_mesh/GEN_R[2].r/u_datapath/south_vc2_fifo/p_0_in15_in
    SLICE_X31Y150        LUT5 (Prop_lut5_I0_O)        0.153    23.775 r  u_mesh/GEN_R[2].r/u_datapath/south_vc2_fifo/output_owner[4][3]_i_1__1/O
                         net (fo=4, routed)           0.604    24.379    u_mesh/GEN_R[2].r/u_allocator/E[0]
    SLICE_X31Y149        FDRE                                         r  u_mesh/GEN_R[2].r/u_allocator/output_owner_reg[4][0]/CE
  -------------------------------------------------------------------    -------------------

                         (clock clk rise edge)       20.000    20.000 r  
    E3                                                0.000    20.000 r  clk (IN)
                         net (fo=0)                   0.000    20.000    clk
    E3                   IBUF (Prop_ibuf_I_O)         1.411    21.411 r  clk_IBUF_inst/O
                         net (fo=1, routed)           1.920    23.331    clk_IBUF
    BUFGCTRL_X0Y16       BUFG (Prop_bufg_I_O)         0.091    23.422 r  clk_IBUF_BUFG_inst/O
                         net (fo=5610, routed)        1.505    24.927    u_mesh/GEN_R[2].r/u_allocator/clk_IBUF_BUFG
    SLICE_X31Y149        FDRE                                         r  u_mesh/GEN_R[2].r/u_allocator/output_owner_reg[4][0]/C
                         clock pessimism              0.188    25.115    
                         clock uncertainty           -0.035    25.080    
    SLICE_X31Y149        FDRE (Setup_fdre_C_CE)      -0.408    24.672    u_mesh/GEN_R[2].r/u_allocator/output_owner_reg[4][0]
  -------------------------------------------------------------------
                         required time                         24.672    
                         arrival time                         -24.379    
  -------------------------------------------------------------------
                         slack                                  0.293    

Slack (MET) :             0.295ns  (required time - arrival time)
  Source:                 u_mesh/GEN_R[1].r/u_datapath/south_vc2_fifo/rd_ptr_reg[0]/C
                            (rising edge-triggered cell FDRE clocked by clk  {rise@0.000ns fall@10.000ns period=20.000ns})
  Destination:            u_mesh/GEN_R[1].r/G_EJECT_REG.eject_flit_q_reg[flit_data][7]/D
                            (rising edge-triggered cell FDRE clocked by clk  {rise@0.000ns fall@10.000ns period=20.000ns})
  Path Group:             clk
  Path Type:              Setup (Max at Slow Process Corner)
  Requirement:            20.000ns  (clk rise@20.000ns - clk rise@0.000ns)
  Data Path Delay:        19.659ns  (logic 3.186ns (16.206%)  route 16.473ns (83.794%))
  Logic Levels:           19  (LUT3=1 LUT4=2 LUT5=7 LUT6=8 RAMD32=1)
  Clock Path Skew:        -0.042ns (DCD - SCD + CPR)
    Destination Clock Delay (DCD):    5.092ns = ( 25.092 - 20.000 ) 
    Source Clock Delay      (SCD):    5.403ns
    Clock Pessimism Removal (CPR):    0.268ns
  Clock Uncertainty:      0.035ns  ((TSJ^2 + TIJ^2)^1/2 + DJ) / 2 + PE
    Total System Jitter     (TSJ):    0.071ns
    Total Input Jitter      (TIJ):    0.000ns
    Discrete Jitter          (DJ):    0.000ns
    Phase Error              (PE):    0.000ns

    Location             Delay type                Incr(ns)  Path(ns)    Netlist Resource(s)
  -------------------------------------------------------------------    -------------------
                         (clock clk rise edge)        0.000     0.000 r  
    E3                                                0.000     0.000 r  clk (IN)
                         net (fo=0)                   0.000     0.000    clk
    E3                   IBUF (Prop_ibuf_I_O)         1.482     1.482 r  clk_IBUF_inst/O
                         net (fo=1, routed)           2.025     3.506    clk_IBUF
    BUFGCTRL_X0Y16       BUFG (Prop_bufg_I_O)         0.096     3.602 r  clk_IBUF_BUFG_inst/O
                         net (fo=5610, routed)        1.800     5.403    u_mesh/GEN_R[1].r/u_datapath/south_vc2_fifo/clk_IBUF_BUFG
    SLICE_X11Y171        FDRE                                         r  u_mesh/GEN_R[1].r/u_datapath/south_vc2_fifo/rd_ptr_reg[0]/C
  -------------------------------------------------------------------    -------------------
    SLICE_X11Y171        FDRE (Prop_fdre_C_Q)         0.419     5.822 r  u_mesh/GEN_R[1].r/u_datapath/south_vc2_fifo/rd_ptr_reg[0]/Q
                         net (fo=38, routed)          1.331     7.152    u_mesh/GEN_R[1].r/u_datapath/south_vc2_fifo/fifo_mem_reg[0][flit_data]_0_3_24_29/ADDRC0
    SLICE_X14Y170        RAMD32 (Prop_ramd32_RADR0_O)
                                                      0.328     7.480 f  u_mesh/GEN_R[1].r/u_datapath/south_vc2_fifo/fifo_mem_reg[0][flit_data]_0_3_24_29/RAMC/O
                         net (fo=4, routed)           0.894     8.374    u_mesh/GEN_R[1].r/u_datapath/south_vc2_fifo/GEN_R[4].G_LINK_REG.q_n_reg[flit_data][25][28]
    SLICE_X15Y170        LUT5 (Prop_lut5_I0_O)        0.331     8.705 r  u_mesh/GEN_R[1].r/u_datapath/south_vc2_fifo/i___28__0_i_1/O
                         net (fo=3, routed)           0.548     9.253    u_mesh/GEN_R[1].r/u_datapath_n_545
    SLICE_X13Y171        LUT5 (Prop_lut5_I0_O)        0.124     9.377 r  u_mesh/GEN_R[1].r/i___28__0/O
                         net (fo=2, routed)           0.497     9.874    u_mesh/GEN_R[1].r/i___28__0_n_0
    SLICE_X13Y170        LUT6 (Prop_lut6_I5_O)        0.124     9.998 f  u_mesh/GEN_R[1].r/i___27/O
                         net (fo=5, routed)           0.845    10.843    u_mesh/GEN_R[1].r/u_datapath/south_vc2_fifo/i___29_i_15_1
    SLICE_X13Y169        LUT6 (Prop_lut6_I4_O)        0.124    10.967 r  u_mesh/GEN_R[1].r/u_datapath/south_vc2_fifo/i___29_i_58/O
                         net (fo=2, routed)           0.799    11.766    u_mesh/GEN_R[1].r/u_datapath/south_vc2_fifo/i___29_i_58_n_0
    SLICE_X15Y169        LUT5 (Prop_lut5_I1_O)        0.124    11.890 r  u_mesh/GEN_R[1].r/u_datapath/south_vc2_fifo/rr_ptr[1]_i_5__10/O
                         net (fo=5, routed)           0.801    12.691    u_mesh/GEN_R[1].r/u_datapath/south_vc2_fifo/output_locked_reg[4][0]
    SLICE_X16Y168        LUT5 (Prop_lut5_I0_O)        0.124    12.815 r  u_mesh/GEN_R[1].r/u_datapath/south_vc2_fifo/i___5_i_4/O
                         net (fo=7, routed)           0.853    13.668    u_mesh/GEN_R[1].r/u_datapath/south_vc2_fifo/u_allocator/in_winner[1]_86[1]
    SLICE_X15Y168        LUT6 (Prop_lut6_I3_O)        0.124    13.792 f  u_mesh/GEN_R[1].r/u_datapath/south_vc2_fifo/i___29_i_16/O
                         net (fo=4, routed)           1.012    14.804    u_mesh/GEN_R[1].r/u_datapath/south_vc2_fifo/i___29_i_16_n_0
    SLICE_X11Y167        LUT5 (Prop_lut5_I2_O)        0.124    14.928 f  u_mesh/GEN_R[1].r/u_datapath/south_vc2_fifo/rr_ptr[2]_i_13__1/O
                         net (fo=4, routed)           0.902    15.830    u_mesh/GEN_R[1].r/u_datapath/south_vc2_fifo/u_allocator/cand_out[0]
    SLICE_X7Y167         LUT4 (Prop_lut4_I2_O)        0.124    15.954 f  u_mesh/GEN_R[1].r/u_datapath/south_vc2_fifo/rr_ptr[2]_i_8__1/O
                         net (fo=24, routed)          0.951    16.905    u_mesh/GEN_R[1].r/u_datapath/south_vc2_fifo/rr_ptr[2]_i_15__0_1
    SLICE_X7Y167         LUT4 (Prop_lut4_I0_O)        0.124    17.029 f  u_mesh/GEN_R[1].r/u_datapath/south_vc2_fifo/rr_ptr[2]_i_11__3/O
                         net (fo=1, routed)           0.762    17.791    u_mesh/GEN_R[1].r/u_datapath/south_vc2_fifo/rr_ptr[2]_i_11__3_n_0
    SLICE_X5Y170         LUT6 (Prop_lut6_I2_O)        0.124    17.915 f  u_mesh/GEN_R[1].r/u_datapath/south_vc2_fifo/rr_ptr[2]_i_5__4/O
                         net (fo=48, routed)          1.333    19.247    u_mesh/GEN_R[1].r/u_datapath/south_vc2_fifo/rr_ptr_reg[0]_17
    SLICE_X13Y166        LUT5 (Prop_lut5_I0_O)        0.124    19.371 f  u_mesh/GEN_R[1].r/u_datapath/south_vc2_fifo/credit_count[1][2][2]_i_4/O
                         net (fo=11, routed)          0.812    20.183    u_mesh/GEN_R[1].r/xbar_sel[1]_105[3]
    SLICE_X18Y166        LUT3 (Prop_lut3_I0_O)        0.124    20.307 f  u_mesh/GEN_R[1].r/i___2_i_8/O
                         net (fo=8, routed)           0.623    20.930    u_mesh/GEN_R[1].r/i___2_i_8_n_0
    SLICE_X20Y166        LUT6 (Prop_lut6_I0_O)        0.124    21.054 r  u_mesh/GEN_R[1].r/G_EJECT_REG.eject_flit_q[flit_data][31]_i_31/O
                         net (fo=2, routed)           0.769    21.824    u_mesh/GEN_R[1].r/u_datapath/south_vc2_fifo/G_EJECT_REG.eject_flit_q[flit_data][0]_i_6_8
    SLICE_X21Y167        LUT6 (Prop_lut6_I3_O)        0.124    21.948 r  u_mesh/GEN_R[1].r/u_datapath/south_vc2_fifo/G_EJECT_REG.eject_flit_q[flit_data][31]_i_19/O
                         net (fo=36, routed)          0.925    22.873    u_mesh/GEN_R[1].r/u_datapath/south_vc2_fifo/G_EJECT_REG.eject_flit_q[flit_data][31]_i_19_n_0
    SLICE_X25Y168        LUT6 (Prop_lut6_I1_O)        0.124    22.997 r  u_mesh/GEN_R[1].r/u_datapath/south_vc2_fifo/G_EJECT_REG.eject_flit_q[flit_data][7]_i_6/O
                         net (fo=4, routed)           1.150    24.147    u_mesh/GEN_R[1].r/crossbar_in_east[flit_data][7]
    SLICE_X25Y180        LUT5 (Prop_lut5_I4_O)        0.124    24.271 r  u_mesh/GEN_R[1].r/G_EJECT_REG.eject_flit_q[flit_data][7]_i_3/O
                         net (fo=1, routed)           0.667    24.938    u_mesh/GEN_R[1].r/G_EJECT_REG.eject_flit_q[flit_data][7]_i_3_n_0
    SLICE_X25Y180        LUT6 (Prop_lut6_I1_O)        0.124    25.062 r  u_mesh/GEN_R[1].r/G_EJECT_REG.eject_flit_q[flit_data][7]_i_1/O
                         net (fo=1, routed)           0.000    25.062    u_mesh/GEN_R[1].r/xb_out_local[flit_data][7]
    SLICE_X25Y180        FDRE                                         r  u_mesh/GEN_R[1].r/G_EJECT_REG.eject_flit_q_reg[flit_data][7]/D
  -------------------------------------------------------------------    -------------------

                         (clock clk rise edge)       20.000    20.000 r  
    E3                                                0.000    20.000 r  clk (IN)
                         net (fo=0)                   0.000    20.000    clk
    E3                   IBUF (Prop_ibuf_I_O)         1.411    21.411 r  clk_IBUF_inst/O
                         net (fo=1, routed)           1.920    23.331    clk_IBUF
    BUFGCTRL_X0Y16       BUFG (Prop_bufg_I_O)         0.091    23.422 r  clk_IBUF_BUFG_inst/O
                         net (fo=5610, routed)        1.670    25.092    u_mesh/GEN_R[1].r/clk_IBUF_BUFG
    SLICE_X25Y180        FDRE                                         r  u_mesh/GEN_R[1].r/G_EJECT_REG.eject_flit_q_reg[flit_data][7]/C
                         clock pessimism              0.268    25.361    
                         clock uncertainty           -0.035    25.325    
    SLICE_X25Y180        FDRE (Setup_fdre_C_D)        0.031    25.356    u_mesh/GEN_R[1].r/G_EJECT_REG.eject_flit_q_reg[flit_data][7]
  -------------------------------------------------------------------
                         required time                         25.356    
                         arrival time                         -25.062    
  -------------------------------------------------------------------
                         slack                                  0.295    

Slack (MET) :             0.297ns  (required time - arrival time)
  Source:                 u_mesh/GEN_R[0].r/u_datapath/south_vc1_fifo/rd_ptr_reg[0]/C
                            (rising edge-triggered cell FDRE clocked by clk  {rise@0.000ns fall@10.000ns period=20.000ns})
  Destination:            u_mesh/GEN_R[0].G_LINK_REG.q_s_reg[flit_data][22]/D
                            (rising edge-triggered cell FDRE clocked by clk  {rise@0.000ns fall@10.000ns period=20.000ns})
  Path Group:             clk
  Path Type:              Setup (Max at Slow Process Corner)
  Requirement:            20.000ns  (clk rise@20.000ns - clk rise@0.000ns)
  Data Path Delay:        19.651ns  (logic 4.316ns (21.963%)  route 15.335ns (78.036%))
  Logic Levels:           19  (LUT3=1 LUT4=2 LUT5=7 LUT6=8 RAMD32=1)
  Clock Path Skew:        -0.048ns (DCD - SCD + CPR)
    Destination Clock Delay (DCD):    5.097ns = ( 25.097 - 20.000 ) 
    Source Clock Delay      (SCD):    5.414ns
    Clock Pessimism Removal (CPR):    0.268ns
  Clock Uncertainty:      0.035ns  ((TSJ^2 + TIJ^2)^1/2 + DJ) / 2 + PE
    Total System Jitter     (TSJ):    0.071ns
    Total Input Jitter      (TIJ):    0.000ns
    Discrete Jitter          (DJ):    0.000ns
    Phase Error              (PE):    0.000ns

    Location             Delay type                Incr(ns)  Path(ns)    Netlist Resource(s)
  -------------------------------------------------------------------    -------------------
                         (clock clk rise edge)        0.000     0.000 r  
    E3                                                0.000     0.000 r  clk (IN)
                         net (fo=0)                   0.000     0.000    clk
    E3                   IBUF (Prop_ibuf_I_O)         1.482     1.482 r  clk_IBUF_inst/O
                         net (fo=1, routed)           2.025     3.506    clk_IBUF
    BUFGCTRL_X0Y16       BUFG (Prop_bufg_I_O)         0.096     3.602 r  clk_IBUF_BUFG_inst/O
                         net (fo=5610, routed)        1.811     5.414    u_mesh/GEN_R[0].r/u_datapath/south_vc1_fifo/clk_IBUF_BUFG
    SLICE_X15Y188        FDRE                                         r  u_mesh/GEN_R[0].r/u_datapath/south_vc1_fifo/rd_ptr_reg[0]/C
  -------------------------------------------------------------------    -------------------
    SLICE_X15Y188        FDRE (Prop_fdre_C_Q)         0.419     5.833 r  u_mesh/GEN_R[0].r/u_datapath/south_vc1_fifo/rd_ptr_reg[0]/Q
                         net (fo=38, routed)          1.441     7.274    u_mesh/GEN_R[0].r/u_datapath/south_vc1_fifo/fifo_mem_reg[0][flit_data]_0_3_24_29/ADDRC0
    SLICE_X14Y187        RAMD32 (Prop_ramd32_RADR0_O)
                                                      0.325     7.599 f  u_mesh/GEN_R[0].r/u_datapath/south_vc1_fifo/fifo_mem_reg[0][flit_data]_0_3_24_29/RAMC/O
                         net (fo=9, routed)           1.163     8.762    u_mesh/GEN_R[0].r/u_datapath/south_vc1_fifo/fifo_mem[28]
    SLICE_X21Y188        LUT6 (Prop_lut6_I0_O)        0.331     9.093 f  u_mesh/GEN_R[0].r/u_datapath/south_vc1_fifo/rr_ptr[1]_i_48/O
                         net (fo=2, routed)           0.693     9.786    u_mesh/GEN_R[0].r/u_datapath/south_vc1_fifo/rr_ptr[1]_i_48_n_0
    SLICE_X21Y188        LUT6 (Prop_lut6_I2_O)        0.124     9.910 r  u_mesh/GEN_R[0].r/u_datapath/south_vc1_fifo/rr_ptr[1]_i_43/O
                         net (fo=1, routed)           0.657    10.568    u_mesh/GEN_R[0].r/u_datapath/south_vc1_fifo/rr_ptr[1]_i_43_n_0
    SLICE_X19Y188        LUT5 (Prop_lut5_I1_O)        0.124    10.692 f  u_mesh/GEN_R[0].r/u_datapath/south_vc1_fifo/rr_ptr[1]_i_33__0/O
                         net (fo=4, routed)           0.444    11.135    u_mesh/GEN_R[0].r/u_datapath/south_vc1_fifo/rr_ptr[1]_i_33__0_n_0
    SLICE_X17Y189        LUT6 (Prop_lut6_I0_O)        0.124    11.259 f  u_mesh/GEN_R[0].r/u_datapath/south_vc1_fifo/rr_ptr[1]_i_16/O
                         net (fo=2, routed)           0.826    12.085    u_mesh/GEN_R[0].r/u_datapath/south_vc1_fifo/output_locked_reg[2]
    SLICE_X17Y190        LUT5 (Prop_lut5_I2_O)        0.124    12.209 f  u_mesh/GEN_R[0].r/u_datapath/south_vc1_fifo/rr_ptr[1]_i_6__5/O
                         net (fo=5, routed)           0.804    13.013    u_mesh/GEN_R[0].r/u_datapath/south_vc2_fifo/in_req[1]_53[1]
    SLICE_X16Y193        LUT5 (Prop_lut5_I3_O)        0.153    13.166 f  u_mesh/GEN_R[0].r/u_datapath/south_vc2_fifo/rr_ptr[1]_i_8/O
                         net (fo=1, routed)           0.640    13.806    u_mesh/GEN_R[0].r/u_datapath/south_vc2_fifo/rr_ptr[1]_i_8_n_0
    SLICE_X16Y193        LUT3 (Prop_lut3_I1_O)        0.327    14.133 f  u_mesh/GEN_R[0].r/u_datapath/south_vc2_fifo/rr_ptr[1]_i_4/O
                         net (fo=10, routed)          0.975    15.108    u_mesh/GEN_R[0].r/u_datapath/south_vc2_fifo/u_allocator/in_valid[1]_34
    SLICE_X13Y193        LUT5 (Prop_lut5_I1_O)        0.124    15.232 f  u_mesh/GEN_R[0].r/u_datapath/south_vc2_fifo/rr_ptr[2]_i_17/O
                         net (fo=4, routed)           0.855    16.087    u_mesh/GEN_R[0].r/u_datapath/south_vc2_fifo/u_allocator/cand_out[0]
    SLICE_X13Y193        LUT4 (Prop_lut4_I0_O)        0.152    16.239 r  u_mesh/GEN_R[0].r/u_datapath/south_vc2_fifo/rr_ptr[2]_i_7__2/O
                         net (fo=24, routed)          0.675    16.915    u_mesh/GEN_R[0].r/u_allocator/GEN_ARB[0].u_arbiter/rr_ptr_reg[2]_3
    SLICE_X12Y195        LUT5 (Prop_lut5_I3_O)        0.324    17.239 r  u_mesh/GEN_R[0].r/u_allocator/GEN_ARB[0].u_arbiter/i___3_i_20/O
                         net (fo=1, routed)           0.737    17.975    u_mesh/GEN_R[0].r/u_allocator/GEN_ARB[0].u_arbiter/i___3_i_20_n_0
    SLICE_X12Y194        LUT6 (Prop_lut6_I0_O)        0.328    18.303 r  u_mesh/GEN_R[0].r/u_allocator/GEN_ARB[0].u_arbiter/i___3_i_11/O
                         net (fo=5, routed)           0.681    18.984    u_mesh/GEN_R[0].r/u_allocator/GEN_ARB[0].u_arbiter/out_winner[0]_40[0]
    SLICE_X9Y191         LUT6 (Prop_lut6_I2_O)        0.124    19.108 r  u_mesh/GEN_R[0].r/u_allocator/GEN_ARB[0].u_arbiter/i___3_i_13/O
                         net (fo=2, routed)           0.328    19.436    u_mesh/GEN_R[0].r/u_datapath/south_vc2_fifo/i___3_2
    SLICE_X11Y190        LUT4 (Prop_lut4_I1_O)        0.124    19.560 r  u_mesh/GEN_R[0].r/u_datapath/south_vc2_fifo/i___3_i_4/O
                         net (fo=25, routed)          0.855    20.415    u_mesh/GEN_R[0].r/u_datapath/south_vc2_fifo/rr_ptr_reg[0]_6
    SLICE_X11Y187        LUT5 (Prop_lut5_I4_O)        0.149    20.564 f  u_mesh/GEN_R[0].r/u_datapath/south_vc2_fifo/i___1_i_62/O
                         net (fo=1, routed)           1.124    21.688    u_mesh/GEN_R[0].r/u_datapath_n_173
    SLICE_X13Y185        LUT6 (Prop_lut6_I2_O)        0.332    22.020 r  u_mesh/GEN_R[0].r/i___1_i_26/O
                         net (fo=3, routed)           0.675    22.695    u_mesh/GEN_R[0].r/u_datapath/east_vc1_fifo/sel_east_vc1
    SLICE_X13Y185        LUT5 (Prop_lut5_I1_O)        0.152    22.847 r  u_mesh/GEN_R[0].r/u_datapath/east_vc1_fifo/G_EJECT_REG.eject_flit_q[flit_data][31]_i_9/O
                         net (fo=36, routed)          1.142    23.989    u_mesh/GEN_R[0].r/u_datapath/east_vc2_fifo/GEN_R[0].G_LINK_REG.q_s_reg[flit_data][0]
    SLICE_X19Y182        LUT6 (Prop_lut6_I2_O)        0.332    24.321 r  u_mesh/GEN_R[0].r/u_datapath/east_vc2_fifo/G_EJECT_REG.eject_flit_q[flit_data][22]_i_3/O
                         net (fo=3, routed)           0.620    24.940    u_mesh/GEN_R[0].r/crossbar_in_east[flit_data][22]
    SLICE_X20Y183        LUT6 (Prop_lut6_I1_O)        0.124    25.064 r  u_mesh/GEN_R[0].r/GEN_R[0].G_LINK_REG.q_s[flit_data][22]_i_1/O
                         net (fo=1, routed)           0.000    25.064    u_mesh/GEN_R[0].p_out_s[flit_data][22]
    SLICE_X20Y183        FDRE                                         r  u_mesh/GEN_R[0].G_LINK_REG.q_s_reg[flit_data][22]/D
  -------------------------------------------------------------------    -------------------

                         (clock clk rise edge)       20.000    20.000 r  
    E3                                                0.000    20.000 r  clk (IN)
                         net (fo=0)                   0.000    20.000    clk
    E3                   IBUF (Prop_ibuf_I_O)         1.411    21.411 r  clk_IBUF_inst/O
                         net (fo=1, routed)           1.920    23.331    clk_IBUF
    BUFGCTRL_X0Y16       BUFG (Prop_bufg_I_O)         0.091    23.422 r  clk_IBUF_BUFG_inst/O
                         net (fo=5610, routed)        1.675    25.097    u_mesh/clk_IBUF_BUFG
    SLICE_X20Y183        FDRE                                         r  u_mesh/GEN_R[0].G_LINK_REG.q_s_reg[flit_data][22]/C
                         clock pessimism              0.268    25.366    
                         clock uncertainty           -0.035    25.330    
    SLICE_X20Y183        FDRE (Setup_fdre_C_D)        0.031    25.361    u_mesh/GEN_R[0].G_LINK_REG.q_s_reg[flit_data][22]
  -------------------------------------------------------------------
                         required time                         25.361    
                         arrival time                         -25.064    
  -------------------------------------------------------------------
                         slack                                  0.297    

Slack (MET) :             0.313ns  (required time - arrival time)
  Source:                 u_mesh/GEN_R[0].r/u_datapath/south_vc1_fifo/rd_ptr_reg[0]/C
                            (rising edge-triggered cell FDRE clocked by clk  {rise@0.000ns fall@10.000ns period=20.000ns})
  Destination:            u_mesh/GEN_R[0].G_LINK_REG.q_e_reg[flit_data][22]/D
                            (rising edge-triggered cell FDRE clocked by clk  {rise@0.000ns fall@10.000ns period=20.000ns})
  Path Group:             clk
  Path Type:              Setup (Max at Slow Process Corner)
  Requirement:            20.000ns  (clk rise@20.000ns - clk rise@0.000ns)
  Data Path Delay:        19.633ns  (logic 4.092ns (20.843%)  route 15.541ns (79.157%))
  Logic Levels:           19  (LUT3=1 LUT4=2 LUT5=7 LUT6=8 RAMD32=1)
  Clock Path Skew:        -0.048ns (DCD - SCD + CPR)
    Destination Clock Delay (DCD):    5.097ns = ( 25.097 - 20.000 ) 
    Source Clock Delay      (SCD):    5.414ns
    Clock Pessimism Removal (CPR):    0.268ns
  Clock Uncertainty:      0.035ns  ((TSJ^2 + TIJ^2)^1/2 + DJ) / 2 + PE
    Total System Jitter     (TSJ):    0.071ns
    Total Input Jitter      (TIJ):    0.000ns
    Discrete Jitter          (DJ):    0.000ns
    Phase Error              (PE):    0.000ns

    Location             Delay type                Incr(ns)  Path(ns)    Netlist Resource(s)
  -------------------------------------------------------------------    -------------------
                         (clock clk rise edge)        0.000     0.000 r  
    E3                                                0.000     0.000 r  clk (IN)
                         net (fo=0)                   0.000     0.000    clk
    E3                   IBUF (Prop_ibuf_I_O)         1.482     1.482 r  clk_IBUF_inst/O
                         net (fo=1, routed)           2.025     3.506    clk_IBUF
    BUFGCTRL_X0Y16       BUFG (Prop_bufg_I_O)         0.096     3.602 r  clk_IBUF_BUFG_inst/O
                         net (fo=5610, routed)        1.811     5.414    u_mesh/GEN_R[0].r/u_datapath/south_vc1_fifo/clk_IBUF_BUFG
    SLICE_X15Y188        FDRE                                         r  u_mesh/GEN_R[0].r/u_datapath/south_vc1_fifo/rd_ptr_reg[0]/C
  -------------------------------------------------------------------    -------------------
    SLICE_X15Y188        FDRE (Prop_fdre_C_Q)         0.419     5.833 r  u_mesh/GEN_R[0].r/u_datapath/south_vc1_fifo/rd_ptr_reg[0]/Q
                         net (fo=38, routed)          1.441     7.274    u_mesh/GEN_R[0].r/u_datapath/south_vc1_fifo/fifo_mem_reg[0][flit_data]_0_3_24_29/ADDRC0
    SLICE_X14Y187        RAMD32 (Prop_ramd32_RADR0_O)
                                                      0.325     7.599 r  u_mesh/GEN_R[0].r/u_datapath/south_vc1_fifo/fifo_mem_reg[0][flit_data]_0_3_24_29/RAMC/O
                         net (fo=9, routed)           1.163     8.762    u_mesh/GEN_R[0].r/u_datapath/south_vc1_fifo/fifo_mem[28]
    SLICE_X21Y188        LUT6 (Prop_lut6_I0_O)        0.331     9.093 r  u_mesh/GEN_R[0].r/u_datapath/south_vc1_fifo/rr_ptr[1]_i_48/O
                         net (fo=2, routed)           0.693     9.786    u_mesh/GEN_R[0].r/u_datapath/south_vc1_fifo/rr_ptr[1]_i_48_n_0
    SLICE_X21Y188        LUT6 (Prop_lut6_I2_O)        0.124     9.910 f  u_mesh/GEN_R[0].r/u_datapath/south_vc1_fifo/rr_ptr[1]_i_43/O
                         net (fo=1, routed)           0.657    10.568    u_mesh/GEN_R[0].r/u_datapath/south_vc1_fifo/rr_ptr[1]_i_43_n_0
    SLICE_X19Y188        LUT5 (Prop_lut5_I1_O)        0.124    10.692 r  u_mesh/GEN_R[0].r/u_datapath/south_vc1_fifo/rr_ptr[1]_i_33__0/O
                         net (fo=4, routed)           0.444    11.135    u_mesh/GEN_R[0].r/u_datapath/south_vc1_fifo/rr_ptr[1]_i_33__0_n_0
    SLICE_X17Y189        LUT6 (Prop_lut6_I0_O)        0.124    11.259 r  u_mesh/GEN_R[0].r/u_datapath/south_vc1_fifo/rr_ptr[1]_i_16/O
                         net (fo=2, routed)           0.826    12.085    u_mesh/GEN_R[0].r/u_datapath/south_vc1_fifo/output_locked_reg[2]
    SLICE_X17Y190        LUT5 (Prop_lut5_I2_O)        0.124    12.209 r  u_mesh/GEN_R[0].r/u_datapath/south_vc1_fifo/rr_ptr[1]_i_6__5/O
                         net (fo=5, routed)           0.804    13.013    u_mesh/GEN_R[0].r/u_datapath/south_vc2_fifo/in_req[1]_53[1]
    SLICE_X16Y193        LUT5 (Prop_lut5_I3_O)        0.153    13.166 r  u_mesh/GEN_R[0].r/u_datapath/south_vc2_fifo/rr_ptr[1]_i_8/O
                         net (fo=1, routed)           0.640    13.806    u_mesh/GEN_R[0].r/u_datapath/south_vc2_fifo/rr_ptr[1]_i_8_n_0
    SLICE_X16Y193        LUT3 (Prop_lut3_I1_O)        0.327    14.133 r  u_mesh/GEN_R[0].r/u_datapath/south_vc2_fifo/rr_ptr[1]_i_4/O
                         net (fo=10, routed)          0.975    15.108    u_mesh/GEN_R[0].r/u_datapath/south_vc2_fifo/u_allocator/in_valid[1]_34
    SLICE_X13Y193        LUT5 (Prop_lut5_I2_O)        0.152    15.260 r  u_mesh/GEN_R[0].r/u_datapath/south_vc2_fifo/rr_ptr[2]_i_19/O
                         net (fo=4, routed)           0.454    15.714    u_mesh/GEN_R[0].r/u_datapath/south_vc2_fifo/u_allocator/cand_out[1]
    SLICE_X12Y193        LUT4 (Prop_lut4_I3_O)        0.319    16.033 f  u_mesh/GEN_R[0].r/u_datapath/south_vc2_fifo/rr_ptr[2]_i_7__0/O
                         net (fo=24, routed)          0.932    16.965    u_mesh/GEN_R[0].r/u_allocator/GEN_ARB[1].u_arbiter/rr_ptr_reg[2]_4
    SLICE_X8Y193         LUT6 (Prop_lut6_I5_O)        0.348    17.313 r  u_mesh/GEN_R[0].r/u_allocator/GEN_ARB[1].u_arbiter/i___9_i_10/O
                         net (fo=1, routed)           0.792    18.105    u_mesh/GEN_R[0].r/u_allocator/GEN_ARB[1].u_arbiter/i___9_i_10_n_0
    SLICE_X7Y193         LUT5 (Prop_lut5_I2_O)        0.124    18.229 r  u_mesh/GEN_R[0].r/u_allocator/GEN_ARB[1].u_arbiter/i___9_i_4/O
                         net (fo=5, routed)           0.314    18.544    u_mesh/GEN_R[0].r/u_allocator/GEN_ARB[1].u_arbiter/out_winner[1]_41[1]
    SLICE_X7Y191         LUT6 (Prop_lut6_I2_O)        0.124    18.668 r  u_mesh/GEN_R[0].r/u_allocator/GEN_ARB[1].u_arbiter/i___4_i_9/O
                         net (fo=2, routed)           0.807    19.474    u_mesh/GEN_R[0].r/u_datapath/east_vc2_fifo/i___8
    SLICE_X7Y189         LUT4 (Prop_lut4_I1_O)        0.152    19.626 r  u_mesh/GEN_R[0].r/u_datapath/east_vc2_fifo/i___8_i_3/O
                         net (fo=24, routed)          0.952    20.578    u_mesh/GEN_R[0].r/xbar_sel[1]_4[0]
    SLICE_X13Y187        LUT5 (Prop_lut5_I4_O)        0.326    20.904 f  u_mesh/GEN_R[0].r/i___5/O
                         net (fo=3, routed)           0.965    21.869    u_mesh/GEN_R[0].r/i___5_n_0
    SLICE_X15Y187        LUT6 (Prop_lut6_I1_O)        0.124    21.993 r  u_mesh/GEN_R[0].r/i___1_i_29/O
                         net (fo=3, routed)           0.606    22.599    u_mesh/GEN_R[0].r/u_datapath/south_vc1_fifo/sel_south_vc1
    SLICE_X17Y187        LUT5 (Prop_lut5_I1_O)        0.124    22.723 r  u_mesh/GEN_R[0].r/u_datapath/south_vc1_fifo/G_EJECT_REG.eject_flit_q[flit_data][31]_i_6/O
                         net (fo=36, routed)          1.082    23.806    u_mesh/GEN_R[0].r/u_datapath/south_vc0_fifo/GEN_R[0].G_LINK_REG.q_s_reg[flit_data][0]
    SLICE_X20Y186        LUT6 (Prop_lut6_I2_O)        0.124    23.930 r  u_mesh/GEN_R[0].r/u_datapath/south_vc0_fifo/G_EJECT_REG.eject_flit_q[flit_data][22]_i_2/O
                         net (fo=3, routed)           0.993    24.923    u_mesh/GEN_R[0].r/crossbar_in_south[flit_data][22]
    SLICE_X20Y183        LUT6 (Prop_lut6_I0_O)        0.124    25.047 r  u_mesh/GEN_R[0].r/GEN_R[0].G_LINK_REG.q_e[flit_data][22]_i_1/O
                         net (fo=1, routed)           0.000    25.047    u_mesh/GEN_R[0].p_out_e[flit_data][22]
    SLICE_X20Y183        FDRE                                         r  u_mesh/GEN_R[0].G_LINK_REG.q_e_reg[flit_data][22]/D
  -------------------------------------------------------------------    -------------------

                         (clock clk rise edge)       20.000    20.000 r  
    E3                                                0.000    20.000 r  clk (IN)
                         net (fo=0)                   0.000    20.000    clk
    E3                   IBUF (Prop_ibuf_I_O)         1.411    21.411 r  clk_IBUF_inst/O
                         net (fo=1, routed)           1.920    23.331    clk_IBUF
    BUFGCTRL_X0Y16       BUFG (Prop_bufg_I_O)         0.091    23.422 r  clk_IBUF_BUFG_inst/O
                         net (fo=5610, routed)        1.675    25.097    u_mesh/clk_IBUF_BUFG
    SLICE_X20Y183        FDRE                                         r  u_mesh/GEN_R[0].G_LINK_REG.q_e_reg[flit_data][22]/C
                         clock pessimism              0.268    25.366    
                         clock uncertainty           -0.035    25.330    
    SLICE_X20Y183        FDRE (Setup_fdre_C_D)        0.029    25.359    u_mesh/GEN_R[0].G_LINK_REG.q_e_reg[flit_data][22]
  -------------------------------------------------------------------
                         required time                         25.359    
                         arrival time                         -25.047    
  -------------------------------------------------------------------
                         slack                                  0.313    

Slack (MET) :             0.316ns  (required time - arrival time)
  Source:                 u_mesh/GEN_R[0].r/u_datapath/south_vc1_fifo/rd_ptr_reg[0]/C
                            (rising edge-triggered cell FDRE clocked by clk  {rise@0.000ns fall@10.000ns period=20.000ns})
  Destination:            u_mesh/GEN_R[0].G_LINK_REG.q_e_reg[flit_data][23]/D
                            (rising edge-triggered cell FDRE clocked by clk  {rise@0.000ns fall@10.000ns period=20.000ns})
  Path Group:             clk
  Path Type:              Setup (Max at Slow Process Corner)
  Requirement:            20.000ns  (clk rise@20.000ns - clk rise@0.000ns)
  Data Path Delay:        19.628ns  (logic 4.316ns (21.989%)  route 15.312ns (78.011%))
  Logic Levels:           19  (LUT3=1 LUT4=2 LUT5=7 LUT6=8 RAMD32=1)
  Clock Path Skew:        -0.049ns (DCD - SCD + CPR)
    Destination Clock Delay (DCD):    5.096ns = ( 25.096 - 20.000 ) 
    Source Clock Delay      (SCD):    5.414ns
    Clock Pessimism Removal (CPR):    0.268ns
  Clock Uncertainty:      0.035ns  ((TSJ^2 + TIJ^2)^1/2 + DJ) / 2 + PE
    Total System Jitter     (TSJ):    0.071ns
    Total Input Jitter      (TIJ):    0.000ns
    Discrete Jitter          (DJ):    0.000ns
    Phase Error              (PE):    0.000ns

    Location             Delay type                Incr(ns)  Path(ns)    Netlist Resource(s)
  -------------------------------------------------------------------    -------------------
                         (clock clk rise edge)        0.000     0.000 r  
    E3                                                0.000     0.000 r  clk (IN)
                         net (fo=0)                   0.000     0.000    clk
    E3                   IBUF (Prop_ibuf_I_O)         1.482     1.482 r  clk_IBUF_inst/O
                         net (fo=1, routed)           2.025     3.506    clk_IBUF
    BUFGCTRL_X0Y16       BUFG (Prop_bufg_I_O)         0.096     3.602 r  clk_IBUF_BUFG_inst/O
                         net (fo=5610, routed)        1.811     5.414    u_mesh/GEN_R[0].r/u_datapath/south_vc1_fifo/clk_IBUF_BUFG
    SLICE_X15Y188        FDRE                                         r  u_mesh/GEN_R[0].r/u_datapath/south_vc1_fifo/rd_ptr_reg[0]/C
  -------------------------------------------------------------------    -------------------
    SLICE_X15Y188        FDRE (Prop_fdre_C_Q)         0.419     5.833 r  u_mesh/GEN_R[0].r/u_datapath/south_vc1_fifo/rd_ptr_reg[0]/Q
                         net (fo=38, routed)          1.441     7.274    u_mesh/GEN_R[0].r/u_datapath/south_vc1_fifo/fifo_mem_reg[0][flit_data]_0_3_24_29/ADDRC0
    SLICE_X14Y187        RAMD32 (Prop_ramd32_RADR0_O)
                                                      0.325     7.599 f  u_mesh/GEN_R[0].r/u_datapath/south_vc1_fifo/fifo_mem_reg[0][flit_data]_0_3_24_29/RAMC/O
                         net (fo=9, routed)           1.163     8.762    u_mesh/GEN_R[0].r/u_datapath/south_vc1_fifo/fifo_mem[28]
    SLICE_X21Y188        LUT6 (Prop_lut6_I0_O)        0.331     9.093 f  u_mesh/GEN_R[0].r/u_datapath/south_vc1_fifo/rr_ptr[1]_i_48/O
                         net (fo=2, routed)           0.693     9.786    u_mesh/GEN_R[0].r/u_datapath/south_vc1_fifo/rr_ptr[1]_i_48_n_0
    SLICE_X21Y188        LUT6 (Prop_lut6_I2_O)        0.124     9.910 r  u_mesh/GEN_R[0].r/u_datapath/south_vc1_fifo/rr_ptr[1]_i_43/O
                         net (fo=1, routed)           0.657    10.568    u_mesh/GEN_R[0].r/u_datapath/south_vc1_fifo/rr_ptr[1]_i_43_n_0
    SLICE_X19Y188        LUT5 (Prop_lut5_I1_O)        0.124    10.692 f  u_mesh/GEN_R[0].r/u_datapath/south_vc1_fifo/rr_ptr[1]_i_33__0/O
                         net (fo=4, routed)           0.444    11.135    u_mesh/GEN_R[0].r/u_datapath/south_vc1_fifo/rr_ptr[1]_i_33__0_n_0
    SLICE_X17Y189        LUT6 (Prop_lut6_I0_O)        0.124    11.259 f  u_mesh/GEN_R[0].r/u_datapath/south_vc1_fifo/rr_ptr[1]_i_16/O
                         net (fo=2, routed)           0.826    12.085    u_mesh/GEN_R[0].r/u_datapath/south_vc1_fifo/output_locked_reg[2]
    SLICE_X17Y190        LUT5 (Prop_lut5_I2_O)        0.124    12.209 f  u_mesh/GEN_R[0].r/u_datapath/south_vc1_fifo/rr_ptr[1]_i_6__5/O
                         net (fo=5, routed)           0.804    13.013    u_mesh/GEN_R[0].r/u_datapath/south_vc2_fifo/in_req[1]_53[1]
    SLICE_X16Y193        LUT5 (Prop_lut5_I3_O)        0.153    13.166 f  u_mesh/GEN_R[0].r/u_datapath/south_vc2_fifo/rr_ptr[1]_i_8/O
                         net (fo=1, routed)           0.640    13.806    u_mesh/GEN_R[0].r/u_datapath/south_vc2_fifo/rr_ptr[1]_i_8_n_0
    SLICE_X16Y193        LUT3 (Prop_lut3_I1_O)        0.327    14.133 f  u_mesh/GEN_R[0].r/u_datapath/south_vc2_fifo/rr_ptr[1]_i_4/O
                         net (fo=10, routed)          0.975    15.108    u_mesh/GEN_R[0].r/u_datapath/south_vc2_fifo/u_allocator/in_valid[1]_34
    SLICE_X13Y193        LUT5 (Prop_lut5_I1_O)        0.124    15.232 f  u_mesh/GEN_R[0].r/u_datapath/south_vc2_fifo/rr_ptr[2]_i_17/O
                         net (fo=4, routed)           0.855    16.087    u_mesh/GEN_R[0].r/u_datapath/south_vc2_fifo/u_allocator/cand_out[0]
    SLICE_X13Y193        LUT4 (Prop_lut4_I0_O)        0.152    16.239 r  u_mesh/GEN_R[0].r/u_datapath/south_vc2_fifo/rr_ptr[2]_i_7__2/O
                         net (fo=24, routed)          0.675    16.915    u_mesh/GEN_R[0].r/u_allocator/GEN_ARB[0].u_arbiter/rr_ptr_reg[2]_3
    SLICE_X12Y195        LUT5 (Prop_lut5_I3_O)        0.324    17.239 r  u_mesh/GEN_R[0].r/u_allocator/GEN_ARB[0].u_arbiter/i___3_i_20/O
                         net (fo=1, routed)           0.737    17.975    u_mesh/GEN_R[0].r/u_allocator/GEN_ARB[0].u_arbiter/i___3_i_20_n_0
    SLICE_X12Y194        LUT6 (Prop_lut6_I0_O)        0.328    18.303 r  u_mesh/GEN_R[0].r/u_allocator/GEN_ARB[0].u_arbiter/i___3_i_11/O
                         net (fo=5, routed)           0.681    18.984    u_mesh/GEN_R[0].r/u_allocator/GEN_ARB[0].u_arbiter/out_winner[0]_40[0]
    SLICE_X9Y191         LUT6 (Prop_lut6_I2_O)        0.124    19.108 r  u_mesh/GEN_R[0].r/u_allocator/GEN_ARB[0].u_arbiter/i___3_i_13/O
                         net (fo=2, routed)           0.328    19.436    u_mesh/GEN_R[0].r/u_datapath/south_vc2_fifo/i___3_2
    SLICE_X11Y190        LUT4 (Prop_lut4_I1_O)        0.124    19.560 r  u_mesh/GEN_R[0].r/u_datapath/south_vc2_fifo/i___3_i_4/O
                         net (fo=25, routed)          0.855    20.415    u_mesh/GEN_R[0].r/u_datapath/south_vc2_fifo/rr_ptr_reg[0]_6
    SLICE_X11Y187        LUT5 (Prop_lut5_I4_O)        0.149    20.564 f  u_mesh/GEN_R[0].r/u_datapath/south_vc2_fifo/i___1_i_62/O
                         net (fo=1, routed)           1.124    21.688    u_mesh/GEN_R[0].r/u_datapath_n_173
    SLICE_X13Y185        LUT6 (Prop_lut6_I2_O)        0.332    22.020 r  u_mesh/GEN_R[0].r/i___1_i_26/O
                         net (fo=3, routed)           0.675    22.695    u_mesh/GEN_R[0].r/u_datapath/east_vc1_fifo/sel_east_vc1
    SLICE_X13Y185        LUT5 (Prop_lut5_I1_O)        0.152    22.847 r  u_mesh/GEN_R[0].r/u_datapath/east_vc1_fifo/G_EJECT_REG.eject_flit_q[flit_data][31]_i_9/O
                         net (fo=36, routed)          0.836    23.683    u_mesh/GEN_R[0].r/u_datapath/east_vc2_fifo/GEN_R[0].G_LINK_REG.q_s_reg[flit_data][0]
    SLICE_X15Y181        LUT6 (Prop_lut6_I2_O)        0.332    24.015 r  u_mesh/GEN_R[0].r/u_datapath/east_vc2_fifo/G_EJECT_REG.eject_flit_q[flit_data][23]_i_3/O
                         net (fo=3, routed)           0.903    24.918    u_mesh/GEN_R[0].r/crossbar_in_east[flit_data][23]
    SLICE_X20Y182        LUT6 (Prop_lut6_I1_O)        0.124    25.042 r  u_mesh/GEN_R[0].r/GEN_R[0].G_LINK_REG.q_e[flit_data][23]_i_1/O
                         net (fo=1, routed)           0.000    25.042    u_mesh/GEN_R[0].p_out_e[flit_data][23]
    SLICE_X20Y182        FDRE                                         r  u_mesh/GEN_R[0].G_LINK_REG.q_e_reg[flit_data][23]/D
  -------------------------------------------------------------------    -------------------

                         (clock clk rise edge)       20.000    20.000 r  
    E3                                                0.000    20.000 r  clk (IN)
                         net (fo=0)                   0.000    20.000    clk
    E3                   IBUF (Prop_ibuf_I_O)         1.411    21.411 r  clk_IBUF_inst/O
                         net (fo=1, routed)           1.920    23.331    clk_IBUF
    BUFGCTRL_X0Y16       BUFG (Prop_bufg_I_O)         0.091    23.422 r  clk_IBUF_BUFG_inst/O
                         net (fo=5610, routed)        1.674    25.096    u_mesh/clk_IBUF_BUFG
    SLICE_X20Y182        FDRE                                         r  u_mesh/GEN_R[0].G_LINK_REG.q_e_reg[flit_data][23]/C
                         clock pessimism              0.268    25.365    
                         clock uncertainty           -0.035    25.329    
    SLICE_X20Y182        FDRE (Setup_fdre_C_D)        0.029    25.358    u_mesh/GEN_R[0].G_LINK_REG.q_e_reg[flit_data][23]
  -------------------------------------------------------------------
                         required time                         25.358    
                         arrival time                         -25.042    
  -------------------------------------------------------------------
                         slack                                  0.316    

Slack (MET) :             0.334ns  (required time - arrival time)
  Source:                 u_mesh/GEN_R[1].r/u_datapath/south_vc2_fifo/rd_ptr_reg[0]/C
                            (rising edge-triggered cell FDRE clocked by clk  {rise@0.000ns fall@10.000ns period=20.000ns})
  Destination:            u_mesh/GEN_R[1].r/G_EJECT_REG.eject_flit_q_reg[flit_data][14]/D
                            (rising edge-triggered cell FDRE clocked by clk  {rise@0.000ns fall@10.000ns period=20.000ns})
  Path Group:             clk
  Path Type:              Setup (Max at Slow Process Corner)
  Requirement:            20.000ns  (clk rise@20.000ns - clk rise@0.000ns)
  Data Path Delay:        19.613ns  (logic 3.186ns (16.245%)  route 16.427ns (83.755%))
  Logic Levels:           19  (LUT3=1 LUT4=3 LUT5=9 LUT6=5 RAMD32=1)
  Clock Path Skew:        -0.049ns (DCD - SCD + CPR)
    Destination Clock Delay (DCD):    5.085ns = ( 25.085 - 20.000 ) 
    Source Clock Delay      (SCD):    5.403ns
    Clock Pessimism Removal (CPR):    0.268ns
  Clock Uncertainty:      0.035ns  ((TSJ^2 + TIJ^2)^1/2 + DJ) / 2 + PE
    Total System Jitter     (TSJ):    0.071ns
    Total Input Jitter      (TIJ):    0.000ns
    Discrete Jitter          (DJ):    0.000ns
    Phase Error              (PE):    0.000ns

    Location             Delay type                Incr(ns)  Path(ns)    Netlist Resource(s)
  -------------------------------------------------------------------    -------------------
                         (clock clk rise edge)        0.000     0.000 r  
    E3                                                0.000     0.000 r  clk (IN)
                         net (fo=0)                   0.000     0.000    clk
    E3                   IBUF (Prop_ibuf_I_O)         1.482     1.482 r  clk_IBUF_inst/O
                         net (fo=1, routed)           2.025     3.506    clk_IBUF
    BUFGCTRL_X0Y16       BUFG (Prop_bufg_I_O)         0.096     3.602 r  clk_IBUF_BUFG_inst/O
                         net (fo=5610, routed)        1.800     5.403    u_mesh/GEN_R[1].r/u_datapath/south_vc2_fifo/clk_IBUF_BUFG
    SLICE_X11Y171        FDRE                                         r  u_mesh/GEN_R[1].r/u_datapath/south_vc2_fifo/rd_ptr_reg[0]/C
  -------------------------------------------------------------------    -------------------
    SLICE_X11Y171        FDRE (Prop_fdre_C_Q)         0.419     5.822 r  u_mesh/GEN_R[1].r/u_datapath/south_vc2_fifo/rd_ptr_reg[0]/Q
                         net (fo=38, routed)          1.331     7.152    u_mesh/GEN_R[1].r/u_datapath/south_vc2_fifo/fifo_mem_reg[0][flit_data]_0_3_24_29/ADDRC0
    SLICE_X14Y170        RAMD32 (Prop_ramd32_RADR0_O)
                                                      0.328     7.480 f  u_mesh/GEN_R[1].r/u_datapath/south_vc2_fifo/fifo_mem_reg[0][flit_data]_0_3_24_29/RAMC/O
                         net (fo=4, routed)           0.894     8.374    u_mesh/GEN_R[1].r/u_datapath/south_vc2_fifo/GEN_R[4].G_LINK_REG.q_n_reg[flit_data][25][28]
    SLICE_X15Y170        LUT5 (Prop_lut5_I0_O)        0.331     8.705 r  u_mesh/GEN_R[1].r/u_datapath/south_vc2_fifo/i___28__0_i_1/O
                         net (fo=3, routed)           0.548     9.253    u_mesh/GEN_R[1].r/u_datapath_n_545
    SLICE_X13Y171        LUT5 (Prop_lut5_I0_O)        0.124     9.377 r  u_mesh/GEN_R[1].r/i___28__0/O
                         net (fo=2, routed)           0.497     9.874    u_mesh/GEN_R[1].r/i___28__0_n_0
    SLICE_X13Y170        LUT6 (Prop_lut6_I5_O)        0.124     9.998 f  u_mesh/GEN_R[1].r/i___27/O
                         net (fo=5, routed)           0.845    10.843    u_mesh/GEN_R[1].r/u_datapath/south_vc2_fifo/i___29_i_15_1
    SLICE_X13Y169        LUT6 (Prop_lut6_I4_O)        0.124    10.967 r  u_mesh/GEN_R[1].r/u_datapath/south_vc2_fifo/i___29_i_58/O
                         net (fo=2, routed)           0.799    11.766    u_mesh/GEN_R[1].r/u_datapath/south_vc2_fifo/i___29_i_58_n_0
    SLICE_X15Y169        LUT5 (Prop_lut5_I1_O)        0.124    11.890 r  u_mesh/GEN_R[1].r/u_datapath/south_vc2_fifo/rr_ptr[1]_i_5__10/O
                         net (fo=5, routed)           0.801    12.691    u_mesh/GEN_R[1].r/u_datapath/south_vc2_fifo/output_locked_reg[4][0]
    SLICE_X16Y168        LUT5 (Prop_lut5_I0_O)        0.124    12.815 r  u_mesh/GEN_R[1].r/u_datapath/south_vc2_fifo/i___5_i_4/O
                         net (fo=7, routed)           0.853    13.668    u_mesh/GEN_R[1].r/u_datapath/south_vc2_fifo/u_allocator/in_winner[1]_86[1]
    SLICE_X15Y168        LUT6 (Prop_lut6_I3_O)        0.124    13.792 f  u_mesh/GEN_R[1].r/u_datapath/south_vc2_fifo/i___29_i_16/O
                         net (fo=4, routed)           1.012    14.804    u_mesh/GEN_R[1].r/u_datapath/south_vc2_fifo/i___29_i_16_n_0
    SLICE_X11Y167        LUT5 (Prop_lut5_I2_O)        0.124    14.928 f  u_mesh/GEN_R[1].r/u_datapath/south_vc2_fifo/rr_ptr[2]_i_13__1/O
                         net (fo=4, routed)           0.902    15.830    u_mesh/GEN_R[1].r/u_datapath/south_vc2_fifo/u_allocator/cand_out[0]
    SLICE_X7Y167         LUT4 (Prop_lut4_I2_O)        0.124    15.954 f  u_mesh/GEN_R[1].r/u_datapath/south_vc2_fifo/rr_ptr[2]_i_8__1/O
                         net (fo=24, routed)          0.951    16.905    u_mesh/GEN_R[1].r/u_datapath/south_vc2_fifo/rr_ptr[2]_i_15__0_1
    SLICE_X7Y167         LUT4 (Prop_lut4_I0_O)        0.124    17.029 f  u_mesh/GEN_R[1].r/u_datapath/south_vc2_fifo/rr_ptr[2]_i_11__3/O
                         net (fo=1, routed)           0.762    17.791    u_mesh/GEN_R[1].r/u_datapath/south_vc2_fifo/rr_ptr[2]_i_11__3_n_0
    SLICE_X5Y170         LUT6 (Prop_lut6_I2_O)        0.124    17.915 f  u_mesh/GEN_R[1].r/u_datapath/south_vc2_fifo/rr_ptr[2]_i_5__4/O
                         net (fo=48, routed)          1.333    19.247    u_mesh/GEN_R[1].r/u_datapath/south_vc2_fifo/rr_ptr_reg[0]_17
    SLICE_X13Y166        LUT5 (Prop_lut5_I0_O)        0.124    19.371 f  u_mesh/GEN_R[1].r/u_datapath/south_vc2_fifo/credit_count[1][2][2]_i_4/O
                         net (fo=11, routed)          0.495    19.866    u_mesh/GEN_R[1].r/xbar_sel[1]_105[3]
    SLICE_X17Y167        LUT3 (Prop_lut3_I0_O)        0.124    19.990 f  u_mesh/GEN_R[1].r/i___2_i_9/O
                         net (fo=9, routed)           0.656    20.647    u_mesh/GEN_R[1].r/i___2_i_9_n_0
    SLICE_X24Y168        LUT4 (Prop_lut4_I3_O)        0.124    20.771 f  u_mesh/GEN_R[1].r/i___2_i_65/O
                         net (fo=2, routed)           0.865    21.635    u_mesh/GEN_R[1].r/i___2_i_65_n_0
    SLICE_X24Y168        LUT5 (Prop_lut5_I0_O)        0.124    21.759 f  u_mesh/GEN_R[1].r/i___2_i_36/O
                         net (fo=2, routed)           0.797    22.556    u_mesh/GEN_R[1].r/u_datapath/south_vc2_fifo/sel_west_vc0
    SLICE_X22Y169        LUT5 (Prop_lut5_I4_O)        0.124    22.680 r  u_mesh/GEN_R[1].r/u_datapath/south_vc2_fifo/G_EJECT_REG.eject_flit_q[flit_data][31]_i_9__0/O
                         net (fo=144, routed)         1.420    24.100    u_mesh/GEN_R[1].r/u_datapath_n_419
    SLICE_X28Y175        LUT5 (Prop_lut5_I2_O)        0.124    24.224 r  u_mesh/GEN_R[1].r/G_EJECT_REG.eject_flit_q[flit_data][14]_i_3/O
                         net (fo=1, routed)           0.667    24.891    u_mesh/GEN_R[1].r/G_EJECT_REG.eject_flit_q[flit_data][14]_i_3_n_0
    SLICE_X28Y175        LUT6 (Prop_lut6_I1_O)        0.124    25.015 r  u_mesh/GEN_R[1].r/G_EJECT_REG.eject_flit_q[flit_data][14]_i_1/O
                         net (fo=1, routed)           0.000    25.015    u_mesh/GEN_R[1].r/xb_out_local[flit_data][14]
    SLICE_X28Y175        FDRE                                         r  u_mesh/GEN_R[1].r/G_EJECT_REG.eject_flit_q_reg[flit_data][14]/D
  -------------------------------------------------------------------    -------------------

                         (clock clk rise edge)       20.000    20.000 r  
    E3                                                0.000    20.000 r  clk (IN)
                         net (fo=0)                   0.000    20.000    clk
    E3                   IBUF (Prop_ibuf_I_O)         1.411    21.411 r  clk_IBUF_inst/O
                         net (fo=1, routed)           1.920    23.331    clk_IBUF
    BUFGCTRL_X0Y16       BUFG (Prop_bufg_I_O)         0.091    23.422 r  clk_IBUF_BUFG_inst/O
                         net (fo=5610, routed)        1.663    25.085    u_mesh/GEN_R[1].r/clk_IBUF_BUFG
    SLICE_X28Y175        FDRE                                         r  u_mesh/GEN_R[1].r/G_EJECT_REG.eject_flit_q_reg[flit_data][14]/C
                         clock pessimism              0.268    25.354    
                         clock uncertainty           -0.035    25.318    
    SLICE_X28Y175        FDRE (Setup_fdre_C_D)        0.031    25.349    u_mesh/GEN_R[1].r/G_EJECT_REG.eject_flit_q_reg[flit_data][14]
  -------------------------------------------------------------------
                         required time                         25.349    
                         arrival time                         -25.015    
  -------------------------------------------------------------------
                         slack                                  0.334    





Min Delay Paths
--------------------------------------------------------------------------------------
Slack (MET) :             0.047ns  (arrival time - required time)
  Source:                 u_mesh/GEN_R[2].r/u_datapath/local_vc1_fifo/wr_ptr_reg[0]/C
                            (rising edge-triggered cell FDRE clocked by clk  {rise@0.000ns fall@10.000ns period=20.000ns})
  Destination:            u_mesh/GEN_R[2].r/u_datapath/local_vc1_fifo/fifo_mem_reg[0][flit_data]_0_3_24_29/RAMA/WADR0
                            (rising edge-triggered cell RAMD32 clocked by clk  {rise@0.000ns fall@10.000ns period=20.000ns})
  Path Group:             clk
  Path Type:              Hold (Min at Fast Process Corner)
  Requirement:            0.000ns  (clk rise@0.000ns - clk rise@0.000ns)
  Data Path Delay:        0.370ns  (logic 0.141ns (38.059%)  route 0.229ns (61.941%))
  Logic Levels:           0  
  Clock Path Skew:        0.013ns (DCD - SCD - CPR)
    Destination Clock Delay (DCD):    2.088ns
    Source Clock Delay      (SCD):    1.569ns
    Clock Pessimism Removal (CPR):    0.506ns

    Location             Delay type                Incr(ns)  Path(ns)    Netlist Resource(s)
  -------------------------------------------------------------------    -------------------
                         (clock clk rise edge)        0.000     0.000 r  
    E3                                                0.000     0.000 r  clk (IN)
                         net (fo=0)                   0.000     0.000    clk
    E3                   IBUF (Prop_ibuf_I_O)         0.250     0.250 r  clk_IBUF_inst/O
                         net (fo=1, routed)           0.644     0.894    clk_IBUF
    BUFGCTRL_X0Y16       BUFG (Prop_bufg_I_O)         0.026     0.920 r  clk_IBUF_BUFG_inst/O
                         net (fo=5610, routed)        0.649     1.569    u_mesh/GEN_R[2].r/u_datapath/local_vc1_fifo/clk_IBUF_BUFG
    SLICE_X31Y152        FDRE                                         r  u_mesh/GEN_R[2].r/u_datapath/local_vc1_fifo/wr_ptr_reg[0]/C
  -------------------------------------------------------------------    -------------------
    SLICE_X31Y152        FDRE (Prop_fdre_C_Q)         0.141     1.710 r  u_mesh/GEN_R[2].r/u_datapath/local_vc1_fifo/wr_ptr_reg[0]/Q
                         net (fo=60, routed)          0.229     1.939    u_mesh/GEN_R[2].r/u_datapath/local_vc1_fifo/fifo_mem_reg[0][flit_data]_0_3_24_29/ADDRD0
    SLICE_X30Y152        RAMD32                                       r  u_mesh/GEN_R[2].r/u_datapath/local_vc1_fifo/fifo_mem_reg[0][flit_data]_0_3_24_29/RAMA/WADR0
  -------------------------------------------------------------------    -------------------

                         (clock clk rise edge)        0.000     0.000 r  
    E3                                                0.000     0.000 r  clk (IN)
                         net (fo=0)                   0.000     0.000    clk
    E3                   IBUF (Prop_ibuf_I_O)         0.438     0.438 r  clk_IBUF_inst/O
                         net (fo=1, routed)           0.699     1.136    clk_IBUF
    BUFGCTRL_X0Y16       BUFG (Prop_bufg_I_O)         0.029     1.165 r  clk_IBUF_BUFG_inst/O
                         net (fo=5610, routed)        0.923     2.088    u_mesh/GEN_R[2].r/u_datapath/local_vc1_fifo/fifo_mem_reg[0][flit_data]_0_3_24_29/WCLK
    SLICE_X30Y152        RAMD32                                       r  u_mesh/GEN_R[2].r/u_datapath/local_vc1_fifo/fifo_mem_reg[0][flit_data]_0_3_24_29/RAMA/CLK
                         clock pessimism             -0.506     1.582    
    SLICE_X30Y152        RAMD32 (Hold_ramd32_CLK_WADR0)
                                                      0.310     1.892    u_mesh/GEN_R[2].r/u_datapath/local_vc1_fifo/fifo_mem_reg[0][flit_data]_0_3_24_29/RAMA
  -------------------------------------------------------------------
                         required time                         -1.892    
                         arrival time                           1.939    
  -------------------------------------------------------------------
                         slack                                  0.047    

Slack (MET) :             0.047ns  (arrival time - required time)
  Source:                 u_mesh/GEN_R[2].r/u_datapath/local_vc1_fifo/wr_ptr_reg[0]/C
                            (rising edge-triggered cell FDRE clocked by clk  {rise@0.000ns fall@10.000ns period=20.000ns})
  Destination:            u_mesh/GEN_R[2].r/u_datapath/local_vc1_fifo/fifo_mem_reg[0][flit_data]_0_3_24_29/RAMA_D1/WADR0
                            (rising edge-triggered cell RAMD32 clocked by clk  {rise@0.000ns fall@10.000ns period=20.000ns})
  Path Group:             clk
  Path Type:              Hold (Min at Fast Process Corner)
  Requirement:            0.000ns  (clk rise@0.000ns - clk rise@0.000ns)
  Data Path Delay:        0.370ns  (logic 0.141ns (38.059%)  route 0.229ns (61.941%))
  Logic Levels:           0  
  Clock Path Skew:        0.013ns (DCD - SCD - CPR)
    Destination Clock Delay (DCD):    2.088ns
    Source Clock Delay      (SCD):    1.569ns
    Clock Pessimism Removal (CPR):    0.506ns

    Location             Delay type                Incr(ns)  Path(ns)    Netlist Resource(s)
  -------------------------------------------------------------------    -------------------
                         (clock clk rise edge)        0.000     0.000 r  
    E3                                                0.000     0.000 r  clk (IN)
                         net (fo=0)                   0.000     0.000    clk
    E3                   IBUF (Prop_ibuf_I_O)         0.250     0.250 r  clk_IBUF_inst/O
                         net (fo=1, routed)           0.644     0.894    clk_IBUF
    BUFGCTRL_X0Y16       BUFG (Prop_bufg_I_O)         0.026     0.920 r  clk_IBUF_BUFG_inst/O
                         net (fo=5610, routed)        0.649     1.569    u_mesh/GEN_R[2].r/u_datapath/local_vc1_fifo/clk_IBUF_BUFG
    SLICE_X31Y152        FDRE                                         r  u_mesh/GEN_R[2].r/u_datapath/local_vc1_fifo/wr_ptr_reg[0]/C
  -------------------------------------------------------------------    -------------------
    SLICE_X31Y152        FDRE (Prop_fdre_C_Q)         0.141     1.710 r  u_mesh/GEN_R[2].r/u_datapath/local_vc1_fifo/wr_ptr_reg[0]/Q
                         net (fo=60, routed)          0.229     1.939    u_mesh/GEN_R[2].r/u_datapath/local_vc1_fifo/fifo_mem_reg[0][flit_data]_0_3_24_29/ADDRD0
    SLICE_X30Y152        RAMD32                                       r  u_mesh/GEN_R[2].r/u_datapath/local_vc1_fifo/fifo_mem_reg[0][flit_data]_0_3_24_29/RAMA_D1/WADR0
  -------------------------------------------------------------------    -------------------

                         (clock clk rise edge)        0.000     0.000 r  
    E3                                                0.000     0.000 r  clk (IN)
                         net (fo=0)                   0.000     0.000    clk
    E3                   IBUF (Prop_ibuf_I_O)         0.438     0.438 r  clk_IBUF_inst/O
                         net (fo=1, routed)           0.699     1.136    clk_IBUF
    BUFGCTRL_X0Y16       BUFG (Prop_bufg_I_O)         0.029     1.165 r  clk_IBUF_BUFG_inst/O
                         net (fo=5610, routed)        0.923     2.088    u_mesh/GEN_R[2].r/u_datapath/local_vc1_fifo/fifo_mem_reg[0][flit_data]_0_3_24_29/WCLK
    SLICE_X30Y152        RAMD32                                       r  u_mesh/GEN_R[2].r/u_datapath/local_vc1_fifo/fifo_mem_reg[0][flit_data]_0_3_24_29/RAMA_D1/CLK
                         clock pessimism             -0.506     1.582    
    SLICE_X30Y152        RAMD32 (Hold_ramd32_CLK_WADR0)
                                                      0.310     1.892    u_mesh/GEN_R[2].r/u_datapath/local_vc1_fifo/fifo_mem_reg[0][flit_data]_0_3_24_29/RAMA_D1
  -------------------------------------------------------------------
                         required time                         -1.892    
                         arrival time                           1.939    
  -------------------------------------------------------------------
                         slack                                  0.047    

Slack (MET) :             0.047ns  (arrival time - required time)
  Source:                 u_mesh/GEN_R[2].r/u_datapath/local_vc1_fifo/wr_ptr_reg[0]/C
                            (rising edge-triggered cell FDRE clocked by clk  {rise@0.000ns fall@10.000ns period=20.000ns})
  Destination:            u_mesh/GEN_R[2].r/u_datapath/local_vc1_fifo/fifo_mem_reg[0][flit_data]_0_3_24_29/RAMB/WADR0
                            (rising edge-triggered cell RAMD32 clocked by clk  {rise@0.000ns fall@10.000ns period=20.000ns})
  Path Group:             clk
  Path Type:              Hold (Min at Fast Process Corner)
  Requirement:            0.000ns  (clk rise@0.000ns - clk rise@0.000ns)
  Data Path Delay:        0.370ns  (logic 0.141ns (38.059%)  route 0.229ns (61.941%))
  Logic Levels:           0  
  Clock Path Skew:        0.013ns (DCD - SCD - CPR)
    Destination Clock Delay (DCD):    2.088ns
    Source Clock Delay      (SCD):    1.569ns
    Clock Pessimism Removal (CPR):    0.506ns

    Location             Delay type                Incr(ns)  Path(ns)    Netlist Resource(s)
  -------------------------------------------------------------------    -------------------
                         (clock clk rise edge)        0.000     0.000 r  
    E3                                                0.000     0.000 r  clk (IN)
                         net (fo=0)                   0.000     0.000    clk
    E3                   IBUF (Prop_ibuf_I_O)         0.250     0.250 r  clk_IBUF_inst/O
                         net (fo=1, routed)           0.644     0.894    clk_IBUF
    BUFGCTRL_X0Y16       BUFG (Prop_bufg_I_O)         0.026     0.920 r  clk_IBUF_BUFG_inst/O
                         net (fo=5610, routed)        0.649     1.569    u_mesh/GEN_R[2].r/u_datapath/local_vc1_fifo/clk_IBUF_BUFG
    SLICE_X31Y152        FDRE                                         r  u_mesh/GEN_R[2].r/u_datapath/local_vc1_fifo/wr_ptr_reg[0]/C
  -------------------------------------------------------------------    -------------------
    SLICE_X31Y152        FDRE (Prop_fdre_C_Q)         0.141     1.710 r  u_mesh/GEN_R[2].r/u_datapath/local_vc1_fifo/wr_ptr_reg[0]/Q
                         net (fo=60, routed)          0.229     1.939    u_mesh/GEN_R[2].r/u_datapath/local_vc1_fifo/fifo_mem_reg[0][flit_data]_0_3_24_29/ADDRD0
    SLICE_X30Y152        RAMD32                                       r  u_mesh/GEN_R[2].r/u_datapath/local_vc1_fifo/fifo_mem_reg[0][flit_data]_0_3_24_29/RAMB/WADR0
  -------------------------------------------------------------------    -------------------

                         (clock clk rise edge)        0.000     0.000 r  
    E3                                                0.000     0.000 r  clk (IN)
                         net (fo=0)                   0.000     0.000    clk
    E3                   IBUF (Prop_ibuf_I_O)         0.438     0.438 r  clk_IBUF_inst/O
                         net (fo=1, routed)           0.699     1.136    clk_IBUF
    BUFGCTRL_X0Y16       BUFG (Prop_bufg_I_O)         0.029     1.165 r  clk_IBUF_BUFG_inst/O
                         net (fo=5610, routed)        0.923     2.088    u_mesh/GEN_R[2].r/u_datapath/local_vc1_fifo/fifo_mem_reg[0][flit_data]_0_3_24_29/WCLK
    SLICE_X30Y152        RAMD32                                       r  u_mesh/GEN_R[2].r/u_datapath/local_vc1_fifo/fifo_mem_reg[0][flit_data]_0_3_24_29/RAMB/CLK
                         clock pessimism             -0.506     1.582    
    SLICE_X30Y152        RAMD32 (Hold_ramd32_CLK_WADR0)
                                                      0.310     1.892    u_mesh/GEN_R[2].r/u_datapath/local_vc1_fifo/fifo_mem_reg[0][flit_data]_0_3_24_29/RAMB
  -------------------------------------------------------------------
                         required time                         -1.892    
                         arrival time                           1.939    
  -------------------------------------------------------------------
                         slack                                  0.047    

Slack (MET) :             0.047ns  (arrival time - required time)
  Source:                 u_mesh/GEN_R[2].r/u_datapath/local_vc1_fifo/wr_ptr_reg[0]/C
                            (rising edge-triggered cell FDRE clocked by clk  {rise@0.000ns fall@10.000ns period=20.000ns})
  Destination:            u_mesh/GEN_R[2].r/u_datapath/local_vc1_fifo/fifo_mem_reg[0][flit_data]_0_3_24_29/RAMB_D1/WADR0
                            (rising edge-triggered cell RAMD32 clocked by clk  {rise@0.000ns fall@10.000ns period=20.000ns})
  Path Group:             clk
  Path Type:              Hold (Min at Fast Process Corner)
  Requirement:            0.000ns  (clk rise@0.000ns - clk rise@0.000ns)
  Data Path Delay:        0.370ns  (logic 0.141ns (38.059%)  route 0.229ns (61.941%))
  Logic Levels:           0  
  Clock Path Skew:        0.013ns (DCD - SCD - CPR)
    Destination Clock Delay (DCD):    2.088ns
    Source Clock Delay      (SCD):    1.569ns
    Clock Pessimism Removal (CPR):    0.506ns

    Location             Delay type                Incr(ns)  Path(ns)    Netlist Resource(s)
  -------------------------------------------------------------------    -------------------
                         (clock clk rise edge)        0.000     0.000 r  
    E3                                                0.000     0.000 r  clk (IN)
                         net (fo=0)                   0.000     0.000    clk
    E3                   IBUF (Prop_ibuf_I_O)         0.250     0.250 r  clk_IBUF_inst/O
                         net (fo=1, routed)           0.644     0.894    clk_IBUF
    BUFGCTRL_X0Y16       BUFG (Prop_bufg_I_O)         0.026     0.920 r  clk_IBUF_BUFG_inst/O
                         net (fo=5610, routed)        0.649     1.569    u_mesh/GEN_R[2].r/u_datapath/local_vc1_fifo/clk_IBUF_BUFG
    SLICE_X31Y152        FDRE                                         r  u_mesh/GEN_R[2].r/u_datapath/local_vc1_fifo/wr_ptr_reg[0]/C
  -------------------------------------------------------------------    -------------------
    SLICE_X31Y152        FDRE (Prop_fdre_C_Q)         0.141     1.710 r  u_mesh/GEN_R[2].r/u_datapath/local_vc1_fifo/wr_ptr_reg[0]/Q
                         net (fo=60, routed)          0.229     1.939    u_mesh/GEN_R[2].r/u_datapath/local_vc1_fifo/fifo_mem_reg[0][flit_data]_0_3_24_29/ADDRD0
    SLICE_X30Y152        RAMD32                                       r  u_mesh/GEN_R[2].r/u_datapath/local_vc1_fifo/fifo_mem_reg[0][flit_data]_0_3_24_29/RAMB_D1/WADR0
  -------------------------------------------------------------------    -------------------

                         (clock clk rise edge)        0.000     0.000 r  
    E3                                                0.000     0.000 r  clk (IN)
                         net (fo=0)                   0.000     0.000    clk
    E3                   IBUF (Prop_ibuf_I_O)         0.438     0.438 r  clk_IBUF_inst/O
                         net (fo=1, routed)           0.699     1.136    clk_IBUF
    BUFGCTRL_X0Y16       BUFG (Prop_bufg_I_O)         0.029     1.165 r  clk_IBUF_BUFG_inst/O
                         net (fo=5610, routed)        0.923     2.088    u_mesh/GEN_R[2].r/u_datapath/local_vc1_fifo/fifo_mem_reg[0][flit_data]_0_3_24_29/WCLK
    SLICE_X30Y152        RAMD32                                       r  u_mesh/GEN_R[2].r/u_datapath/local_vc1_fifo/fifo_mem_reg[0][flit_data]_0_3_24_29/RAMB_D1/CLK
                         clock pessimism             -0.506     1.582    
    SLICE_X30Y152        RAMD32 (Hold_ramd32_CLK_WADR0)
                                                      0.310     1.892    u_mesh/GEN_R[2].r/u_datapath/local_vc1_fifo/fifo_mem_reg[0][flit_data]_0_3_24_29/RAMB_D1
  -------------------------------------------------------------------
                         required time                         -1.892    
                         arrival time                           1.939    
  -------------------------------------------------------------------
                         slack                                  0.047    

Slack (MET) :             0.047ns  (arrival time - required time)
  Source:                 u_mesh/GEN_R[2].r/u_datapath/local_vc1_fifo/wr_ptr_reg[0]/C
                            (rising edge-triggered cell FDRE clocked by clk  {rise@0.000ns fall@10.000ns period=20.000ns})
  Destination:            u_mesh/GEN_R[2].r/u_datapath/local_vc1_fifo/fifo_mem_reg[0][flit_data]_0_3_24_29/RAMC/WADR0
                            (rising edge-triggered cell RAMD32 clocked by clk  {rise@0.000ns fall@10.000ns period=20.000ns})
  Path Group:             clk
  Path Type:              Hold (Min at Fast Process Corner)
  Requirement:            0.000ns  (clk rise@0.000ns - clk rise@0.000ns)
  Data Path Delay:        0.370ns  (logic 0.141ns (38.059%)  route 0.229ns (61.941%))
  Logic Levels:           0  
  Clock Path Skew:        0.013ns (DCD - SCD - CPR)
    Destination Clock Delay (DCD):    2.088ns
    Source Clock Delay      (SCD):    1.569ns
    Clock Pessimism Removal (CPR):    0.506ns

    Location             Delay type                Incr(ns)  Path(ns)    Netlist Resource(s)
  -------------------------------------------------------------------    -------------------
                         (clock clk rise edge)        0.000     0.000 r  
    E3                                                0.000     0.000 r  clk (IN)
                         net (fo=0)                   0.000     0.000    clk
    E3                   IBUF (Prop_ibuf_I_O)         0.250     0.250 r  clk_IBUF_inst/O
                         net (fo=1, routed)           0.644     0.894    clk_IBUF
    BUFGCTRL_X0Y16       BUFG (Prop_bufg_I_O)         0.026     0.920 r  clk_IBUF_BUFG_inst/O
                         net (fo=5610, routed)        0.649     1.569    u_mesh/GEN_R[2].r/u_datapath/local_vc1_fifo/clk_IBUF_BUFG
    SLICE_X31Y152        FDRE                                         r  u_mesh/GEN_R[2].r/u_datapath/local_vc1_fifo/wr_ptr_reg[0]/C
  -------------------------------------------------------------------    -------------------
    SLICE_X31Y152        FDRE (Prop_fdre_C_Q)         0.141     1.710 r  u_mesh/GEN_R[2].r/u_datapath/local_vc1_fifo/wr_ptr_reg[0]/Q
                         net (fo=60, routed)          0.229     1.939    u_mesh/GEN_R[2].r/u_datapath/local_vc1_fifo/fifo_mem_reg[0][flit_data]_0_3_24_29/ADDRD0
    SLICE_X30Y152        RAMD32                                       r  u_mesh/GEN_R[2].r/u_datapath/local_vc1_fifo/fifo_mem_reg[0][flit_data]_0_3_24_29/RAMC/WADR0
  -------------------------------------------------------------------    -------------------

                         (clock clk rise edge)        0.000     0.000 r  
    E3                                                0.000     0.000 r  clk (IN)
                         net (fo=0)                   0.000     0.000    clk
    E3                   IBUF (Prop_ibuf_I_O)         0.438     0.438 r  clk_IBUF_inst/O
                         net (fo=1, routed)           0.699     1.136    clk_IBUF
    BUFGCTRL_X0Y16       BUFG (Prop_bufg_I_O)         0.029     1.165 r  clk_IBUF_BUFG_inst/O
                         net (fo=5610, routed)        0.923     2.088    u_mesh/GEN_R[2].r/u_datapath/local_vc1_fifo/fifo_mem_reg[0][flit_data]_0_3_24_29/WCLK
    SLICE_X30Y152        RAMD32                                       r  u_mesh/GEN_R[2].r/u_datapath/local_vc1_fifo/fifo_mem_reg[0][flit_data]_0_3_24_29/RAMC/CLK
                         clock pessimism             -0.506     1.582    
    SLICE_X30Y152        RAMD32 (Hold_ramd32_CLK_WADR0)
                                                      0.310     1.892    u_mesh/GEN_R[2].r/u_datapath/local_vc1_fifo/fifo_mem_reg[0][flit_data]_0_3_24_29/RAMC
  -------------------------------------------------------------------
                         required time                         -1.892    
                         arrival time                           1.939    
  -------------------------------------------------------------------
                         slack                                  0.047    

Slack (MET) :             0.047ns  (arrival time - required time)
  Source:                 u_mesh/GEN_R[2].r/u_datapath/local_vc1_fifo/wr_ptr_reg[0]/C
                            (rising edge-triggered cell FDRE clocked by clk  {rise@0.000ns fall@10.000ns period=20.000ns})
  Destination:            u_mesh/GEN_R[2].r/u_datapath/local_vc1_fifo/fifo_mem_reg[0][flit_data]_0_3_24_29/RAMC_D1/WADR0
                            (rising edge-triggered cell RAMD32 clocked by clk  {rise@0.000ns fall@10.000ns period=20.000ns})
  Path Group:             clk
  Path Type:              Hold (Min at Fast Process Corner)
  Requirement:            0.000ns  (clk rise@0.000ns - clk rise@0.000ns)
  Data Path Delay:        0.370ns  (logic 0.141ns (38.059%)  route 0.229ns (61.941%))
  Logic Levels:           0  
  Clock Path Skew:        0.013ns (DCD - SCD - CPR)
    Destination Clock Delay (DCD):    2.088ns
    Source Clock Delay      (SCD):    1.569ns
    Clock Pessimism Removal (CPR):    0.506ns

    Location             Delay type                Incr(ns)  Path(ns)    Netlist Resource(s)
  -------------------------------------------------------------------    -------------------
                         (clock clk rise edge)        0.000     0.000 r  
    E3                                                0.000     0.000 r  clk (IN)
                         net (fo=0)                   0.000     0.000    clk
    E3                   IBUF (Prop_ibuf_I_O)         0.250     0.250 r  clk_IBUF_inst/O
                         net (fo=1, routed)           0.644     0.894    clk_IBUF
    BUFGCTRL_X0Y16       BUFG (Prop_bufg_I_O)         0.026     0.920 r  clk_IBUF_BUFG_inst/O
                         net (fo=5610, routed)        0.649     1.569    u_mesh/GEN_R[2].r/u_datapath/local_vc1_fifo/clk_IBUF_BUFG
    SLICE_X31Y152        FDRE                                         r  u_mesh/GEN_R[2].r/u_datapath/local_vc1_fifo/wr_ptr_reg[0]/C
  -------------------------------------------------------------------    -------------------
    SLICE_X31Y152        FDRE (Prop_fdre_C_Q)         0.141     1.710 r  u_mesh/GEN_R[2].r/u_datapath/local_vc1_fifo/wr_ptr_reg[0]/Q
                         net (fo=60, routed)          0.229     1.939    u_mesh/GEN_R[2].r/u_datapath/local_vc1_fifo/fifo_mem_reg[0][flit_data]_0_3_24_29/ADDRD0
    SLICE_X30Y152        RAMD32                                       r  u_mesh/GEN_R[2].r/u_datapath/local_vc1_fifo/fifo_mem_reg[0][flit_data]_0_3_24_29/RAMC_D1/WADR0
  -------------------------------------------------------------------    -------------------

                         (clock clk rise edge)        0.000     0.000 r  
    E3                                                0.000     0.000 r  clk (IN)
                         net (fo=0)                   0.000     0.000    clk
    E3                   IBUF (Prop_ibuf_I_O)         0.438     0.438 r  clk_IBUF_inst/O
                         net (fo=1, routed)           0.699     1.136    clk_IBUF
    BUFGCTRL_X0Y16       BUFG (Prop_bufg_I_O)         0.029     1.165 r  clk_IBUF_BUFG_inst/O
                         net (fo=5610, routed)        0.923     2.088    u_mesh/GEN_R[2].r/u_datapath/local_vc1_fifo/fifo_mem_reg[0][flit_data]_0_3_24_29/WCLK
    SLICE_X30Y152        RAMD32                                       r  u_mesh/GEN_R[2].r/u_datapath/local_vc1_fifo/fifo_mem_reg[0][flit_data]_0_3_24_29/RAMC_D1/CLK
                         clock pessimism             -0.506     1.582    
    SLICE_X30Y152        RAMD32 (Hold_ramd32_CLK_WADR0)
                                                      0.310     1.892    u_mesh/GEN_R[2].r/u_datapath/local_vc1_fifo/fifo_mem_reg[0][flit_data]_0_3_24_29/RAMC_D1
  -------------------------------------------------------------------
                         required time                         -1.892    
                         arrival time                           1.939    
  -------------------------------------------------------------------
                         slack                                  0.047    

Slack (MET) :             0.047ns  (arrival time - required time)
  Source:                 u_mesh/GEN_R[2].r/u_datapath/local_vc1_fifo/wr_ptr_reg[0]/C
                            (rising edge-triggered cell FDRE clocked by clk  {rise@0.000ns fall@10.000ns period=20.000ns})
  Destination:            u_mesh/GEN_R[2].r/u_datapath/local_vc1_fifo/fifo_mem_reg[0][flit_data]_0_3_24_29/RAMD/ADR0
                            (rising edge-triggered cell RAMS32 clocked by clk  {rise@0.000ns fall@10.000ns period=20.000ns})
  Path Group:             clk
  Path Type:              Hold (Min at Fast Process Corner)
  Requirement:            0.000ns  (clk rise@0.000ns - clk rise@0.000ns)
  Data Path Delay:        0.370ns  (logic 0.141ns (38.059%)  route 0.229ns (61.941%))
  Logic Levels:           0  
  Clock Path Skew:        0.013ns (DCD - SCD - CPR)
    Destination Clock Delay (DCD):    2.088ns
    Source Clock Delay      (SCD):    1.569ns
    Clock Pessimism Removal (CPR):    0.506ns

    Location             Delay type                Incr(ns)  Path(ns)    Netlist Resource(s)
  -------------------------------------------------------------------    -------------------
                         (clock clk rise edge)        0.000     0.000 r  
    E3                                                0.000     0.000 r  clk (IN)
                         net (fo=0)                   0.000     0.000    clk
    E3                   IBUF (Prop_ibuf_I_O)         0.250     0.250 r  clk_IBUF_inst/O
                         net (fo=1, routed)           0.644     0.894    clk_IBUF
    BUFGCTRL_X0Y16       BUFG (Prop_bufg_I_O)         0.026     0.920 r  clk_IBUF_BUFG_inst/O
                         net (fo=5610, routed)        0.649     1.569    u_mesh/GEN_R[2].r/u_datapath/local_vc1_fifo/clk_IBUF_BUFG
    SLICE_X31Y152        FDRE                                         r  u_mesh/GEN_R[2].r/u_datapath/local_vc1_fifo/wr_ptr_reg[0]/C
  -------------------------------------------------------------------    -------------------
    SLICE_X31Y152        FDRE (Prop_fdre_C_Q)         0.141     1.710 r  u_mesh/GEN_R[2].r/u_datapath/local_vc1_fifo/wr_ptr_reg[0]/Q
                         net (fo=60, routed)          0.229     1.939    u_mesh/GEN_R[2].r/u_datapath/local_vc1_fifo/fifo_mem_reg[0][flit_data]_0_3_24_29/ADDRD0
    SLICE_X30Y152        RAMS32                                       r  u_mesh/GEN_R[2].r/u_datapath/local_vc1_fifo/fifo_mem_reg[0][flit_data]_0_3_24_29/RAMD/ADR0
  -------------------------------------------------------------------    -------------------

                         (clock clk rise edge)        0.000     0.000 r  
    E3                                                0.000     0.000 r  clk (IN)
                         net (fo=0)                   0.000     0.000    clk
    E3                   IBUF (Prop_ibuf_I_O)         0.438     0.438 r  clk_IBUF_inst/O
                         net (fo=1, routed)           0.699     1.136    clk_IBUF
    BUFGCTRL_X0Y16       BUFG (Prop_bufg_I_O)         0.029     1.165 r  clk_IBUF_BUFG_inst/O
                         net (fo=5610, routed)        0.923     2.088    u_mesh/GEN_R[2].r/u_datapath/local_vc1_fifo/fifo_mem_reg[0][flit_data]_0_3_24_29/WCLK
    SLICE_X30Y152        RAMS32                                       r  u_mesh/GEN_R[2].r/u_datapath/local_vc1_fifo/fifo_mem_reg[0][flit_data]_0_3_24_29/RAMD/CLK
                         clock pessimism             -0.506     1.582    
    SLICE_X30Y152        RAMS32 (Hold_rams32_CLK_ADR0)
                                                      0.310     1.892    u_mesh/GEN_R[2].r/u_datapath/local_vc1_fifo/fifo_mem_reg[0][flit_data]_0_3_24_29/RAMD
  -------------------------------------------------------------------
                         required time                         -1.892    
                         arrival time                           1.939    
  -------------------------------------------------------------------
                         slack                                  0.047    

Slack (MET) :             0.047ns  (arrival time - required time)
  Source:                 u_mesh/GEN_R[2].r/u_datapath/local_vc1_fifo/wr_ptr_reg[0]/C
                            (rising edge-triggered cell FDRE clocked by clk  {rise@0.000ns fall@10.000ns period=20.000ns})
  Destination:            u_mesh/GEN_R[2].r/u_datapath/local_vc1_fifo/fifo_mem_reg[0][flit_data]_0_3_24_29/RAMD_D1/ADR0
                            (rising edge-triggered cell RAMS32 clocked by clk  {rise@0.000ns fall@10.000ns period=20.000ns})
  Path Group:             clk
  Path Type:              Hold (Min at Fast Process Corner)
  Requirement:            0.000ns  (clk rise@0.000ns - clk rise@0.000ns)
  Data Path Delay:        0.370ns  (logic 0.141ns (38.059%)  route 0.229ns (61.941%))
  Logic Levels:           0  
  Clock Path Skew:        0.013ns (DCD - SCD - CPR)
    Destination Clock Delay (DCD):    2.088ns
    Source Clock Delay      (SCD):    1.569ns
    Clock Pessimism Removal (CPR):    0.506ns

    Location             Delay type                Incr(ns)  Path(ns)    Netlist Resource(s)
  -------------------------------------------------------------------    -------------------
                         (clock clk rise edge)        0.000     0.000 r  
    E3                                                0.000     0.000 r  clk (IN)
                         net (fo=0)                   0.000     0.000    clk
    E3                   IBUF (Prop_ibuf_I_O)         0.250     0.250 r  clk_IBUF_inst/O
                         net (fo=1, routed)           0.644     0.894    clk_IBUF
    BUFGCTRL_X0Y16       BUFG (Prop_bufg_I_O)         0.026     0.920 r  clk_IBUF_BUFG_inst/O
                         net (fo=5610, routed)        0.649     1.569    u_mesh/GEN_R[2].r/u_datapath/local_vc1_fifo/clk_IBUF_BUFG
    SLICE_X31Y152        FDRE                                         r  u_mesh/GEN_R[2].r/u_datapath/local_vc1_fifo/wr_ptr_reg[0]/C
  -------------------------------------------------------------------    -------------------
    SLICE_X31Y152        FDRE (Prop_fdre_C_Q)         0.141     1.710 r  u_mesh/GEN_R[2].r/u_datapath/local_vc1_fifo/wr_ptr_reg[0]/Q
                         net (fo=60, routed)          0.229     1.939    u_mesh/GEN_R[2].r/u_datapath/local_vc1_fifo/fifo_mem_reg[0][flit_data]_0_3_24_29/ADDRD0
    SLICE_X30Y152        RAMS32                                       r  u_mesh/GEN_R[2].r/u_datapath/local_vc1_fifo/fifo_mem_reg[0][flit_data]_0_3_24_29/RAMD_D1/ADR0
  -------------------------------------------------------------------    -------------------

                         (clock clk rise edge)        0.000     0.000 r  
    E3                                                0.000     0.000 r  clk (IN)
                         net (fo=0)                   0.000     0.000    clk
    E3                   IBUF (Prop_ibuf_I_O)         0.438     0.438 r  clk_IBUF_inst/O
                         net (fo=1, routed)           0.699     1.136    clk_IBUF
    BUFGCTRL_X0Y16       BUFG (Prop_bufg_I_O)         0.029     1.165 r  clk_IBUF_BUFG_inst/O
                         net (fo=5610, routed)        0.923     2.088    u_mesh/GEN_R[2].r/u_datapath/local_vc1_fifo/fifo_mem_reg[0][flit_data]_0_3_24_29/WCLK
    SLICE_X30Y152        RAMS32                                       r  u_mesh/GEN_R[2].r/u_datapath/local_vc1_fifo/fifo_mem_reg[0][flit_data]_0_3_24_29/RAMD_D1/CLK
                         clock pessimism             -0.506     1.582    
    SLICE_X30Y152        RAMS32 (Hold_rams32_CLK_ADR0)
                                                      0.310     1.892    u_mesh/GEN_R[2].r/u_datapath/local_vc1_fifo/fifo_mem_reg[0][flit_data]_0_3_24_29/RAMD_D1
  -------------------------------------------------------------------
                         required time                         -1.892    
                         arrival time                           1.939    
  -------------------------------------------------------------------
                         slack                                  0.047    

Slack (MET) :             0.048ns  (arrival time - required time)
  Source:                 u_mesh/GEN_R[1].r/u_datapath/local_vc2_fifo/wr_ptr_reg[0]/C
                            (rising edge-triggered cell FDRE clocked by clk  {rise@0.000ns fall@10.000ns period=20.000ns})
  Destination:            u_mesh/GEN_R[1].r/u_datapath/local_vc2_fifo/fifo_mem_reg[0][flit_data]_0_3_30_31/DP/WADR0
                            (rising edge-triggered cell RAMD32 clocked by clk  {rise@0.000ns fall@10.000ns period=20.000ns})
  Path Group:             clk
  Path Type:              Hold (Min at Fast Process Corner)
  Requirement:            0.000ns  (clk rise@0.000ns - clk rise@0.000ns)
  Data Path Delay:        0.371ns  (logic 0.141ns (38.053%)  route 0.230ns (61.947%))
  Logic Levels:           0  
  Clock Path Skew:        0.013ns (DCD - SCD - CPR)
    Destination Clock Delay (DCD):    2.105ns
    Source Clock Delay      (SCD):    1.586ns
    Clock Pessimism Removal (CPR):    0.506ns

    Location             Delay type                Incr(ns)  Path(ns)    Netlist Resource(s)
  -------------------------------------------------------------------    -------------------
                         (clock clk rise edge)        0.000     0.000 r  
    E3                                                0.000     0.000 r  clk (IN)
                         net (fo=0)                   0.000     0.000    clk
    E3                   IBUF (Prop_ibuf_I_O)         0.250     0.250 r  clk_IBUF_inst/O
                         net (fo=1, routed)           0.644     0.894    clk_IBUF
    BUFGCTRL_X0Y16       BUFG (Prop_bufg_I_O)         0.026     0.920 r  clk_IBUF_BUFG_inst/O
                         net (fo=5610, routed)        0.666     1.586    u_mesh/GEN_R[1].r/u_datapath/local_vc2_fifo/clk_IBUF_BUFG
    SLICE_X7Y175         FDRE                                         r  u_mesh/GEN_R[1].r/u_datapath/local_vc2_fifo/wr_ptr_reg[0]/C
  -------------------------------------------------------------------    -------------------
    SLICE_X7Y175         FDRE (Prop_fdre_C_Q)         0.141     1.727 r  u_mesh/GEN_R[1].r/u_datapath/local_vc2_fifo/wr_ptr_reg[0]/Q
                         net (fo=60, routed)          0.230     1.956    u_mesh/GEN_R[1].r/u_datapath/local_vc2_fifo/fifo_mem_reg[0][flit_data]_0_3_30_31/A0
    SLICE_X6Y175         RAMD32                                       r  u_mesh/GEN_R[1].r/u_datapath/local_vc2_fifo/fifo_mem_reg[0][flit_data]_0_3_30_31/DP/WADR0
  -------------------------------------------------------------------    -------------------

                         (clock clk rise edge)        0.000     0.000 r  
    E3                                                0.000     0.000 r  clk (IN)
                         net (fo=0)                   0.000     0.000    clk
    E3                   IBUF (Prop_ibuf_I_O)         0.438     0.438 r  clk_IBUF_inst/O
                         net (fo=1, routed)           0.699     1.136    clk_IBUF
    BUFGCTRL_X0Y16       BUFG (Prop_bufg_I_O)         0.029     1.165 r  clk_IBUF_BUFG_inst/O
                         net (fo=5610, routed)        0.940     2.105    u_mesh/GEN_R[1].r/u_datapath/local_vc2_fifo/fifo_mem_reg[0][flit_data]_0_3_30_31/WCLK
    SLICE_X6Y175         RAMD32                                       r  u_mesh/GEN_R[1].r/u_datapath/local_vc2_fifo/fifo_mem_reg[0][flit_data]_0_3_30_31/DP/CLK
                         clock pessimism             -0.506     1.599    
    SLICE_X6Y175         RAMD32 (Hold_ramd32_CLK_WADR0)
                                                      0.310     1.909    u_mesh/GEN_R[1].r/u_datapath/local_vc2_fifo/fifo_mem_reg[0][flit_data]_0_3_30_31/DP
  -------------------------------------------------------------------
                         required time                         -1.909    
                         arrival time                           1.956    
  -------------------------------------------------------------------
                         slack                                  0.048    

Slack (MET) :             0.048ns  (arrival time - required time)
  Source:                 u_mesh/GEN_R[1].r/u_datapath/local_vc2_fifo/wr_ptr_reg[0]/C
                            (rising edge-triggered cell FDRE clocked by clk  {rise@0.000ns fall@10.000ns period=20.000ns})
  Destination:            u_mesh/GEN_R[1].r/u_datapath/local_vc2_fifo/fifo_mem_reg[0][flit_data]_0_3_30_31/SP/WADR0
                            (rising edge-triggered cell RAMD32 clocked by clk  {rise@0.000ns fall@10.000ns period=20.000ns})
  Path Group:             clk
  Path Type:              Hold (Min at Fast Process Corner)
  Requirement:            0.000ns  (clk rise@0.000ns - clk rise@0.000ns)
  Data Path Delay:        0.371ns  (logic 0.141ns (38.053%)  route 0.230ns (61.947%))
  Logic Levels:           0  
  Clock Path Skew:        0.013ns (DCD - SCD - CPR)
    Destination Clock Delay (DCD):    2.105ns
    Source Clock Delay      (SCD):    1.586ns
    Clock Pessimism Removal (CPR):    0.506ns

    Location             Delay type                Incr(ns)  Path(ns)    Netlist Resource(s)
  -------------------------------------------------------------------    -------------------
                         (clock clk rise edge)        0.000     0.000 r  
    E3                                                0.000     0.000 r  clk (IN)
                         net (fo=0)                   0.000     0.000    clk
    E3                   IBUF (Prop_ibuf_I_O)         0.250     0.250 r  clk_IBUF_inst/O
                         net (fo=1, routed)           0.644     0.894    clk_IBUF
    BUFGCTRL_X0Y16       BUFG (Prop_bufg_I_O)         0.026     0.920 r  clk_IBUF_BUFG_inst/O
                         net (fo=5610, routed)        0.666     1.586    u_mesh/GEN_R[1].r/u_datapath/local_vc2_fifo/clk_IBUF_BUFG
    SLICE_X7Y175         FDRE                                         r  u_mesh/GEN_R[1].r/u_datapath/local_vc2_fifo/wr_ptr_reg[0]/C
  -------------------------------------------------------------------    -------------------
    SLICE_X7Y175         FDRE (Prop_fdre_C_Q)         0.141     1.727 r  u_mesh/GEN_R[1].r/u_datapath/local_vc2_fifo/wr_ptr_reg[0]/Q
                         net (fo=60, routed)          0.230     1.956    u_mesh/GEN_R[1].r/u_datapath/local_vc2_fifo/fifo_mem_reg[0][flit_data]_0_3_30_31/A0
    SLICE_X6Y175         RAMD32                                       r  u_mesh/GEN_R[1].r/u_datapath/local_vc2_fifo/fifo_mem_reg[0][flit_data]_0_3_30_31/SP/WADR0
  -------------------------------------------------------------------    -------------------

                         (clock clk rise edge)        0.000     0.000 r  
    E3                                                0.000     0.000 r  clk (IN)
                         net (fo=0)                   0.000     0.000    clk
    E3                   IBUF (Prop_ibuf_I_O)         0.438     0.438 r  clk_IBUF_inst/O
                         net (fo=1, routed)           0.699     1.136    clk_IBUF
    BUFGCTRL_X0Y16       BUFG (Prop_bufg_I_O)         0.029     1.165 r  clk_IBUF_BUFG_inst/O
                         net (fo=5610, routed)        0.940     2.105    u_mesh/GEN_R[1].r/u_datapath/local_vc2_fifo/fifo_mem_reg[0][flit_data]_0_3_30_31/WCLK
    SLICE_X6Y175         RAMD32                                       r  u_mesh/GEN_R[1].r/u_datapath/local_vc2_fifo/fifo_mem_reg[0][flit_data]_0_3_30_31/SP/CLK
                         clock pessimism             -0.506     1.599    
    SLICE_X6Y175         RAMD32 (Hold_ramd32_CLK_WADR0)
                                                      0.310     1.909    u_mesh/GEN_R[1].r/u_datapath/local_vc2_fifo/fifo_mem_reg[0][flit_data]_0_3_30_31/SP
  -------------------------------------------------------------------
                         required time                         -1.909    
                         arrival time                           1.956    
  -------------------------------------------------------------------
                         slack                                  0.048    





Pulse Width Checks
--------------------------------------------------------------------------------------
Clock Name:         clk
Waveform(ns):       { 0.000 10.000 }
Period(ns):         20.000
Sources:            { clk }

Check Type        Corner  Lib Pin     Reference Pin  Required(ns)  Actual(ns)  Slack(ns)  Location        Pin
Min Period        n/a     BUFG/I      n/a            2.155         20.000      17.845     BUFGCTRL_X0Y16  clk_IBUF_BUFG_inst/I
Min Period        n/a     FDSE/C      n/a            1.000         20.000      19.000     SLICE_X24Y188   GEN_SRC[0].lfsr_reg[0]/C
Min Period        n/a     FDSE/C      n/a            1.000         20.000      19.000     SLICE_X13Y183   GEN_SRC[0].lfsr_reg[10]/C
Min Period        n/a     FDSE/C      n/a            1.000         20.000      19.000     SLICE_X9Y182    GEN_SRC[0].lfsr_reg[11]/C
Min Period        n/a     FDSE/C      n/a            1.000         20.000      19.000     SLICE_X11Y182   GEN_SRC[0].lfsr_reg[12]/C
Min Period        n/a     FDRE/C      n/a            1.000         20.000      19.000     SLICE_X11Y182   GEN_SRC[0].lfsr_reg[13]/C
Min Period        n/a     FDRE/C      n/a            1.000         20.000      19.000     SLICE_X11Y182   GEN_SRC[0].lfsr_reg[14]/C
Min Period        n/a     FDRE/C      n/a            1.000         20.000      19.000     SLICE_X11Y182   GEN_SRC[0].lfsr_reg[15]/C
Min Period        n/a     FDSE/C      n/a            1.000         20.000      19.000     SLICE_X11Y182   GEN_SRC[0].lfsr_reg[16]/C
Min Period        n/a     FDSE/C      n/a            1.000         20.000      19.000     SLICE_X11Y182   GEN_SRC[0].lfsr_reg[17]/C
Low Pulse Width   Slow    RAMD32/CLK  n/a            1.250         10.000      8.750      SLICE_X10Y184   u_mesh/GEN_R[0].r/u_datapath/east_vc0_fifo/fifo_mem_reg[0][flit_data]_0_3_0_5/RAMA/CLK
Low Pulse Width   Fast    RAMD32/CLK  n/a            1.250         10.000      8.750      SLICE_X10Y184   u_mesh/GEN_R[0].r/u_datapath/east_vc0_fifo/fifo_mem_reg[0][flit_data]_0_3_0_5/RAMA/CLK
Low Pulse Width   Slow    RAMD32/CLK  n/a            1.250         10.000      8.750      SLICE_X10Y184   u_mesh/GEN_R[0].r/u_datapath/east_vc0_fifo/fifo_mem_reg[0][flit_data]_0_3_0_5/RAMA_D1/CLK
Low Pulse Width   Fast    RAMD32/CLK  n/a            1.250         10.000      8.750      SLICE_X10Y184   u_mesh/GEN_R[0].r/u_datapath/east_vc0_fifo/fifo_mem_reg[0][flit_data]_0_3_0_5/RAMA_D1/CLK
Low Pulse Width   Slow    RAMD32/CLK  n/a            1.250         10.000      8.750      SLICE_X10Y184   u_mesh/GEN_R[0].r/u_datapath/east_vc0_fifo/fifo_mem_reg[0][flit_data]_0_3_0_5/RAMB/CLK
Low Pulse Width   Fast    RAMD32/CLK  n/a            1.250         10.000      8.750      SLICE_X10Y184   u_mesh/GEN_R[0].r/u_datapath/east_vc0_fifo/fifo_mem_reg[0][flit_data]_0_3_0_5/RAMB/CLK
Low Pulse Width   Slow    RAMD32/CLK  n/a            1.250         10.000      8.750      SLICE_X10Y184   u_mesh/GEN_R[0].r/u_datapath/east_vc0_fifo/fifo_mem_reg[0][flit_data]_0_3_0_5/RAMB_D1/CLK
Low Pulse Width   Fast    RAMD32/CLK  n/a            1.250         10.000      8.750      SLICE_X10Y184   u_mesh/GEN_R[0].r/u_datapath/east_vc0_fifo/fifo_mem_reg[0][flit_data]_0_3_0_5/RAMB_D1/CLK
Low Pulse Width   Slow    RAMD32/CLK  n/a            1.250         10.000      8.750      SLICE_X10Y184   u_mesh/GEN_R[0].r/u_datapath/east_vc0_fifo/fifo_mem_reg[0][flit_data]_0_3_0_5/RAMC/CLK
Low Pulse Width   Fast    RAMD32/CLK  n/a            1.250         10.000      8.750      SLICE_X10Y184   u_mesh/GEN_R[0].r/u_datapath/east_vc0_fifo/fifo_mem_reg[0][flit_data]_0_3_0_5/RAMC/CLK
High Pulse Width  Slow    RAMD32/CLK  n/a            1.250         10.000      8.750      SLICE_X10Y184   u_mesh/GEN_R[0].r/u_datapath/east_vc0_fifo/fifo_mem_reg[0][flit_data]_0_3_0_5/RAMA/CLK
High Pulse Width  Fast    RAMD32/CLK  n/a            1.250         10.000      8.750      SLICE_X10Y184   u_mesh/GEN_R[0].r/u_datapath/east_vc0_fifo/fifo_mem_reg[0][flit_data]_0_3_0_5/RAMA/CLK
High Pulse Width  Slow    RAMD32/CLK  n/a            1.250         10.000      8.750      SLICE_X10Y184   u_mesh/GEN_R[0].r/u_datapath/east_vc0_fifo/fifo_mem_reg[0][flit_data]_0_3_0_5/RAMA_D1/CLK
High Pulse Width  Fast    RAMD32/CLK  n/a            1.250         10.000      8.750      SLICE_X10Y184   u_mesh/GEN_R[0].r/u_datapath/east_vc0_fifo/fifo_mem_reg[0][flit_data]_0_3_0_5/RAMA_D1/CLK
High Pulse Width  Slow    RAMD32/CLK  n/a            1.250         10.000      8.750      SLICE_X10Y184   u_mesh/GEN_R[0].r/u_datapath/east_vc0_fifo/fifo_mem_reg[0][flit_data]_0_3_0_5/RAMB/CLK
High Pulse Width  Fast    RAMD32/CLK  n/a            1.250         10.000      8.750      SLICE_X10Y184   u_mesh/GEN_R[0].r/u_datapath/east_vc0_fifo/fifo_mem_reg[0][flit_data]_0_3_0_5/RAMB/CLK
High Pulse Width  Slow    RAMD32/CLK  n/a            1.250         10.000      8.750      SLICE_X10Y184   u_mesh/GEN_R[0].r/u_datapath/east_vc0_fifo/fifo_mem_reg[0][flit_data]_0_3_0_5/RAMB_D1/CLK
High Pulse Width  Fast    RAMD32/CLK  n/a            1.250         10.000      8.750      SLICE_X10Y184   u_mesh/GEN_R[0].r/u_datapath/east_vc0_fifo/fifo_mem_reg[0][flit_data]_0_3_0_5/RAMB_D1/CLK
High Pulse Width  Slow    RAMD32/CLK  n/a            1.250         10.000      8.750      SLICE_X10Y184   u_mesh/GEN_R[0].r/u_datapath/east_vc0_fifo/fifo_mem_reg[0][flit_data]_0_3_0_5/RAMC/CLK
High Pulse Width  Fast    RAMD32/CLK  n/a            1.250         10.000      8.750      SLICE_X10Y184   u_mesh/GEN_R[0].r/u_datapath/east_vc0_fifo/fifo_mem_reg[0][flit_data]_0_3_0_5/RAMC/CLK



--------------------------------------------------------------------------------------
Path Group:  (none)
From Clock:  clk
  To Clock:  

Max Delay             1 Endpoint
Min Delay             1 Endpoint
--------------------------------------------------------------------------------------


Max Delay Paths
--------------------------------------------------------------------------------------
Slack:                    inf
  Source:                 fold_q_reg_lopt_replica/C
                            (rising edge-triggered cell FDRE clocked by clk  {rise@0.000ns fall@10.000ns period=20.000ns})
  Destination:            led
                            (output port)
  Path Group:             (none)
  Path Type:              Max at Slow Process Corner
  Data Path Delay:        9.489ns  (logic 4.124ns (43.457%)  route 5.365ns (56.543%))
  Logic Levels:           1  (OBUF=1)
  Clock Uncertainty:      0.025ns  ((TSJ^2 + TIJ^2)^1/2 + DJ) / 2 + PE
    Total System Jitter     (TSJ):    0.050ns
    Total Input Jitter      (TIJ):    0.000ns
    Discrete Jitter          (DJ):    0.000ns
    Phase Error              (PE):    0.000ns
  Timing Exception:       False Path

    Location             Delay type                Incr(ns)  Path(ns)    Netlist Resource(s)
  -------------------------------------------------------------------    -------------------
                         (clock clk rise edge)        0.000     0.000 r  
    E3                                                0.000     0.000 r  clk (IN)
                         net (fo=0)                   0.000     0.000    clk
    E3                   IBUF (Prop_ibuf_I_O)         1.482     1.482 r  clk_IBUF_inst/O
                         net (fo=1, routed)           2.025     3.506    clk_IBUF
    BUFGCTRL_X0Y16       BUFG (Prop_bufg_I_O)         0.096     3.602 r  clk_IBUF_BUFG_inst/O
                         net (fo=5610, routed)        1.795     5.398    clk_IBUF_BUFG
    SLICE_X37Y169        FDRE                                         r  fold_q_reg_lopt_replica/C
  -------------------------------------------------------------------    -------------------
    SLICE_X37Y169        FDRE (Prop_fdre_C_Q)         0.419     5.817 r  fold_q_reg_lopt_replica/Q
                         net (fo=1, routed)           5.365    11.182    fold_q_reg_lopt_replica_1
    H5                   OBUF (Prop_obuf_I_O)         3.705    14.887 r  led_OBUF_inst/O
                         net (fo=0)                   0.000    14.887    led
    H5                                                                r  led (OUT)
  -------------------------------------------------------------------    -------------------





Min Delay Paths
--------------------------------------------------------------------------------------
Slack:                    inf
  Source:                 fold_q_reg_lopt_replica/C
                            (rising edge-triggered cell FDRE clocked by clk  {rise@0.000ns fall@10.000ns period=20.000ns})
  Destination:            led
                            (output port)
  Path Group:             (none)
  Path Type:              Min at Fast Process Corner
  Data Path Delay:        3.495ns  (logic 1.413ns (40.417%)  route 2.082ns (59.583%))
  Logic Levels:           1  (OBUF=1)
  Clock Uncertainty:      0.025ns  ((TSJ^2 + TIJ^2)^1/2 + DJ) / 2 + PE
    Total System Jitter     (TSJ):    0.050ns
    Total Input Jitter      (TIJ):    0.000ns
    Discrete Jitter          (DJ):    0.000ns
    Phase Error              (PE):    0.000ns
  Timing Exception:       False Path

    Location             Delay type                Incr(ns)  Path(ns)    Netlist Resource(s)
  -------------------------------------------------------------------    -------------------
                         (clock clk rise edge)        0.000     0.000 r  
    E3                                                0.000     0.000 r  clk (IN)
                         net (fo=0)                   0.000     0.000    clk
    E3                   IBUF (Prop_ibuf_I_O)         0.250     0.250 r  clk_IBUF_inst/O
                         net (fo=1, routed)           0.644     0.894    clk_IBUF
    BUFGCTRL_X0Y16       BUFG (Prop_bufg_I_O)         0.026     0.920 r  clk_IBUF_BUFG_inst/O
                         net (fo=5610, routed)        0.639     1.559    clk_IBUF_BUFG
    SLICE_X37Y169        FDRE                                         r  fold_q_reg_lopt_replica/C
  -------------------------------------------------------------------    -------------------
    SLICE_X37Y169        FDRE (Prop_fdre_C_Q)         0.128     1.687 r  fold_q_reg_lopt_replica/Q
                         net (fo=1, routed)           2.082     3.769    fold_q_reg_lopt_replica_1
    H5                   OBUF (Prop_obuf_I_O)         1.285     5.054 r  led_OBUF_inst/O
                         net (fo=0)                   0.000     5.054    led
    H5                                                                r  led (OUT)
  -------------------------------------------------------------------    -------------------





--------------------------------------------------------------------------------------
Path Group:  (none)
From Clock:  
  To Clock:  clk

Max Delay             1 Endpoint
Min Delay             1 Endpoint
--------------------------------------------------------------------------------------


Max Delay Paths
--------------------------------------------------------------------------------------
Slack:                    inf
  Source:                 rst
                            (input port)
  Destination:            rst_sync_reg[0]/D
                            (rising edge-triggered cell FDRE clocked by clk  {rise@0.000ns fall@10.000ns period=20.000ns})
  Path Group:             (none)
  Path Type:              Setup (Max at Slow Process Corner)
  Data Path Delay:        2.777ns  (logic 1.487ns (53.556%)  route 1.290ns (46.444%))
  Logic Levels:           1  (IBUF=1)
  Clock Path Skew:        5.187ns (DCD - SCD + CPR)
    Destination Clock Delay (DCD):    5.187ns
    Source Clock Delay      (SCD):    0.000ns
    Clock Pessimism Removal (CPR):    0.000ns
  Clock Uncertainty:      0.025ns  ((TSJ^2 + TIJ^2)^1/2 + DJ) / 2 + PE
    Total System Jitter     (TSJ):    0.050ns
    Total Input Jitter      (TIJ):    0.000ns
    Discrete Jitter          (DJ):    0.000ns
    Phase Error              (PE):    0.000ns
  Timing Exception:       False Path

    Location             Delay type                Incr(ns)  Path(ns)    Netlist Resource(s)
  -------------------------------------------------------------------    -------------------
    D9                                                0.000     0.000 r  rst (IN)
                         net (fo=0)                   0.000     0.000    rst
    D9                   IBUF (Prop_ibuf_I_O)         1.487     1.487 r  rst_IBUF_inst/O
                         net (fo=1, routed)           1.290     2.777    rst_IBUF
    SLICE_X2Y198         FDRE                                         r  rst_sync_reg[0]/D
  -------------------------------------------------------------------    -------------------

                         (clock clk rise edge)        0.000     0.000 r  
    E3                                                0.000     0.000 r  clk (IN)
                         net (fo=0)                   0.000     0.000    clk
    E3                   IBUF (Prop_ibuf_I_O)         1.411     1.411 r  clk_IBUF_inst/O
                         net (fo=1, routed)           1.920     3.331    clk_IBUF
    BUFGCTRL_X0Y16       BUFG (Prop_bufg_I_O)         0.091     3.422 r  clk_IBUF_BUFG_inst/O
                         net (fo=5610, routed)        1.765     5.187    clk_IBUF_BUFG
    SLICE_X2Y198         FDRE                                         r  rst_sync_reg[0]/C





Min Delay Paths
--------------------------------------------------------------------------------------
Slack:                    inf
  Source:                 rst
                            (input port)
  Destination:            rst_sync_reg[0]/D
                            (rising edge-triggered cell FDRE clocked by clk  {rise@0.000ns fall@10.000ns period=20.000ns})
  Path Group:             (none)
  Path Type:              Hold (Min at Fast Process Corner)
  Data Path Delay:        0.773ns  (logic 0.255ns (33.005%)  route 0.518ns (66.995%))
  Logic Levels:           1  (IBUF=1)
  Clock Path Skew:        2.123ns (DCD - SCD - CPR)
    Destination Clock Delay (DCD):    2.123ns
    Source Clock Delay      (SCD):    0.000ns
    Clock Pessimism Removal (CPR):    -0.000ns
  Timing Exception:       False Path

    Location             Delay type                Incr(ns)  Path(ns)    Netlist Resource(s)
  -------------------------------------------------------------------    -------------------
    D9                                                0.000     0.000 r  rst (IN)
                         net (fo=0)                   0.000     0.000    rst
    D9                   IBUF (Prop_ibuf_I_O)         0.255     0.255 r  rst_IBUF_inst/O
                         net (fo=1, routed)           0.518     0.773    rst_IBUF
    SLICE_X2Y198         FDRE                                         r  rst_sync_reg[0]/D
  -------------------------------------------------------------------    -------------------

                         (clock clk rise edge)        0.000     0.000 r  
    E3                                                0.000     0.000 r  clk (IN)
                         net (fo=0)                   0.000     0.000    clk
    E3                   IBUF (Prop_ibuf_I_O)         0.438     0.438 r  clk_IBUF_inst/O
                         net (fo=1, routed)           0.699     1.136    clk_IBUF
    BUFGCTRL_X0Y16       BUFG (Prop_bufg_I_O)         0.029     1.165 r  clk_IBUF_BUFG_inst/O
                         net (fo=5610, routed)        0.958     2.123    clk_IBUF_BUFG
    SLICE_X2Y198         FDRE                                         r  rst_sync_reg[0]/C






