Copyright 1986-2022 Xilinx, Inc. All Rights Reserved. Copyright 2022-2024 Advanced Micro Devices, Inc. All Rights Reserved.
---------------------------------------------------------------------------------------------------------------------------------------------------------------------------------------------------------------------------------------------------
| Tool Version : Vivado v.2024.1 (win64) Build 5076996 Wed May 22 18:37:14 MDT 2024
| Date         : Wed Sep 23 21:54:58 2026
| Host         : LAPTOP-N9F2OTPF running 64-bit major release  (build 9200)
| Command      : report_timing_summary -max_paths 10 -report_unconstrained -file noc_mesh_synth_top_timing_summary_routed.rpt -pb noc_mesh_synth_top_timing_summary_routed.pb -rpx noc_mesh_synth_top_timing_summary_routed.rpx -warn_on_violation
| Design       : noc_mesh_synth_top
| Device       : 7a100t-csg324
| Speed File   : -1  PRODUCTION 1.23 2018-06-13
| Design State : Routed
---------------------------------------------------------------------------------------------------------------------------------------------------------------------------------------------------------------------------------------------------

Timing Summary Report

------------------------------------------------------------------------------------------------
| Timer Settings
| --------------
------------------------------------------------------------------------------------------------

  Enable Multi Corner Analysis               :  Yes
  Enable Pessimism Removal                   :  Yes
  Pessimism Removal Resolution               :  Nearest Common Node
  Enable Input Delay Default Clock           :  No
  Enable Preset / Clear Arcs                 :  No
  Disable Flight Delays                      :  No
  Ignore I/O Paths                           :  No
  Timing Early Launch at Borrowing Latches   :  No
  Borrow Time for Max Delay Exceptions       :  Yes
  Merge Timing Exceptions                    :  Yes
  Inter-SLR Compensation                     :  Conservative

  Corner  Analyze    Analyze    
  Name    Max Paths  Min Paths  
  ------  ---------  ---------  
  Slow    Yes        Yes        
  Fast    Yes        Yes        


------------------------------------------------------------------------------------------------
| Report Methodology
| ------------------
------------------------------------------------------------------------------------------------

Rule       Severity  Description            Violations  
---------  --------  ---------------------  ----------  
TIMING-16  Warning   Large setup violation  124         

Note: This report is based on the most recent report_methodology run and may not be up-to-date. Run report_methodology on the current design for the latest report.



check_timing report

Table of Contents
-----------------
1. checking no_clock (0)
2. checking constant_clock (0)
3. checking pulse_width_clock (0)
4. checking unconstrained_internal_endpoints (0)
5. checking no_input_delay (1)
6. checking no_output_delay (1)
7. checking multiple_clock (0)
8. checking generated_clocks (0)
9. checking loops (0)
10. checking partial_input_delay (0)
11. checking partial_output_delay (0)
12. checking latch_loops (0)

1. checking no_clock (0)
------------------------
 There are 0 register/latch pins with no clock.


2. checking constant_clock (0)
------------------------------
 There are 0 register/latch pins with constant_clock.


3. checking pulse_width_clock (0)
---------------------------------
 There are 0 register/latch pins which need pulse_width check


4. checking unconstrained_internal_endpoints (0)
------------------------------------------------
 There are 0 pins that are not constrained for maximum delay.

 There are 0 pins that are not constrained for maximum delay due to constant clock.


5. checking no_input_delay (1)
------------------------------
 There are 0 input ports with no input delay specified.

 There is 1 input port with no input delay but user has a false path constraint. (MEDIUM)


6. checking no_output_delay (1)
-------------------------------
 There are 0 ports with no output delay specified.

 There is 1 port with no output delay but user has a false path constraint (MEDIUM)

 There are 0 ports with no output delay but with a timing clock defined on it or propagating through it


7. checking multiple_clock (0)
------------------------------
 There are 0 register/latch pins with multiple clocks.


8. checking generated_clocks (0)
--------------------------------
 There are 0 generated clocks that are not connected to a clock source.


9. checking loops (0)
---------------------
 There are 0 combinational loops in the design.


10. checking partial_input_delay (0)
------------------------------------
 There are 0 input ports with partial input delay specified.


11. checking partial_output_delay (0)
-------------------------------------
 There are 0 ports with partial output delay specified.


12. checking latch_loops (0)
----------------------------
 There are 0 combinational latch loops in the design through latch input



------------------------------------------------------------------------------------------------
| Design Timing Summary
| ---------------------
------------------------------------------------------------------------------------------------

    WNS(ns)      TNS(ns)  TNS Failing Endpoints  TNS Total Endpoints      WHS(ns)      THS(ns)  THS Failing Endpoints  THS Total Endpoints     WPWS(ns)     TPWS(ns)  TPWS Failing Endpoints  TPWS Total Endpoints  
    -------      -------  ---------------------  -------------------      -------      -------  ---------------------  -------------------     --------     --------  ----------------------  --------------------  
     -1.301    -1535.499                   2648                16785        0.035        0.000                      0                16785        8.750        0.000                       0                  4885  


Timing constraints are not met.


------------------------------------------------------------------------------------------------
| Clock Summary
| -------------
------------------------------------------------------------------------------------------------

Clock  Waveform(ns)       Period(ns)      Frequency(MHz)
-----  ------------       ----------      --------------
clk    {0.000 10.000}     20.000          50.000          


------------------------------------------------------------------------------------------------
| Intra Clock Table
| -----------------
------------------------------------------------------------------------------------------------

Clock             WNS(ns)      TNS(ns)  TNS Failing Endpoints  TNS Total Endpoints      WHS(ns)      THS(ns)  THS Failing Endpoints  THS Total Endpoints     WPWS(ns)     TPWS(ns)  TPWS Failing Endpoints  TPWS Total Endpoints  
-----             -------      -------  ---------------------  -------------------      -------      -------  ---------------------  -------------------     --------     --------  ----------------------  --------------------  
clk                -1.301    -1535.499                   2648                16785        0.035        0.000                      0                16785        8.750        0.000                       0                  4885  


------------------------------------------------------------------------------------------------
| Inter Clock Table
| -----------------
------------------------------------------------------------------------------------------------

From Clock    To Clock          WNS(ns)      TNS(ns)  TNS Failing Endpoints  TNS Total Endpoints      WHS(ns)      THS(ns)  THS Failing Endpoints  THS Total Endpoints  
----------    --------          -------      -------  ---------------------  -------------------      -------      -------  ---------------------  -------------------  


------------------------------------------------------------------------------------------------
| Other Path Groups Table
| -----------------------
------------------------------------------------------------------------------------------------

Path Group    From Clock    To Clock          WNS(ns)      TNS(ns)  TNS Failing Endpoints  TNS Total Endpoints      WHS(ns)      THS(ns)  THS Failing Endpoints  THS Total Endpoints  
----------    ----------    --------          -------      -------  ---------------------  -------------------      -------      -------  ---------------------  -------------------  


------------------------------------------------------------------------------------------------
| User Ignored Path Table
| -----------------------
------------------------------------------------------------------------------------------------

Path Group    From Clock    To Clock    
----------    ----------    --------    
(none)        clk                         
(none)                      clk           


------------------------------------------------------------------------------------------------
| Unconstrained Path Table
| ------------------------
------------------------------------------------------------------------------------------------

Path Group    From Clock    To Clock    
----------    ----------    --------    


------------------------------------------------------------------------------------------------
| Timing Details
| --------------
------------------------------------------------------------------------------------------------


---------------------------------------------------------------------------------------------------
From Clock:  clk
  To Clock:  clk

Setup :         2648  Failing Endpoints,  Worst Slack       -1.301ns,  Total Violation    -1535.499ns
Hold  :            0  Failing Endpoints,  Worst Slack        0.035ns,  Total Violation        0.000ns
PW    :            0  Failing Endpoints,  Worst Slack        8.750ns,  Total Violation        0.000ns
---------------------------------------------------------------------------------------------------


Max Delay Paths
--------------------------------------------------------------------------------------
Slack (VIOLATED) :        -1.301ns  (required time - arrival time)
  Source:                 u_mesh/GEN_R[4].r/u_datapath/west_vc0_fifo/rd_ptr_reg[0]/C
                            (rising edge-triggered cell FDRE clocked by clk  {rise@0.000ns fall@10.000ns period=20.000ns})
  Destination:            u_mesh/GEN_R[1].r/u_datapath/south_vc1_fifo/fifo_mem_reg[0][flit_data]_0_3_24_29/RAMA/WE
                            (rising edge-triggered cell RAMD32 clocked by clk  {rise@0.000ns fall@10.000ns period=20.000ns})
  Path Group:             clk
  Path Type:              Setup (Max at Slow Process Corner)
  Requirement:            20.000ns  (clk rise@20.000ns - clk rise@0.000ns)
  Data Path Delay:        20.699ns  (logic 3.688ns (17.817%)  route 17.011ns (82.183%))
  Logic Levels:           22  (LUT4=3 LUT5=6 LUT6=11 MUXF7=1 RAMD32=1)
  Clock Path Skew:        -0.033ns (DCD - SCD + CPR)
    Destination Clock Delay (DCD):    4.910ns = ( 24.910 - 20.000 ) 
    Source Clock Delay      (SCD):    5.202ns
    Clock Pessimism Removal (CPR):    0.259ns
  Clock Uncertainty:      0.035ns  ((TSJ^2 + TIJ^2)^1/2 + DJ) / 2 + PE
    Total System Jitter     (TSJ):    0.071ns
    Total Input Jitter      (TIJ):    0.000ns
    Discrete Jitter          (DJ):    0.000ns
    Phase Error              (PE):    0.000ns

    Location             Delay type                Incr(ns)  Path(ns)    Netlist Resource(s)
  -------------------------------------------------------------------    -------------------
                         (clock clk rise edge)        0.000     0.000 r  
    E3                                                0.000     0.000 r  clk (IN)
                         net (fo=0)                   0.000     0.000    clk
    E3                   IBUF (Prop_ibuf_I_O)         1.482     1.482 r  clk_IBUF_inst/O
                         net (fo=1, routed)           2.025     3.506    clk_IBUF
    BUFGCTRL_X0Y16       BUFG (Prop_bufg_I_O)         0.096     3.602 r  clk_IBUF_BUFG_inst/O
                         net (fo=4884, routed)        1.600     5.202    u_mesh/GEN_R[4].r/u_datapath/west_vc0_fifo/clk_IBUF_BUFG
    SLICE_X67Y127        FDRE                                         r  u_mesh/GEN_R[4].r/u_datapath/west_vc0_fifo/rd_ptr_reg[0]/C
  -------------------------------------------------------------------    -------------------
    SLICE_X67Y127        FDRE (Prop_fdre_C_Q)         0.456     5.658 r  u_mesh/GEN_R[4].r/u_datapath/west_vc0_fifo/rd_ptr_reg[0]/Q
                         net (fo=38, routed)          0.892     6.550    u_mesh/GEN_R[4].r/u_datapath/west_vc0_fifo/fifo_mem_reg[0][flit_data]_0_3_30_31__0/DPRA0
    SLICE_X66Y128        RAMD32 (Prop_ramd32_RADR0_O)
                                                      0.153     6.703 f  u_mesh/GEN_R[4].r/u_datapath/west_vc0_fifo/fifo_mem_reg[0][flit_data]_0_3_30_31__0/DP/O
                         net (fo=10, routed)          0.881     7.584    u_mesh/GEN_R[4].r/u_datapath/west_vc0_fifo/fifo_mem_reg[0][flit_data]_0_3_30_31__0_n_0
    SLICE_X70Y128        LUT6 (Prop_lut6_I1_O)        0.331     7.915 r  u_mesh/GEN_R[4].r/u_datapath/west_vc0_fifo/i___18_i_257/O
                         net (fo=2, routed)           0.967     8.882    u_mesh/GEN_R[4].r/u_datapath/west_vc0_fifo/i___18_i_257_n_0
    SLICE_X71Y126        LUT6 (Prop_lut6_I2_O)        0.124     9.006 r  u_mesh/GEN_R[4].r/u_datapath/west_vc0_fifo/i___18_i_201/O
                         net (fo=1, routed)           0.900     9.906    u_mesh/GEN_R[4].r/u_datapath/west_vc0_fifo/i___18_i_201_n_0
    SLICE_X72Y126        LUT5 (Prop_lut5_I0_O)        0.124    10.030 f  u_mesh/GEN_R[4].r/u_datapath/west_vc0_fifo/i___18_i_101/O
                         net (fo=4, routed)           0.783    10.813    u_mesh/GEN_R[4].r/u_datapath/west_vc0_fifo/i___18_i_101_n_0
    SLICE_X76Y124        LUT6 (Prop_lut6_I0_O)        0.124    10.937 f  u_mesh/GEN_R[4].r/u_datapath/west_vc0_fifo/i___18_i_32/O
                         net (fo=3, routed)           0.817    11.755    u_mesh/GEN_R[4].r/u_datapath/west_vc0_fifo/output_locked_reg[1]
    SLICE_X75Y124        LUT5 (Prop_lut5_I1_O)        0.124    11.879 f  u_mesh/GEN_R[4].r/u_datapath/west_vc0_fifo/rr_ptr[1]_i_7__18/O
                         net (fo=5, routed)           0.478    12.356    u_mesh/GEN_R[4].r/u_allocator/GEN_IN_ARB[3].u_in_arbiter/rr_ptr_reg[1]_5[0]
    SLICE_X75Y123        LUT5 (Prop_lut5_I4_O)        0.124    12.480 r  u_mesh/GEN_R[4].r/u_allocator/GEN_IN_ARB[3].u_in_arbiter/i___7_i_9__1/O
                         net (fo=7, routed)           1.050    13.531    u_mesh/GEN_R[4].r/u_datapath/local_vc0_fifo/in_winner[3]_268[1]
    SLICE_X74Y124        LUT6 (Prop_lut6_I3_O)        0.124    13.655 r  u_mesh/GEN_R[4].r/u_datapath/local_vc0_fifo/i___18_i_21/O
                         net (fo=4, routed)           0.620    14.275    u_mesh/GEN_R[4].r/u_allocator/GEN_IN_ARB[3].u_in_arbiter/i___18_1
    SLICE_X76Y124        LUT5 (Prop_lut5_I3_O)        0.124    14.399 r  u_mesh/GEN_R[4].r/u_allocator/GEN_IN_ARB[3].u_in_arbiter/i___20_i_9/O
                         net (fo=4, routed)           0.625    15.024    u_mesh/GEN_R[4].r/u_allocator/GEN_IN_ARB[3].u_in_arbiter/i___20_i_9_n_0
    SLICE_X75Y122        LUT4 (Prop_lut4_I3_O)        0.124    15.148 r  u_mesh/GEN_R[4].r/u_allocator/GEN_IN_ARB[3].u_in_arbiter/i___20_i_5/O
                         net (fo=23, routed)          1.029    16.177    u_mesh/GEN_R[4].r/u_allocator/GEN_ARB[2].u_arbiter/rr_ptr_reg[2]_0
    SLICE_X74Y119        LUT6 (Prop_lut6_I2_O)        0.124    16.301 r  u_mesh/GEN_R[4].r/u_allocator/GEN_ARB[2].u_arbiter/output_owner[2][3]_i_12__1/O
                         net (fo=1, routed)           0.655    16.956    u_mesh/GEN_R[4].r/u_allocator/GEN_ARB[2].u_arbiter/output_owner[2][3]_i_12__1_n_0
    SLICE_X75Y119        LUT6 (Prop_lut6_I3_O)        0.124    17.080 r  u_mesh/GEN_R[4].r/u_allocator/GEN_ARB[2].u_arbiter/output_owner[2][3]_i_5__1/O
                         net (fo=5, routed)           0.617    17.697    u_mesh/GEN_R[4].r/u_allocator/GEN_ARB[2].u_arbiter/out_winner[2]_274[0]
    SLICE_X77Y118        LUT6 (Prop_lut6_I2_O)        0.124    17.821 r  u_mesh/GEN_R[4].r/u_allocator/GEN_ARB[2].u_arbiter/output_owner[2][1]_i_3__1/O
                         net (fo=3, routed)           0.415    18.236    u_mesh/GEN_R[4].r/u_allocator/GEN_ARB[2].u_arbiter/rr_ptr_reg[0]_19
    SLICE_X77Y118        LUT4 (Prop_lut4_I1_O)        0.124    18.360 r  u_mesh/GEN_R[4].r/u_allocator/GEN_ARB[2].u_arbiter/i___19_i_10__0/O
                         net (fo=23, routed)          1.308    19.667    u_mesh/GEN_R[4].r/xbar_sel[2]_284[1]
    SLICE_X71Y117        LUT4 (Prop_lut4_I0_O)        0.124    19.791 r  u_mesh/GEN_R[4].r/i___1_i_64/O
                         net (fo=1, routed)           0.807    20.598    u_mesh/GEN_R[4].r/i___1_i_64_n_0
    SLICE_X69Y118        LUT6 (Prop_lut6_I2_O)        0.124    20.722 r  u_mesh/GEN_R[4].r/i___1_i_22/O
                         net (fo=3, routed)           0.640    21.362    u_mesh/GEN_R[4].r/u_datapath/west_vc0_fifo/sel_west_vc1
    SLICE_X69Y118        LUT6 (Prop_lut6_I3_O)        0.124    21.486 r  u_mesh/GEN_R[4].r/u_datapath/west_vc0_fifo/i___1_i_9__3/O
                         net (fo=4, routed)           1.295    22.781    u_mesh/GEN_R[4].r/crossbar_valid_west
    SLICE_X61Y114        LUT5 (Prop_lut5_I0_O)        0.124    22.905 r  u_mesh/GEN_R[4].r/i___4_i_6/O
                         net (fo=1, routed)           0.000    22.905    u_mesh/GEN_R[4].r/i___4_i_6_n_0
    SLICE_X61Y114        MUXF7 (Prop_muxf7_I1_O)      0.217    23.122 r  u_mesh/GEN_R[4].r/i___4_i_2/O
                         net (fo=1, routed)           0.293    23.414    u_mesh/GEN_R[4].r/i___4_i_2_n_0
    SLICE_X61Y115        LUT6 (Prop_lut6_I4_O)        0.299    23.713 r  u_mesh/GEN_R[4].r/i___4/O
                         net (fo=3, routed)           0.848    24.562    u_mesh/GEN_R[4].r/u_datapath/local_vc0_fifo/out_v_n[4]_309
    SLICE_X60Y114        LUT6 (Prop_lut6_I4_O)        0.124    24.686 f  u_mesh/GEN_R[4].r/u_datapath/local_vc0_fifo/wr_ptr[1]_i_2__56/O
                         net (fo=6, routed)           0.315    25.001    u_mesh/GEN_R[1].r/u_datapath/south_vc1_fifo/wr_ptr_reg[1]_0
    SLICE_X59Y114        LUT5 (Prop_lut5_I1_O)        0.124    25.125 r  u_mesh/GEN_R[1].r/u_datapath/south_vc1_fifo/fifo_mem_reg[0][flit_data]_0_3_0_5_i_1__8/O
                         net (fo=52, routed)          0.777    25.902    u_mesh/GEN_R[1].r/u_datapath/south_vc1_fifo/fifo_mem_reg[0][flit_data]_0_3_24_29/WE
    SLICE_X56Y108        RAMD32                                       r  u_mesh/GEN_R[1].r/u_datapath/south_vc1_fifo/fifo_mem_reg[0][flit_data]_0_3_24_29/RAMA/WE
  -------------------------------------------------------------------    -------------------

                         (clock clk rise edge)       20.000    20.000 r  
    E3                                                0.000    20.000 r  clk (IN)
                         net (fo=0)                   0.000    20.000    clk
    E3                   IBUF (Prop_ibuf_I_O)         1.411    21.411 r  clk_IBUF_inst/O
                         net (fo=1, routed)           1.920    23.331    clk_IBUF
    BUFGCTRL_X0Y16       BUFG (Prop_bufg_I_O)         0.091    23.422 r  clk_IBUF_BUFG_inst/O
                         net (fo=4884, routed)        1.488    24.910    u_mesh/GEN_R[1].r/u_datapath/south_vc1_fifo/fifo_mem_reg[0][flit_data]_0_3_24_29/WCLK
    SLICE_X56Y108        RAMD32                                       r  u_mesh/GEN_R[1].r/u_datapath/south_vc1_fifo/fifo_mem_reg[0][flit_data]_0_3_24_29/RAMA/CLK
                         clock pessimism              0.259    25.169    
                         clock uncertainty           -0.035    25.134    
    SLICE_X56Y108        RAMD32 (Setup_ramd32_CLK_WE)
                                                     -0.533    24.601    u_mesh/GEN_R[1].r/u_datapath/south_vc1_fifo/fifo_mem_reg[0][flit_data]_0_3_24_29/RAMA
  -------------------------------------------------------------------
                         required time                         24.601    
                         arrival time                         -25.902    
  -------------------------------------------------------------------
                         slack                                 -1.301    

Slack (VIOLATED) :        -1.301ns  (required time - arrival time)
  Source:                 u_mesh/GEN_R[4].r/u_datapath/west_vc0_fifo/rd_ptr_reg[0]/C
                            (rising edge-triggered cell FDRE clocked by clk  {rise@0.000ns fall@10.000ns period=20.000ns})
  Destination:            u_mesh/GEN_R[1].r/u_datapath/south_vc1_fifo/fifo_mem_reg[0][flit_data]_0_3_24_29/RAMA_D1/WE
                            (rising edge-triggered cell RAMD32 clocked by clk  {rise@0.000ns fall@10.000ns period=20.000ns})
  Path Group:             clk
  Path Type:              Setup (Max at Slow Process Corner)
  Requirement:            20.000ns  (clk rise@20.000ns - clk rise@0.000ns)
  Data Path Delay:        20.699ns  (logic 3.688ns (17.817%)  route 17.011ns (82.183%))
  Logic Levels:           22  (LUT4=3 LUT5=6 LUT6=11 MUXF7=1 RAMD32=1)
  Clock Path Skew:        -0.033ns (DCD - SCD + CPR)
    Destination Clock Delay (DCD):    4.910ns = ( 24.910 - 20.000 ) 
    Source Clock Delay      (SCD):    5.202ns
    Clock Pessimism Removal (CPR):    0.259ns
  Clock Uncertainty:      0.035ns  ((TSJ^2 + TIJ^2)^1/2 + DJ) / 2 + PE
    Total System Jitter     (TSJ):    0.071ns
    Total Input Jitter      (TIJ):    0.000ns
    Discrete Jitter          (DJ):    0.000ns
    Phase Error              (PE):    0.000ns

    Location             Delay type                Incr(ns)  Path(ns)    Netlist Resource(s)
  -------------------------------------------------------------------    -------------------
                         (clock clk rise edge)        0.000     0.000 r  
    E3                                                0.000     0.000 r  clk (IN)
                         net (fo=0)                   0.000     0.000    clk
    E3                   IBUF (Prop_ibuf_I_O)         1.482     1.482 r  clk_IBUF_inst/O
                         net (fo=1, routed)           2.025     3.506    clk_IBUF
    BUFGCTRL_X0Y16       BUFG (Prop_bufg_I_O)         0.096     3.602 r  clk_IBUF_BUFG_inst/O
                         net (fo=4884, routed)        1.600     5.202    u_mesh/GEN_R[4].r/u_datapath/west_vc0_fifo/clk_IBUF_BUFG
    SLICE_X67Y127        FDRE                                         r  u_mesh/GEN_R[4].r/u_datapath/west_vc0_fifo/rd_ptr_reg[0]/C
  -------------------------------------------------------------------    -------------------
    SLICE_X67Y127        FDRE (Prop_fdre_C_Q)         0.456     5.658 r  u_mesh/GEN_R[4].r/u_datapath/west_vc0_fifo/rd_ptr_reg[0]/Q
                         net (fo=38, routed)          0.892     6.550    u_mesh/GEN_R[4].r/u_datapath/west_vc0_fifo/fifo_mem_reg[0][flit_data]_0_3_30_31__0/DPRA0
    SLICE_X66Y128        RAMD32 (Prop_ramd32_RADR0_O)
                                                      0.153     6.703 f  u_mesh/GEN_R[4].r/u_datapath/west_vc0_fifo/fifo_mem_reg[0][flit_data]_0_3_30_31__0/DP/O
                         net (fo=10, routed)          0.881     7.584    u_mesh/GEN_R[4].r/u_datapath/west_vc0_fifo/fifo_mem_reg[0][flit_data]_0_3_30_31__0_n_0
    SLICE_X70Y128        LUT6 (Prop_lut6_I1_O)        0.331     7.915 r  u_mesh/GEN_R[4].r/u_datapath/west_vc0_fifo/i___18_i_257/O
                         net (fo=2, routed)           0.967     8.882    u_mesh/GEN_R[4].r/u_datapath/west_vc0_fifo/i___18_i_257_n_0
    SLICE_X71Y126        LUT6 (Prop_lut6_I2_O)        0.124     9.006 r  u_mesh/GEN_R[4].r/u_datapath/west_vc0_fifo/i___18_i_201/O
                         net (fo=1, routed)           0.900     9.906    u_mesh/GEN_R[4].r/u_datapath/west_vc0_fifo/i___18_i_201_n_0
    SLICE_X72Y126        LUT5 (Prop_lut5_I0_O)        0.124    10.030 f  u_mesh/GEN_R[4].r/u_datapath/west_vc0_fifo/i___18_i_101/O
                         net (fo=4, routed)           0.783    10.813    u_mesh/GEN_R[4].r/u_datapath/west_vc0_fifo/i___18_i_101_n_0
    SLICE_X76Y124        LUT6 (Prop_lut6_I0_O)        0.124    10.937 f  u_mesh/GEN_R[4].r/u_datapath/west_vc0_fifo/i___18_i_32/O
                         net (fo=3, routed)           0.817    11.755    u_mesh/GEN_R[4].r/u_datapath/west_vc0_fifo/output_locked_reg[1]
    SLICE_X75Y124        LUT5 (Prop_lut5_I1_O)        0.124    11.879 f  u_mesh/GEN_R[4].r/u_datapath/west_vc0_fifo/rr_ptr[1]_i_7__18/O
                         net (fo=5, routed)           0.478    12.356    u_mesh/GEN_R[4].r/u_allocator/GEN_IN_ARB[3].u_in_arbiter/rr_ptr_reg[1]_5[0]
    SLICE_X75Y123        LUT5 (Prop_lut5_I4_O)        0.124    12.480 r  u_mesh/GEN_R[4].r/u_allocator/GEN_IN_ARB[3].u_in_arbiter/i___7_i_9__1/O
                         net (fo=7, routed)           1.050    13.531    u_mesh/GEN_R[4].r/u_datapath/local_vc0_fifo/in_winner[3]_268[1]
    SLICE_X74Y124        LUT6 (Prop_lut6_I3_O)        0.124    13.655 r  u_mesh/GEN_R[4].r/u_datapath/local_vc0_fifo/i___18_i_21/O
                         net (fo=4, routed)           0.620    14.275    u_mesh/GEN_R[4].r/u_allocator/GEN_IN_ARB[3].u_in_arbiter/i___18_1
    SLICE_X76Y124        LUT5 (Prop_lut5_I3_O)        0.124    14.399 r  u_mesh/GEN_R[4].r/u_allocator/GEN_IN_ARB[3].u_in_arbiter/i___20_i_9/O
                         net (fo=4, routed)           0.625    15.024    u_mesh/GEN_R[4].r/u_allocator/GEN_IN_ARB[3].u_in_arbiter/i___20_i_9_n_0
    SLICE_X75Y122        LUT4 (Prop_lut4_I3_O)        0.124    15.148 r  u_mesh/GEN_R[4].r/u_allocator/GEN_IN_ARB[3].u_in_arbiter/i___20_i_5/O
                         net (fo=23, routed)          1.029    16.177    u_mesh/GEN_R[4].r/u_allocator/GEN_ARB[2].u_arbiter/rr_ptr_reg[2]_0
    SLICE_X74Y119        LUT6 (Prop_lut6_I2_O)        0.124    16.301 r  u_mesh/GEN_R[4].r/u_allocator/GEN_ARB[2].u_arbiter/output_owner[2][3]_i_12__1/O
                         net (fo=1, routed)           0.655    16.956    u_mesh/GEN_R[4].r/u_allocator/GEN_ARB[2].u_arbiter/output_owner[2][3]_i_12__1_n_0
    SLICE_X75Y119        LUT6 (Prop_lut6_I3_O)        0.124    17.080 r  u_mesh/GEN_R[4].r/u_allocator/GEN_ARB[2].u_arbiter/output_owner[2][3]_i_5__1/O
                         net (fo=5, routed)           0.617    17.697    u_mesh/GEN_R[4].r/u_allocator/GEN_ARB[2].u_arbiter/out_winner[2]_274[0]
    SLICE_X77Y118        LUT6 (Prop_lut6_I2_O)        0.124    17.821 r  u_mesh/GEN_R[4].r/u_allocator/GEN_ARB[2].u_arbiter/output_owner[2][1]_i_3__1/O
                         net (fo=3, routed)           0.415    18.236    u_mesh/GEN_R[4].r/u_allocator/GEN_ARB[2].u_arbiter/rr_ptr_reg[0]_19
    SLICE_X77Y118        LUT4 (Prop_lut4_I1_O)        0.124    18.360 r  u_mesh/GEN_R[4].r/u_allocator/GEN_ARB[2].u_arbiter/i___19_i_10__0/O
                         net (fo=23, routed)          1.308    19.667    u_mesh/GEN_R[4].r/xbar_sel[2]_284[1]
    SLICE_X71Y117        LUT4 (Prop_lut4_I0_O)        0.124    19.791 r  u_mesh/GEN_R[4].r/i___1_i_64/O
                         net (fo=1, routed)           0.807    20.598    u_mesh/GEN_R[4].r/i___1_i_64_n_0
    SLICE_X69Y118        LUT6 (Prop_lut6_I2_O)        0.124    20.722 r  u_mesh/GEN_R[4].r/i___1_i_22/O
                         net (fo=3, routed)           0.640    21.362    u_mesh/GEN_R[4].r/u_datapath/west_vc0_fifo/sel_west_vc1
    SLICE_X69Y118        LUT6 (Prop_lut6_I3_O)        0.124    21.486 r  u_mesh/GEN_R[4].r/u_datapath/west_vc0_fifo/i___1_i_9__3/O
                         net (fo=4, routed)           1.295    22.781    u_mesh/GEN_R[4].r/crossbar_valid_west
    SLICE_X61Y114        LUT5 (Prop_lut5_I0_O)        0.124    22.905 r  u_mesh/GEN_R[4].r/i___4_i_6/O
                         net (fo=1, routed)           0.000    22.905    u_mesh/GEN_R[4].r/i___4_i_6_n_0
    SLICE_X61Y114        MUXF7 (Prop_muxf7_I1_O)      0.217    23.122 r  u_mesh/GEN_R[4].r/i___4_i_2/O
                         net (fo=1, routed)           0.293    23.414    u_mesh/GEN_R[4].r/i___4_i_2_n_0
    SLICE_X61Y115        LUT6 (Prop_lut6_I4_O)        0.299    23.713 r  u_mesh/GEN_R[4].r/i___4/O
                         net (fo=3, routed)           0.848    24.562    u_mesh/GEN_R[4].r/u_datapath/local_vc0_fifo/out_v_n[4]_309
    SLICE_X60Y114        LUT6 (Prop_lut6_I4_O)        0.124    24.686 f  u_mesh/GEN_R[4].r/u_datapath/local_vc0_fifo/wr_ptr[1]_i_2__56/O
                         net (fo=6, routed)           0.315    25.001    u_mesh/GEN_R[1].r/u_datapath/south_vc1_fifo/wr_ptr_reg[1]_0
    SLICE_X59Y114        LUT5 (Prop_lut5_I1_O)        0.124    25.125 r  u_mesh/GEN_R[1].r/u_datapath/south_vc1_fifo/fifo_mem_reg[0][flit_data]_0_3_0_5_i_1__8/O
                         net (fo=52, routed)          0.777    25.902    u_mesh/GEN_R[1].r/u_datapath/south_vc1_fifo/fifo_mem_reg[0][flit_data]_0_3_24_29/WE
    SLICE_X56Y108        RAMD32                                       r  u_mesh/GEN_R[1].r/u_datapath/south_vc1_fifo/fifo_mem_reg[0][flit_data]_0_3_24_29/RAMA_D1/WE
  -------------------------------------------------------------------    -------------------

                         (clock clk rise edge)       20.000    20.000 r  
    E3                                                0.000    20.000 r  clk (IN)
                         net (fo=0)                   0.000    20.000    clk
    E3                   IBUF (Prop_ibuf_I_O)         1.411    21.411 r  clk_IBUF_inst/O
                         net (fo=1, routed)           1.920    23.331    clk_IBUF
    BUFGCTRL_X0Y16       BUFG (Prop_bufg_I_O)         0.091    23.422 r  clk_IBUF_BUFG_inst/O
                         net (fo=4884, routed)        1.488    24.910    u_mesh/GEN_R[1].r/u_datapath/south_vc1_fifo/fifo_mem_reg[0][flit_data]_0_3_24_29/WCLK
    SLICE_X56Y108        RAMD32                                       r  u_mesh/GEN_R[1].r/u_datapath/south_vc1_fifo/fifo_mem_reg[0][flit_data]_0_3_24_29/RAMA_D1/CLK
                         clock pessimism              0.259    25.169    
                         clock uncertainty           -0.035    25.134    
    SLICE_X56Y108        RAMD32 (Setup_ramd32_CLK_WE)
                                                     -0.533    24.601    u_mesh/GEN_R[1].r/u_datapath/south_vc1_fifo/fifo_mem_reg[0][flit_data]_0_3_24_29/RAMA_D1
  -------------------------------------------------------------------
                         required time                         24.601    
                         arrival time                         -25.902    
  -------------------------------------------------------------------
                         slack                                 -1.301    

Slack (VIOLATED) :        -1.301ns  (required time - arrival time)
  Source:                 u_mesh/GEN_R[4].r/u_datapath/west_vc0_fifo/rd_ptr_reg[0]/C
                            (rising edge-triggered cell FDRE clocked by clk  {rise@0.000ns fall@10.000ns period=20.000ns})
  Destination:            u_mesh/GEN_R[1].r/u_datapath/south_vc1_fifo/fifo_mem_reg[0][flit_data]_0_3_24_29/RAMB/WE
                            (rising edge-triggered cell RAMD32 clocked by clk  {rise@0.000ns fall@10.000ns period=20.000ns})
  Path Group:             clk
  Path Type:              Setup (Max at Slow Process Corner)
  Requirement:            20.000ns  (clk rise@20.000ns - clk rise@0.000ns)
  Data Path Delay:        20.699ns  (logic 3.688ns (17.817%)  route 17.011ns (82.183%))
  Logic Levels:           22  (LUT4=3 LUT5=6 LUT6=11 MUXF7=1 RAMD32=1)
  Clock Path Skew:        -0.033ns (DCD - SCD + CPR)
    Destination Clock Delay (DCD):    4.910ns = ( 24.910 - 20.000 ) 
    Source Clock Delay      (SCD):    5.202ns
    Clock Pessimism Removal (CPR):    0.259ns
  Clock Uncertainty:      0.035ns  ((TSJ^2 + TIJ^2)^1/2 + DJ) / 2 + PE
    Total System Jitter     (TSJ):    0.071ns
    Total Input Jitter      (TIJ):    0.000ns
    Discrete Jitter          (DJ):    0.000ns
    Phase Error              (PE):    0.000ns

    Location             Delay type                Incr(ns)  Path(ns)    Netlist Resource(s)
  -------------------------------------------------------------------    -------------------
                         (clock clk rise edge)        0.000     0.000 r  
    E3                                                0.000     0.000 r  clk (IN)
                         net (fo=0)                   0.000     0.000    clk
    E3                   IBUF (Prop_ibuf_I_O)         1.482     1.482 r  clk_IBUF_inst/O
                         net (fo=1, routed)           2.025     3.506    clk_IBUF
    BUFGCTRL_X0Y16       BUFG (Prop_bufg_I_O)         0.096     3.602 r  clk_IBUF_BUFG_inst/O
                         net (fo=4884, routed)        1.600     5.202    u_mesh/GEN_R[4].r/u_datapath/west_vc0_fifo/clk_IBUF_BUFG
    SLICE_X67Y127        FDRE                                         r  u_mesh/GEN_R[4].r/u_datapath/west_vc0_fifo/rd_ptr_reg[0]/C
  -------------------------------------------------------------------    -------------------
    SLICE_X67Y127        FDRE (Prop_fdre_C_Q)         0.456     5.658 r  u_mesh/GEN_R[4].r/u_datapath/west_vc0_fifo/rd_ptr_reg[0]/Q
                         net (fo=38, routed)          0.892     6.550    u_mesh/GEN_R[4].r/u_datapath/west_vc0_fifo/fifo_mem_reg[0][flit_data]_0_3_30_31__0/DPRA0
    SLICE_X66Y128        RAMD32 (Prop_ramd32_RADR0_O)
                                                      0.153     6.703 f  u_mesh/GEN_R[4].r/u_datapath/west_vc0_fifo/fifo_mem_reg[0][flit_data]_0_3_30_31__0/DP/O
                         net (fo=10, routed)          0.881     7.584    u_mesh/GEN_R[4].r/u_datapath/west_vc0_fifo/fifo_mem_reg[0][flit_data]_0_3_30_31__0_n_0
    SLICE_X70Y128        LUT6 (Prop_lut6_I1_O)        0.331     7.915 r  u_mesh/GEN_R[4].r/u_datapath/west_vc0_fifo/i___18_i_257/O
                         net (fo=2, routed)           0.967     8.882    u_mesh/GEN_R[4].r/u_datapath/west_vc0_fifo/i___18_i_257_n_0
    SLICE_X71Y126        LUT6 (Prop_lut6_I2_O)        0.124     9.006 r  u_mesh/GEN_R[4].r/u_datapath/west_vc0_fifo/i___18_i_201/O
                         net (fo=1, routed)           0.900     9.906    u_mesh/GEN_R[4].r/u_datapath/west_vc0_fifo/i___18_i_201_n_0
    SLICE_X72Y126        LUT5 (Prop_lut5_I0_O)        0.124    10.030 f  u_mesh/GEN_R[4].r/u_datapath/west_vc0_fifo/i___18_i_101/O
                         net (fo=4, routed)           0.783    10.813    u_mesh/GEN_R[4].r/u_datapath/west_vc0_fifo/i___18_i_101_n_0
    SLICE_X76Y124        LUT6 (Prop_lut6_I0_O)        0.124    10.937 f  u_mesh/GEN_R[4].r/u_datapath/west_vc0_fifo/i___18_i_32/O
                         net (fo=3, routed)           0.817    11.755    u_mesh/GEN_R[4].r/u_datapath/west_vc0_fifo/output_locked_reg[1]
    SLICE_X75Y124        LUT5 (Prop_lut5_I1_O)        0.124    11.879 f  u_mesh/GEN_R[4].r/u_datapath/west_vc0_fifo/rr_ptr[1]_i_7__18/O
                         net (fo=5, routed)           0.478    12.356    u_mesh/GEN_R[4].r/u_allocator/GEN_IN_ARB[3].u_in_arbiter/rr_ptr_reg[1]_5[0]
    SLICE_X75Y123        LUT5 (Prop_lut5_I4_O)        0.124    12.480 r  u_mesh/GEN_R[4].r/u_allocator/GEN_IN_ARB[3].u_in_arbiter/i___7_i_9__1/O
                         net (fo=7, routed)           1.050    13.531    u_mesh/GEN_R[4].r/u_datapath/local_vc0_fifo/in_winner[3]_268[1]
    SLICE_X74Y124        LUT6 (Prop_lut6_I3_O)        0.124    13.655 r  u_mesh/GEN_R[4].r/u_datapath/local_vc0_fifo/i___18_i_21/O
                         net (fo=4, routed)           0.620    14.275    u_mesh/GEN_R[4].r/u_allocator/GEN_IN_ARB[3].u_in_arbiter/i___18_1
    SLICE_X76Y124        LUT5 (Prop_lut5_I3_O)        0.124    14.399 r  u_mesh/GEN_R[4].r/u_allocator/GEN_IN_ARB[3].u_in_arbiter/i___20_i_9/O
                         net (fo=4, routed)           0.625    15.024    u_mesh/GEN_R[4].r/u_allocator/GEN_IN_ARB[3].u_in_arbiter/i___20_i_9_n_0
    SLICE_X75Y122        LUT4 (Prop_lut4_I3_O)        0.124    15.148 r  u_mesh/GEN_R[4].r/u_allocator/GEN_IN_ARB[3].u_in_arbiter/i___20_i_5/O
                         net (fo=23, routed)          1.029    16.177    u_mesh/GEN_R[4].r/u_allocator/GEN_ARB[2].u_arbiter/rr_ptr_reg[2]_0
    SLICE_X74Y119        LUT6 (Prop_lut6_I2_O)        0.124    16.301 r  u_mesh/GEN_R[4].r/u_allocator/GEN_ARB[2].u_arbiter/output_owner[2][3]_i_12__1/O
                         net (fo=1, routed)           0.655    16.956    u_mesh/GEN_R[4].r/u_allocator/GEN_ARB[2].u_arbiter/output_owner[2][3]_i_12__1_n_0
    SLICE_X75Y119        LUT6 (Prop_lut6_I3_O)        0.124    17.080 r  u_mesh/GEN_R[4].r/u_allocator/GEN_ARB[2].u_arbiter/output_owner[2][3]_i_5__1/O
                         net (fo=5, routed)           0.617    17.697    u_mesh/GEN_R[4].r/u_allocator/GEN_ARB[2].u_arbiter/out_winner[2]_274[0]
    SLICE_X77Y118        LUT6 (Prop_lut6_I2_O)        0.124    17.821 r  u_mesh/GEN_R[4].r/u_allocator/GEN_ARB[2].u_arbiter/output_owner[2][1]_i_3__1/O
                         net (fo=3, routed)           0.415    18.236    u_mesh/GEN_R[4].r/u_allocator/GEN_ARB[2].u_arbiter/rr_ptr_reg[0]_19
    SLICE_X77Y118        LUT4 (Prop_lut4_I1_O)        0.124    18.360 r  u_mesh/GEN_R[4].r/u_allocator/GEN_ARB[2].u_arbiter/i___19_i_10__0/O
                         net (fo=23, routed)          1.308    19.667    u_mesh/GEN_R[4].r/xbar_sel[2]_284[1]
    SLICE_X71Y117        LUT4 (Prop_lut4_I0_O)        0.124    19.791 r  u_mesh/GEN_R[4].r/i___1_i_64/O
                         net (fo=1, routed)           0.807    20.598    u_mesh/GEN_R[4].r/i___1_i_64_n_0
    SLICE_X69Y118        LUT6 (Prop_lut6_I2_O)        0.124    20.722 r  u_mesh/GEN_R[4].r/i___1_i_22/O
                         net (fo=3, routed)           0.640    21.362    u_mesh/GEN_R[4].r/u_datapath/west_vc0_fifo/sel_west_vc1
    SLICE_X69Y118        LUT6 (Prop_lut6_I3_O)        0.124    21.486 r  u_mesh/GEN_R[4].r/u_datapath/west_vc0_fifo/i___1_i_9__3/O
                         net (fo=4, routed)           1.295    22.781    u_mesh/GEN_R[4].r/crossbar_valid_west
    SLICE_X61Y114        LUT5 (Prop_lut5_I0_O)        0.124    22.905 r  u_mesh/GEN_R[4].r/i___4_i_6/O
                         net (fo=1, routed)           0.000    22.905    u_mesh/GEN_R[4].r/i___4_i_6_n_0
    SLICE_X61Y114        MUXF7 (Prop_muxf7_I1_O)      0.217    23.122 r  u_mesh/GEN_R[4].r/i___4_i_2/O
                         net (fo=1, routed)           0.293    23.414    u_mesh/GEN_R[4].r/i___4_i_2_n_0
    SLICE_X61Y115        LUT6 (Prop_lut6_I4_O)        0.299    23.713 r  u_mesh/GEN_R[4].r/i___4/O
                         net (fo=3, routed)           0.848    24.562    u_mesh/GEN_R[4].r/u_datapath/local_vc0_fifo/out_v_n[4]_309
    SLICE_X60Y114        LUT6 (Prop_lut6_I4_O)        0.124    24.686 f  u_mesh/GEN_R[4].r/u_datapath/local_vc0_fifo/wr_ptr[1]_i_2__56/O
                         net (fo=6, routed)           0.315    25.001    u_mesh/GEN_R[1].r/u_datapath/south_vc1_fifo/wr_ptr_reg[1]_0
    SLICE_X59Y114        LUT5 (Prop_lut5_I1_O)        0.124    25.125 r  u_mesh/GEN_R[1].r/u_datapath/south_vc1_fifo/fifo_mem_reg[0][flit_data]_0_3_0_5_i_1__8/O
                         net (fo=52, routed)          0.777    25.902    u_mesh/GEN_R[1].r/u_datapath/south_vc1_fifo/fifo_mem_reg[0][flit_data]_0_3_24_29/WE
    SLICE_X56Y108        RAMD32                                       r  u_mesh/GEN_R[1].r/u_datapath/south_vc1_fifo/fifo_mem_reg[0][flit_data]_0_3_24_29/RAMB/WE
  -------------------------------------------------------------------    -------------------

                         (clock clk rise edge)       20.000    20.000 r  
    E3                                                0.000    20.000 r  clk (IN)
                         net (fo=0)                   0.000    20.000    clk
    E3                   IBUF (Prop_ibuf_I_O)         1.411    21.411 r  clk_IBUF_inst/O
                         net (fo=1, routed)           1.920    23.331    clk_IBUF
    BUFGCTRL_X0Y16       BUFG (Prop_bufg_I_O)         0.091    23.422 r  clk_IBUF_BUFG_inst/O
                         net (fo=4884, routed)        1.488    24.910    u_mesh/GEN_R[1].r/u_datapath/south_vc1_fifo/fifo_mem_reg[0][flit_data]_0_3_24_29/WCLK
    SLICE_X56Y108        RAMD32                                       r  u_mesh/GEN_R[1].r/u_datapath/south_vc1_fifo/fifo_mem_reg[0][flit_data]_0_3_24_29/RAMB/CLK
                         clock pessimism              0.259    25.169    
                         clock uncertainty           -0.035    25.134    
    SLICE_X56Y108        RAMD32 (Setup_ramd32_CLK_WE)
                                                     -0.533    24.601    u_mesh/GEN_R[1].r/u_datapath/south_vc1_fifo/fifo_mem_reg[0][flit_data]_0_3_24_29/RAMB
  -------------------------------------------------------------------
                         required time                         24.601    
                         arrival time                         -25.902    
  -------------------------------------------------------------------
                         slack                                 -1.301    

Slack (VIOLATED) :        -1.301ns  (required time - arrival time)
  Source:                 u_mesh/GEN_R[4].r/u_datapath/west_vc0_fifo/rd_ptr_reg[0]/C
                            (rising edge-triggered cell FDRE clocked by clk  {rise@0.000ns fall@10.000ns period=20.000ns})
  Destination:            u_mesh/GEN_R[1].r/u_datapath/south_vc1_fifo/fifo_mem_reg[0][flit_data]_0_3_24_29/RAMB_D1/WE
                            (rising edge-triggered cell RAMD32 clocked by clk  {rise@0.000ns fall@10.000ns period=20.000ns})
  Path Group:             clk
  Path Type:              Setup (Max at Slow Process Corner)
  Requirement:            20.000ns  (clk rise@20.000ns - clk rise@0.000ns)
  Data Path Delay:        20.699ns  (logic 3.688ns (17.817%)  route 17.011ns (82.183%))
  Logic Levels:           22  (LUT4=3 LUT5=6 LUT6=11 MUXF7=1 RAMD32=1)
  Clock Path Skew:        -0.033ns (DCD - SCD + CPR)
    Destination Clock Delay (DCD):    4.910ns = ( 24.910 - 20.000 ) 
    Source Clock Delay      (SCD):    5.202ns
    Clock Pessimism Removal (CPR):    0.259ns
  Clock Uncertainty:      0.035ns  ((TSJ^2 + TIJ^2)^1/2 + DJ) / 2 + PE
    Total System Jitter     (TSJ):    0.071ns
    Total Input Jitter      (TIJ):    0.000ns
    Discrete Jitter          (DJ):    0.000ns
    Phase Error              (PE):    0.000ns

    Location             Delay type                Incr(ns)  Path(ns)    Netlist Resource(s)
  -------------------------------------------------------------------    -------------------
                         (clock clk rise edge)        0.000     0.000 r  
    E3                                                0.000     0.000 r  clk (IN)
                         net (fo=0)                   0.000     0.000    clk
    E3                   IBUF (Prop_ibuf_I_O)         1.482     1.482 r  clk_IBUF_inst/O
                         net (fo=1, routed)           2.025     3.506    clk_IBUF
    BUFGCTRL_X0Y16       BUFG (Prop_bufg_I_O)         0.096     3.602 r  clk_IBUF_BUFG_inst/O
                         net (fo=4884, routed)        1.600     5.202    u_mesh/GEN_R[4].r/u_datapath/west_vc0_fifo/clk_IBUF_BUFG
    SLICE_X67Y127        FDRE                                         r  u_mesh/GEN_R[4].r/u_datapath/west_vc0_fifo/rd_ptr_reg[0]/C
  -------------------------------------------------------------------    -------------------
    SLICE_X67Y127        FDRE (Prop_fdre_C_Q)         0.456     5.658 r  u_mesh/GEN_R[4].r/u_datapath/west_vc0_fifo/rd_ptr_reg[0]/Q
                         net (fo=38, routed)          0.892     6.550    u_mesh/GEN_R[4].r/u_datapath/west_vc0_fifo/fifo_mem_reg[0][flit_data]_0_3_30_31__0/DPRA0
    SLICE_X66Y128        RAMD32 (Prop_ramd32_RADR0_O)
                                                      0.153     6.703 f  u_mesh/GEN_R[4].r/u_datapath/west_vc0_fifo/fifo_mem_reg[0][flit_data]_0_3_30_31__0/DP/O
                         net (fo=10, routed)          0.881     7.584    u_mesh/GEN_R[4].r/u_datapath/west_vc0_fifo/fifo_mem_reg[0][flit_data]_0_3_30_31__0_n_0
    SLICE_X70Y128        LUT6 (Prop_lut6_I1_O)        0.331     7.915 r  u_mesh/GEN_R[4].r/u_datapath/west_vc0_fifo/i___18_i_257/O
                         net (fo=2, routed)           0.967     8.882    u_mesh/GEN_R[4].r/u_datapath/west_vc0_fifo/i___18_i_257_n_0
    SLICE_X71Y126        LUT6 (Prop_lut6_I2_O)        0.124     9.006 r  u_mesh/GEN_R[4].r/u_datapath/west_vc0_fifo/i___18_i_201/O
                         net (fo=1, routed)           0.900     9.906    u_mesh/GEN_R[4].r/u_datapath/west_vc0_fifo/i___18_i_201_n_0
    SLICE_X72Y126        LUT5 (Prop_lut5_I0_O)        0.124    10.030 f  u_mesh/GEN_R[4].r/u_datapath/west_vc0_fifo/i___18_i_101/O
                         net (fo=4, routed)           0.783    10.813    u_mesh/GEN_R[4].r/u_datapath/west_vc0_fifo/i___18_i_101_n_0
    SLICE_X76Y124        LUT6 (Prop_lut6_I0_O)        0.124    10.937 f  u_mesh/GEN_R[4].r/u_datapath/west_vc0_fifo/i___18_i_32/O
                         net (fo=3, routed)           0.817    11.755    u_mesh/GEN_R[4].r/u_datapath/west_vc0_fifo/output_locked_reg[1]
    SLICE_X75Y124        LUT5 (Prop_lut5_I1_O)        0.124    11.879 f  u_mesh/GEN_R[4].r/u_datapath/west_vc0_fifo/rr_ptr[1]_i_7__18/O
                         net (fo=5, routed)           0.478    12.356    u_mesh/GEN_R[4].r/u_allocator/GEN_IN_ARB[3].u_in_arbiter/rr_ptr_reg[1]_5[0]
    SLICE_X75Y123        LUT5 (Prop_lut5_I4_O)        0.124    12.480 r  u_mesh/GEN_R[4].r/u_allocator/GEN_IN_ARB[3].u_in_arbiter/i___7_i_9__1/O
                         net (fo=7, routed)           1.050    13.531    u_mesh/GEN_R[4].r/u_datapath/local_vc0_fifo/in_winner[3]_268[1]
    SLICE_X74Y124        LUT6 (Prop_lut6_I3_O)        0.124    13.655 r  u_mesh/GEN_R[4].r/u_datapath/local_vc0_fifo/i___18_i_21/O
                         net (fo=4, routed)           0.620    14.275    u_mesh/GEN_R[4].r/u_allocator/GEN_IN_ARB[3].u_in_arbiter/i___18_1
    SLICE_X76Y124        LUT5 (Prop_lut5_I3_O)        0.124    14.399 r  u_mesh/GEN_R[4].r/u_allocator/GEN_IN_ARB[3].u_in_arbiter/i___20_i_9/O
                         net (fo=4, routed)           0.625    15.024    u_mesh/GEN_R[4].r/u_allocator/GEN_IN_ARB[3].u_in_arbiter/i___20_i_9_n_0
    SLICE_X75Y122        LUT4 (Prop_lut4_I3_O)        0.124    15.148 r  u_mesh/GEN_R[4].r/u_allocator/GEN_IN_ARB[3].u_in_arbiter/i___20_i_5/O
                         net (fo=23, routed)          1.029    16.177    u_mesh/GEN_R[4].r/u_allocator/GEN_ARB[2].u_arbiter/rr_ptr_reg[2]_0
    SLICE_X74Y119        LUT6 (Prop_lut6_I2_O)        0.124    16.301 r  u_mesh/GEN_R[4].r/u_allocator/GEN_ARB[2].u_arbiter/output_owner[2][3]_i_12__1/O
                         net (fo=1, routed)           0.655    16.956    u_mesh/GEN_R[4].r/u_allocator/GEN_ARB[2].u_arbiter/output_owner[2][3]_i_12__1_n_0
    SLICE_X75Y119        LUT6 (Prop_lut6_I3_O)        0.124    17.080 r  u_mesh/GEN_R[4].r/u_allocator/GEN_ARB[2].u_arbiter/output_owner[2][3]_i_5__1/O
                         net (fo=5, routed)           0.617    17.697    u_mesh/GEN_R[4].r/u_allocator/GEN_ARB[2].u_arbiter/out_winner[2]_274[0]
    SLICE_X77Y118        LUT6 (Prop_lut6_I2_O)        0.124    17.821 r  u_mesh/GEN_R[4].r/u_allocator/GEN_ARB[2].u_arbiter/output_owner[2][1]_i_3__1/O
                         net (fo=3, routed)           0.415    18.236    u_mesh/GEN_R[4].r/u_allocator/GEN_ARB[2].u_arbiter/rr_ptr_reg[0]_19
    SLICE_X77Y118        LUT4 (Prop_lut4_I1_O)        0.124    18.360 r  u_mesh/GEN_R[4].r/u_allocator/GEN_ARB[2].u_arbiter/i___19_i_10__0/O
                         net (fo=23, routed)          1.308    19.667    u_mesh/GEN_R[4].r/xbar_sel[2]_284[1]
    SLICE_X71Y117        LUT4 (Prop_lut4_I0_O)        0.124    19.791 r  u_mesh/GEN_R[4].r/i___1_i_64/O
                         net (fo=1, routed)           0.807    20.598    u_mesh/GEN_R[4].r/i___1_i_64_n_0
    SLICE_X69Y118        LUT6 (Prop_lut6_I2_O)        0.124    20.722 r  u_mesh/GEN_R[4].r/i___1_i_22/O
                         net (fo=3, routed)           0.640    21.362    u_mesh/GEN_R[4].r/u_datapath/west_vc0_fifo/sel_west_vc1
    SLICE_X69Y118        LUT6 (Prop_lut6_I3_O)        0.124    21.486 r  u_mesh/GEN_R[4].r/u_datapath/west_vc0_fifo/i___1_i_9__3/O
                         net (fo=4, routed)           1.295    22.781    u_mesh/GEN_R[4].r/crossbar_valid_west
    SLICE_X61Y114        LUT5 (Prop_lut5_I0_O)        0.124    22.905 r  u_mesh/GEN_R[4].r/i___4_i_6/O
                         net (fo=1, routed)           0.000    22.905    u_mesh/GEN_R[4].r/i___4_i_6_n_0
    SLICE_X61Y114        MUXF7 (Prop_muxf7_I1_O)      0.217    23.122 r  u_mesh/GEN_R[4].r/i___4_i_2/O
                         net (fo=1, routed)           0.293    23.414    u_mesh/GEN_R[4].r/i___4_i_2_n_0
    SLICE_X61Y115        LUT6 (Prop_lut6_I4_O)        0.299    23.713 r  u_mesh/GEN_R[4].r/i___4/O
                         net (fo=3, routed)           0.848    24.562    u_mesh/GEN_R[4].r/u_datapath/local_vc0_fifo/out_v_n[4]_309
    SLICE_X60Y114        LUT6 (Prop_lut6_I4_O)        0.124    24.686 f  u_mesh/GEN_R[4].r/u_datapath/local_vc0_fifo/wr_ptr[1]_i_2__56/O
                         net (fo=6, routed)           0.315    25.001    u_mesh/GEN_R[1].r/u_datapath/south_vc1_fifo/wr_ptr_reg[1]_0
    SLICE_X59Y114        LUT5 (Prop_lut5_I1_O)        0.124    25.125 r  u_mesh/GEN_R[1].r/u_datapath/south_vc1_fifo/fifo_mem_reg[0][flit_data]_0_3_0_5_i_1__8/O
                         net (fo=52, routed)          0.777    25.902    u_mesh/GEN_R[1].r/u_datapath/south_vc1_fifo/fifo_mem_reg[0][flit_data]_0_3_24_29/WE
    SLICE_X56Y108        RAMD32                                       r  u_mesh/GEN_R[1].r/u_datapath/south_vc1_fifo/fifo_mem_reg[0][flit_data]_0_3_24_29/RAMB_D1/WE
  -------------------------------------------------------------------    -------------------

                         (clock clk rise edge)       20.000    20.000 r  
    E3                                                0.000    20.000 r  clk (IN)
                         net (fo=0)                   0.000    20.000    clk
    E3                   IBUF (Prop_ibuf_I_O)         1.411    21.411 r  clk_IBUF_inst/O
                         net (fo=1, routed)           1.920    23.331    clk_IBUF
    BUFGCTRL_X0Y16       BUFG (Prop_bufg_I_O)         0.091    23.422 r  clk_IBUF_BUFG_inst/O
                         net (fo=4884, routed)        1.488    24.910    u_mesh/GEN_R[1].r/u_datapath/south_vc1_fifo/fifo_mem_reg[0][flit_data]_0_3_24_29/WCLK
    SLICE_X56Y108        RAMD32                                       r  u_mesh/GEN_R[1].r/u_datapath/south_vc1_fifo/fifo_mem_reg[0][flit_data]_0_3_24_29/RAMB_D1/CLK
                         clock pessimism              0.259    25.169    
                         clock uncertainty           -0.035    25.134    
    SLICE_X56Y108        RAMD32 (Setup_ramd32_CLK_WE)
                                                     -0.533    24.601    u_mesh/GEN_R[1].r/u_datapath/south_vc1_fifo/fifo_mem_reg[0][flit_data]_0_3_24_29/RAMB_D1
  -------------------------------------------------------------------
                         required time                         24.601    
                         arrival time                         -25.902    
  -------------------------------------------------------------------
                         slack                                 -1.301    

Slack (VIOLATED) :        -1.301ns  (required time - arrival time)
  Source:                 u_mesh/GEN_R[4].r/u_datapath/west_vc0_fifo/rd_ptr_reg[0]/C
                            (rising edge-triggered cell FDRE clocked by clk  {rise@0.000ns fall@10.000ns period=20.000ns})
  Destination:            u_mesh/GEN_R[1].r/u_datapath/south_vc1_fifo/fifo_mem_reg[0][flit_data]_0_3_24_29/RAMC/WE
                            (rising edge-triggered cell RAMD32 clocked by clk  {rise@0.000ns fall@10.000ns period=20.000ns})
  Path Group:             clk
  Path Type:              Setup (Max at Slow Process Corner)
  Requirement:            20.000ns  (clk rise@20.000ns - clk rise@0.000ns)
  Data Path Delay:        20.699ns  (logic 3.688ns (17.817%)  route 17.011ns (82.183%))
  Logic Levels:           22  (LUT4=3 LUT5=6 LUT6=11 MUXF7=1 RAMD32=1)
  Clock Path Skew:        -0.033ns (DCD - SCD + CPR)
    Destination Clock Delay (DCD):    4.910ns = ( 24.910 - 20.000 ) 
    Source Clock Delay      (SCD):    5.202ns
    Clock Pessimism Removal (CPR):    0.259ns
  Clock Uncertainty:      0.035ns  ((TSJ^2 + TIJ^2)^1/2 + DJ) / 2 + PE
    Total System Jitter     (TSJ):    0.071ns
    Total Input Jitter      (TIJ):    0.000ns
    Discrete Jitter          (DJ):    0.000ns
    Phase Error              (PE):    0.000ns

    Location             Delay type                Incr(ns)  Path(ns)    Netlist Resource(s)
  -------------------------------------------------------------------    -------------------
                         (clock clk rise edge)        0.000     0.000 r  
    E3                                                0.000     0.000 r  clk (IN)
                         net (fo=0)                   0.000     0.000    clk
    E3                   IBUF (Prop_ibuf_I_O)         1.482     1.482 r  clk_IBUF_inst/O
                         net (fo=1, routed)           2.025     3.506    clk_IBUF
    BUFGCTRL_X0Y16       BUFG (Prop_bufg_I_O)         0.096     3.602 r  clk_IBUF_BUFG_inst/O
                         net (fo=4884, routed)        1.600     5.202    u_mesh/GEN_R[4].r/u_datapath/west_vc0_fifo/clk_IBUF_BUFG
    SLICE_X67Y127        FDRE                                         r  u_mesh/GEN_R[4].r/u_datapath/west_vc0_fifo/rd_ptr_reg[0]/C
  -------------------------------------------------------------------    -------------------
    SLICE_X67Y127        FDRE (Prop_fdre_C_Q)         0.456     5.658 r  u_mesh/GEN_R[4].r/u_datapath/west_vc0_fifo/rd_ptr_reg[0]/Q
                         net (fo=38, routed)          0.892     6.550    u_mesh/GEN_R[4].r/u_datapath/west_vc0_fifo/fifo_mem_reg[0][flit_data]_0_3_30_31__0/DPRA0
    SLICE_X66Y128        RAMD32 (Prop_ramd32_RADR0_O)
                                                      0.153     6.703 f  u_mesh/GEN_R[4].r/u_datapath/west_vc0_fifo/fifo_mem_reg[0][flit_data]_0_3_30_31__0/DP/O
                         net (fo=10, routed)          0.881     7.584    u_mesh/GEN_R[4].r/u_datapath/west_vc0_fifo/fifo_mem_reg[0][flit_data]_0_3_30_31__0_n_0
    SLICE_X70Y128        LUT6 (Prop_lut6_I1_O)        0.331     7.915 r  u_mesh/GEN_R[4].r/u_datapath/west_vc0_fifo/i___18_i_257/O
                         net (fo=2, routed)           0.967     8.882    u_mesh/GEN_R[4].r/u_datapath/west_vc0_fifo/i___18_i_257_n_0
    SLICE_X71Y126        LUT6 (Prop_lut6_I2_O)        0.124     9.006 r  u_mesh/GEN_R[4].r/u_datapath/west_vc0_fifo/i___18_i_201/O
                         net (fo=1, routed)           0.900     9.906    u_mesh/GEN_R[4].r/u_datapath/west_vc0_fifo/i___18_i_201_n_0
    SLICE_X72Y126        LUT5 (Prop_lut5_I0_O)        0.124    10.030 f  u_mesh/GEN_R[4].r/u_datapath/west_vc0_fifo/i___18_i_101/O
                         net (fo=4, routed)           0.783    10.813    u_mesh/GEN_R[4].r/u_datapath/west_vc0_fifo/i___18_i_101_n_0
    SLICE_X76Y124        LUT6 (Prop_lut6_I0_O)        0.124    10.937 f  u_mesh/GEN_R[4].r/u_datapath/west_vc0_fifo/i___18_i_32/O
                         net (fo=3, routed)           0.817    11.755    u_mesh/GEN_R[4].r/u_datapath/west_vc0_fifo/output_locked_reg[1]
    SLICE_X75Y124        LUT5 (Prop_lut5_I1_O)        0.124    11.879 f  u_mesh/GEN_R[4].r/u_datapath/west_vc0_fifo/rr_ptr[1]_i_7__18/O
                         net (fo=5, routed)           0.478    12.356    u_mesh/GEN_R[4].r/u_allocator/GEN_IN_ARB[3].u_in_arbiter/rr_ptr_reg[1]_5[0]
    SLICE_X75Y123        LUT5 (Prop_lut5_I4_O)        0.124    12.480 r  u_mesh/GEN_R[4].r/u_allocator/GEN_IN_ARB[3].u_in_arbiter/i___7_i_9__1/O
                         net (fo=7, routed)           1.050    13.531    u_mesh/GEN_R[4].r/u_datapath/local_vc0_fifo/in_winner[3]_268[1]
    SLICE_X74Y124        LUT6 (Prop_lut6_I3_O)        0.124    13.655 r  u_mesh/GEN_R[4].r/u_datapath/local_vc0_fifo/i___18_i_21/O
                         net (fo=4, routed)           0.620    14.275    u_mesh/GEN_R[4].r/u_allocator/GEN_IN_ARB[3].u_in_arbiter/i___18_1
    SLICE_X76Y124        LUT5 (Prop_lut5_I3_O)        0.124    14.399 r  u_mesh/GEN_R[4].r/u_allocator/GEN_IN_ARB[3].u_in_arbiter/i___20_i_9/O
                         net (fo=4, routed)           0.625    15.024    u_mesh/GEN_R[4].r/u_allocator/GEN_IN_ARB[3].u_in_arbiter/i___20_i_9_n_0
    SLICE_X75Y122        LUT4 (Prop_lut4_I3_O)        0.124    15.148 r  u_mesh/GEN_R[4].r/u_allocator/GEN_IN_ARB[3].u_in_arbiter/i___20_i_5/O
                         net (fo=23, routed)          1.029    16.177    u_mesh/GEN_R[4].r/u_allocator/GEN_ARB[2].u_arbiter/rr_ptr_reg[2]_0
    SLICE_X74Y119        LUT6 (Prop_lut6_I2_O)        0.124    16.301 r  u_mesh/GEN_R[4].r/u_allocator/GEN_ARB[2].u_arbiter/output_owner[2][3]_i_12__1/O
                         net (fo=1, routed)           0.655    16.956    u_mesh/GEN_R[4].r/u_allocator/GEN_ARB[2].u_arbiter/output_owner[2][3]_i_12__1_n_0
    SLICE_X75Y119        LUT6 (Prop_lut6_I3_O)        0.124    17.080 r  u_mesh/GEN_R[4].r/u_allocator/GEN_ARB[2].u_arbiter/output_owner[2][3]_i_5__1/O
                         net (fo=5, routed)           0.617    17.697    u_mesh/GEN_R[4].r/u_allocator/GEN_ARB[2].u_arbiter/out_winner[2]_274[0]
    SLICE_X77Y118        LUT6 (Prop_lut6_I2_O)        0.124    17.821 r  u_mesh/GEN_R[4].r/u_allocator/GEN_ARB[2].u_arbiter/output_owner[2][1]_i_3__1/O
                         net (fo=3, routed)           0.415    18.236    u_mesh/GEN_R[4].r/u_allocator/GEN_ARB[2].u_arbiter/rr_ptr_reg[0]_19
    SLICE_X77Y118        LUT4 (Prop_lut4_I1_O)        0.124    18.360 r  u_mesh/GEN_R[4].r/u_allocator/GEN_ARB[2].u_arbiter/i___19_i_10__0/O
                         net (fo=23, routed)          1.308    19.667    u_mesh/GEN_R[4].r/xbar_sel[2]_284[1]
    SLICE_X71Y117        LUT4 (Prop_lut4_I0_O)        0.124    19.791 r  u_mesh/GEN_R[4].r/i___1_i_64/O
                         net (fo=1, routed)           0.807    20.598    u_mesh/GEN_R[4].r/i___1_i_64_n_0
    SLICE_X69Y118        LUT6 (Prop_lut6_I2_O)        0.124    20.722 r  u_mesh/GEN_R[4].r/i___1_i_22/O
                         net (fo=3, routed)           0.640    21.362    u_mesh/GEN_R[4].r/u_datapath/west_vc0_fifo/sel_west_vc1
    SLICE_X69Y118        LUT6 (Prop_lut6_I3_O)        0.124    21.486 r  u_mesh/GEN_R[4].r/u_datapath/west_vc0_fifo/i___1_i_9__3/O
                         net (fo=4, routed)           1.295    22.781    u_mesh/GEN_R[4].r/crossbar_valid_west
    SLICE_X61Y114        LUT5 (Prop_lut5_I0_O)        0.124    22.905 r  u_mesh/GEN_R[4].r/i___4_i_6/O
                         net (fo=1, routed)           0.000    22.905    u_mesh/GEN_R[4].r/i___4_i_6_n_0
    SLICE_X61Y114        MUXF7 (Prop_muxf7_I1_O)      0.217    23.122 r  u_mesh/GEN_R[4].r/i___4_i_2/O
                         net (fo=1, routed)           0.293    23.414    u_mesh/GEN_R[4].r/i___4_i_2_n_0
    SLICE_X61Y115        LUT6 (Prop_lut6_I4_O)        0.299    23.713 r  u_mesh/GEN_R[4].r/i___4/O
                         net (fo=3, routed)           0.848    24.562    u_mesh/GEN_R[4].r/u_datapath/local_vc0_fifo/out_v_n[4]_309
    SLICE_X60Y114        LUT6 (Prop_lut6_I4_O)        0.124    24.686 f  u_mesh/GEN_R[4].r/u_datapath/local_vc0_fifo/wr_ptr[1]_i_2__56/O
                         net (fo=6, routed)           0.315    25.001    u_mesh/GEN_R[1].r/u_datapath/south_vc1_fifo/wr_ptr_reg[1]_0
    SLICE_X59Y114        LUT5 (Prop_lut5_I1_O)        0.124    25.125 r  u_mesh/GEN_R[1].r/u_datapath/south_vc1_fifo/fifo_mem_reg[0][flit_data]_0_3_0_5_i_1__8/O
                         net (fo=52, routed)          0.777    25.902    u_mesh/GEN_R[1].r/u_datapath/south_vc1_fifo/fifo_mem_reg[0][flit_data]_0_3_24_29/WE
    SLICE_X56Y108        RAMD32                                       r  u_mesh/GEN_R[1].r/u_datapath/south_vc1_fifo/fifo_mem_reg[0][flit_data]_0_3_24_29/RAMC/WE
  -------------------------------------------------------------------    -------------------

                         (clock clk rise edge)       20.000    20.000 r  
    E3                                                0.000    20.000 r  clk (IN)
                         net (fo=0)                   0.000    20.000    clk
    E3                   IBUF (Prop_ibuf_I_O)         1.411    21.411 r  clk_IBUF_inst/O
                         net (fo=1, routed)           1.920    23.331    clk_IBUF
    BUFGCTRL_X0Y16       BUFG (Prop_bufg_I_O)         0.091    23.422 r  clk_IBUF_BUFG_inst/O
                         net (fo=4884, routed)        1.488    24.910    u_mesh/GEN_R[1].r/u_datapath/south_vc1_fifo/fifo_mem_reg[0][flit_data]_0_3_24_29/WCLK
    SLICE_X56Y108        RAMD32                                       r  u_mesh/GEN_R[1].r/u_datapath/south_vc1_fifo/fifo_mem_reg[0][flit_data]_0_3_24_29/RAMC/CLK
                         clock pessimism              0.259    25.169    
                         clock uncertainty           -0.035    25.134    
    SLICE_X56Y108        RAMD32 (Setup_ramd32_CLK_WE)
                                                     -0.533    24.601    u_mesh/GEN_R[1].r/u_datapath/south_vc1_fifo/fifo_mem_reg[0][flit_data]_0_3_24_29/RAMC
  -------------------------------------------------------------------
                         required time                         24.601    
                         arrival time                         -25.902    
  -------------------------------------------------------------------
                         slack                                 -1.301    

Slack (VIOLATED) :        -1.301ns  (required time - arrival time)
  Source:                 u_mesh/GEN_R[4].r/u_datapath/west_vc0_fifo/rd_ptr_reg[0]/C
                            (rising edge-triggered cell FDRE clocked by clk  {rise@0.000ns fall@10.000ns period=20.000ns})
  Destination:            u_mesh/GEN_R[1].r/u_datapath/south_vc1_fifo/fifo_mem_reg[0][flit_data]_0_3_24_29/RAMC_D1/WE
                            (rising edge-triggered cell RAMD32 clocked by clk  {rise@0.000ns fall@10.000ns period=20.000ns})
  Path Group:             clk
  Path Type:              Setup (Max at Slow Process Corner)
  Requirement:            20.000ns  (clk rise@20.000ns - clk rise@0.000ns)
  Data Path Delay:        20.699ns  (logic 3.688ns (17.817%)  route 17.011ns (82.183%))
  Logic Levels:           22  (LUT4=3 LUT5=6 LUT6=11 MUXF7=1 RAMD32=1)
  Clock Path Skew:        -0.033ns (DCD - SCD + CPR)
    Destination Clock Delay (DCD):    4.910ns = ( 24.910 - 20.000 ) 
    Source Clock Delay      (SCD):    5.202ns
    Clock Pessimism Removal (CPR):    0.259ns
  Clock Uncertainty:      0.035ns  ((TSJ^2 + TIJ^2)^1/2 + DJ) / 2 + PE
    Total System Jitter     (TSJ):    0.071ns
    Total Input Jitter      (TIJ):    0.000ns
    Discrete Jitter          (DJ):    0.000ns
    Phase Error              (PE):    0.000ns

    Location             Delay type                Incr(ns)  Path(ns)    Netlist Resource(s)
  -------------------------------------------------------------------    -------------------
                         (clock clk rise edge)        0.000     0.000 r  
    E3                                                0.000     0.000 r  clk (IN)
                         net (fo=0)                   0.000     0.000    clk
    E3                   IBUF (Prop_ibuf_I_O)         1.482     1.482 r  clk_IBUF_inst/O
                         net (fo=1, routed)           2.025     3.506    clk_IBUF
    BUFGCTRL_X0Y16       BUFG (Prop_bufg_I_O)         0.096     3.602 r  clk_IBUF_BUFG_inst/O
                         net (fo=4884, routed)        1.600     5.202    u_mesh/GEN_R[4].r/u_datapath/west_vc0_fifo/clk_IBUF_BUFG
    SLICE_X67Y127        FDRE                                         r  u_mesh/GEN_R[4].r/u_datapath/west_vc0_fifo/rd_ptr_reg[0]/C
  -------------------------------------------------------------------    -------------------
    SLICE_X67Y127        FDRE (Prop_fdre_C_Q)         0.456     5.658 r  u_mesh/GEN_R[4].r/u_datapath/west_vc0_fifo/rd_ptr_reg[0]/Q
                         net (fo=38, routed)          0.892     6.550    u_mesh/GEN_R[4].r/u_datapath/west_vc0_fifo/fifo_mem_reg[0][flit_data]_0_3_30_31__0/DPRA0
    SLICE_X66Y128        RAMD32 (Prop_ramd32_RADR0_O)
                                                      0.153     6.703 f  u_mesh/GEN_R[4].r/u_datapath/west_vc0_fifo/fifo_mem_reg[0][flit_data]_0_3_30_31__0/DP/O
                         net (fo=10, routed)          0.881     7.584    u_mesh/GEN_R[4].r/u_datapath/west_vc0_fifo/fifo_mem_reg[0][flit_data]_0_3_30_31__0_n_0
    SLICE_X70Y128        LUT6 (Prop_lut6_I1_O)        0.331     7.915 r  u_mesh/GEN_R[4].r/u_datapath/west_vc0_fifo/i___18_i_257/O
                         net (fo=2, routed)           0.967     8.882    u_mesh/GEN_R[4].r/u_datapath/west_vc0_fifo/i___18_i_257_n_0
    SLICE_X71Y126        LUT6 (Prop_lut6_I2_O)        0.124     9.006 r  u_mesh/GEN_R[4].r/u_datapath/west_vc0_fifo/i___18_i_201/O
                         net (fo=1, routed)           0.900     9.906    u_mesh/GEN_R[4].r/u_datapath/west_vc0_fifo/i___18_i_201_n_0
    SLICE_X72Y126        LUT5 (Prop_lut5_I0_O)        0.124    10.030 f  u_mesh/GEN_R[4].r/u_datapath/west_vc0_fifo/i___18_i_101/O
                         net (fo=4, routed)           0.783    10.813    u_mesh/GEN_R[4].r/u_datapath/west_vc0_fifo/i___18_i_101_n_0
    SLICE_X76Y124        LUT6 (Prop_lut6_I0_O)        0.124    10.937 f  u_mesh/GEN_R[4].r/u_datapath/west_vc0_fifo/i___18_i_32/O
                         net (fo=3, routed)           0.817    11.755    u_mesh/GEN_R[4].r/u_datapath/west_vc0_fifo/output_locked_reg[1]
    SLICE_X75Y124        LUT5 (Prop_lut5_I1_O)        0.124    11.879 f  u_mesh/GEN_R[4].r/u_datapath/west_vc0_fifo/rr_ptr[1]_i_7__18/O
                         net (fo=5, routed)           0.478    12.356    u_mesh/GEN_R[4].r/u_allocator/GEN_IN_ARB[3].u_in_arbiter/rr_ptr_reg[1]_5[0]
    SLICE_X75Y123        LUT5 (Prop_lut5_I4_O)        0.124    12.480 r  u_mesh/GEN_R[4].r/u_allocator/GEN_IN_ARB[3].u_in_arbiter/i___7_i_9__1/O
                         net (fo=7, routed)           1.050    13.531    u_mesh/GEN_R[4].r/u_datapath/local_vc0_fifo/in_winner[3]_268[1]
    SLICE_X74Y124        LUT6 (Prop_lut6_I3_O)        0.124    13.655 r  u_mesh/GEN_R[4].r/u_datapath/local_vc0_fifo/i___18_i_21/O
                         net (fo=4, routed)           0.620    14.275    u_mesh/GEN_R[4].r/u_allocator/GEN_IN_ARB[3].u_in_arbiter/i___18_1
    SLICE_X76Y124        LUT5 (Prop_lut5_I3_O)        0.124    14.399 r  u_mesh/GEN_R[4].r/u_allocator/GEN_IN_ARB[3].u_in_arbiter/i___20_i_9/O
                         net (fo=4, routed)           0.625    15.024    u_mesh/GEN_R[4].r/u_allocator/GEN_IN_ARB[3].u_in_arbiter/i___20_i_9_n_0
    SLICE_X75Y122        LUT4 (Prop_lut4_I3_O)        0.124    15.148 r  u_mesh/GEN_R[4].r/u_allocator/GEN_IN_ARB[3].u_in_arbiter/i___20_i_5/O
                         net (fo=23, routed)          1.029    16.177    u_mesh/GEN_R[4].r/u_allocator/GEN_ARB[2].u_arbiter/rr_ptr_reg[2]_0
    SLICE_X74Y119        LUT6 (Prop_lut6_I2_O)        0.124    16.301 r  u_mesh/GEN_R[4].r/u_allocator/GEN_ARB[2].u_arbiter/output_owner[2][3]_i_12__1/O
                         net (fo=1, routed)           0.655    16.956    u_mesh/GEN_R[4].r/u_allocator/GEN_ARB[2].u_arbiter/output_owner[2][3]_i_12__1_n_0
    SLICE_X75Y119        LUT6 (Prop_lut6_I3_O)        0.124    17.080 r  u_mesh/GEN_R[4].r/u_allocator/GEN_ARB[2].u_arbiter/output_owner[2][3]_i_5__1/O
                         net (fo=5, routed)           0.617    17.697    u_mesh/GEN_R[4].r/u_allocator/GEN_ARB[2].u_arbiter/out_winner[2]_274[0]
    SLICE_X77Y118        LUT6 (Prop_lut6_I2_O)        0.124    17.821 r  u_mesh/GEN_R[4].r/u_allocator/GEN_ARB[2].u_arbiter/output_owner[2][1]_i_3__1/O
                         net (fo=3, routed)           0.415    18.236    u_mesh/GEN_R[4].r/u_allocator/GEN_ARB[2].u_arbiter/rr_ptr_reg[0]_19
    SLICE_X77Y118        LUT4 (Prop_lut4_I1_O)        0.124    18.360 r  u_mesh/GEN_R[4].r/u_allocator/GEN_ARB[2].u_arbiter/i___19_i_10__0/O
                         net (fo=23, routed)          1.308    19.667    u_mesh/GEN_R[4].r/xbar_sel[2]_284[1]
    SLICE_X71Y117        LUT4 (Prop_lut4_I0_O)        0.124    19.791 r  u_mesh/GEN_R[4].r/i___1_i_64/O
                         net (fo=1, routed)           0.807    20.598    u_mesh/GEN_R[4].r/i___1_i_64_n_0
    SLICE_X69Y118        LUT6 (Prop_lut6_I2_O)        0.124    20.722 r  u_mesh/GEN_R[4].r/i___1_i_22/O
                         net (fo=3, routed)           0.640    21.362    u_mesh/GEN_R[4].r/u_datapath/west_vc0_fifo/sel_west_vc1
    SLICE_X69Y118        LUT6 (Prop_lut6_I3_O)        0.124    21.486 r  u_mesh/GEN_R[4].r/u_datapath/west_vc0_fifo/i___1_i_9__3/O
                         net (fo=4, routed)           1.295    22.781    u_mesh/GEN_R[4].r/crossbar_valid_west
    SLICE_X61Y114        LUT5 (Prop_lut5_I0_O)        0.124    22.905 r  u_mesh/GEN_R[4].r/i___4_i_6/O
                         net (fo=1, routed)           0.000    22.905    u_mesh/GEN_R[4].r/i___4_i_6_n_0
    SLICE_X61Y114        MUXF7 (Prop_muxf7_I1_O)      0.217    23.122 r  u_mesh/GEN_R[4].r/i___4_i_2/O
                         net (fo=1, routed)           0.293    23.414    u_mesh/GEN_R[4].r/i___4_i_2_n_0
    SLICE_X61Y115        LUT6 (Prop_lut6_I4_O)        0.299    23.713 r  u_mesh/GEN_R[4].r/i___4/O
                         net (fo=3, routed)           0.848    24.562    u_mesh/GEN_R[4].r/u_datapath/local_vc0_fifo/out_v_n[4]_309
    SLICE_X60Y114        LUT6 (Prop_lut6_I4_O)        0.124    24.686 f  u_mesh/GEN_R[4].r/u_datapath/local_vc0_fifo/wr_ptr[1]_i_2__56/O
                         net (fo=6, routed)           0.315    25.001    u_mesh/GEN_R[1].r/u_datapath/south_vc1_fifo/wr_ptr_reg[1]_0
    SLICE_X59Y114        LUT5 (Prop_lut5_I1_O)        0.124    25.125 r  u_mesh/GEN_R[1].r/u_datapath/south_vc1_fifo/fifo_mem_reg[0][flit_data]_0_3_0_5_i_1__8/O
                         net (fo=52, routed)          0.777    25.902    u_mesh/GEN_R[1].r/u_datapath/south_vc1_fifo/fifo_mem_reg[0][flit_data]_0_3_24_29/WE
    SLICE_X56Y108        RAMD32                                       r  u_mesh/GEN_R[1].r/u_datapath/south_vc1_fifo/fifo_mem_reg[0][flit_data]_0_3_24_29/RAMC_D1/WE
  -------------------------------------------------------------------    -------------------

                         (clock clk rise edge)       20.000    20.000 r  
    E3                                                0.000    20.000 r  clk (IN)
                         net (fo=0)                   0.000    20.000    clk
    E3                   IBUF (Prop_ibuf_I_O)         1.411    21.411 r  clk_IBUF_inst/O
                         net (fo=1, routed)           1.920    23.331    clk_IBUF
    BUFGCTRL_X0Y16       BUFG (Prop_bufg_I_O)         0.091    23.422 r  clk_IBUF_BUFG_inst/O
                         net (fo=4884, routed)        1.488    24.910    u_mesh/GEN_R[1].r/u_datapath/south_vc1_fifo/fifo_mem_reg[0][flit_data]_0_3_24_29/WCLK
    SLICE_X56Y108        RAMD32                                       r  u_mesh/GEN_R[1].r/u_datapath/south_vc1_fifo/fifo_mem_reg[0][flit_data]_0_3_24_29/RAMC_D1/CLK
                         clock pessimism              0.259    25.169    
                         clock uncertainty           -0.035    25.134    
    SLICE_X56Y108        RAMD32 (Setup_ramd32_CLK_WE)
                                                     -0.533    24.601    u_mesh/GEN_R[1].r/u_datapath/south_vc1_fifo/fifo_mem_reg[0][flit_data]_0_3_24_29/RAMC_D1
  -------------------------------------------------------------------
                         required time                         24.601    
                         arrival time                         -25.902    
  -------------------------------------------------------------------
                         slack                                 -1.301    

Slack (VIOLATED) :        -1.301ns  (required time - arrival time)
  Source:                 u_mesh/GEN_R[4].r/u_datapath/west_vc0_fifo/rd_ptr_reg[0]/C
                            (rising edge-triggered cell FDRE clocked by clk  {rise@0.000ns fall@10.000ns period=20.000ns})
  Destination:            u_mesh/GEN_R[1].r/u_datapath/south_vc1_fifo/fifo_mem_reg[0][flit_data]_0_3_24_29/RAMD/WE
                            (rising edge-triggered cell RAMS32 clocked by clk  {rise@0.000ns fall@10.000ns period=20.000ns})
  Path Group:             clk
  Path Type:              Setup (Max at Slow Process Corner)
  Requirement:            20.000ns  (clk rise@20.000ns - clk rise@0.000ns)
  Data Path Delay:        20.699ns  (logic 3.688ns (17.817%)  route 17.011ns (82.183%))
  Logic Levels:           22  (LUT4=3 LUT5=6 LUT6=11 MUXF7=1 RAMD32=1)
  Clock Path Skew:        -0.033ns (DCD - SCD + CPR)
    Destination Clock Delay (DCD):    4.910ns = ( 24.910 - 20.000 ) 
    Source Clock Delay      (SCD):    5.202ns
    Clock Pessimism Removal (CPR):    0.259ns
  Clock Uncertainty:      0.035ns  ((TSJ^2 + TIJ^2)^1/2 + DJ) / 2 + PE
    Total System Jitter     (TSJ):    0.071ns
    Total Input Jitter      (TIJ):    0.000ns
    Discrete Jitter          (DJ):    0.000ns
    Phase Error              (PE):    0.000ns

    Location             Delay type                Incr(ns)  Path(ns)    Netlist Resource(s)
  -------------------------------------------------------------------    -------------------
                         (clock clk rise edge)        0.000     0.000 r  
    E3                                                0.000     0.000 r  clk (IN)
                         net (fo=0)                   0.000     0.000    clk
    E3                   IBUF (Prop_ibuf_I_O)         1.482     1.482 r  clk_IBUF_inst/O
                         net (fo=1, routed)           2.025     3.506    clk_IBUF
    BUFGCTRL_X0Y16       BUFG (Prop_bufg_I_O)         0.096     3.602 r  clk_IBUF_BUFG_inst/O
                         net (fo=4884, routed)        1.600     5.202    u_mesh/GEN_R[4].r/u_datapath/west_vc0_fifo/clk_IBUF_BUFG
    SLICE_X67Y127        FDRE                                         r  u_mesh/GEN_R[4].r/u_datapath/west_vc0_fifo/rd_ptr_reg[0]/C
  -------------------------------------------------------------------    -------------------
    SLICE_X67Y127        FDRE (Prop_fdre_C_Q)         0.456     5.658 r  u_mesh/GEN_R[4].r/u_datapath/west_vc0_fifo/rd_ptr_reg[0]/Q
                         net (fo=38, routed)          0.892     6.550    u_mesh/GEN_R[4].r/u_datapath/west_vc0_fifo/fifo_mem_reg[0][flit_data]_0_3_30_31__0/DPRA0
    SLICE_X66Y128        RAMD32 (Prop_ramd32_RADR0_O)
                                                      0.153     6.703 f  u_mesh/GEN_R[4].r/u_datapath/west_vc0_fifo/fifo_mem_reg[0][flit_data]_0_3_30_31__0/DP/O
                         net (fo=10, routed)          0.881     7.584    u_mesh/GEN_R[4].r/u_datapath/west_vc0_fifo/fifo_mem_reg[0][flit_data]_0_3_30_31__0_n_0
    SLICE_X70Y128        LUT6 (Prop_lut6_I1_O)        0.331     7.915 r  u_mesh/GEN_R[4].r/u_datapath/west_vc0_fifo/i___18_i_257/O
                         net (fo=2, routed)           0.967     8.882    u_mesh/GEN_R[4].r/u_datapath/west_vc0_fifo/i___18_i_257_n_0
    SLICE_X71Y126        LUT6 (Prop_lut6_I2_O)        0.124     9.006 r  u_mesh/GEN_R[4].r/u_datapath/west_vc0_fifo/i___18_i_201/O
                         net (fo=1, routed)           0.900     9.906    u_mesh/GEN_R[4].r/u_datapath/west_vc0_fifo/i___18_i_201_n_0
    SLICE_X72Y126        LUT5 (Prop_lut5_I0_O)        0.124    10.030 f  u_mesh/GEN_R[4].r/u_datapath/west_vc0_fifo/i___18_i_101/O
                         net (fo=4, routed)           0.783    10.813    u_mesh/GEN_R[4].r/u_datapath/west_vc0_fifo/i___18_i_101_n_0
    SLICE_X76Y124        LUT6 (Prop_lut6_I0_O)        0.124    10.937 f  u_mesh/GEN_R[4].r/u_datapath/west_vc0_fifo/i___18_i_32/O
                         net (fo=3, routed)           0.817    11.755    u_mesh/GEN_R[4].r/u_datapath/west_vc0_fifo/output_locked_reg[1]
    SLICE_X75Y124        LUT5 (Prop_lut5_I1_O)        0.124    11.879 f  u_mesh/GEN_R[4].r/u_datapath/west_vc0_fifo/rr_ptr[1]_i_7__18/O
                         net (fo=5, routed)           0.478    12.356    u_mesh/GEN_R[4].r/u_allocator/GEN_IN_ARB[3].u_in_arbiter/rr_ptr_reg[1]_5[0]
    SLICE_X75Y123        LUT5 (Prop_lut5_I4_O)        0.124    12.480 r  u_mesh/GEN_R[4].r/u_allocator/GEN_IN_ARB[3].u_in_arbiter/i___7_i_9__1/O
                         net (fo=7, routed)           1.050    13.531    u_mesh/GEN_R[4].r/u_datapath/local_vc0_fifo/in_winner[3]_268[1]
    SLICE_X74Y124        LUT6 (Prop_lut6_I3_O)        0.124    13.655 r  u_mesh/GEN_R[4].r/u_datapath/local_vc0_fifo/i___18_i_21/O
                         net (fo=4, routed)           0.620    14.275    u_mesh/GEN_R[4].r/u_allocator/GEN_IN_ARB[3].u_in_arbiter/i___18_1
    SLICE_X76Y124        LUT5 (Prop_lut5_I3_O)        0.124    14.399 r  u_mesh/GEN_R[4].r/u_allocator/GEN_IN_ARB[3].u_in_arbiter/i___20_i_9/O
                         net (fo=4, routed)           0.625    15.024    u_mesh/GEN_R[4].r/u_allocator/GEN_IN_ARB[3].u_in_arbiter/i___20_i_9_n_0
    SLICE_X75Y122        LUT4 (Prop_lut4_I3_O)        0.124    15.148 r  u_mesh/GEN_R[4].r/u_allocator/GEN_IN_ARB[3].u_in_arbiter/i___20_i_5/O
                         net (fo=23, routed)          1.029    16.177    u_mesh/GEN_R[4].r/u_allocator/GEN_ARB[2].u_arbiter/rr_ptr_reg[2]_0
    SLICE_X74Y119        LUT6 (Prop_lut6_I2_O)        0.124    16.301 r  u_mesh/GEN_R[4].r/u_allocator/GEN_ARB[2].u_arbiter/output_owner[2][3]_i_12__1/O
                         net (fo=1, routed)           0.655    16.956    u_mesh/GEN_R[4].r/u_allocator/GEN_ARB[2].u_arbiter/output_owner[2][3]_i_12__1_n_0
    SLICE_X75Y119        LUT6 (Prop_lut6_I3_O)        0.124    17.080 r  u_mesh/GEN_R[4].r/u_allocator/GEN_ARB[2].u_arbiter/output_owner[2][3]_i_5__1/O
                         net (fo=5, routed)           0.617    17.697    u_mesh/GEN_R[4].r/u_allocator/GEN_ARB[2].u_arbiter/out_winner[2]_274[0]
    SLICE_X77Y118        LUT6 (Prop_lut6_I2_O)        0.124    17.821 r  u_mesh/GEN_R[4].r/u_allocator/GEN_ARB[2].u_arbiter/output_owner[2][1]_i_3__1/O
                         net (fo=3, routed)           0.415    18.236    u_mesh/GEN_R[4].r/u_allocator/GEN_ARB[2].u_arbiter/rr_ptr_reg[0]_19
    SLICE_X77Y118        LUT4 (Prop_lut4_I1_O)        0.124    18.360 r  u_mesh/GEN_R[4].r/u_allocator/GEN_ARB[2].u_arbiter/i___19_i_10__0/O
                         net (fo=23, routed)          1.308    19.667    u_mesh/GEN_R[4].r/xbar_sel[2]_284[1]
    SLICE_X71Y117        LUT4 (Prop_lut4_I0_O)        0.124    19.791 r  u_mesh/GEN_R[4].r/i___1_i_64/O
                         net (fo=1, routed)           0.807    20.598    u_mesh/GEN_R[4].r/i___1_i_64_n_0
    SLICE_X69Y118        LUT6 (Prop_lut6_I2_O)        0.124    20.722 r  u_mesh/GEN_R[4].r/i___1_i_22/O
                         net (fo=3, routed)           0.640    21.362    u_mesh/GEN_R[4].r/u_datapath/west_vc0_fifo/sel_west_vc1
    SLICE_X69Y118        LUT6 (Prop_lut6_I3_O)        0.124    21.486 r  u_mesh/GEN_R[4].r/u_datapath/west_vc0_fifo/i___1_i_9__3/O
                         net (fo=4, routed)           1.295    22.781    u_mesh/GEN_R[4].r/crossbar_valid_west
    SLICE_X61Y114        LUT5 (Prop_lut5_I0_O)        0.124    22.905 r  u_mesh/GEN_R[4].r/i___4_i_6/O
                         net (fo=1, routed)           0.000    22.905    u_mesh/GEN_R[4].r/i___4_i_6_n_0
    SLICE_X61Y114        MUXF7 (Prop_muxf7_I1_O)      0.217    23.122 r  u_mesh/GEN_R[4].r/i___4_i_2/O
                         net (fo=1, routed)           0.293    23.414    u_mesh/GEN_R[4].r/i___4_i_2_n_0
    SLICE_X61Y115        LUT6 (Prop_lut6_I4_O)        0.299    23.713 r  u_mesh/GEN_R[4].r/i___4/O
                         net (fo=3, routed)           0.848    24.562    u_mesh/GEN_R[4].r/u_datapath/local_vc0_fifo/out_v_n[4]_309
    SLICE_X60Y114        LUT6 (Prop_lut6_I4_O)        0.124    24.686 f  u_mesh/GEN_R[4].r/u_datapath/local_vc0_fifo/wr_ptr[1]_i_2__56/O
                         net (fo=6, routed)           0.315    25.001    u_mesh/GEN_R[1].r/u_datapath/south_vc1_fifo/wr_ptr_reg[1]_0
    SLICE_X59Y114        LUT5 (Prop_lut5_I1_O)        0.124    25.125 r  u_mesh/GEN_R[1].r/u_datapath/south_vc1_fifo/fifo_mem_reg[0][flit_data]_0_3_0_5_i_1__8/O
                         net (fo=52, routed)          0.777    25.902    u_mesh/GEN_R[1].r/u_datapath/south_vc1_fifo/fifo_mem_reg[0][flit_data]_0_3_24_29/WE
    SLICE_X56Y108        RAMS32                                       r  u_mesh/GEN_R[1].r/u_datapath/south_vc1_fifo/fifo_mem_reg[0][flit_data]_0_3_24_29/RAMD/WE
  -------------------------------------------------------------------    -------------------

                         (clock clk rise edge)       20.000    20.000 r  
    E3                                                0.000    20.000 r  clk (IN)
                         net (fo=0)                   0.000    20.000    clk
    E3                   IBUF (Prop_ibuf_I_O)         1.411    21.411 r  clk_IBUF_inst/O
                         net (fo=1, routed)           1.920    23.331    clk_IBUF
    BUFGCTRL_X0Y16       BUFG (Prop_bufg_I_O)         0.091    23.422 r  clk_IBUF_BUFG_inst/O
                         net (fo=4884, routed)        1.488    24.910    u_mesh/GEN_R[1].r/u_datapath/south_vc1_fifo/fifo_mem_reg[0][flit_data]_0_3_24_29/WCLK
    SLICE_X56Y108        RAMS32                                       r  u_mesh/GEN_R[1].r/u_datapath/south_vc1_fifo/fifo_mem_reg[0][flit_data]_0_3_24_29/RAMD/CLK
                         clock pessimism              0.259    25.169    
                         clock uncertainty           -0.035    25.134    
    SLICE_X56Y108        RAMS32 (Setup_rams32_CLK_WE)
                                                     -0.533    24.601    u_mesh/GEN_R[1].r/u_datapath/south_vc1_fifo/fifo_mem_reg[0][flit_data]_0_3_24_29/RAMD
  -------------------------------------------------------------------
                         required time                         24.601    
                         arrival time                         -25.902    
  -------------------------------------------------------------------
                         slack                                 -1.301    

Slack (VIOLATED) :        -1.301ns  (required time - arrival time)
  Source:                 u_mesh/GEN_R[4].r/u_datapath/west_vc0_fifo/rd_ptr_reg[0]/C
                            (rising edge-triggered cell FDRE clocked by clk  {rise@0.000ns fall@10.000ns period=20.000ns})
  Destination:            u_mesh/GEN_R[1].r/u_datapath/south_vc1_fifo/fifo_mem_reg[0][flit_data]_0_3_24_29/RAMD_D1/WE
                            (rising edge-triggered cell RAMS32 clocked by clk  {rise@0.000ns fall@10.000ns period=20.000ns})
  Path Group:             clk
  Path Type:              Setup (Max at Slow Process Corner)
  Requirement:            20.000ns  (clk rise@20.000ns - clk rise@0.000ns)
  Data Path Delay:        20.699ns  (logic 3.688ns (17.817%)  route 17.011ns (82.183%))
  Logic Levels:           22  (LUT4=3 LUT5=6 LUT6=11 MUXF7=1 RAMD32=1)
  Clock Path Skew:        -0.033ns (DCD - SCD + CPR)
    Destination Clock Delay (DCD):    4.910ns = ( 24.910 - 20.000 ) 
    Source Clock Delay      (SCD):    5.202ns
    Clock Pessimism Removal (CPR):    0.259ns
  Clock Uncertainty:      0.035ns  ((TSJ^2 + TIJ^2)^1/2 + DJ) / 2 + PE
    Total System Jitter     (TSJ):    0.071ns
    Total Input Jitter      (TIJ):    0.000ns
    Discrete Jitter          (DJ):    0.000ns
    Phase Error              (PE):    0.000ns

    Location             Delay type                Incr(ns)  Path(ns)    Netlist Resource(s)
  -------------------------------------------------------------------    -------------------
                         (clock clk rise edge)        0.000     0.000 r  
    E3                                                0.000     0.000 r  clk (IN)
                         net (fo=0)                   0.000     0.000    clk
    E3                   IBUF (Prop_ibuf_I_O)         1.482     1.482 r  clk_IBUF_inst/O
                         net (fo=1, routed)           2.025     3.506    clk_IBUF
    BUFGCTRL_X0Y16       BUFG (Prop_bufg_I_O)         0.096     3.602 r  clk_IBUF_BUFG_inst/O
                         net (fo=4884, routed)        1.600     5.202    u_mesh/GEN_R[4].r/u_datapath/west_vc0_fifo/clk_IBUF_BUFG
    SLICE_X67Y127        FDRE                                         r  u_mesh/GEN_R[4].r/u_datapath/west_vc0_fifo/rd_ptr_reg[0]/C
  -------------------------------------------------------------------    -------------------
    SLICE_X67Y127        FDRE (Prop_fdre_C_Q)         0.456     5.658 r  u_mesh/GEN_R[4].r/u_datapath/west_vc0_fifo/rd_ptr_reg[0]/Q
                         net (fo=38, routed)          0.892     6.550    u_mesh/GEN_R[4].r/u_datapath/west_vc0_fifo/fifo_mem_reg[0][flit_data]_0_3_30_31__0/DPRA0
    SLICE_X66Y128        RAMD32 (Prop_ramd32_RADR0_O)
                                                      0.153     6.703 f  u_mesh/GEN_R[4].r/u_datapath/west_vc0_fifo/fifo_mem_reg[0][flit_data]_0_3_30_31__0/DP/O
                         net (fo=10, routed)          0.881     7.584    u_mesh/GEN_R[4].r/u_datapath/west_vc0_fifo/fifo_mem_reg[0][flit_data]_0_3_30_31__0_n_0
    SLICE_X70Y128        LUT6 (Prop_lut6_I1_O)        0.331     7.915 r  u_mesh/GEN_R[4].r/u_datapath/west_vc0_fifo/i___18_i_257/O
                         net (fo=2, routed)           0.967     8.882    u_mesh/GEN_R[4].r/u_datapath/west_vc0_fifo/i___18_i_257_n_0
    SLICE_X71Y126        LUT6 (Prop_lut6_I2_O)        0.124     9.006 r  u_mesh/GEN_R[4].r/u_datapath/west_vc0_fifo/i___18_i_201/O
                         net (fo=1, routed)           0.900     9.906    u_mesh/GEN_R[4].r/u_datapath/west_vc0_fifo/i___18_i_201_n_0
    SLICE_X72Y126        LUT5 (Prop_lut5_I0_O)        0.124    10.030 f  u_mesh/GEN_R[4].r/u_datapath/west_vc0_fifo/i___18_i_101/O
                         net (fo=4, routed)           0.783    10.813    u_mesh/GEN_R[4].r/u_datapath/west_vc0_fifo/i___18_i_101_n_0
    SLICE_X76Y124        LUT6 (Prop_lut6_I0_O)        0.124    10.937 f  u_mesh/GEN_R[4].r/u_datapath/west_vc0_fifo/i___18_i_32/O
                         net (fo=3, routed)           0.817    11.755    u_mesh/GEN_R[4].r/u_datapath/west_vc0_fifo/output_locked_reg[1]
    SLICE_X75Y124        LUT5 (Prop_lut5_I1_O)        0.124    11.879 f  u_mesh/GEN_R[4].r/u_datapath/west_vc0_fifo/rr_ptr[1]_i_7__18/O
                         net (fo=5, routed)           0.478    12.356    u_mesh/GEN_R[4].r/u_allocator/GEN_IN_ARB[3].u_in_arbiter/rr_ptr_reg[1]_5[0]
    SLICE_X75Y123        LUT5 (Prop_lut5_I4_O)        0.124    12.480 r  u_mesh/GEN_R[4].r/u_allocator/GEN_IN_ARB[3].u_in_arbiter/i___7_i_9__1/O
                         net (fo=7, routed)           1.050    13.531    u_mesh/GEN_R[4].r/u_datapath/local_vc0_fifo/in_winner[3]_268[1]
    SLICE_X74Y124        LUT6 (Prop_lut6_I3_O)        0.124    13.655 r  u_mesh/GEN_R[4].r/u_datapath/local_vc0_fifo/i___18_i_21/O
                         net (fo=4, routed)           0.620    14.275    u_mesh/GEN_R[4].r/u_allocator/GEN_IN_ARB[3].u_in_arbiter/i___18_1
    SLICE_X76Y124        LUT5 (Prop_lut5_I3_O)        0.124    14.399 r  u_mesh/GEN_R[4].r/u_allocator/GEN_IN_ARB[3].u_in_arbiter/i___20_i_9/O
                         net (fo=4, routed)           0.625    15.024    u_mesh/GEN_R[4].r/u_allocator/GEN_IN_ARB[3].u_in_arbiter/i___20_i_9_n_0
    SLICE_X75Y122        LUT4 (Prop_lut4_I3_O)        0.124    15.148 r  u_mesh/GEN_R[4].r/u_allocator/GEN_IN_ARB[3].u_in_arbiter/i___20_i_5/O
                         net (fo=23, routed)          1.029    16.177    u_mesh/GEN_R[4].r/u_allocator/GEN_ARB[2].u_arbiter/rr_ptr_reg[2]_0
    SLICE_X74Y119        LUT6 (Prop_lut6_I2_O)        0.124    16.301 r  u_mesh/GEN_R[4].r/u_allocator/GEN_ARB[2].u_arbiter/output_owner[2][3]_i_12__1/O
                         net (fo=1, routed)           0.655    16.956    u_mesh/GEN_R[4].r/u_allocator/GEN_ARB[2].u_arbiter/output_owner[2][3]_i_12__1_n_0
    SLICE_X75Y119        LUT6 (Prop_lut6_I3_O)        0.124    17.080 r  u_mesh/GEN_R[4].r/u_allocator/GEN_ARB[2].u_arbiter/output_owner[2][3]_i_5__1/O
                         net (fo=5, routed)           0.617    17.697    u_mesh/GEN_R[4].r/u_allocator/GEN_ARB[2].u_arbiter/out_winner[2]_274[0]
    SLICE_X77Y118        LUT6 (Prop_lut6_I2_O)        0.124    17.821 r  u_mesh/GEN_R[4].r/u_allocator/GEN_ARB[2].u_arbiter/output_owner[2][1]_i_3__1/O
                         net (fo=3, routed)           0.415    18.236    u_mesh/GEN_R[4].r/u_allocator/GEN_ARB[2].u_arbiter/rr_ptr_reg[0]_19
    SLICE_X77Y118        LUT4 (Prop_lut4_I1_O)        0.124    18.360 r  u_mesh/GEN_R[4].r/u_allocator/GEN_ARB[2].u_arbiter/i___19_i_10__0/O
                         net (fo=23, routed)          1.308    19.667    u_mesh/GEN_R[4].r/xbar_sel[2]_284[1]
    SLICE_X71Y117        LUT4 (Prop_lut4_I0_O)        0.124    19.791 r  u_mesh/GEN_R[4].r/i___1_i_64/O
                         net (fo=1, routed)           0.807    20.598    u_mesh/GEN_R[4].r/i___1_i_64_n_0
    SLICE_X69Y118        LUT6 (Prop_lut6_I2_O)        0.124    20.722 r  u_mesh/GEN_R[4].r/i___1_i_22/O
                         net (fo=3, routed)           0.640    21.362    u_mesh/GEN_R[4].r/u_datapath/west_vc0_fifo/sel_west_vc1
    SLICE_X69Y118        LUT6 (Prop_lut6_I3_O)        0.124    21.486 r  u_mesh/GEN_R[4].r/u_datapath/west_vc0_fifo/i___1_i_9__3/O
                         net (fo=4, routed)           1.295    22.781    u_mesh/GEN_R[4].r/crossbar_valid_west
    SLICE_X61Y114        LUT5 (Prop_lut5_I0_O)        0.124    22.905 r  u_mesh/GEN_R[4].r/i___4_i_6/O
                         net (fo=1, routed)           0.000    22.905    u_mesh/GEN_R[4].r/i___4_i_6_n_0
    SLICE_X61Y114        MUXF7 (Prop_muxf7_I1_O)      0.217    23.122 r  u_mesh/GEN_R[4].r/i___4_i_2/O
                         net (fo=1, routed)           0.293    23.414    u_mesh/GEN_R[4].r/i___4_i_2_n_0
    SLICE_X61Y115        LUT6 (Prop_lut6_I4_O)        0.299    23.713 r  u_mesh/GEN_R[4].r/i___4/O
                         net (fo=3, routed)           0.848    24.562    u_mesh/GEN_R[4].r/u_datapath/local_vc0_fifo/out_v_n[4]_309
    SLICE_X60Y114        LUT6 (Prop_lut6_I4_O)        0.124    24.686 f  u_mesh/GEN_R[4].r/u_datapath/local_vc0_fifo/wr_ptr[1]_i_2__56/O
                         net (fo=6, routed)           0.315    25.001    u_mesh/GEN_R[1].r/u_datapath/south_vc1_fifo/wr_ptr_reg[1]_0
    SLICE_X59Y114        LUT5 (Prop_lut5_I1_O)        0.124    25.125 r  u_mesh/GEN_R[1].r/u_datapath/south_vc1_fifo/fifo_mem_reg[0][flit_data]_0_3_0_5_i_1__8/O
                         net (fo=52, routed)          0.777    25.902    u_mesh/GEN_R[1].r/u_datapath/south_vc1_fifo/fifo_mem_reg[0][flit_data]_0_3_24_29/WE
    SLICE_X56Y108        RAMS32                                       r  u_mesh/GEN_R[1].r/u_datapath/south_vc1_fifo/fifo_mem_reg[0][flit_data]_0_3_24_29/RAMD_D1/WE
  -------------------------------------------------------------------    -------------------

                         (clock clk rise edge)       20.000    20.000 r  
    E3                                                0.000    20.000 r  clk (IN)
                         net (fo=0)                   0.000    20.000    clk
    E3                   IBUF (Prop_ibuf_I_O)         1.411    21.411 r  clk_IBUF_inst/O
                         net (fo=1, routed)           1.920    23.331    clk_IBUF
    BUFGCTRL_X0Y16       BUFG (Prop_bufg_I_O)         0.091    23.422 r  clk_IBUF_BUFG_inst/O
                         net (fo=4884, routed)        1.488    24.910    u_mesh/GEN_R[1].r/u_datapath/south_vc1_fifo/fifo_mem_reg[0][flit_data]_0_3_24_29/WCLK
    SLICE_X56Y108        RAMS32                                       r  u_mesh/GEN_R[1].r/u_datapath/south_vc1_fifo/fifo_mem_reg[0][flit_data]_0_3_24_29/RAMD_D1/CLK
                         clock pessimism              0.259    25.169    
                         clock uncertainty           -0.035    25.134    
    SLICE_X56Y108        RAMS32 (Setup_rams32_CLK_WE)
                                                     -0.533    24.601    u_mesh/GEN_R[1].r/u_datapath/south_vc1_fifo/fifo_mem_reg[0][flit_data]_0_3_24_29/RAMD_D1
  -------------------------------------------------------------------
                         required time                         24.601    
                         arrival time                         -25.902    
  -------------------------------------------------------------------
                         slack                                 -1.301    

Slack (VIOLATED) :        -1.274ns  (required time - arrival time)
  Source:                 u_mesh/GEN_R[4].r/u_datapath/west_vc0_fifo/rd_ptr_reg[0]/C
                            (rising edge-triggered cell FDRE clocked by clk  {rise@0.000ns fall@10.000ns period=20.000ns})
  Destination:            u_mesh/GEN_R[1].r/u_datapath/south_vc1_fifo/fifo_mem_reg[0][flit_data]_0_3_18_23/RAMA/WE
                            (rising edge-triggered cell RAMD32 clocked by clk  {rise@0.000ns fall@10.000ns period=20.000ns})
  Path Group:             clk
  Path Type:              Setup (Max at Slow Process Corner)
  Requirement:            20.000ns  (clk rise@20.000ns - clk rise@0.000ns)
  Data Path Delay:        20.676ns  (logic 3.688ns (17.837%)  route 16.988ns (82.163%))
  Logic Levels:           22  (LUT4=3 LUT5=6 LUT6=11 MUXF7=1 RAMD32=1)
  Clock Path Skew:        -0.030ns (DCD - SCD + CPR)
    Destination Clock Delay (DCD):    4.913ns = ( 24.913 - 20.000 ) 
    Source Clock Delay      (SCD):    5.202ns
    Clock Pessimism Removal (CPR):    0.259ns
  Clock Uncertainty:      0.035ns  ((TSJ^2 + TIJ^2)^1/2 + DJ) / 2 + PE
    Total System Jitter     (TSJ):    0.071ns
    Total Input Jitter      (TIJ):    0.000ns
    Discrete Jitter          (DJ):    0.000ns
    Phase Error              (PE):    0.000ns

    Location             Delay type                Incr(ns)  Path(ns)    Netlist Resource(s)
  -------------------------------------------------------------------    -------------------
                         (clock clk rise edge)        0.000     0.000 r  
    E3                                                0.000     0.000 r  clk (IN)
                         net (fo=0)                   0.000     0.000    clk
    E3                   IBUF (Prop_ibuf_I_O)         1.482     1.482 r  clk_IBUF_inst/O
                         net (fo=1, routed)           2.025     3.506    clk_IBUF
    BUFGCTRL_X0Y16       BUFG (Prop_bufg_I_O)         0.096     3.602 r  clk_IBUF_BUFG_inst/O
                         net (fo=4884, routed)        1.600     5.202    u_mesh/GEN_R[4].r/u_datapath/west_vc0_fifo/clk_IBUF_BUFG
    SLICE_X67Y127        FDRE                                         r  u_mesh/GEN_R[4].r/u_datapath/west_vc0_fifo/rd_ptr_reg[0]/C
  -------------------------------------------------------------------    -------------------
    SLICE_X67Y127        FDRE (Prop_fdre_C_Q)         0.456     5.658 r  u_mesh/GEN_R[4].r/u_datapath/west_vc0_fifo/rd_ptr_reg[0]/Q
                         net (fo=38, routed)          0.892     6.550    u_mesh/GEN_R[4].r/u_datapath/west_vc0_fifo/fifo_mem_reg[0][flit_data]_0_3_30_31__0/DPRA0
    SLICE_X66Y128        RAMD32 (Prop_ramd32_RADR0_O)
                                                      0.153     6.703 f  u_mesh/GEN_R[4].r/u_datapath/west_vc0_fifo/fifo_mem_reg[0][flit_data]_0_3_30_31__0/DP/O
                         net (fo=10, routed)          0.881     7.584    u_mesh/GEN_R[4].r/u_datapath/west_vc0_fifo/fifo_mem_reg[0][flit_data]_0_3_30_31__0_n_0
    SLICE_X70Y128        LUT6 (Prop_lut6_I1_O)        0.331     7.915 r  u_mesh/GEN_R[4].r/u_datapath/west_vc0_fifo/i___18_i_257/O
                         net (fo=2, routed)           0.967     8.882    u_mesh/GEN_R[4].r/u_datapath/west_vc0_fifo/i___18_i_257_n_0
    SLICE_X71Y126        LUT6 (Prop_lut6_I2_O)        0.124     9.006 r  u_mesh/GEN_R[4].r/u_datapath/west_vc0_fifo/i___18_i_201/O
                         net (fo=1, routed)           0.900     9.906    u_mesh/GEN_R[4].r/u_datapath/west_vc0_fifo/i___18_i_201_n_0
    SLICE_X72Y126        LUT5 (Prop_lut5_I0_O)        0.124    10.030 f  u_mesh/GEN_R[4].r/u_datapath/west_vc0_fifo/i___18_i_101/O
                         net (fo=4, routed)           0.783    10.813    u_mesh/GEN_R[4].r/u_datapath/west_vc0_fifo/i___18_i_101_n_0
    SLICE_X76Y124        LUT6 (Prop_lut6_I0_O)        0.124    10.937 f  u_mesh/GEN_R[4].r/u_datapath/west_vc0_fifo/i___18_i_32/O
                         net (fo=3, routed)           0.817    11.755    u_mesh/GEN_R[4].r/u_datapath/west_vc0_fifo/output_locked_reg[1]
    SLICE_X75Y124        LUT5 (Prop_lut5_I1_O)        0.124    11.879 f  u_mesh/GEN_R[4].r/u_datapath/west_vc0_fifo/rr_ptr[1]_i_7__18/O
                         net (fo=5, routed)           0.478    12.356    u_mesh/GEN_R[4].r/u_allocator/GEN_IN_ARB[3].u_in_arbiter/rr_ptr_reg[1]_5[0]
    SLICE_X75Y123        LUT5 (Prop_lut5_I4_O)        0.124    12.480 r  u_mesh/GEN_R[4].r/u_allocator/GEN_IN_ARB[3].u_in_arbiter/i___7_i_9__1/O
                         net (fo=7, routed)           1.050    13.531    u_mesh/GEN_R[4].r/u_datapath/local_vc0_fifo/in_winner[3]_268[1]
    SLICE_X74Y124        LUT6 (Prop_lut6_I3_O)        0.124    13.655 r  u_mesh/GEN_R[4].r/u_datapath/local_vc0_fifo/i___18_i_21/O
                         net (fo=4, routed)           0.620    14.275    u_mesh/GEN_R[4].r/u_allocator/GEN_IN_ARB[3].u_in_arbiter/i___18_1
    SLICE_X76Y124        LUT5 (Prop_lut5_I3_O)        0.124    14.399 r  u_mesh/GEN_R[4].r/u_allocator/GEN_IN_ARB[3].u_in_arbiter/i___20_i_9/O
                         net (fo=4, routed)           0.625    15.024    u_mesh/GEN_R[4].r/u_allocator/GEN_IN_ARB[3].u_in_arbiter/i___20_i_9_n_0
    SLICE_X75Y122        LUT4 (Prop_lut4_I3_O)        0.124    15.148 r  u_mesh/GEN_R[4].r/u_allocator/GEN_IN_ARB[3].u_in_arbiter/i___20_i_5/O
                         net (fo=23, routed)          1.029    16.177    u_mesh/GEN_R[4].r/u_allocator/GEN_ARB[2].u_arbiter/rr_ptr_reg[2]_0
    SLICE_X74Y119        LUT6 (Prop_lut6_I2_O)        0.124    16.301 r  u_mesh/GEN_R[4].r/u_allocator/GEN_ARB[2].u_arbiter/output_owner[2][3]_i_12__1/O
                         net (fo=1, routed)           0.655    16.956    u_mesh/GEN_R[4].r/u_allocator/GEN_ARB[2].u_arbiter/output_owner[2][3]_i_12__1_n_0
    SLICE_X75Y119        LUT6 (Prop_lut6_I3_O)        0.124    17.080 r  u_mesh/GEN_R[4].r/u_allocator/GEN_ARB[2].u_arbiter/output_owner[2][3]_i_5__1/O
                         net (fo=5, routed)           0.617    17.697    u_mesh/GEN_R[4].r/u_allocator/GEN_ARB[2].u_arbiter/out_winner[2]_274[0]
    SLICE_X77Y118        LUT6 (Prop_lut6_I2_O)        0.124    17.821 r  u_mesh/GEN_R[4].r/u_allocator/GEN_ARB[2].u_arbiter/output_owner[2][1]_i_3__1/O
                         net (fo=3, routed)           0.415    18.236    u_mesh/GEN_R[4].r/u_allocator/GEN_ARB[2].u_arbiter/rr_ptr_reg[0]_19
    SLICE_X77Y118        LUT4 (Prop_lut4_I1_O)        0.124    18.360 r  u_mesh/GEN_R[4].r/u_allocator/GEN_ARB[2].u_arbiter/i___19_i_10__0/O
                         net (fo=23, routed)          1.308    19.667    u_mesh/GEN_R[4].r/xbar_sel[2]_284[1]
    SLICE_X71Y117        LUT4 (Prop_lut4_I0_O)        0.124    19.791 r  u_mesh/GEN_R[4].r/i___1_i_64/O
                         net (fo=1, routed)           0.807    20.598    u_mesh/GEN_R[4].r/i___1_i_64_n_0
    SLICE_X69Y118        LUT6 (Prop_lut6_I2_O)        0.124    20.722 r  u_mesh/GEN_R[4].r/i___1_i_22/O
                         net (fo=3, routed)           0.640    21.362    u_mesh/GEN_R[4].r/u_datapath/west_vc0_fifo/sel_west_vc1
    SLICE_X69Y118        LUT6 (Prop_lut6_I3_O)        0.124    21.486 r  u_mesh/GEN_R[4].r/u_datapath/west_vc0_fifo/i___1_i_9__3/O
                         net (fo=4, routed)           1.295    22.781    u_mesh/GEN_R[4].r/crossbar_valid_west
    SLICE_X61Y114        LUT5 (Prop_lut5_I0_O)        0.124    22.905 r  u_mesh/GEN_R[4].r/i___4_i_6/O
                         net (fo=1, routed)           0.000    22.905    u_mesh/GEN_R[4].r/i___4_i_6_n_0
    SLICE_X61Y114        MUXF7 (Prop_muxf7_I1_O)      0.217    23.122 r  u_mesh/GEN_R[4].r/i___4_i_2/O
                         net (fo=1, routed)           0.293    23.414    u_mesh/GEN_R[4].r/i___4_i_2_n_0
    SLICE_X61Y115        LUT6 (Prop_lut6_I4_O)        0.299    23.713 r  u_mesh/GEN_R[4].r/i___4/O
                         net (fo=3, routed)           0.848    24.562    u_mesh/GEN_R[4].r/u_datapath/local_vc0_fifo/out_v_n[4]_309
    SLICE_X60Y114        LUT6 (Prop_lut6_I4_O)        0.124    24.686 f  u_mesh/GEN_R[4].r/u_datapath/local_vc0_fifo/wr_ptr[1]_i_2__56/O
                         net (fo=6, routed)           0.315    25.001    u_mesh/GEN_R[1].r/u_datapath/south_vc1_fifo/wr_ptr_reg[1]_0
    SLICE_X59Y114        LUT5 (Prop_lut5_I1_O)        0.124    25.125 r  u_mesh/GEN_R[1].r/u_datapath/south_vc1_fifo/fifo_mem_reg[0][flit_data]_0_3_0_5_i_1__8/O
                         net (fo=52, routed)          0.753    25.878    u_mesh/GEN_R[1].r/u_datapath/south_vc1_fifo/fifo_mem_reg[0][flit_data]_0_3_18_23/WE
    SLICE_X58Y110        RAMD32                                       r  u_mesh/GEN_R[1].r/u_datapath/south_vc1_fifo/fifo_mem_reg[0][flit_data]_0_3_18_23/RAMA/WE
  -------------------------------------------------------------------    -------------------

                         (clock clk rise edge)       20.000    20.000 r  
    E3                                                0.000    20.000 r  clk (IN)
                         net (fo=0)                   0.000    20.000    clk
    E3                   IBUF (Prop_ibuf_I_O)         1.411    21.411 r  clk_IBUF_inst/O
                         net (fo=1, routed)           1.920    23.331    clk_IBUF
    BUFGCTRL_X0Y16       BUFG (Prop_bufg_I_O)         0.091    23.422 r  clk_IBUF_BUFG_inst/O
                         net (fo=4884, routed)        1.491    24.913    u_mesh/GEN_R[1].r/u_datapath/south_vc1_fifo/fifo_mem_reg[0][flit_data]_0_3_18_23/WCLK
    SLICE_X58Y110        RAMD32                                       r  u_mesh/GEN_R[1].r/u_datapath/south_vc1_fifo/fifo_mem_reg[0][flit_data]_0_3_18_23/RAMA/CLK
                         clock pessimism              0.259    25.172    
                         clock uncertainty           -0.035    25.137    
    SLICE_X58Y110        RAMD32 (Setup_ramd32_CLK_WE)
                                                     -0.533    24.604    u_mesh/GEN_R[1].r/u_datapath/south_vc1_fifo/fifo_mem_reg[0][flit_data]_0_3_18_23/RAMA
  -------------------------------------------------------------------
                         required time                         24.604    
                         arrival time                         -25.878    
  -------------------------------------------------------------------
                         slack                                 -1.274    

Slack (VIOLATED) :        -1.274ns  (required time - arrival time)
  Source:                 u_mesh/GEN_R[4].r/u_datapath/west_vc0_fifo/rd_ptr_reg[0]/C
                            (rising edge-triggered cell FDRE clocked by clk  {rise@0.000ns fall@10.000ns period=20.000ns})
  Destination:            u_mesh/GEN_R[1].r/u_datapath/south_vc1_fifo/fifo_mem_reg[0][flit_data]_0_3_18_23/RAMA_D1/WE
                            (rising edge-triggered cell RAMD32 clocked by clk  {rise@0.000ns fall@10.000ns period=20.000ns})
  Path Group:             clk
  Path Type:              Setup (Max at Slow Process Corner)
  Requirement:            20.000ns  (clk rise@20.000ns - clk rise@0.000ns)
  Data Path Delay:        20.676ns  (logic 3.688ns (17.837%)  route 16.988ns (82.163%))
  Logic Levels:           22  (LUT4=3 LUT5=6 LUT6=11 MUXF7=1 RAMD32=1)
  Clock Path Skew:        -0.030ns (DCD - SCD + CPR)
    Destination Clock Delay (DCD):    4.913ns = ( 24.913 - 20.000 ) 
    Source Clock Delay      (SCD):    5.202ns
    Clock Pessimism Removal (CPR):    0.259ns
  Clock Uncertainty:      0.035ns  ((TSJ^2 + TIJ^2)^1/2 + DJ) / 2 + PE
    Total System Jitter     (TSJ):    0.071ns
    Total Input Jitter      (TIJ):    0.000ns
    Discrete Jitter          (DJ):    0.000ns
    Phase Error              (PE):    0.000ns

    Location             Delay type                Incr(ns)  Path(ns)    Netlist Resource(s)
  -------------------------------------------------------------------    -------------------
                         (clock clk rise edge)        0.000     0.000 r  
    E3                                                0.000     0.000 r  clk (IN)
                         net (fo=0)                   0.000     0.000    clk
    E3                   IBUF (Prop_ibuf_I_O)         1.482     1.482 r  clk_IBUF_inst/O
                         net (fo=1, routed)           2.025     3.506    clk_IBUF
    BUFGCTRL_X0Y16       BUFG (Prop_bufg_I_O)         0.096     3.602 r  clk_IBUF_BUFG_inst/O
                         net (fo=4884, routed)        1.600     5.202    u_mesh/GEN_R[4].r/u_datapath/west_vc0_fifo/clk_IBUF_BUFG
    SLICE_X67Y127        FDRE                                         r  u_mesh/GEN_R[4].r/u_datapath/west_vc0_fifo/rd_ptr_reg[0]/C
  -------------------------------------------------------------------    -------------------
    SLICE_X67Y127        FDRE (Prop_fdre_C_Q)         0.456     5.658 r  u_mesh/GEN_R[4].r/u_datapath/west_vc0_fifo/rd_ptr_reg[0]/Q
                         net (fo=38, routed)          0.892     6.550    u_mesh/GEN_R[4].r/u_datapath/west_vc0_fifo/fifo_mem_reg[0][flit_data]_0_3_30_31__0/DPRA0
    SLICE_X66Y128        RAMD32 (Prop_ramd32_RADR0_O)
                                                      0.153     6.703 f  u_mesh/GEN_R[4].r/u_datapath/west_vc0_fifo/fifo_mem_reg[0][flit_data]_0_3_30_31__0/DP/O
                         net (fo=10, routed)          0.881     7.584    u_mesh/GEN_R[4].r/u_datapath/west_vc0_fifo/fifo_mem_reg[0][flit_data]_0_3_30_31__0_n_0
    SLICE_X70Y128        LUT6 (Prop_lut6_I1_O)        0.331     7.915 r  u_mesh/GEN_R[4].r/u_datapath/west_vc0_fifo/i___18_i_257/O
                         net (fo=2, routed)           0.967     8.882    u_mesh/GEN_R[4].r/u_datapath/west_vc0_fifo/i___18_i_257_n_0
    SLICE_X71Y126        LUT6 (Prop_lut6_I2_O)        0.124     9.006 r  u_mesh/GEN_R[4].r/u_datapath/west_vc0_fifo/i___18_i_201/O
                         net (fo=1, routed)           0.900     9.906    u_mesh/GEN_R[4].r/u_datapath/west_vc0_fifo/i___18_i_201_n_0
    SLICE_X72Y126        LUT5 (Prop_lut5_I0_O)        0.124    10.030 f  u_mesh/GEN_R[4].r/u_datapath/west_vc0_fifo/i___18_i_101/O
                         net (fo=4, routed)           0.783    10.813    u_mesh/GEN_R[4].r/u_datapath/west_vc0_fifo/i___18_i_101_n_0
    SLICE_X76Y124        LUT6 (Prop_lut6_I0_O)        0.124    10.937 f  u_mesh/GEN_R[4].r/u_datapath/west_vc0_fifo/i___18_i_32/O
                         net (fo=3, routed)           0.817    11.755    u_mesh/GEN_R[4].r/u_datapath/west_vc0_fifo/output_locked_reg[1]
    SLICE_X75Y124        LUT5 (Prop_lut5_I1_O)        0.124    11.879 f  u_mesh/GEN_R[4].r/u_datapath/west_vc0_fifo/rr_ptr[1]_i_7__18/O
                         net (fo=5, routed)           0.478    12.356    u_mesh/GEN_R[4].r/u_allocator/GEN_IN_ARB[3].u_in_arbiter/rr_ptr_reg[1]_5[0]
    SLICE_X75Y123        LUT5 (Prop_lut5_I4_O)        0.124    12.480 r  u_mesh/GEN_R[4].r/u_allocator/GEN_IN_ARB[3].u_in_arbiter/i___7_i_9__1/O
                         net (fo=7, routed)           1.050    13.531    u_mesh/GEN_R[4].r/u_datapath/local_vc0_fifo/in_winner[3]_268[1]
    SLICE_X74Y124        LUT6 (Prop_lut6_I3_O)        0.124    13.655 r  u_mesh/GEN_R[4].r/u_datapath/local_vc0_fifo/i___18_i_21/O
                         net (fo=4, routed)           0.620    14.275    u_mesh/GEN_R[4].r/u_allocator/GEN_IN_ARB[3].u_in_arbiter/i___18_1
    SLICE_X76Y124        LUT5 (Prop_lut5_I3_O)        0.124    14.399 r  u_mesh/GEN_R[4].r/u_allocator/GEN_IN_ARB[3].u_in_arbiter/i___20_i_9/O
                         net (fo=4, routed)           0.625    15.024    u_mesh/GEN_R[4].r/u_allocator/GEN_IN_ARB[3].u_in_arbiter/i___20_i_9_n_0
    SLICE_X75Y122        LUT4 (Prop_lut4_I3_O)        0.124    15.148 r  u_mesh/GEN_R[4].r/u_allocator/GEN_IN_ARB[3].u_in_arbiter/i___20_i_5/O
                         net (fo=23, routed)          1.029    16.177    u_mesh/GEN_R[4].r/u_allocator/GEN_ARB[2].u_arbiter/rr_ptr_reg[2]_0
    SLICE_X74Y119        LUT6 (Prop_lut6_I2_O)        0.124    16.301 r  u_mesh/GEN_R[4].r/u_allocator/GEN_ARB[2].u_arbiter/output_owner[2][3]_i_12__1/O
                         net (fo=1, routed)           0.655    16.956    u_mesh/GEN_R[4].r/u_allocator/GEN_ARB[2].u_arbiter/output_owner[2][3]_i_12__1_n_0
    SLICE_X75Y119        LUT6 (Prop_lut6_I3_O)        0.124    17.080 r  u_mesh/GEN_R[4].r/u_allocator/GEN_ARB[2].u_arbiter/output_owner[2][3]_i_5__1/O
                         net (fo=5, routed)           0.617    17.697    u_mesh/GEN_R[4].r/u_allocator/GEN_ARB[2].u_arbiter/out_winner[2]_274[0]
    SLICE_X77Y118        LUT6 (Prop_lut6_I2_O)        0.124    17.821 r  u_mesh/GEN_R[4].r/u_allocator/GEN_ARB[2].u_arbiter/output_owner[2][1]_i_3__1/O
                         net (fo=3, routed)           0.415    18.236    u_mesh/GEN_R[4].r/u_allocator/GEN_ARB[2].u_arbiter/rr_ptr_reg[0]_19
    SLICE_X77Y118        LUT4 (Prop_lut4_I1_O)        0.124    18.360 r  u_mesh/GEN_R[4].r/u_allocator/GEN_ARB[2].u_arbiter/i___19_i_10__0/O
                         net (fo=23, routed)          1.308    19.667    u_mesh/GEN_R[4].r/xbar_sel[2]_284[1]
    SLICE_X71Y117        LUT4 (Prop_lut4_I0_O)        0.124    19.791 r  u_mesh/GEN_R[4].r/i___1_i_64/O
                         net (fo=1, routed)           0.807    20.598    u_mesh/GEN_R[4].r/i___1_i_64_n_0
    SLICE_X69Y118        LUT6 (Prop_lut6_I2_O)        0.124    20.722 r  u_mesh/GEN_R[4].r/i___1_i_22/O
                         net (fo=3, routed)           0.640    21.362    u_mesh/GEN_R[4].r/u_datapath/west_vc0_fifo/sel_west_vc1
    SLICE_X69Y118        LUT6 (Prop_lut6_I3_O)        0.124    21.486 r  u_mesh/GEN_R[4].r/u_datapath/west_vc0_fifo/i___1_i_9__3/O
                         net (fo=4, routed)           1.295    22.781    u_mesh/GEN_R[4].r/crossbar_valid_west
    SLICE_X61Y114        LUT5 (Prop_lut5_I0_O)        0.124    22.905 r  u_mesh/GEN_R[4].r/i___4_i_6/O
                         net (fo=1, routed)           0.000    22.905    u_mesh/GEN_R[4].r/i___4_i_6_n_0
    SLICE_X61Y114        MUXF7 (Prop_muxf7_I1_O)      0.217    23.122 r  u_mesh/GEN_R[4].r/i___4_i_2/O
                         net (fo=1, routed)           0.293    23.414    u_mesh/GEN_R[4].r/i___4_i_2_n_0
    SLICE_X61Y115        LUT6 (Prop_lut6_I4_O)        0.299    23.713 r  u_mesh/GEN_R[4].r/i___4/O
                         net (fo=3, routed)           0.848    24.562    u_mesh/GEN_R[4].r/u_datapath/local_vc0_fifo/out_v_n[4]_309
    SLICE_X60Y114        LUT6 (Prop_lut6_I4_O)        0.124    24.686 f  u_mesh/GEN_R[4].r/u_datapath/local_vc0_fifo/wr_ptr[1]_i_2__56/O
                         net (fo=6, routed)           0.315    25.001    u_mesh/GEN_R[1].r/u_datapath/south_vc1_fifo/wr_ptr_reg[1]_0
    SLICE_X59Y114        LUT5 (Prop_lut5_I1_O)        0.124    25.125 r  u_mesh/GEN_R[1].r/u_datapath/south_vc1_fifo/fifo_mem_reg[0][flit_data]_0_3_0_5_i_1__8/O
                         net (fo=52, routed)          0.753    25.878    u_mesh/GEN_R[1].r/u_datapath/south_vc1_fifo/fifo_mem_reg[0][flit_data]_0_3_18_23/WE
    SLICE_X58Y110        RAMD32                                       r  u_mesh/GEN_R[1].r/u_datapath/south_vc1_fifo/fifo_mem_reg[0][flit_data]_0_3_18_23/RAMA_D1/WE
  -------------------------------------------------------------------    -------------------

                         (clock clk rise edge)       20.000    20.000 r  
    E3                                                0.000    20.000 r  clk (IN)
                         net (fo=0)                   0.000    20.000    clk
    E3                   IBUF (Prop_ibuf_I_O)         1.411    21.411 r  clk_IBUF_inst/O
                         net (fo=1, routed)           1.920    23.331    clk_IBUF
    BUFGCTRL_X0Y16       BUFG (Prop_bufg_I_O)         0.091    23.422 r  clk_IBUF_BUFG_inst/O
                         net (fo=4884, routed)        1.491    24.913    u_mesh/GEN_R[1].r/u_datapath/south_vc1_fifo/fifo_mem_reg[0][flit_data]_0_3_18_23/WCLK
    SLICE_X58Y110        RAMD32                                       r  u_mesh/GEN_R[1].r/u_datapath/south_vc1_fifo/fifo_mem_reg[0][flit_data]_0_3_18_23/RAMA_D1/CLK
                         clock pessimism              0.259    25.172    
                         clock uncertainty           -0.035    25.137    
    SLICE_X58Y110        RAMD32 (Setup_ramd32_CLK_WE)
                                                     -0.533    24.604    u_mesh/GEN_R[1].r/u_datapath/south_vc1_fifo/fifo_mem_reg[0][flit_data]_0_3_18_23/RAMA_D1
  -------------------------------------------------------------------
                         required time                         24.604    
                         arrival time                         -25.878    
  -------------------------------------------------------------------
                         slack                                 -1.274    





Min Delay Paths
--------------------------------------------------------------------------------------
Slack (MET) :             0.035ns  (arrival time - required time)
  Source:                 u_mesh/GEN_R[2].r/u_datapath/south_vc0_fifo/wr_ptr_reg[0]/C
                            (rising edge-triggered cell FDRE clocked by clk  {rise@0.000ns fall@10.000ns period=20.000ns})
  Destination:            u_mesh/GEN_R[2].r/u_datapath/south_vc0_fifo/fifo_mem_reg[0][flit_data]_0_3_18_23/RAMA/WADR0
                            (rising edge-triggered cell RAMD32 clocked by clk  {rise@0.000ns fall@10.000ns period=20.000ns})
  Path Group:             clk
  Path Type:              Hold (Min at Fast Process Corner)
  Requirement:            0.000ns  (clk rise@0.000ns - clk rise@0.000ns)
  Data Path Delay:        0.358ns  (logic 0.141ns (39.348%)  route 0.217ns (60.652%))
  Logic Levels:           0  
  Clock Path Skew:        0.013ns (DCD - SCD - CPR)
    Destination Clock Delay (DCD):    2.001ns
    Source Clock Delay      (SCD):    1.485ns
    Clock Pessimism Removal (CPR):    0.502ns

    Location             Delay type                Incr(ns)  Path(ns)    Netlist Resource(s)
  -------------------------------------------------------------------    -------------------
                         (clock clk rise edge)        0.000     0.000 r  
    E3                                                0.000     0.000 r  clk (IN)
                         net (fo=0)                   0.000     0.000    clk
    E3                   IBUF (Prop_ibuf_I_O)         0.250     0.250 r  clk_IBUF_inst/O
                         net (fo=1, routed)           0.644     0.894    clk_IBUF
    BUFGCTRL_X0Y16       BUFG (Prop_bufg_I_O)         0.026     0.920 r  clk_IBUF_BUFG_inst/O
                         net (fo=4884, routed)        0.566     1.485    u_mesh/GEN_R[2].r/u_datapath/south_vc0_fifo/clk_IBUF_BUFG
    SLICE_X57Y99         FDRE                                         r  u_mesh/GEN_R[2].r/u_datapath/south_vc0_fifo/wr_ptr_reg[0]/C
  -------------------------------------------------------------------    -------------------
    SLICE_X57Y99         FDRE (Prop_fdre_C_Q)         0.141     1.626 r  u_mesh/GEN_R[2].r/u_datapath/south_vc0_fifo/wr_ptr_reg[0]/Q
                         net (fo=60, routed)          0.217     1.844    u_mesh/GEN_R[2].r/u_datapath/south_vc0_fifo/fifo_mem_reg[0][flit_data]_0_3_18_23/ADDRD0
    SLICE_X56Y99         RAMD32                                       r  u_mesh/GEN_R[2].r/u_datapath/south_vc0_fifo/fifo_mem_reg[0][flit_data]_0_3_18_23/RAMA/WADR0
  -------------------------------------------------------------------    -------------------

                         (clock clk rise edge)        0.000     0.000 r  
    E3                                                0.000     0.000 r  clk (IN)
                         net (fo=0)                   0.000     0.000    clk
    E3                   IBUF (Prop_ibuf_I_O)         0.438     0.438 r  clk_IBUF_inst/O
                         net (fo=1, routed)           0.699     1.136    clk_IBUF
    BUFGCTRL_X0Y16       BUFG (Prop_bufg_I_O)         0.029     1.165 r  clk_IBUF_BUFG_inst/O
                         net (fo=4884, routed)        0.836     2.001    u_mesh/GEN_R[2].r/u_datapath/south_vc0_fifo/fifo_mem_reg[0][flit_data]_0_3_18_23/WCLK
    SLICE_X56Y99         RAMD32                                       r  u_mesh/GEN_R[2].r/u_datapath/south_vc0_fifo/fifo_mem_reg[0][flit_data]_0_3_18_23/RAMA/CLK
                         clock pessimism             -0.502     1.498    
    SLICE_X56Y99         RAMD32 (Hold_ramd32_CLK_WADR0)
                                                      0.310     1.808    u_mesh/GEN_R[2].r/u_datapath/south_vc0_fifo/fifo_mem_reg[0][flit_data]_0_3_18_23/RAMA
  -------------------------------------------------------------------
                         required time                         -1.808    
                         arrival time                           1.844    
  -------------------------------------------------------------------
                         slack                                  0.035    

Slack (MET) :             0.035ns  (arrival time - required time)
  Source:                 u_mesh/GEN_R[2].r/u_datapath/south_vc0_fifo/wr_ptr_reg[0]/C
                            (rising edge-triggered cell FDRE clocked by clk  {rise@0.000ns fall@10.000ns period=20.000ns})
  Destination:            u_mesh/GEN_R[2].r/u_datapath/south_vc0_fifo/fifo_mem_reg[0][flit_data]_0_3_18_23/RAMA_D1/WADR0
                            (rising edge-triggered cell RAMD32 clocked by clk  {rise@0.000ns fall@10.000ns period=20.000ns})
  Path Group:             clk
  Path Type:              Hold (Min at Fast Process Corner)
  Requirement:            0.000ns  (clk rise@0.000ns - clk rise@0.000ns)
  Data Path Delay:        0.358ns  (logic 0.141ns (39.348%)  route 0.217ns (60.652%))
  Logic Levels:           0  
  Clock Path Skew:        0.013ns (DCD - SCD - CPR)
    Destination Clock Delay (DCD):    2.001ns
    Source Clock Delay      (SCD):    1.485ns
    Clock Pessimism Removal (CPR):    0.502ns

    Location             Delay type                Incr(ns)  Path(ns)    Netlist Resource(s)
  -------------------------------------------------------------------    -------------------
                         (clock clk rise edge)        0.000     0.000 r  
    E3                                                0.000     0.000 r  clk (IN)
                         net (fo=0)                   0.000     0.000    clk
    E3                   IBUF (Prop_ibuf_I_O)         0.250     0.250 r  clk_IBUF_inst/O
                         net (fo=1, routed)           0.644     0.894    clk_IBUF
    BUFGCTRL_X0Y16       BUFG (Prop_bufg_I_O)         0.026     0.920 r  clk_IBUF_BUFG_inst/O
                         net (fo=4884, routed)        0.566     1.485    u_mesh/GEN_R[2].r/u_datapath/south_vc0_fifo/clk_IBUF_BUFG
    SLICE_X57Y99         FDRE                                         r  u_mesh/GEN_R[2].r/u_datapath/south_vc0_fifo/wr_ptr_reg[0]/C
  -------------------------------------------------------------------    -------------------
    SLICE_X57Y99         FDRE (Prop_fdre_C_Q)         0.141     1.626 r  u_mesh/GEN_R[2].r/u_datapath/south_vc0_fifo/wr_ptr_reg[0]/Q
                         net (fo=60, routed)          0.217     1.844    u_mesh/GEN_R[2].r/u_datapath/south_vc0_fifo/fifo_mem_reg[0][flit_data]_0_3_18_23/ADDRD0
    SLICE_X56Y99         RAMD32                                       r  u_mesh/GEN_R[2].r/u_datapath/south_vc0_fifo/fifo_mem_reg[0][flit_data]_0_3_18_23/RAMA_D1/WADR0
  -------------------------------------------------------------------    -------------------

                         (clock clk rise edge)        0.000     0.000 r  
    E3                                                0.000     0.000 r  clk (IN)
                         net (fo=0)                   0.000     0.000    clk
    E3                   IBUF (Prop_ibuf_I_O)         0.438     0.438 r  clk_IBUF_inst/O
                         net (fo=1, routed)           0.699     1.136    clk_IBUF
    BUFGCTRL_X0Y16       BUFG (Prop_bufg_I_O)         0.029     1.165 r  clk_IBUF_BUFG_inst/O
                         net (fo=4884, routed)        0.836     2.001    u_mesh/GEN_R[2].r/u_datapath/south_vc0_fifo/fifo_mem_reg[0][flit_data]_0_3_18_23/WCLK
    SLICE_X56Y99         RAMD32                                       r  u_mesh/GEN_R[2].r/u_datapath/south_vc0_fifo/fifo_mem_reg[0][flit_data]_0_3_18_23/RAMA_D1/CLK
                         clock pessimism             -0.502     1.498    
    SLICE_X56Y99         RAMD32 (Hold_ramd32_CLK_WADR0)
                                                      0.310     1.808    u_mesh/GEN_R[2].r/u_datapath/south_vc0_fifo/fifo_mem_reg[0][flit_data]_0_3_18_23/RAMA_D1
  -------------------------------------------------------------------
                         required time                         -1.808    
                         arrival time                           1.844    
  -------------------------------------------------------------------
                         slack                                  0.035    

Slack (MET) :             0.035ns  (arrival time - required time)
  Source:                 u_mesh/GEN_R[2].r/u_datapath/south_vc0_fifo/wr_ptr_reg[0]/C
                            (rising edge-triggered cell FDRE clocked by clk  {rise@0.000ns fall@10.000ns period=20.000ns})
  Destination:            u_mesh/GEN_R[2].r/u_datapath/south_vc0_fifo/fifo_mem_reg[0][flit_data]_0_3_18_23/RAMB/WADR0
                            (rising edge-triggered cell RAMD32 clocked by clk  {rise@0.000ns fall@10.000ns period=20.000ns})
  Path Group:             clk
  Path Type:              Hold (Min at Fast Process Corner)
  Requirement:            0.000ns  (clk rise@0.000ns - clk rise@0.000ns)
  Data Path Delay:        0.358ns  (logic 0.141ns (39.348%)  route 0.217ns (60.652%))
  Logic Levels:           0  
  Clock Path Skew:        0.013ns (DCD - SCD - CPR)
    Destination Clock Delay (DCD):    2.001ns
    Source Clock Delay      (SCD):    1.485ns
    Clock Pessimism Removal (CPR):    0.502ns

    Location             Delay type                Incr(ns)  Path(ns)    Netlist Resource(s)
  -------------------------------------------------------------------    -------------------
                         (clock clk rise edge)        0.000     0.000 r  
    E3                                                0.000     0.000 r  clk (IN)
                         net (fo=0)                   0.000     0.000    clk
    E3                   IBUF (Prop_ibuf_I_O)         0.250     0.250 r  clk_IBUF_inst/O
                         net (fo=1, routed)           0.644     0.894    clk_IBUF
    BUFGCTRL_X0Y16       BUFG (Prop_bufg_I_O)         0.026     0.920 r  clk_IBUF_BUFG_inst/O
                         net (fo=4884, routed)        0.566     1.485    u_mesh/GEN_R[2].r/u_datapath/south_vc0_fifo/clk_IBUF_BUFG
    SLICE_X57Y99         FDRE                                         r  u_mesh/GEN_R[2].r/u_datapath/south_vc0_fifo/wr_ptr_reg[0]/C
  -------------------------------------------------------------------    -------------------
    SLICE_X57Y99         FDRE (Prop_fdre_C_Q)         0.141     1.626 r  u_mesh/GEN_R[2].r/u_datapath/south_vc0_fifo/wr_ptr_reg[0]/Q
                         net (fo=60, routed)          0.217     1.844    u_mesh/GEN_R[2].r/u_datapath/south_vc0_fifo/fifo_mem_reg[0][flit_data]_0_3_18_23/ADDRD0
    SLICE_X56Y99         RAMD32                                       r  u_mesh/GEN_R[2].r/u_datapath/south_vc0_fifo/fifo_mem_reg[0][flit_data]_0_3_18_23/RAMB/WADR0
  -------------------------------------------------------------------    -------------------

                         (clock clk rise edge)        0.000     0.000 r  
    E3                                                0.000     0.000 r  clk (IN)
                         net (fo=0)                   0.000     0.000    clk
    E3                   IBUF (Prop_ibuf_I_O)         0.438     0.438 r  clk_IBUF_inst/O
                         net (fo=1, routed)           0.699     1.136    clk_IBUF
    BUFGCTRL_X0Y16       BUFG (Prop_bufg_I_O)         0.029     1.165 r  clk_IBUF_BUFG_inst/O
                         net (fo=4884, routed)        0.836     2.001    u_mesh/GEN_R[2].r/u_datapath/south_vc0_fifo/fifo_mem_reg[0][flit_data]_0_3_18_23/WCLK
    SLICE_X56Y99         RAMD32                                       r  u_mesh/GEN_R[2].r/u_datapath/south_vc0_fifo/fifo_mem_reg[0][flit_data]_0_3_18_23/RAMB/CLK
                         clock pessimism             -0.502     1.498    
    SLICE_X56Y99         RAMD32 (Hold_ramd32_CLK_WADR0)
                                                      0.310     1.808    u_mesh/GEN_R[2].r/u_datapath/south_vc0_fifo/fifo_mem_reg[0][flit_data]_0_3_18_23/RAMB
  -------------------------------------------------------------------
                         required time                         -1.808    
                         arrival time                           1.844    
  -------------------------------------------------------------------
                         slack                                  0.035    

Slack (MET) :             0.035ns  (arrival time - required time)
  Source:                 u_mesh/GEN_R[2].r/u_datapath/south_vc0_fifo/wr_ptr_reg[0]/C
                            (rising edge-triggered cell FDRE clocked by clk  {rise@0.000ns fall@10.000ns period=20.000ns})
  Destination:            u_mesh/GEN_R[2].r/u_datapath/south_vc0_fifo/fifo_mem_reg[0][flit_data]_0_3_18_23/RAMB_D1/WADR0
                            (rising edge-triggered cell RAMD32 clocked by clk  {rise@0.000ns fall@10.000ns period=20.000ns})
  Path Group:             clk
  Path Type:              Hold (Min at Fast Process Corner)
  Requirement:            0.000ns  (clk rise@0.000ns - clk rise@0.000ns)
  Data Path Delay:        0.358ns  (logic 0.141ns (39.348%)  route 0.217ns (60.652%))
  Logic Levels:           0  
  Clock Path Skew:        0.013ns (DCD - SCD - CPR)
    Destination Clock Delay (DCD):    2.001ns
    Source Clock Delay      (SCD):    1.485ns
    Clock Pessimism Removal (CPR):    0.502ns

    Location             Delay type                Incr(ns)  Path(ns)    Netlist Resource(s)
  -------------------------------------------------------------------    -------------------
                         (clock clk rise edge)        0.000     0.000 r  
    E3                                                0.000     0.000 r  clk (IN)
                         net (fo=0)                   0.000     0.000    clk
    E3                   IBUF (Prop_ibuf_I_O)         0.250     0.250 r  clk_IBUF_inst/O
                         net (fo=1, routed)           0.644     0.894    clk_IBUF
    BUFGCTRL_X0Y16       BUFG (Prop_bufg_I_O)         0.026     0.920 r  clk_IBUF_BUFG_inst/O
                         net (fo=4884, routed)        0.566     1.485    u_mesh/GEN_R[2].r/u_datapath/south_vc0_fifo/clk_IBUF_BUFG
    SLICE_X57Y99         FDRE                                         r  u_mesh/GEN_R[2].r/u_datapath/south_vc0_fifo/wr_ptr_reg[0]/C
  -------------------------------------------------------------------    -------------------
    SLICE_X57Y99         FDRE (Prop_fdre_C_Q)         0.141     1.626 r  u_mesh/GEN_R[2].r/u_datapath/south_vc0_fifo/wr_ptr_reg[0]/Q
                         net (fo=60, routed)          0.217     1.844    u_mesh/GEN_R[2].r/u_datapath/south_vc0_fifo/fifo_mem_reg[0][flit_data]_0_3_18_23/ADDRD0
    SLICE_X56Y99         RAMD32                                       r  u_mesh/GEN_R[2].r/u_datapath/south_vc0_fifo/fifo_mem_reg[0][flit_data]_0_3_18_23/RAMB_D1/WADR0
  -------------------------------------------------------------------    -------------------

                         (clock clk rise edge)        0.000     0.000 r  
    E3                                                0.000     0.000 r  clk (IN)
                         net (fo=0)                   0.000     0.000    clk
    E3                   IBUF (Prop_ibuf_I_O)         0.438     0.438 r  clk_IBUF_inst/O
                         net (fo=1, routed)           0.699     1.136    clk_IBUF
    BUFGCTRL_X0Y16       BUFG (Prop_bufg_I_O)         0.029     1.165 r  clk_IBUF_BUFG_inst/O
                         net (fo=4884, routed)        0.836     2.001    u_mesh/GEN_R[2].r/u_datapath/south_vc0_fifo/fifo_mem_reg[0][flit_data]_0_3_18_23/WCLK
    SLICE_X56Y99         RAMD32                                       r  u_mesh/GEN_R[2].r/u_datapath/south_vc0_fifo/fifo_mem_reg[0][flit_data]_0_3_18_23/RAMB_D1/CLK
                         clock pessimism             -0.502     1.498    
    SLICE_X56Y99         RAMD32 (Hold_ramd32_CLK_WADR0)
                                                      0.310     1.808    u_mesh/GEN_R[2].r/u_datapath/south_vc0_fifo/fifo_mem_reg[0][flit_data]_0_3_18_23/RAMB_D1
  -------------------------------------------------------------------
                         required time                         -1.808    
                         arrival time                           1.844    
  -------------------------------------------------------------------
                         slack                                  0.035    

Slack (MET) :             0.035ns  (arrival time - required time)
  Source:                 u_mesh/GEN_R[2].r/u_datapath/south_vc0_fifo/wr_ptr_reg[0]/C
                            (rising edge-triggered cell FDRE clocked by clk  {rise@0.000ns fall@10.000ns period=20.000ns})
  Destination:            u_mesh/GEN_R[2].r/u_datapath/south_vc0_fifo/fifo_mem_reg[0][flit_data]_0_3_18_23/RAMC/WADR0
                            (rising edge-triggered cell RAMD32 clocked by clk  {rise@0.000ns fall@10.000ns period=20.000ns})
  Path Group:             clk
  Path Type:              Hold (Min at Fast Process Corner)
  Requirement:            0.000ns  (clk rise@0.000ns - clk rise@0.000ns)
  Data Path Delay:        0.358ns  (logic 0.141ns (39.348%)  route 0.217ns (60.652%))
  Logic Levels:           0  
  Clock Path Skew:        0.013ns (DCD - SCD - CPR)
    Destination Clock Delay (DCD):    2.001ns
    Source Clock Delay      (SCD):    1.485ns
    Clock Pessimism Removal (CPR):    0.502ns

    Location             Delay type                Incr(ns)  Path(ns)    Netlist Resource(s)
  -------------------------------------------------------------------    -------------------
                         (clock clk rise edge)        0.000     0.000 r  
    E3                                                0.000     0.000 r  clk (IN)
                         net (fo=0)                   0.000     0.000    clk
    E3                   IBUF (Prop_ibuf_I_O)         0.250     0.250 r  clk_IBUF_inst/O
                         net (fo=1, routed)           0.644     0.894    clk_IBUF
    BUFGCTRL_X0Y16       BUFG (Prop_bufg_I_O)         0.026     0.920 r  clk_IBUF_BUFG_inst/O
                         net (fo=4884, routed)        0.566     1.485    u_mesh/GEN_R[2].r/u_datapath/south_vc0_fifo/clk_IBUF_BUFG
    SLICE_X57Y99         FDRE                                         r  u_mesh/GEN_R[2].r/u_datapath/south_vc0_fifo/wr_ptr_reg[0]/C
  -------------------------------------------------------------------    -------------------
    SLICE_X57Y99         FDRE (Prop_fdre_C_Q)         0.141     1.626 r  u_mesh/GEN_R[2].r/u_datapath/south_vc0_fifo/wr_ptr_reg[0]/Q
                         net (fo=60, routed)          0.217     1.844    u_mesh/GEN_R[2].r/u_datapath/south_vc0_fifo/fifo_mem_reg[0][flit_data]_0_3_18_23/ADDRD0
    SLICE_X56Y99         RAMD32                                       r  u_mesh/GEN_R[2].r/u_datapath/south_vc0_fifo/fifo_mem_reg[0][flit_data]_0_3_18_23/RAMC/WADR0
  -------------------------------------------------------------------    -------------------

                         (clock clk rise edge)        0.000     0.000 r  
    E3                                                0.000     0.000 r  clk (IN)
                         net (fo=0)                   0.000     0.000    clk
    E3                   IBUF (Prop_ibuf_I_O)         0.438     0.438 r  clk_IBUF_inst/O
                         net (fo=1, routed)           0.699     1.136    clk_IBUF
    BUFGCTRL_X0Y16       BUFG (Prop_bufg_I_O)         0.029     1.165 r  clk_IBUF_BUFG_inst/O
                         net (fo=4884, routed)        0.836     2.001    u_mesh/GEN_R[2].r/u_datapath/south_vc0_fifo/fifo_mem_reg[0][flit_data]_0_3_18_23/WCLK
    SLICE_X56Y99         RAMD32                                       r  u_mesh/GEN_R[2].r/u_datapath/south_vc0_fifo/fifo_mem_reg[0][flit_data]_0_3_18_23/RAMC/CLK
                         clock pessimism             -0.502     1.498    
    SLICE_X56Y99         RAMD32 (Hold_ramd32_CLK_WADR0)
                                                      0.310     1.808    u_mesh/GEN_R[2].r/u_datapath/south_vc0_fifo/fifo_mem_reg[0][flit_data]_0_3_18_23/RAMC
  -------------------------------------------------------------------
                         required time                         -1.808    
                         arrival time                           1.844    
  -------------------------------------------------------------------
                         slack                                  0.035    

Slack (MET) :             0.035ns  (arrival time - required time)
  Source:                 u_mesh/GEN_R[2].r/u_datapath/south_vc0_fifo/wr_ptr_reg[0]/C
                            (rising edge-triggered cell FDRE clocked by clk  {rise@0.000ns fall@10.000ns period=20.000ns})
  Destination:            u_mesh/GEN_R[2].r/u_datapath/south_vc0_fifo/fifo_mem_reg[0][flit_data]_0_3_18_23/RAMC_D1/WADR0
                            (rising edge-triggered cell RAMD32 clocked by clk  {rise@0.000ns fall@10.000ns period=20.000ns})
  Path Group:             clk
  Path Type:              Hold (Min at Fast Process Corner)
  Requirement:            0.000ns  (clk rise@0.000ns - clk rise@0.000ns)
  Data Path Delay:        0.358ns  (logic 0.141ns (39.348%)  route 0.217ns (60.652%))
  Logic Levels:           0  
  Clock Path Skew:        0.013ns (DCD - SCD - CPR)
    Destination Clock Delay (DCD):    2.001ns
    Source Clock Delay      (SCD):    1.485ns
    Clock Pessimism Removal (CPR):    0.502ns

    Location             Delay type                Incr(ns)  Path(ns)    Netlist Resource(s)
  -------------------------------------------------------------------    -------------------
                         (clock clk rise edge)        0.000     0.000 r  
    E3                                                0.000     0.000 r  clk (IN)
                         net (fo=0)                   0.000     0.000    clk
    E3                   IBUF (Prop_ibuf_I_O)         0.250     0.250 r  clk_IBUF_inst/O
                         net (fo=1, routed)           0.644     0.894    clk_IBUF
    BUFGCTRL_X0Y16       BUFG (Prop_bufg_I_O)         0.026     0.920 r  clk_IBUF_BUFG_inst/O
                         net (fo=4884, routed)        0.566     1.485    u_mesh/GEN_R[2].r/u_datapath/south_vc0_fifo/clk_IBUF_BUFG
    SLICE_X57Y99         FDRE                                         r  u_mesh/GEN_R[2].r/u_datapath/south_vc0_fifo/wr_ptr_reg[0]/C
  -------------------------------------------------------------------    -------------------
    SLICE_X57Y99         FDRE (Prop_fdre_C_Q)         0.141     1.626 r  u_mesh/GEN_R[2].r/u_datapath/south_vc0_fifo/wr_ptr_reg[0]/Q
                         net (fo=60, routed)          0.217     1.844    u_mesh/GEN_R[2].r/u_datapath/south_vc0_fifo/fifo_mem_reg[0][flit_data]_0_3_18_23/ADDRD0
    SLICE_X56Y99         RAMD32                                       r  u_mesh/GEN_R[2].r/u_datapath/south_vc0_fifo/fifo_mem_reg[0][flit_data]_0_3_18_23/RAMC_D1/WADR0
  -------------------------------------------------------------------    -------------------

                         (clock clk rise edge)        0.000     0.000 r  
    E3                                                0.000     0.000 r  clk (IN)
                         net (fo=0)                   0.000     0.000    clk
    E3                   IBUF (Prop_ibuf_I_O)         0.438     0.438 r  clk_IBUF_inst/O
                         net (fo=1, routed)           0.699     1.136    clk_IBUF
    BUFGCTRL_X0Y16       BUFG (Prop_bufg_I_O)         0.029     1.165 r  clk_IBUF_BUFG_inst/O
                         net (fo=4884, routed)        0.836     2.001    u_mesh/GEN_R[2].r/u_datapath/south_vc0_fifo/fifo_mem_reg[0][flit_data]_0_3_18_23/WCLK
    SLICE_X56Y99         RAMD32                                       r  u_mesh/GEN_R[2].r/u_datapath/south_vc0_fifo/fifo_mem_reg[0][flit_data]_0_3_18_23/RAMC_D1/CLK
                         clock pessimism             -0.502     1.498    
    SLICE_X56Y99         RAMD32 (Hold_ramd32_CLK_WADR0)
                                                      0.310     1.808    u_mesh/GEN_R[2].r/u_datapath/south_vc0_fifo/fifo_mem_reg[0][flit_data]_0_3_18_23/RAMC_D1
  -------------------------------------------------------------------
                         required time                         -1.808    
                         arrival time                           1.844    
  -------------------------------------------------------------------
                         slack                                  0.035    

Slack (MET) :             0.035ns  (arrival time - required time)
  Source:                 u_mesh/GEN_R[2].r/u_datapath/south_vc0_fifo/wr_ptr_reg[0]/C
                            (rising edge-triggered cell FDRE clocked by clk  {rise@0.000ns fall@10.000ns period=20.000ns})
  Destination:            u_mesh/GEN_R[2].r/u_datapath/south_vc0_fifo/fifo_mem_reg[0][flit_data]_0_3_18_23/RAMD/ADR0
                            (rising edge-triggered cell RAMS32 clocked by clk  {rise@0.000ns fall@10.000ns period=20.000ns})
  Path Group:             clk
  Path Type:              Hold (Min at Fast Process Corner)
  Requirement:            0.000ns  (clk rise@0.000ns - clk rise@0.000ns)
  Data Path Delay:        0.358ns  (logic 0.141ns (39.348%)  route 0.217ns (60.652%))
  Logic Levels:           0  
  Clock Path Skew:        0.013ns (DCD - SCD - CPR)
    Destination Clock Delay (DCD):    2.001ns
    Source Clock Delay      (SCD):    1.485ns
    Clock Pessimism Removal (CPR):    0.502ns

    Location             Delay type                Incr(ns)  Path(ns)    Netlist Resource(s)
  -------------------------------------------------------------------    -------------------
                         (clock clk rise edge)        0.000     0.000 r  
    E3                                                0.000     0.000 r  clk (IN)
                         net (fo=0)                   0.000     0.000    clk
    E3                   IBUF (Prop_ibuf_I_O)         0.250     0.250 r  clk_IBUF_inst/O
                         net (fo=1, routed)           0.644     0.894    clk_IBUF
    BUFGCTRL_X0Y16       BUFG (Prop_bufg_I_O)         0.026     0.920 r  clk_IBUF_BUFG_inst/O
                         net (fo=4884, routed)        0.566     1.485    u_mesh/GEN_R[2].r/u_datapath/south_vc0_fifo/clk_IBUF_BUFG
    SLICE_X57Y99         FDRE                                         r  u_mesh/GEN_R[2].r/u_datapath/south_vc0_fifo/wr_ptr_reg[0]/C
  -------------------------------------------------------------------    -------------------
    SLICE_X57Y99         FDRE (Prop_fdre_C_Q)         0.141     1.626 r  u_mesh/GEN_R[2].r/u_datapath/south_vc0_fifo/wr_ptr_reg[0]/Q
                         net (fo=60, routed)          0.217     1.844    u_mesh/GEN_R[2].r/u_datapath/south_vc0_fifo/fifo_mem_reg[0][flit_data]_0_3_18_23/ADDRD0
    SLICE_X56Y99         RAMS32                                       r  u_mesh/GEN_R[2].r/u_datapath/south_vc0_fifo/fifo_mem_reg[0][flit_data]_0_3_18_23/RAMD/ADR0
  -------------------------------------------------------------------    -------------------

                         (clock clk rise edge)        0.000     0.000 r  
    E3                                                0.000     0.000 r  clk (IN)
                         net (fo=0)                   0.000     0.000    clk
    E3                   IBUF (Prop_ibuf_I_O)         0.438     0.438 r  clk_IBUF_inst/O
                         net (fo=1, routed)           0.699     1.136    clk_IBUF
    BUFGCTRL_X0Y16       BUFG (Prop_bufg_I_O)         0.029     1.165 r  clk_IBUF_BUFG_inst/O
                         net (fo=4884, routed)        0.836     2.001    u_mesh/GEN_R[2].r/u_datapath/south_vc0_fifo/fifo_mem_reg[0][flit_data]_0_3_18_23/WCLK
    SLICE_X56Y99         RAMS32                                       r  u_mesh/GEN_R[2].r/u_datapath/south_vc0_fifo/fifo_mem_reg[0][flit_data]_0_3_18_23/RAMD/CLK
                         clock pessimism             -0.502     1.498    
    SLICE_X56Y99         RAMS32 (Hold_rams32_CLK_ADR0)
                                                      0.310     1.808    u_mesh/GEN_R[2].r/u_datapath/south_vc0_fifo/fifo_mem_reg[0][flit_data]_0_3_18_23/RAMD
  -------------------------------------------------------------------
                         required time                         -1.808    
                         arrival time                           1.844    
  -------------------------------------------------------------------
                         slack                                  0.035    

Slack (MET) :             0.035ns  (arrival time - required time)
  Source:                 u_mesh/GEN_R[2].r/u_datapath/south_vc0_fifo/wr_ptr_reg[0]/C
                            (rising edge-triggered cell FDRE clocked by clk  {rise@0.000ns fall@10.000ns period=20.000ns})
  Destination:            u_mesh/GEN_R[2].r/u_datapath/south_vc0_fifo/fifo_mem_reg[0][flit_data]_0_3_18_23/RAMD_D1/ADR0
                            (rising edge-triggered cell RAMS32 clocked by clk  {rise@0.000ns fall@10.000ns period=20.000ns})
  Path Group:             clk
  Path Type:              Hold (Min at Fast Process Corner)
  Requirement:            0.000ns  (clk rise@0.000ns - clk rise@0.000ns)
  Data Path Delay:        0.358ns  (logic 0.141ns (39.348%)  route 0.217ns (60.652%))
  Logic Levels:           0  
  Clock Path Skew:        0.013ns (DCD - SCD - CPR)
    Destination Clock Delay (DCD):    2.001ns
    Source Clock Delay      (SCD):    1.485ns
    Clock Pessimism Removal (CPR):    0.502ns

    Location             Delay type                Incr(ns)  Path(ns)    Netlist Resource(s)
  -------------------------------------------------------------------    -------------------
                         (clock clk rise edge)        0.000     0.000 r  
    E3                                                0.000     0.000 r  clk (IN)
                         net (fo=0)                   0.000     0.000    clk
    E3                   IBUF (Prop_ibuf_I_O)         0.250     0.250 r  clk_IBUF_inst/O
                         net (fo=1, routed)           0.644     0.894    clk_IBUF
    BUFGCTRL_X0Y16       BUFG (Prop_bufg_I_O)         0.026     0.920 r  clk_IBUF_BUFG_inst/O
                         net (fo=4884, routed)        0.566     1.485    u_mesh/GEN_R[2].r/u_datapath/south_vc0_fifo/clk_IBUF_BUFG
    SLICE_X57Y99         FDRE                                         r  u_mesh/GEN_R[2].r/u_datapath/south_vc0_fifo/wr_ptr_reg[0]/C
  -------------------------------------------------------------------    -------------------
    SLICE_X57Y99         FDRE (Prop_fdre_C_Q)         0.141     1.626 r  u_mesh/GEN_R[2].r/u_datapath/south_vc0_fifo/wr_ptr_reg[0]/Q
                         net (fo=60, routed)          0.217     1.844    u_mesh/GEN_R[2].r/u_datapath/south_vc0_fifo/fifo_mem_reg[0][flit_data]_0_3_18_23/ADDRD0
    SLICE_X56Y99         RAMS32                                       r  u_mesh/GEN_R[2].r/u_datapath/south_vc0_fifo/fifo_mem_reg[0][flit_data]_0_3_18_23/RAMD_D1/ADR0
  -------------------------------------------------------------------    -------------------

                         (clock clk rise edge)        0.000     0.000 r  
    E3                                                0.000     0.000 r  clk (IN)
                         net (fo=0)                   0.000     0.000    clk
    E3                   IBUF (Prop_ibuf_I_O)         0.438     0.438 r  clk_IBUF_inst/O
                         net (fo=1, routed)           0.699     1.136    clk_IBUF
    BUFGCTRL_X0Y16       BUFG (Prop_bufg_I_O)         0.029     1.165 r  clk_IBUF_BUFG_inst/O
                         net (fo=4884, routed)        0.836     2.001    u_mesh/GEN_R[2].r/u_datapath/south_vc0_fifo/fifo_mem_reg[0][flit_data]_0_3_18_23/WCLK
    SLICE_X56Y99         RAMS32                                       r  u_mesh/GEN_R[2].r/u_datapath/south_vc0_fifo/fifo_mem_reg[0][flit_data]_0_3_18_23/RAMD_D1/CLK
                         clock pessimism             -0.502     1.498    
    SLICE_X56Y99         RAMS32 (Hold_rams32_CLK_ADR0)
                                                      0.310     1.808    u_mesh/GEN_R[2].r/u_datapath/south_vc0_fifo/fifo_mem_reg[0][flit_data]_0_3_18_23/RAMD_D1
  -------------------------------------------------------------------
                         required time                         -1.808    
                         arrival time                           1.844    
  -------------------------------------------------------------------
                         slack                                  0.035    

Slack (MET) :             0.049ns  (arrival time - required time)
  Source:                 u_mesh/GEN_R[5].r/u_datapath/north_vc2_fifo/wr_ptr_reg[0]/C
                            (rising edge-triggered cell FDRE clocked by clk  {rise@0.000ns fall@10.000ns period=20.000ns})
  Destination:            u_mesh/GEN_R[5].r/u_datapath/north_vc2_fifo/fifo_mem_reg[0][flit_data]_0_3_0_5/RAMA/WADR0
                            (rising edge-triggered cell RAMD32 clocked by clk  {rise@0.000ns fall@10.000ns period=20.000ns})
  Path Group:             clk
  Path Type:              Hold (Min at Fast Process Corner)
  Requirement:            0.000ns  (clk rise@0.000ns - clk rise@0.000ns)
  Data Path Delay:        0.372ns  (logic 0.141ns (37.940%)  route 0.231ns (62.060%))
  Logic Levels:           0  
  Clock Path Skew:        0.013ns (DCD - SCD - CPR)
    Destination Clock Delay (DCD):    2.002ns
    Source Clock Delay      (SCD):    1.485ns
    Clock Pessimism Removal (CPR):    0.503ns

    Location             Delay type                Incr(ns)  Path(ns)    Netlist Resource(s)
  -------------------------------------------------------------------    -------------------
                         (clock clk rise edge)        0.000     0.000 r  
    E3                                                0.000     0.000 r  clk (IN)
                         net (fo=0)                   0.000     0.000    clk
    E3                   IBUF (Prop_ibuf_I_O)         0.250     0.250 r  clk_IBUF_inst/O
                         net (fo=1, routed)           0.644     0.894    clk_IBUF
    BUFGCTRL_X0Y16       BUFG (Prop_bufg_I_O)         0.026     0.920 r  clk_IBUF_BUFG_inst/O
                         net (fo=4884, routed)        0.566     1.485    u_mesh/GEN_R[5].r/u_datapath/north_vc2_fifo/clk_IBUF_BUFG
    SLICE_X47Y96         FDRE                                         r  u_mesh/GEN_R[5].r/u_datapath/north_vc2_fifo/wr_ptr_reg[0]/C
  -------------------------------------------------------------------    -------------------
    SLICE_X47Y96         FDRE (Prop_fdre_C_Q)         0.141     1.626 r  u_mesh/GEN_R[5].r/u_datapath/north_vc2_fifo/wr_ptr_reg[0]/Q
                         net (fo=60, routed)          0.231     1.857    u_mesh/GEN_R[5].r/u_datapath/north_vc2_fifo/fifo_mem_reg[0][flit_data]_0_3_0_5/ADDRD0
    SLICE_X46Y96         RAMD32                                       r  u_mesh/GEN_R[5].r/u_datapath/north_vc2_fifo/fifo_mem_reg[0][flit_data]_0_3_0_5/RAMA/WADR0
  -------------------------------------------------------------------    -------------------

                         (clock clk rise edge)        0.000     0.000 r  
    E3                                                0.000     0.000 r  clk (IN)
                         net (fo=0)                   0.000     0.000    clk
    E3                   IBUF (Prop_ibuf_I_O)         0.438     0.438 r  clk_IBUF_inst/O
                         net (fo=1, routed)           0.699     1.136    clk_IBUF
    BUFGCTRL_X0Y16       BUFG (Prop_bufg_I_O)         0.029     1.165 r  clk_IBUF_BUFG_inst/O
                         net (fo=4884, routed)        0.837     2.002    u_mesh/GEN_R[5].r/u_datapath/north_vc2_fifo/fifo_mem_reg[0][flit_data]_0_3_0_5/WCLK
    SLICE_X46Y96         RAMD32                                       r  u_mesh/GEN_R[5].r/u_datapath/north_vc2_fifo/fifo_mem_reg[0][flit_data]_0_3_0_5/RAMA/CLK
                         clock pessimism             -0.503     1.498    
    SLICE_X46Y96         RAMD32 (Hold_ramd32_CLK_WADR0)
                                                      0.310     1.808    u_mesh/GEN_R[5].r/u_datapath/north_vc2_fifo/fifo_mem_reg[0][flit_data]_0_3_0_5/RAMA
  -------------------------------------------------------------------
                         required time                         -1.808    
                         arrival time                           1.857    
  -------------------------------------------------------------------
                         slack                                  0.049    

Slack (MET) :             0.049ns  (arrival time - required time)
  Source:                 u_mesh/GEN_R[5].r/u_datapath/north_vc2_fifo/wr_ptr_reg[0]/C
                            (rising edge-triggered cell FDRE clocked by clk  {rise@0.000ns fall@10.000ns period=20.000ns})
  Destination:            u_mesh/GEN_R[5].r/u_datapath/north_vc2_fifo/fifo_mem_reg[0][flit_data]_0_3_0_5/RAMA_D1/WADR0
                            (rising edge-triggered cell RAMD32 clocked by clk  {rise@0.000ns fall@10.000ns period=20.000ns})
  Path Group:             clk
  Path Type:              Hold (Min at Fast Process Corner)
  Requirement:            0.000ns  (clk rise@0.000ns - clk rise@0.000ns)
  Data Path Delay:        0.372ns  (logic 0.141ns (37.940%)  route 0.231ns (62.060%))
  Logic Levels:           0  
  Clock Path Skew:        0.013ns (DCD - SCD - CPR)
    Destination Clock Delay (DCD):    2.002ns
    Source Clock Delay      (SCD):    1.485ns
    Clock Pessimism Removal (CPR):    0.503ns

    Location             Delay type                Incr(ns)  Path(ns)    Netlist Resource(s)
  -------------------------------------------------------------------    -------------------
                         (clock clk rise edge)        0.000     0.000 r  
    E3                                                0.000     0.000 r  clk (IN)
                         net (fo=0)                   0.000     0.000    clk
    E3                   IBUF (Prop_ibuf_I_O)         0.250     0.250 r  clk_IBUF_inst/O
                         net (fo=1, routed)           0.644     0.894    clk_IBUF
    BUFGCTRL_X0Y16       BUFG (Prop_bufg_I_O)         0.026     0.920 r  clk_IBUF_BUFG_inst/O
                         net (fo=4884, routed)        0.566     1.485    u_mesh/GEN_R[5].r/u_datapath/north_vc2_fifo/clk_IBUF_BUFG
    SLICE_X47Y96         FDRE                                         r  u_mesh/GEN_R[5].r/u_datapath/north_vc2_fifo/wr_ptr_reg[0]/C
  -------------------------------------------------------------------    -------------------
    SLICE_X47Y96         FDRE (Prop_fdre_C_Q)         0.141     1.626 r  u_mesh/GEN_R[5].r/u_datapath/north_vc2_fifo/wr_ptr_reg[0]/Q
                         net (fo=60, routed)          0.231     1.857    u_mesh/GEN_R[5].r/u_datapath/north_vc2_fifo/fifo_mem_reg[0][flit_data]_0_3_0_5/ADDRD0
    SLICE_X46Y96         RAMD32                                       r  u_mesh/GEN_R[5].r/u_datapath/north_vc2_fifo/fifo_mem_reg[0][flit_data]_0_3_0_5/RAMA_D1/WADR0
  -------------------------------------------------------------------    -------------------

                         (clock clk rise edge)        0.000     0.000 r  
    E3                                                0.000     0.000 r  clk (IN)
                         net (fo=0)                   0.000     0.000    clk
    E3                   IBUF (Prop_ibuf_I_O)         0.438     0.438 r  clk_IBUF_inst/O
                         net (fo=1, routed)           0.699     1.136    clk_IBUF
    BUFGCTRL_X0Y16       BUFG (Prop_bufg_I_O)         0.029     1.165 r  clk_IBUF_BUFG_inst/O
                         net (fo=4884, routed)        0.837     2.002    u_mesh/GEN_R[5].r/u_datapath/north_vc2_fifo/fifo_mem_reg[0][flit_data]_0_3_0_5/WCLK
    SLICE_X46Y96         RAMD32                                       r  u_mesh/GEN_R[5].r/u_datapath/north_vc2_fifo/fifo_mem_reg[0][flit_data]_0_3_0_5/RAMA_D1/CLK
                         clock pessimism             -0.503     1.498    
    SLICE_X46Y96         RAMD32 (Hold_ramd32_CLK_WADR0)
                                                      0.310     1.808    u_mesh/GEN_R[5].r/u_datapath/north_vc2_fifo/fifo_mem_reg[0][flit_data]_0_3_0_5/RAMA_D1
  -------------------------------------------------------------------
                         required time                         -1.808    
                         arrival time                           1.857    
  -------------------------------------------------------------------
                         slack                                  0.049    





Pulse Width Checks
--------------------------------------------------------------------------------------
Clock Name:         clk
Waveform(ns):       { 0.000 10.000 }
Period(ns):         20.000
Sources:            { clk }

Check Type        Corner  Lib Pin     Reference Pin  Required(ns)  Actual(ns)  Slack(ns)  Location        Pin
Min Period        n/a     BUFG/I      n/a            2.155         20.000      17.845     BUFGCTRL_X0Y16  clk_IBUF_BUFG_inst/I
Min Period        n/a     FDSE/C      n/a            1.000         20.000      19.000     SLICE_X29Y126   GEN_SRC[0].lfsr_reg[0]/C
Min Period        n/a     FDSE/C      n/a            1.000         20.000      19.000     SLICE_X33Y126   GEN_SRC[0].lfsr_reg[10]/C
Min Period        n/a     FDSE/C      n/a            1.000         20.000      19.000     SLICE_X32Y124   GEN_SRC[0].lfsr_reg[11]/C
Min Period        n/a     FDSE/C      n/a            1.000         20.000      19.000     SLICE_X33Y124   GEN_SRC[0].lfsr_reg[12]/C
Min Period        n/a     FDRE/C      n/a            1.000         20.000      19.000     SLICE_X33Y124   GEN_SRC[0].lfsr_reg[13]/C
Min Period        n/a     FDRE/C      n/a            1.000         20.000      19.000     SLICE_X33Y124   GEN_SRC[0].lfsr_reg[14]/C
Min Period        n/a     FDRE/C      n/a            1.000         20.000      19.000     SLICE_X33Y124   GEN_SRC[0].lfsr_reg[15]/C
Min Period        n/a     FDSE/C      n/a            1.000         20.000      19.000     SLICE_X33Y126   GEN_SRC[0].lfsr_reg[16]/C
Min Period        n/a     FDSE/C      n/a            1.000         20.000      19.000     SLICE_X33Y126   GEN_SRC[0].lfsr_reg[17]/C
Low Pulse Width   Slow    RAMD32/CLK  n/a            1.250         10.000      8.750      SLICE_X30Y118   u_mesh/GEN_R[0].r/u_datapath/east_vc0_fifo/fifo_mem_reg[0][flit_data]_0_3_0_5/RAMA/CLK
Low Pulse Width   Fast    RAMD32/CLK  n/a            1.250         10.000      8.750      SLICE_X30Y118   u_mesh/GEN_R[0].r/u_datapath/east_vc0_fifo/fifo_mem_reg[0][flit_data]_0_3_0_5/RAMA/CLK
Low Pulse Width   Slow    RAMD32/CLK  n/a            1.250         10.000      8.750      SLICE_X30Y118   u_mesh/GEN_R[0].r/u_datapath/east_vc0_fifo/fifo_mem_reg[0][flit_data]_0_3_0_5/RAMA_D1/CLK
Low Pulse Width   Fast    RAMD32/CLK  n/a            1.250         10.000      8.750      SLICE_X30Y118   u_mesh/GEN_R[0].r/u_datapath/east_vc0_fifo/fifo_mem_reg[0][flit_data]_0_3_0_5/RAMA_D1/CLK
Low Pulse Width   Slow    RAMD32/CLK  n/a            1.250         10.000      8.750      SLICE_X30Y118   u_mesh/GEN_R[0].r/u_datapath/east_vc0_fifo/fifo_mem_reg[0][flit_data]_0_3_0_5/RAMB/CLK
Low Pulse Width   Fast    RAMD32/CLK  n/a            1.250         10.000      8.750      SLICE_X30Y118   u_mesh/GEN_R[0].r/u_datapath/east_vc0_fifo/fifo_mem_reg[0][flit_data]_0_3_0_5/RAMB/CLK
Low Pulse Width   Slow    RAMD32/CLK  n/a            1.250         10.000      8.750      SLICE_X30Y118   u_mesh/GEN_R[0].r/u_datapath/east_vc0_fifo/fifo_mem_reg[0][flit_data]_0_3_0_5/RAMB_D1/CLK
Low Pulse Width   Fast    RAMD32/CLK  n/a            1.250         10.000      8.750      SLICE_X30Y118   u_mesh/GEN_R[0].r/u_datapath/east_vc0_fifo/fifo_mem_reg[0][flit_data]_0_3_0_5/RAMB_D1/CLK
Low Pulse Width   Slow    RAMD32/CLK  n/a            1.250         10.000      8.750      SLICE_X30Y118   u_mesh/GEN_R[0].r/u_datapath/east_vc0_fifo/fifo_mem_reg[0][flit_data]_0_3_0_5/RAMC/CLK
Low Pulse Width   Fast    RAMD32/CLK  n/a            1.250         10.000      8.750      SLICE_X30Y118   u_mesh/GEN_R[0].r/u_datapath/east_vc0_fifo/fifo_mem_reg[0][flit_data]_0_3_0_5/RAMC/CLK
High Pulse Width  Slow    RAMD32/CLK  n/a            1.250         10.000      8.750      SLICE_X30Y118   u_mesh/GEN_R[0].r/u_datapath/east_vc0_fifo/fifo_mem_reg[0][flit_data]_0_3_0_5/RAMA/CLK
High Pulse Width  Fast    RAMD32/CLK  n/a            1.250         10.000      8.750      SLICE_X30Y118   u_mesh/GEN_R[0].r/u_datapath/east_vc0_fifo/fifo_mem_reg[0][flit_data]_0_3_0_5/RAMA/CLK
High Pulse Width  Slow    RAMD32/CLK  n/a            1.250         10.000      8.750      SLICE_X30Y118   u_mesh/GEN_R[0].r/u_datapath/east_vc0_fifo/fifo_mem_reg[0][flit_data]_0_3_0_5/RAMA_D1/CLK
High Pulse Width  Fast    RAMD32/CLK  n/a            1.250         10.000      8.750      SLICE_X30Y118   u_mesh/GEN_R[0].r/u_datapath/east_vc0_fifo/fifo_mem_reg[0][flit_data]_0_3_0_5/RAMA_D1/CLK
High Pulse Width  Slow    RAMD32/CLK  n/a            1.250         10.000      8.750      SLICE_X30Y118   u_mesh/GEN_R[0].r/u_datapath/east_vc0_fifo/fifo_mem_reg[0][flit_data]_0_3_0_5/RAMB/CLK
High Pulse Width  Fast    RAMD32/CLK  n/a            1.250         10.000      8.750      SLICE_X30Y118   u_mesh/GEN_R[0].r/u_datapath/east_vc0_fifo/fifo_mem_reg[0][flit_data]_0_3_0_5/RAMB/CLK
High Pulse Width  Slow    RAMD32/CLK  n/a            1.250         10.000      8.750      SLICE_X30Y118   u_mesh/GEN_R[0].r/u_datapath/east_vc0_fifo/fifo_mem_reg[0][flit_data]_0_3_0_5/RAMB_D1/CLK
High Pulse Width  Fast    RAMD32/CLK  n/a            1.250         10.000      8.750      SLICE_X30Y118   u_mesh/GEN_R[0].r/u_datapath/east_vc0_fifo/fifo_mem_reg[0][flit_data]_0_3_0_5/RAMB_D1/CLK
High Pulse Width  Slow    RAMD32/CLK  n/a            1.250         10.000      8.750      SLICE_X30Y118   u_mesh/GEN_R[0].r/u_datapath/east_vc0_fifo/fifo_mem_reg[0][flit_data]_0_3_0_5/RAMC/CLK
High Pulse Width  Fast    RAMD32/CLK  n/a            1.250         10.000      8.750      SLICE_X30Y118   u_mesh/GEN_R[0].r/u_datapath/east_vc0_fifo/fifo_mem_reg[0][flit_data]_0_3_0_5/RAMC/CLK



--------------------------------------------------------------------------------------
Path Group:  (none)
From Clock:  clk
  To Clock:  

Max Delay             1 Endpoint
Min Delay             1 Endpoint
--------------------------------------------------------------------------------------


Max Delay Paths
--------------------------------------------------------------------------------------
Slack:                    inf
  Source:                 fold_q_reg_lopt_replica/C
                            (rising edge-triggered cell FDRE clocked by clk  {rise@0.000ns fall@10.000ns period=20.000ns})
  Destination:            led
                            (output port)
  Path Group:             (none)
  Path Type:              Max at Slow Process Corner
  Data Path Delay:        7.069ns  (logic 4.048ns (57.260%)  route 3.021ns (42.740%))
  Logic Levels:           1  (OBUF=1)
  Clock Uncertainty:      0.025ns  ((TSJ^2 + TIJ^2)^1/2 + DJ) / 2 + PE
    Total System Jitter     (TSJ):    0.050ns
    Total Input Jitter      (TIJ):    0.000ns
    Discrete Jitter          (DJ):    0.000ns
    Phase Error              (PE):    0.000ns
  Timing Exception:       False Path

    Location             Delay type                Incr(ns)  Path(ns)    Netlist Resource(s)
  -------------------------------------------------------------------    -------------------
                         (clock clk rise edge)        0.000     0.000 r  
    E3                                                0.000     0.000 r  clk (IN)
                         net (fo=0)                   0.000     0.000    clk
    E3                   IBUF (Prop_ibuf_I_O)         1.482     1.482 r  clk_IBUF_inst/O
                         net (fo=1, routed)           2.025     3.506    clk_IBUF
    BUFGCTRL_X0Y16       BUFG (Prop_bufg_I_O)         0.096     3.602 r  clk_IBUF_BUFG_inst/O
                         net (fo=4884, routed)        1.609     5.211    clk_IBUF_BUFG
    SLICE_X54Y106        FDRE                                         r  fold_q_reg_lopt_replica/C
  -------------------------------------------------------------------    -------------------
    SLICE_X54Y106        FDRE (Prop_fdre_C_Q)         0.518     5.729 r  fold_q_reg_lopt_replica/Q
                         net (fo=1, routed)           3.021     8.751    fold_q_reg_lopt_replica_1
    H5                   OBUF (Prop_obuf_I_O)         3.530    12.280 r  led_OBUF_inst/O
                         net (fo=0)                   0.000    12.280    led
    H5                                                                r  led (OUT)
  -------------------------------------------------------------------    -------------------





Min Delay Paths
--------------------------------------------------------------------------------------
Slack:                    inf
  Source:                 fold_q_reg_lopt_replica/C
                            (rising edge-triggered cell FDRE clocked by clk  {rise@0.000ns fall@10.000ns period=20.000ns})
  Destination:            led
                            (output port)
  Path Group:             (none)
  Path Type:              Min at Fast Process Corner
  Data Path Delay:        2.430ns  (logic 1.395ns (57.392%)  route 1.035ns (42.608%))
  Logic Levels:           1  (OBUF=1)
  Clock Uncertainty:      0.025ns  ((TSJ^2 + TIJ^2)^1/2 + DJ) / 2 + PE
    Total System Jitter     (TSJ):    0.050ns
    Total Input Jitter      (TIJ):    0.000ns
    Discrete Jitter          (DJ):    0.000ns
    Phase Error              (PE):    0.000ns
  Timing Exception:       False Path

    Location             Delay type                Incr(ns)  Path(ns)    Netlist Resource(s)
  -------------------------------------------------------------------    -------------------
                         (clock clk rise edge)        0.000     0.000 r  
    E3                                                0.000     0.000 r  clk (IN)
                         net (fo=0)                   0.000     0.000    clk
    E3                   IBUF (Prop_ibuf_I_O)         0.250     0.250 r  clk_IBUF_inst/O
                         net (fo=1, routed)           0.644     0.894    clk_IBUF
    BUFGCTRL_X0Y16       BUFG (Prop_bufg_I_O)         0.026     0.920 r  clk_IBUF_BUFG_inst/O
                         net (fo=4884, routed)        0.558     1.477    clk_IBUF_BUFG
    SLICE_X54Y106        FDRE                                         r  fold_q_reg_lopt_replica/C
  -------------------------------------------------------------------    -------------------
    SLICE_X54Y106        FDRE (Prop_fdre_C_Q)         0.164     1.641 r  fold_q_reg_lopt_replica/Q
                         net (fo=1, routed)           1.035     2.677    fold_q_reg_lopt_replica_1
    H5                   OBUF (Prop_obuf_I_O)         1.231     3.907 r  led_OBUF_inst/O
                         net (fo=0)                   0.000     3.907    led
    H5                                                                r  led (OUT)
  -------------------------------------------------------------------    -------------------





--------------------------------------------------------------------------------------
Path Group:  (none)
From Clock:  
  To Clock:  clk

Max Delay             1 Endpoint
Min Delay             1 Endpoint
--------------------------------------------------------------------------------------


Max Delay Paths
--------------------------------------------------------------------------------------
Slack:                    inf
  Source:                 rst
                            (input port)
  Destination:            rst_sync_reg[0]/D
                            (rising edge-triggered cell FDRE clocked by clk  {rise@0.000ns fall@10.000ns period=20.000ns})
  Path Group:             (none)
  Path Type:              Setup (Max at Slow Process Corner)
  Data Path Delay:        4.477ns  (logic 1.487ns (33.220%)  route 2.990ns (66.780%))
  Logic Levels:           1  (IBUF=1)
  Clock Path Skew:        4.929ns (DCD - SCD + CPR)
    Destination Clock Delay (DCD):    4.929ns
    Source Clock Delay      (SCD):    0.000ns
    Clock Pessimism Removal (CPR):    0.000ns
  Clock Uncertainty:      0.025ns  ((TSJ^2 + TIJ^2)^1/2 + DJ) / 2 + PE
    Total System Jitter     (TSJ):    0.050ns
    Total Input Jitter      (TIJ):    0.000ns
    Discrete Jitter          (DJ):    0.000ns
    Phase Error              (PE):    0.000ns
  Timing Exception:       False Path

    Location             Delay type                Incr(ns)  Path(ns)    Netlist Resource(s)
  -------------------------------------------------------------------    -------------------
    D9                                                0.000     0.000 r  rst (IN)
                         net (fo=0)                   0.000     0.000    rst
    D9                   IBUF (Prop_ibuf_I_O)         1.487     1.487 r  rst_IBUF_inst/O
                         net (fo=1, routed)           2.990     4.477    rst_IBUF
    SLICE_X14Y141        FDRE                                         r  rst_sync_reg[0]/D
  -------------------------------------------------------------------    -------------------

                         (clock clk rise edge)        0.000     0.000 r  
    E3                                                0.000     0.000 r  clk (IN)
                         net (fo=0)                   0.000     0.000    clk
    E3                   IBUF (Prop_ibuf_I_O)         1.411     1.411 r  clk_IBUF_inst/O
                         net (fo=1, routed)           1.920     3.331    clk_IBUF
    BUFGCTRL_X0Y16       BUFG (Prop_bufg_I_O)         0.091     3.422 r  clk_IBUF_BUFG_inst/O
                         net (fo=4884, routed)        1.507     4.929    clk_IBUF_BUFG
    SLICE_X14Y141        FDRE                                         r  rst_sync_reg[0]/C





Min Delay Paths
--------------------------------------------------------------------------------------
Slack:                    inf
  Source:                 rst
                            (input port)
  Destination:            rst_sync_reg[0]/D
                            (rising edge-triggered cell FDRE clocked by clk  {rise@0.000ns fall@10.000ns period=20.000ns})
  Path Group:             (none)
  Path Type:              Hold (Min at Fast Process Corner)
  Data Path Delay:        1.543ns  (logic 0.255ns (16.534%)  route 1.288ns (83.466%))
  Logic Levels:           1  (IBUF=1)
  Clock Path Skew:        2.004ns (DCD - SCD - CPR)
    Destination Clock Delay (DCD):    2.004ns
    Source Clock Delay      (SCD):    0.000ns
    Clock Pessimism Removal (CPR):    -0.000ns
  Timing Exception:       False Path

    Location             Delay type                Incr(ns)  Path(ns)    Netlist Resource(s)
  -------------------------------------------------------------------    -------------------
    D9                                                0.000     0.000 r  rst (IN)
                         net (fo=0)                   0.000     0.000    rst
    D9                   IBUF (Prop_ibuf_I_O)         0.255     0.255 r  rst_IBUF_inst/O
                         net (fo=1, routed)           1.288     1.543    rst_IBUF
    SLICE_X14Y141        FDRE                                         r  rst_sync_reg[0]/D
  -------------------------------------------------------------------    -------------------

                         (clock clk rise edge)        0.000     0.000 r  
    E3                                                0.000     0.000 r  clk (IN)
                         net (fo=0)                   0.000     0.000    clk
    E3                   IBUF (Prop_ibuf_I_O)         0.438     0.438 r  clk_IBUF_inst/O
                         net (fo=1, routed)           0.699     1.136    clk_IBUF
    BUFGCTRL_X0Y16       BUFG (Prop_bufg_I_O)         0.029     1.165 r  clk_IBUF_BUFG_inst/O
                         net (fo=4884, routed)        0.839     2.004    clk_IBUF_BUFG
    SLICE_X14Y141        FDRE                                         r  rst_sync_reg[0]/C





