slack_ns,logic_levels,src_router,dst_router,class,src_pin,dst_pin
-1.301,22,4,1,inter,u_mesh/GEN_R[4].r/u_datapath/west_vc0_fifo/rd_ptr_reg[0]/C,u_mesh/GEN_R[1].r/u_datapath/south_vc1_fifo/fifo_mem_reg[0][flit_data]_0_3_24_29/RAMA/WE
-1.301,22,4,1,inter,u_mesh/GEN_R[4].r/u_datapath/west_vc0_fifo/rd_ptr_reg[0]/C,u_mesh/GEN_R[1].r/u_datapath/south_vc1_fifo/fifo_mem_reg[0][flit_data]_0_3_24_29/RAMA_D1/WE
-1.301,22,4,1,inter,u_mesh/GEN_R[4].r/u_datapath/west_vc0_fifo/rd_ptr_reg[0]/C,u_mesh/GEN_R[1].r/u_datapath/south_vc1_fifo/fifo_mem_reg[0][flit_data]_0_3_24_29/RAMB/WE
-1.301,22,4,1,inter,u_mesh/GEN_R[4].r/u_datapath/west_vc0_fifo/rd_ptr_reg[0]/C,u_mesh/GEN_R[1].r/u_datapath/south_vc1_fifo/fifo_mem_reg[0][flit_data]_0_3_24_29/RAMB_D1/WE
-1.301,22,4,1,inter,u_mesh/GEN_R[4].r/u_datapath/west_vc0_fifo/rd_ptr_reg[0]/C,u_mesh/GEN_R[1].r/u_datapath/south_vc1_fifo/fifo_mem_reg[0][flit_data]_0_3_24_29/RAMC/WE
-1.301,22,4,1,inter,u_mesh/GEN_R[4].r/u_datapath/west_vc0_fifo/rd_ptr_reg[0]/C,u_mesh/GEN_R[1].r/u_datapath/south_vc1_fifo/fifo_mem_reg[0][flit_data]_0_3_24_29/RAMC_D1/WE
-1.301,22,4,1,inter,u_mesh/GEN_R[4].r/u_datapath/west_vc0_fifo/rd_ptr_reg[0]/C,u_mesh/GEN_R[1].r/u_datapath/south_vc1_fifo/fifo_mem_reg[0][flit_data]_0_3_24_29/RAMD/WE
-1.301,22,4,1,inter,u_mesh/GEN_R[4].r/u_datapath/west_vc0_fifo/rd_ptr_reg[0]/C,u_mesh/GEN_R[1].r/u_datapath/south_vc1_fifo/fifo_mem_reg[0][flit_data]_0_3_24_29/RAMD_D1/WE
-1.274,22,4,1,inter,u_mesh/GEN_R[4].r/u_datapath/west_vc0_fifo/rd_ptr_reg[0]/C,u_mesh/GEN_R[1].r/u_datapath/south_vc1_fifo/fifo_mem_reg[0][flit_data]_0_3_18_23/RAMA/WE
-1.274,22,4,1,inter,u_mesh/GEN_R[4].r/u_datapath/west_vc0_fifo/rd_ptr_reg[0]/C,u_mesh/GEN_R[1].r/u_datapath/south_vc1_fifo/fifo_mem_reg[0][flit_data]_0_3_18_23/RAMA_D1/WE
-1.274,22,4,1,inter,u_mesh/GEN_R[4].r/u_datapath/west_vc0_fifo/rd_ptr_reg[0]/C,u_mesh/GEN_R[1].r/u_datapath/south_vc1_fifo/fifo_mem_reg[0][flit_data]_0_3_18_23/RAMB/WE
-1.274,22,4,1,inter,u_mesh/GEN_R[4].r/u_datapath/west_vc0_fifo/rd_ptr_reg[0]/C,u_mesh/GEN_R[1].r/u_datapath/south_vc1_fifo/fifo_mem_reg[0][flit_data]_0_3_18_23/RAMB_D1/WE
-1.274,22,4,1,inter,u_mesh/GEN_R[4].r/u_datapath/west_vc0_fifo/rd_ptr_reg[0]/C,u_mesh/GEN_R[1].r/u_datapath/south_vc1_fifo/fifo_mem_reg[0][flit_data]_0_3_18_23/RAMC/WE
-1.274,22,4,1,inter,u_mesh/GEN_R[4].r/u_datapath/west_vc0_fifo/rd_ptr_reg[0]/C,u_mesh/GEN_R[1].r/u_datapath/south_vc1_fifo/fifo_mem_reg[0][flit_data]_0_3_18_23/RAMC_D1/WE
-1.274,22,4,1,inter,u_mesh/GEN_R[4].r/u_datapath/west_vc0_fifo/rd_ptr_reg[0]/C,u_mesh/GEN_R[1].r/u_datapath/south_vc1_fifo/fifo_mem_reg[0][flit_data]_0_3_18_23/RAMD/WE
-1.274,22,4,1,inter,u_mesh/GEN_R[4].r/u_datapath/west_vc0_fifo/rd_ptr_reg[0]/C,u_mesh/GEN_R[1].r/u_datapath/south_vc1_fifo/fifo_mem_reg[0][flit_data]_0_3_18_23/RAMD_D1/WE
-1.214,21,4,5,inter,u_mesh/GEN_R[4].r/u_datapath/west_vc0_fifo/rd_ptr_reg[0]/C,u_mesh/GEN_R[5].r/u_datapath/west_vc1_fifo/fifo_mem_reg[0][vc_id]_0_3_0_0/DP/WE
-1.214,21,4,5,inter,u_mesh/GEN_R[4].r/u_datapath/west_vc0_fifo/rd_ptr_reg[0]/C,u_mesh/GEN_R[5].r/u_datapath/west_vc1_fifo/fifo_mem_reg[0][vc_id]_0_3_0_0/SP/WE
-1.214,21,4,5,inter,u_mesh/GEN_R[4].r/u_datapath/west_vc0_fifo/rd_ptr_reg[0]/C,u_mesh/GEN_R[5].r/u_datapath/west_vc1_fifo/fifo_mem_reg[0][vc_id]_0_3_1_1/DP/WE
-1.214,21,4,5,inter,u_mesh/GEN_R[4].r/u_datapath/west_vc0_fifo/rd_ptr_reg[0]/C,u_mesh/GEN_R[5].r/u_datapath/west_vc1_fifo/fifo_mem_reg[0][vc_id]_0_3_1_1/SP/WE
-1.137,22,4,1,inter,u_mesh/GEN_R[4].r/u_datapath/west_vc0_fifo/rd_ptr_reg[0]/C,u_mesh/GEN_R[1].r/u_datapath/south_vc1_fifo/fifo_mem_reg[0][flit_data]_0_3_6_11/RAMA/WE
-1.137,22,4,1,inter,u_mesh/GEN_R[4].r/u_datapath/west_vc0_fifo/rd_ptr_reg[0]/C,u_mesh/GEN_R[1].r/u_datapath/south_vc1_fifo/fifo_mem_reg[0][flit_data]_0_3_6_11/RAMA_D1/WE
-1.137,22,4,1,inter,u_mesh/GEN_R[4].r/u_datapath/west_vc0_fifo/rd_ptr_reg[0]/C,u_mesh/GEN_R[1].r/u_datapath/south_vc1_fifo/fifo_mem_reg[0][flit_data]_0_3_6_11/RAMB/WE
-1.137,22,4,1,inter,u_mesh/GEN_R[4].r/u_datapath/west_vc0_fifo/rd_ptr_reg[0]/C,u_mesh/GEN_R[1].r/u_datapath/south_vc1_fifo/fifo_mem_reg[0][flit_data]_0_3_6_11/RAMB_D1/WE
-1.137,22,4,1,inter,u_mesh/GEN_R[4].r/u_datapath/west_vc0_fifo/rd_ptr_reg[0]/C,u_mesh/GEN_R[1].r/u_datapath/south_vc1_fifo/fifo_mem_reg[0][flit_data]_0_3_6_11/RAMC/WE
-1.137,22,4,1,inter,u_mesh/GEN_R[4].r/u_datapath/west_vc0_fifo/rd_ptr_reg[0]/C,u_mesh/GEN_R[1].r/u_datapath/south_vc1_fifo/fifo_mem_reg[0][flit_data]_0_3_6_11/RAMC_D1/WE
-1.137,22,4,1,inter,u_mesh/GEN_R[4].r/u_datapath/west_vc0_fifo/rd_ptr_reg[0]/C,u_mesh/GEN_R[1].r/u_datapath/south_vc1_fifo/fifo_mem_reg[0][flit_data]_0_3_6_11/RAMD/WE
-1.137,22,4,1,inter,u_mesh/GEN_R[4].r/u_datapath/west_vc0_fifo/rd_ptr_reg[0]/C,u_mesh/GEN_R[1].r/u_datapath/south_vc1_fifo/fifo_mem_reg[0][flit_data]_0_3_6_11/RAMD_D1/WE
-1.133,22,4,5,inter,u_mesh/GEN_R[4].r/u_datapath/west_vc0_fifo/rd_ptr_reg[0]/C,u_mesh/GEN_R[5].r/u_datapath/west_vc0_fifo/fifo_mem_reg[0][flit_data]_0_3_6_11/RAMA/WE
-1.133,22,4,5,inter,u_mesh/GEN_R[4].r/u_datapath/west_vc0_fifo/rd_ptr_reg[0]/C,u_mesh/GEN_R[5].r/u_datapath/west_vc0_fifo/fifo_mem_reg[0][flit_data]_0_3_6_11/RAMA_D1/WE
-1.133,22,4,5,inter,u_mesh/GEN_R[4].r/u_datapath/west_vc0_fifo/rd_ptr_reg[0]/C,u_mesh/GEN_R[5].r/u_datapath/west_vc0_fifo/fifo_mem_reg[0][flit_data]_0_3_6_11/RAMB/WE
-1.133,22,4,5,inter,u_mesh/GEN_R[4].r/u_datapath/west_vc0_fifo/rd_ptr_reg[0]/C,u_mesh/GEN_R[5].r/u_datapath/west_vc0_fifo/fifo_mem_reg[0][flit_data]_0_3_6_11/RAMB_D1/WE
-1.133,22,4,5,inter,u_mesh/GEN_R[4].r/u_datapath/west_vc0_fifo/rd_ptr_reg[0]/C,u_mesh/GEN_R[5].r/u_datapath/west_vc0_fifo/fifo_mem_reg[0][flit_data]_0_3_6_11/RAMC/WE
-1.133,22,4,5,inter,u_mesh/GEN_R[4].r/u_datapath/west_vc0_fifo/rd_ptr_reg[0]/C,u_mesh/GEN_R[5].r/u_datapath/west_vc0_fifo/fifo_mem_reg[0][flit_data]_0_3_6_11/RAMC_D1/WE
-1.133,22,4,5,inter,u_mesh/GEN_R[4].r/u_datapath/west_vc0_fifo/rd_ptr_reg[0]/C,u_mesh/GEN_R[5].r/u_datapath/west_vc0_fifo/fifo_mem_reg[0][flit_data]_0_3_6_11/RAMD/WE
-1.133,22,4,5,inter,u_mesh/GEN_R[4].r/u_datapath/west_vc0_fifo/rd_ptr_reg[0]/C,u_mesh/GEN_R[5].r/u_datapath/west_vc0_fifo/fifo_mem_reg[0][flit_data]_0_3_6_11/RAMD_D1/WE
-1.132,22,4,1,inter,u_mesh/GEN_R[4].r/u_datapath/west_vc0_fifo/rd_ptr_reg[0]/C,u_mesh/GEN_R[1].r/u_datapath/south_vc1_fifo/fifo_mem_reg[0][flit_data]_0_3_30_31/DP/WE
-1.132,22,4,1,inter,u_mesh/GEN_R[4].r/u_datapath/west_vc0_fifo/rd_ptr_reg[0]/C,u_mesh/GEN_R[1].r/u_datapath/south_vc1_fifo/fifo_mem_reg[0][flit_data]_0_3_30_31/SP/WE
-1.132,22,4,1,inter,u_mesh/GEN_R[4].r/u_datapath/west_vc0_fifo/rd_ptr_reg[0]/C,u_mesh/GEN_R[1].r/u_datapath/south_vc1_fifo/fifo_mem_reg[0][flit_data]_0_3_30_31__0/DP/WE
-1.132,22,4,1,inter,u_mesh/GEN_R[4].r/u_datapath/west_vc0_fifo/rd_ptr_reg[0]/C,u_mesh/GEN_R[1].r/u_datapath/south_vc1_fifo/fifo_mem_reg[0][flit_data]_0_3_30_31__0/SP/WE
-1.132,22,4,1,inter,u_mesh/GEN_R[4].r/u_datapath/west_vc0_fifo/rd_ptr_reg[0]/C,u_mesh/GEN_R[1].r/u_datapath/south_vc1_fifo/fifo_mem_reg[0][flit_type]_0_3_0_0/DP/WE
-1.132,22,4,1,inter,u_mesh/GEN_R[4].r/u_datapath/west_vc0_fifo/rd_ptr_reg[0]/C,u_mesh/GEN_R[1].r/u_datapath/south_vc1_fifo/fifo_mem_reg[0][flit_type]_0_3_0_0/SP/WE
-1.132,22,4,1,inter,u_mesh/GEN_R[4].r/u_datapath/west_vc0_fifo/rd_ptr_reg[0]/C,u_mesh/GEN_R[1].r/u_datapath/south_vc1_fifo/fifo_mem_reg[0][flit_type]_0_3_1_1/DP/WE
-1.132,22,4,1,inter,u_mesh/GEN_R[4].r/u_datapath/west_vc0_fifo/rd_ptr_reg[0]/C,u_mesh/GEN_R[1].r/u_datapath/south_vc1_fifo/fifo_mem_reg[0][flit_type]_0_3_1_1/SP/WE
-1.105,22,0,3,inter,u_mesh/GEN_R[0].r/u_datapath/east_vc1_fifo/rd_ptr_reg[0]/C,u_mesh/GEN_R[3].r/u_datapath/north_vc0_fifo/fifo_mem_reg[0][flit_data]_0_3_18_23/RAMA/WE
-1.105,22,0,3,inter,u_mesh/GEN_R[0].r/u_datapath/east_vc1_fifo/rd_ptr_reg[0]/C,u_mesh/GEN_R[3].r/u_datapath/north_vc0_fifo/fifo_mem_reg[0][flit_data]_0_3_18_23/RAMA_D1/WE
-1.105,22,0,3,inter,u_mesh/GEN_R[0].r/u_datapath/east_vc1_fifo/rd_ptr_reg[0]/C,u_mesh/GEN_R[3].r/u_datapath/north_vc0_fifo/fifo_mem_reg[0][flit_data]_0_3_18_23/RAMB/WE
-1.105,22,0,3,inter,u_mesh/GEN_R[0].r/u_datapath/east_vc1_fifo/rd_ptr_reg[0]/C,u_mesh/GEN_R[3].r/u_datapath/north_vc0_fifo/fifo_mem_reg[0][flit_data]_0_3_18_23/RAMB_D1/WE
-1.105,22,0,3,inter,u_mesh/GEN_R[0].r/u_datapath/east_vc1_fifo/rd_ptr_reg[0]/C,u_mesh/GEN_R[3].r/u_datapath/north_vc0_fifo/fifo_mem_reg[0][flit_data]_0_3_18_23/RAMC/WE
-1.105,22,0,3,inter,u_mesh/GEN_R[0].r/u_datapath/east_vc1_fifo/rd_ptr_reg[0]/C,u_mesh/GEN_R[3].r/u_datapath/north_vc0_fifo/fifo_mem_reg[0][flit_data]_0_3_18_23/RAMC_D1/WE
-1.105,22,0,3,inter,u_mesh/GEN_R[0].r/u_datapath/east_vc1_fifo/rd_ptr_reg[0]/C,u_mesh/GEN_R[3].r/u_datapath/north_vc0_fifo/fifo_mem_reg[0][flit_data]_0_3_18_23/RAMD/WE
-1.105,22,0,3,inter,u_mesh/GEN_R[0].r/u_datapath/east_vc1_fifo/rd_ptr_reg[0]/C,u_mesh/GEN_R[3].r/u_datapath/north_vc0_fifo/fifo_mem_reg[0][flit_data]_0_3_18_23/RAMD_D1/WE
-1.092,22,4,1,inter,u_mesh/GEN_R[4].r/u_datapath/west_vc0_fifo/rd_ptr_reg[0]/C,u_mesh/GEN_R[1].r/u_datapath/south_vc1_fifo/fifo_mem_reg[0][flit_data]_0_3_12_17/RAMA/WE
-1.092,22,4,1,inter,u_mesh/GEN_R[4].r/u_datapath/west_vc0_fifo/rd_ptr_reg[0]/C,u_mesh/GEN_R[1].r/u_datapath/south_vc1_fifo/fifo_mem_reg[0][flit_data]_0_3_12_17/RAMA_D1/WE
-1.092,22,4,1,inter,u_mesh/GEN_R[4].r/u_datapath/west_vc0_fifo/rd_ptr_reg[0]/C,u_mesh/GEN_R[1].r/u_datapath/south_vc1_fifo/fifo_mem_reg[0][flit_data]_0_3_12_17/RAMB/WE
-1.092,22,4,1,inter,u_mesh/GEN_R[4].r/u_datapath/west_vc0_fifo/rd_ptr_reg[0]/C,u_mesh/GEN_R[1].r/u_datapath/south_vc1_fifo/fifo_mem_reg[0][flit_data]_0_3_12_17/RAMB_D1/WE
-1.092,22,4,1,inter,u_mesh/GEN_R[4].r/u_datapath/west_vc0_fifo/rd_ptr_reg[0]/C,u_mesh/GEN_R[1].r/u_datapath/south_vc1_fifo/fifo_mem_reg[0][flit_data]_0_3_12_17/RAMC/WE
-1.092,22,4,1,inter,u_mesh/GEN_R[4].r/u_datapath/west_vc0_fifo/rd_ptr_reg[0]/C,u_mesh/GEN_R[1].r/u_datapath/south_vc1_fifo/fifo_mem_reg[0][flit_data]_0_3_12_17/RAMC_D1/WE
-1.092,22,4,1,inter,u_mesh/GEN_R[4].r/u_datapath/west_vc0_fifo/rd_ptr_reg[0]/C,u_mesh/GEN_R[1].r/u_datapath/south_vc1_fifo/fifo_mem_reg[0][flit_data]_0_3_12_17/RAMD/WE
-1.092,22,4,1,inter,u_mesh/GEN_R[4].r/u_datapath/west_vc0_fifo/rd_ptr_reg[0]/C,u_mesh/GEN_R[1].r/u_datapath/south_vc1_fifo/fifo_mem_reg[0][flit_data]_0_3_12_17/RAMD_D1/WE
-1.086,22,4,3,inter,u_mesh/GEN_R[4].r/u_datapath/west_vc0_fifo/rd_ptr_reg[0]/C,u_mesh/GEN_R[3].r/u_datapath/east_vc1_fifo/fifo_mem_reg[0][flit_data]_0_3_0_5/RAMA/WE
-1.086,22,4,3,inter,u_mesh/GEN_R[4].r/u_datapath/west_vc0_fifo/rd_ptr_reg[0]/C,u_mesh/GEN_R[3].r/u_datapath/east_vc1_fifo/fifo_mem_reg[0][flit_data]_0_3_0_5/RAMA_D1/WE
-1.086,22,4,3,inter,u_mesh/GEN_R[4].r/u_datapath/west_vc0_fifo/rd_ptr_reg[0]/C,u_mesh/GEN_R[3].r/u_datapath/east_vc1_fifo/fifo_mem_reg[0][flit_data]_0_3_0_5/RAMB/WE
-1.086,22,4,3,inter,u_mesh/GEN_R[4].r/u_datapath/west_vc0_fifo/rd_ptr_reg[0]/C,u_mesh/GEN_R[3].r/u_datapath/east_vc1_fifo/fifo_mem_reg[0][flit_data]_0_3_0_5/RAMB_D1/WE
-1.086,22,4,3,inter,u_mesh/GEN_R[4].r/u_datapath/west_vc0_fifo/rd_ptr_reg[0]/C,u_mesh/GEN_R[3].r/u_datapath/east_vc1_fifo/fifo_mem_reg[0][flit_data]_0_3_0_5/RAMC/WE
-1.086,22,4,3,inter,u_mesh/GEN_R[4].r/u_datapath/west_vc0_fifo/rd_ptr_reg[0]/C,u_mesh/GEN_R[3].r/u_datapath/east_vc1_fifo/fifo_mem_reg[0][flit_data]_0_3_0_5/RAMC_D1/WE
-1.086,22,4,3,inter,u_mesh/GEN_R[4].r/u_datapath/west_vc0_fifo/rd_ptr_reg[0]/C,u_mesh/GEN_R[3].r/u_datapath/east_vc1_fifo/fifo_mem_reg[0][flit_data]_0_3_0_5/RAMD/WE
-1.086,22,4,3,inter,u_mesh/GEN_R[4].r/u_datapath/west_vc0_fifo/rd_ptr_reg[0]/C,u_mesh/GEN_R[3].r/u_datapath/east_vc1_fifo/fifo_mem_reg[0][flit_data]_0_3_0_5/RAMD_D1/WE
-1.076,22,4,3,inter,u_mesh/GEN_R[4].r/u_datapath/west_vc0_fifo/rd_ptr_reg[0]/C,u_mesh/GEN_R[3].r/u_datapath/east_vc1_fifo/fifo_mem_reg[0][flit_data]_0_3_18_23/RAMA/WE
-1.076,22,4,3,inter,u_mesh/GEN_R[4].r/u_datapath/west_vc0_fifo/rd_ptr_reg[0]/C,u_mesh/GEN_R[3].r/u_datapath/east_vc1_fifo/fifo_mem_reg[0][flit_data]_0_3_18_23/RAMA_D1/WE
-1.076,22,4,3,inter,u_mesh/GEN_R[4].r/u_datapath/west_vc0_fifo/rd_ptr_reg[0]/C,u_mesh/GEN_R[3].r/u_datapath/east_vc1_fifo/fifo_mem_reg[0][flit_data]_0_3_18_23/RAMB/WE
-1.076,22,4,3,inter,u_mesh/GEN_R[4].r/u_datapath/west_vc0_fifo/rd_ptr_reg[0]/C,u_mesh/GEN_R[3].r/u_datapath/east_vc1_fifo/fifo_mem_reg[0][flit_data]_0_3_18_23/RAMB_D1/WE
-1.076,22,4,3,inter,u_mesh/GEN_R[4].r/u_datapath/west_vc0_fifo/rd_ptr_reg[0]/C,u_mesh/GEN_R[3].r/u_datapath/east_vc1_fifo/fifo_mem_reg[0][flit_data]_0_3_18_23/RAMC/WE
-1.076,22,4,3,inter,u_mesh/GEN_R[4].r/u_datapath/west_vc0_fifo/rd_ptr_reg[0]/C,u_mesh/GEN_R[3].r/u_datapath/east_vc1_fifo/fifo_mem_reg[0][flit_data]_0_3_18_23/RAMC_D1/WE
-1.076,22,4,3,inter,u_mesh/GEN_R[4].r/u_datapath/west_vc0_fifo/rd_ptr_reg[0]/C,u_mesh/GEN_R[3].r/u_datapath/east_vc1_fifo/fifo_mem_reg[0][flit_data]_0_3_18_23/RAMD/WE
-1.076,22,4,3,inter,u_mesh/GEN_R[4].r/u_datapath/west_vc0_fifo/rd_ptr_reg[0]/C,u_mesh/GEN_R[3].r/u_datapath/east_vc1_fifo/fifo_mem_reg[0][flit_data]_0_3_18_23/RAMD_D1/WE
-1.069,22,1,2,inter,u_mesh/GEN_R[1].r/u_datapath/west_vc2_fifo/rd_ptr_reg[1]/C,u_mesh/GEN_R[2].r/u_datapath/west_vc1_fifo/fifo_mem_reg[0][flit_data]_0_3_6_11/RAMA/WE
-1.069,22,1,2,inter,u_mesh/GEN_R[1].r/u_datapath/west_vc2_fifo/rd_ptr_reg[1]/C,u_mesh/GEN_R[2].r/u_datapath/west_vc1_fifo/fifo_mem_reg[0][flit_data]_0_3_6_11/RAMA_D1/WE
-1.069,22,1,2,inter,u_mesh/GEN_R[1].r/u_datapath/west_vc2_fifo/rd_ptr_reg[1]/C,u_mesh/GEN_R[2].r/u_datapath/west_vc1_fifo/fifo_mem_reg[0][flit_data]_0_3_6_11/RAMB/WE
-1.069,22,1,2,inter,u_mesh/GEN_R[1].r/u_datapath/west_vc2_fifo/rd_ptr_reg[1]/C,u_mesh/GEN_R[2].r/u_datapath/west_vc1_fifo/fifo_mem_reg[0][flit_data]_0_3_6_11/RAMB_D1/WE
-1.069,22,1,2,inter,u_mesh/GEN_R[1].r/u_datapath/west_vc2_fifo/rd_ptr_reg[1]/C,u_mesh/GEN_R[2].r/u_datapath/west_vc1_fifo/fifo_mem_reg[0][flit_data]_0_3_6_11/RAMC/WE
-1.069,22,1,2,inter,u_mesh/GEN_R[1].r/u_datapath/west_vc2_fifo/rd_ptr_reg[1]/C,u_mesh/GEN_R[2].r/u_datapath/west_vc1_fifo/fifo_mem_reg[0][flit_data]_0_3_6_11/RAMC_D1/WE
-1.069,22,1,2,inter,u_mesh/GEN_R[1].r/u_datapath/west_vc2_fifo/rd_ptr_reg[1]/C,u_mesh/GEN_R[2].r/u_datapath/west_vc1_fifo/fifo_mem_reg[0][flit_data]_0_3_6_11/RAMD/WE
-1.069,22,1,2,inter,u_mesh/GEN_R[1].r/u_datapath/west_vc2_fifo/rd_ptr_reg[1]/C,u_mesh/GEN_R[2].r/u_datapath/west_vc1_fifo/fifo_mem_reg[0][flit_data]_0_3_6_11/RAMD_D1/WE
-1.068,22,4,3,inter,u_mesh/GEN_R[4].r/u_datapath/west_vc0_fifo/rd_ptr_reg[0]/C,u_mesh/GEN_R[3].r/u_datapath/east_vc1_fifo/fifo_mem_reg[0][flit_data]_0_3_6_11/RAMA/WE
-1.068,22,4,3,inter,u_mesh/GEN_R[4].r/u_datapath/west_vc0_fifo/rd_ptr_reg[0]/C,u_mesh/GEN_R[3].r/u_datapath/east_vc1_fifo/fifo_mem_reg[0][flit_data]_0_3_6_11/RAMA_D1/WE
-1.068,22,4,3,inter,u_mesh/GEN_R[4].r/u_datapath/west_vc0_fifo/rd_ptr_reg[0]/C,u_mesh/GEN_R[3].r/u_datapath/east_vc1_fifo/fifo_mem_reg[0][flit_data]_0_3_6_11/RAMB/WE
-1.068,22,4,3,inter,u_mesh/GEN_R[4].r/u_datapath/west_vc0_fifo/rd_ptr_reg[0]/C,u_mesh/GEN_R[3].r/u_datapath/east_vc1_fifo/fifo_mem_reg[0][flit_data]_0_3_6_11/RAMB_D1/WE
-1.068,22,4,3,inter,u_mesh/GEN_R[4].r/u_datapath/west_vc0_fifo/rd_ptr_reg[0]/C,u_mesh/GEN_R[3].r/u_datapath/east_vc1_fifo/fifo_mem_reg[0][flit_data]_0_3_6_11/RAMC/WE
-1.068,22,4,3,inter,u_mesh/GEN_R[4].r/u_datapath/west_vc0_fifo/rd_ptr_reg[0]/C,u_mesh/GEN_R[3].r/u_datapath/east_vc1_fifo/fifo_mem_reg[0][flit_data]_0_3_6_11/RAMC_D1/WE
-1.068,22,4,3,inter,u_mesh/GEN_R[4].r/u_datapath/west_vc0_fifo/rd_ptr_reg[0]/C,u_mesh/GEN_R[3].r/u_datapath/east_vc1_fifo/fifo_mem_reg[0][flit_data]_0_3_6_11/RAMD/WE
-1.068,22,4,3,inter,u_mesh/GEN_R[4].r/u_datapath/west_vc0_fifo/rd_ptr_reg[0]/C,u_mesh/GEN_R[3].r/u_datapath/east_vc1_fifo/fifo_mem_reg[0][flit_data]_0_3_6_11/RAMD_D1/WE
-1.065,22,1,2,inter,u_mesh/GEN_R[1].r/u_datapath/west_vc2_fifo/rd_ptr_reg[1]/C,u_mesh/GEN_R[2].r/u_datapath/west_vc1_fifo/fifo_mem_reg[0][flit_data]_0_3_0_5/RAMA/WE
-1.065,22,1,2,inter,u_mesh/GEN_R[1].r/u_datapath/west_vc2_fifo/rd_ptr_reg[1]/C,u_mesh/GEN_R[2].r/u_datapath/west_vc1_fifo/fifo_mem_reg[0][flit_data]_0_3_0_5/RAMA_D1/WE
-1.065,22,1,2,inter,u_mesh/GEN_R[1].r/u_datapath/west_vc2_fifo/rd_ptr_reg[1]/C,u_mesh/GEN_R[2].r/u_datapath/west_vc1_fifo/fifo_mem_reg[0][flit_data]_0_3_0_5/RAMB/WE
-1.065,22,1,2,inter,u_mesh/GEN_R[1].r/u_datapath/west_vc2_fifo/rd_ptr_reg[1]/C,u_mesh/GEN_R[2].r/u_datapath/west_vc1_fifo/fifo_mem_reg[0][flit_data]_0_3_0_5/RAMB_D1/WE
-1.065,22,1,2,inter,u_mesh/GEN_R[1].r/u_datapath/west_vc2_fifo/rd_ptr_reg[1]/C,u_mesh/GEN_R[2].r/u_datapath/west_vc1_fifo/fifo_mem_reg[0][flit_data]_0_3_0_5/RAMC/WE
-1.065,22,1,2,inter,u_mesh/GEN_R[1].r/u_datapath/west_vc2_fifo/rd_ptr_reg[1]/C,u_mesh/GEN_R[2].r/u_datapath/west_vc1_fifo/fifo_mem_reg[0][flit_data]_0_3_0_5/RAMC_D1/WE
-1.065,22,1,2,inter,u_mesh/GEN_R[1].r/u_datapath/west_vc2_fifo/rd_ptr_reg[1]/C,u_mesh/GEN_R[2].r/u_datapath/west_vc1_fifo/fifo_mem_reg[0][flit_data]_0_3_0_5/RAMD/WE
-1.065,22,1,2,inter,u_mesh/GEN_R[1].r/u_datapath/west_vc2_fifo/rd_ptr_reg[1]/C,u_mesh/GEN_R[2].r/u_datapath/west_vc1_fifo/fifo_mem_reg[0][flit_data]_0_3_0_5/RAMD_D1/WE
-1.052,22,1,2,inter,u_mesh/GEN_R[1].r/u_datapath/west_vc2_fifo/rd_ptr_reg[1]/C,u_mesh/GEN_R[2].r/u_datapath/west_vc1_fifo/fifo_mem_reg[0][flit_data]_0_3_18_23/RAMA/WE
-1.052,22,1,2,inter,u_mesh/GEN_R[1].r/u_datapath/west_vc2_fifo/rd_ptr_reg[1]/C,u_mesh/GEN_R[2].r/u_datapath/west_vc1_fifo/fifo_mem_reg[0][flit_data]_0_3_18_23/RAMA_D1/WE
-1.052,22,1,2,inter,u_mesh/GEN_R[1].r/u_datapath/west_vc2_fifo/rd_ptr_reg[1]/C,u_mesh/GEN_R[2].r/u_datapath/west_vc1_fifo/fifo_mem_reg[0][flit_data]_0_3_18_23/RAMB/WE
-1.052,22,1,2,inter,u_mesh/GEN_R[1].r/u_datapath/west_vc2_fifo/rd_ptr_reg[1]/C,u_mesh/GEN_R[2].r/u_datapath/west_vc1_fifo/fifo_mem_reg[0][flit_data]_0_3_18_23/RAMB_D1/WE
-1.052,22,1,2,inter,u_mesh/GEN_R[1].r/u_datapath/west_vc2_fifo/rd_ptr_reg[1]/C,u_mesh/GEN_R[2].r/u_datapath/west_vc1_fifo/fifo_mem_reg[0][flit_data]_0_3_18_23/RAMC/WE
-1.052,22,1,2,inter,u_mesh/GEN_R[1].r/u_datapath/west_vc2_fifo/rd_ptr_reg[1]/C,u_mesh/GEN_R[2].r/u_datapath/west_vc1_fifo/fifo_mem_reg[0][flit_data]_0_3_18_23/RAMC_D1/WE
-1.052,22,1,2,inter,u_mesh/GEN_R[1].r/u_datapath/west_vc2_fifo/rd_ptr_reg[1]/C,u_mesh/GEN_R[2].r/u_datapath/west_vc1_fifo/fifo_mem_reg[0][flit_data]_0_3_18_23/RAMD/WE
-1.052,22,1,2,inter,u_mesh/GEN_R[1].r/u_datapath/west_vc2_fifo/rd_ptr_reg[1]/C,u_mesh/GEN_R[2].r/u_datapath/west_vc1_fifo/fifo_mem_reg[0][flit_data]_0_3_18_23/RAMD_D1/WE
-1.007,21,4,5,inter,u_mesh/GEN_R[4].r/u_datapath/west_vc0_fifo/rd_ptr_reg[0]/C,u_mesh/GEN_R[5].r/u_datapath/west_vc1_fifo/fifo_mem_reg[0][flit_data]_0_3_0_5/RAMA/WE
-1.007,21,4,5,inter,u_mesh/GEN_R[4].r/u_datapath/west_vc0_fifo/rd_ptr_reg[0]/C,u_mesh/GEN_R[5].r/u_datapath/west_vc1_fifo/fifo_mem_reg[0][flit_data]_0_3_0_5/RAMA_D1/WE
-1.007,21,4,5,inter,u_mesh/GEN_R[4].r/u_datapath/west_vc0_fifo/rd_ptr_reg[0]/C,u_mesh/GEN_R[5].r/u_datapath/west_vc1_fifo/fifo_mem_reg[0][flit_data]_0_3_0_5/RAMB/WE
-1.007,21,4,5,inter,u_mesh/GEN_R[4].r/u_datapath/west_vc0_fifo/rd_ptr_reg[0]/C,u_mesh/GEN_R[5].r/u_datapath/west_vc1_fifo/fifo_mem_reg[0][flit_data]_0_3_0_5/RAMB_D1/WE
-1.007,21,4,5,inter,u_mesh/GEN_R[4].r/u_datapath/west_vc0_fifo/rd_ptr_reg[0]/C,u_mesh/GEN_R[5].r/u_datapath/west_vc1_fifo/fifo_mem_reg[0][flit_data]_0_3_0_5/RAMC/WE
-1.007,21,4,5,inter,u_mesh/GEN_R[4].r/u_datapath/west_vc0_fifo/rd_ptr_reg[0]/C,u_mesh/GEN_R[5].r/u_datapath/west_vc1_fifo/fifo_mem_reg[0][flit_data]_0_3_0_5/RAMC_D1/WE
-1.007,21,4,5,inter,u_mesh/GEN_R[4].r/u_datapath/west_vc0_fifo/rd_ptr_reg[0]/C,u_mesh/GEN_R[5].r/u_datapath/west_vc1_fifo/fifo_mem_reg[0][flit_data]_0_3_0_5/RAMD/WE
-1.007,21,4,5,inter,u_mesh/GEN_R[4].r/u_datapath/west_vc0_fifo/rd_ptr_reg[0]/C,u_mesh/GEN_R[5].r/u_datapath/west_vc1_fifo/fifo_mem_reg[0][flit_data]_0_3_0_5/RAMD_D1/WE
-1.004,21,0,3,inter,u_mesh/GEN_R[0].r/u_datapath/east_vc1_fifo/rd_ptr_reg[0]/C,u_mesh/GEN_R[3].r/u_datapath/north_vc2_fifo/fifo_mem_reg[0][flit_data]_0_3_18_23/RAMA/WE
-1.004,21,0,3,inter,u_mesh/GEN_R[0].r/u_datapath/east_vc1_fifo/rd_ptr_reg[0]/C,u_mesh/GEN_R[3].r/u_datapath/north_vc2_fifo/fifo_mem_reg[0][flit_data]_0_3_18_23/RAMA_D1/WE
-1.004,21,0,3,inter,u_mesh/GEN_R[0].r/u_datapath/east_vc1_fifo/rd_ptr_reg[0]/C,u_mesh/GEN_R[3].r/u_datapath/north_vc2_fifo/fifo_mem_reg[0][flit_data]_0_3_18_23/RAMB/WE
-1.004,21,0,3,inter,u_mesh/GEN_R[0].r/u_datapath/east_vc1_fifo/rd_ptr_reg[0]/C,u_mesh/GEN_R[3].r/u_datapath/north_vc2_fifo/fifo_mem_reg[0][flit_data]_0_3_18_23/RAMB_D1/WE
-1.004,21,0,3,inter,u_mesh/GEN_R[0].r/u_datapath/east_vc1_fifo/rd_ptr_reg[0]/C,u_mesh/GEN_R[3].r/u_datapath/north_vc2_fifo/fifo_mem_reg[0][flit_data]_0_3_18_23/RAMC/WE
-1.004,21,0,3,inter,u_mesh/GEN_R[0].r/u_datapath/east_vc1_fifo/rd_ptr_reg[0]/C,u_mesh/GEN_R[3].r/u_datapath/north_vc2_fifo/fifo_mem_reg[0][flit_data]_0_3_18_23/RAMC_D1/WE
-1.004,21,0,3,inter,u_mesh/GEN_R[0].r/u_datapath/east_vc1_fifo/rd_ptr_reg[0]/C,u_mesh/GEN_R[3].r/u_datapath/north_vc2_fifo/fifo_mem_reg[0][flit_data]_0_3_18_23/RAMD/WE
-1.004,21,0,3,inter,u_mesh/GEN_R[0].r/u_datapath/east_vc1_fifo/rd_ptr_reg[0]/C,u_mesh/GEN_R[3].r/u_datapath/north_vc2_fifo/fifo_mem_reg[0][flit_data]_0_3_18_23/RAMD_D1/WE
-0.996,22,0,3,inter,u_mesh/GEN_R[0].r/u_datapath/east_vc1_fifo/rd_ptr_reg[0]/C,u_mesh/GEN_R[3].r/u_datapath/north_vc1_fifo/fifo_mem_reg[0][flit_data]_0_3_18_23/RAMA/WE
-0.996,22,0,3,inter,u_mesh/GEN_R[0].r/u_datapath/east_vc1_fifo/rd_ptr_reg[0]/C,u_mesh/GEN_R[3].r/u_datapath/north_vc1_fifo/fifo_mem_reg[0][flit_data]_0_3_18_23/RAMA_D1/WE
-0.996,22,0,3,inter,u_mesh/GEN_R[0].r/u_datapath/east_vc1_fifo/rd_ptr_reg[0]/C,u_mesh/GEN_R[3].r/u_datapath/north_vc1_fifo/fifo_mem_reg[0][flit_data]_0_3_18_23/RAMB/WE
-0.996,22,0,3,inter,u_mesh/GEN_R[0].r/u_datapath/east_vc1_fifo/rd_ptr_reg[0]/C,u_mesh/GEN_R[3].r/u_datapath/north_vc1_fifo/fifo_mem_reg[0][flit_data]_0_3_18_23/RAMB_D1/WE
-0.996,22,0,3,inter,u_mesh/GEN_R[0].r/u_datapath/east_vc1_fifo/rd_ptr_reg[0]/C,u_mesh/GEN_R[3].r/u_datapath/north_vc1_fifo/fifo_mem_reg[0][flit_data]_0_3_18_23/RAMC/WE
-0.996,22,0,3,inter,u_mesh/GEN_R[0].r/u_datapath/east_vc1_fifo/rd_ptr_reg[0]/C,u_mesh/GEN_R[3].r/u_datapath/north_vc1_fifo/fifo_mem_reg[0][flit_data]_0_3_18_23/RAMC_D1/WE
-0.996,22,0,3,inter,u_mesh/GEN_R[0].r/u_datapath/east_vc1_fifo/rd_ptr_reg[0]/C,u_mesh/GEN_R[3].r/u_datapath/north_vc1_fifo/fifo_mem_reg[0][flit_data]_0_3_18_23/RAMD/WE
-0.996,22,0,3,inter,u_mesh/GEN_R[0].r/u_datapath/east_vc1_fifo/rd_ptr_reg[0]/C,u_mesh/GEN_R[3].r/u_datapath/north_vc1_fifo/fifo_mem_reg[0][flit_data]_0_3_18_23/RAMD_D1/WE
-0.995,22,4,3,inter,u_mesh/GEN_R[4].r/u_datapath/local_vc2_fifo/rd_ptr_reg[0]_replica/C,u_mesh/GEN_R[3].r/u_datapath/east_vc0_fifo/fifo_mem_reg[0][flit_data]_0_3_6_11/RAMA/WE
-0.995,22,4,3,inter,u_mesh/GEN_R[4].r/u_datapath/local_vc2_fifo/rd_ptr_reg[0]_replica/C,u_mesh/GEN_R[3].r/u_datapath/east_vc0_fifo/fifo_mem_reg[0][flit_data]_0_3_6_11/RAMA_D1/WE
-0.995,22,4,3,inter,u_mesh/GEN_R[4].r/u_datapath/local_vc2_fifo/rd_ptr_reg[0]_replica/C,u_mesh/GEN_R[3].r/u_datapath/east_vc0_fifo/fifo_mem_reg[0][flit_data]_0_3_6_11/RAMB/WE
-0.995,22,4,3,inter,u_mesh/GEN_R[4].r/u_datapath/local_vc2_fifo/rd_ptr_reg[0]_replica/C,u_mesh/GEN_R[3].r/u_datapath/east_vc0_fifo/fifo_mem_reg[0][flit_data]_0_3_6_11/RAMB_D1/WE
-0.995,22,4,3,inter,u_mesh/GEN_R[4].r/u_datapath/local_vc2_fifo/rd_ptr_reg[0]_replica/C,u_mesh/GEN_R[3].r/u_datapath/east_vc0_fifo/fifo_mem_reg[0][flit_data]_0_3_6_11/RAMC/WE
-0.995,22,4,3,inter,u_mesh/GEN_R[4].r/u_datapath/local_vc2_fifo/rd_ptr_reg[0]_replica/C,u_mesh/GEN_R[3].r/u_datapath/east_vc0_fifo/fifo_mem_reg[0][flit_data]_0_3_6_11/RAMC_D1/WE
-0.995,22,4,3,inter,u_mesh/GEN_R[4].r/u_datapath/local_vc2_fifo/rd_ptr_reg[0]_replica/C,u_mesh/GEN_R[3].r/u_datapath/east_vc0_fifo/fifo_mem_reg[0][flit_data]_0_3_6_11/RAMD/WE
-0.995,22,4,3,inter,u_mesh/GEN_R[4].r/u_datapath/local_vc2_fifo/rd_ptr_reg[0]_replica/C,u_mesh/GEN_R[3].r/u_datapath/east_vc0_fifo/fifo_mem_reg[0][flit_data]_0_3_6_11/RAMD_D1/WE
-0.995,22,0,3,inter,u_mesh/GEN_R[0].r/u_datapath/east_vc1_fifo/rd_ptr_reg[0]/C,u_mesh/GEN_R[3].r/u_datapath/north_vc1_fifo/fifo_mem_reg[0][flit_data]_0_3_6_11/RAMA/WE
-0.995,22,0,3,inter,u_mesh/GEN_R[0].r/u_datapath/east_vc1_fifo/rd_ptr_reg[0]/C,u_mesh/GEN_R[3].r/u_datapath/north_vc1_fifo/fifo_mem_reg[0][flit_data]_0_3_6_11/RAMA_D1/WE
-0.995,22,0,3,inter,u_mesh/GEN_R[0].r/u_datapath/east_vc1_fifo/rd_ptr_reg[0]/C,u_mesh/GEN_R[3].r/u_datapath/north_vc1_fifo/fifo_mem_reg[0][flit_data]_0_3_6_11/RAMB/WE
-0.995,22,0,3,inter,u_mesh/GEN_R[0].r/u_datapath/east_vc1_fifo/rd_ptr_reg[0]/C,u_mesh/GEN_R[3].r/u_datapath/north_vc1_fifo/fifo_mem_reg[0][flit_data]_0_3_6_11/RAMB_D1/WE
-0.995,22,0,3,inter,u_mesh/GEN_R[0].r/u_datapath/east_vc1_fifo/rd_ptr_reg[0]/C,u_mesh/GEN_R[3].r/u_datapath/north_vc1_fifo/fifo_mem_reg[0][flit_data]_0_3_6_11/RAMC/WE
-0.995,22,0,3,inter,u_mesh/GEN_R[0].r/u_datapath/east_vc1_fifo/rd_ptr_reg[0]/C,u_mesh/GEN_R[3].r/u_datapath/north_vc1_fifo/fifo_mem_reg[0][flit_data]_0_3_6_11/RAMC_D1/WE
-0.995,22,0,3,inter,u_mesh/GEN_R[0].r/u_datapath/east_vc1_fifo/rd_ptr_reg[0]/C,u_mesh/GEN_R[3].r/u_datapath/north_vc1_fifo/fifo_mem_reg[0][flit_data]_0_3_6_11/RAMD/WE
-0.995,22,0,3,inter,u_mesh/GEN_R[0].r/u_datapath/east_vc1_fifo/rd_ptr_reg[0]/C,u_mesh/GEN_R[3].r/u_datapath/north_vc1_fifo/fifo_mem_reg[0][flit_data]_0_3_6_11/RAMD_D1/WE
-0.994,22,4,3,inter,u_mesh/GEN_R[4].r/u_datapath/west_vc0_fifo/rd_ptr_reg[0]/C,u_mesh/GEN_R[3].r/u_datapath/east_vc1_fifo/fifo_mem_reg[0][flit_data]_0_3_30_31/DP/WE
-0.994,22,4,3,inter,u_mesh/GEN_R[4].r/u_datapath/west_vc0_fifo/rd_ptr_reg[0]/C,u_mesh/GEN_R[3].r/u_datapath/east_vc1_fifo/fifo_mem_reg[0][flit_data]_0_3_30_31/SP/WE
-0.994,22,4,3,inter,u_mesh/GEN_R[4].r/u_datapath/west_vc0_fifo/rd_ptr_reg[0]/C,u_mesh/GEN_R[3].r/u_datapath/east_vc1_fifo/fifo_mem_reg[0][flit_data]_0_3_30_31__0/DP/WE
-0.994,22,4,3,inter,u_mesh/GEN_R[4].r/u_datapath/west_vc0_fifo/rd_ptr_reg[0]/C,u_mesh/GEN_R[3].r/u_datapath/east_vc1_fifo/fifo_mem_reg[0][flit_data]_0_3_30_31__0/SP/WE
-0.994,22,4,3,inter,u_mesh/GEN_R[4].r/u_datapath/west_vc0_fifo/rd_ptr_reg[0]/C,u_mesh/GEN_R[3].r/u_datapath/east_vc1_fifo/fifo_mem_reg[0][flit_type]_0_3_0_0/DP/WE
-0.994,22,4,3,inter,u_mesh/GEN_R[4].r/u_datapath/west_vc0_fifo/rd_ptr_reg[0]/C,u_mesh/GEN_R[3].r/u_datapath/east_vc1_fifo/fifo_mem_reg[0][flit_type]_0_3_0_0/SP/WE
-0.994,22,4,3,inter,u_mesh/GEN_R[4].r/u_datapath/west_vc0_fifo/rd_ptr_reg[0]/C,u_mesh/GEN_R[3].r/u_datapath/east_vc1_fifo/fifo_mem_reg[0][flit_type]_0_3_1_1/DP/WE
-0.994,22,4,3,inter,u_mesh/GEN_R[4].r/u_datapath/west_vc0_fifo/rd_ptr_reg[0]/C,u_mesh/GEN_R[3].r/u_datapath/east_vc1_fifo/fifo_mem_reg[0][flit_type]_0_3_1_1/SP/WE
-0.994,22,4,3,inter,u_mesh/GEN_R[4].r/u_datapath/local_vc2_fifo/rd_ptr_reg[0]_replica/C,u_mesh/GEN_R[3].r/u_datapath/east_vc2_fifo/fifo_mem_reg[0][flit_data]_0_3_12_17/RAMA/WE
-0.994,22,4,3,inter,u_mesh/GEN_R[4].r/u_datapath/local_vc2_fifo/rd_ptr_reg[0]_replica/C,u_mesh/GEN_R[3].r/u_datapath/east_vc2_fifo/fifo_mem_reg[0][flit_data]_0_3_12_17/RAMA_D1/WE
-0.994,22,4,3,inter,u_mesh/GEN_R[4].r/u_datapath/local_vc2_fifo/rd_ptr_reg[0]_replica/C,u_mesh/GEN_R[3].r/u_datapath/east_vc2_fifo/fifo_mem_reg[0][flit_data]_0_3_12_17/RAMB/WE
-0.994,22,4,3,inter,u_mesh/GEN_R[4].r/u_datapath/local_vc2_fifo/rd_ptr_reg[0]_replica/C,u_mesh/GEN_R[3].r/u_datapath/east_vc2_fifo/fifo_mem_reg[0][flit_data]_0_3_12_17/RAMB_D1/WE
-0.994,22,4,3,inter,u_mesh/GEN_R[4].r/u_datapath/local_vc2_fifo/rd_ptr_reg[0]_replica/C,u_mesh/GEN_R[3].r/u_datapath/east_vc2_fifo/fifo_mem_reg[0][flit_data]_0_3_12_17/RAMC/WE
-0.994,22,4,3,inter,u_mesh/GEN_R[4].r/u_datapath/local_vc2_fifo/rd_ptr_reg[0]_replica/C,u_mesh/GEN_R[3].r/u_datapath/east_vc2_fifo/fifo_mem_reg[0][flit_data]_0_3_12_17/RAMC_D1/WE
-0.994,22,4,3,inter,u_mesh/GEN_R[4].r/u_datapath/local_vc2_fifo/rd_ptr_reg[0]_replica/C,u_mesh/GEN_R[3].r/u_datapath/east_vc2_fifo/fifo_mem_reg[0][flit_data]_0_3_12_17/RAMD/WE
-0.994,22,4,3,inter,u_mesh/GEN_R[4].r/u_datapath/local_vc2_fifo/rd_ptr_reg[0]_replica/C,u_mesh/GEN_R[3].r/u_datapath/east_vc2_fifo/fifo_mem_reg[0][flit_data]_0_3_12_17/RAMD_D1/WE
-0.992,22,4,5,inter,u_mesh/GEN_R[4].r/u_datapath/west_vc0_fifo/rd_ptr_reg[0]/C,u_mesh/GEN_R[5].r/u_datapath/west_vc0_fifo/fifo_mem_reg[0][flit_data]_0_3_0_5/RAMA/WE
-0.992,22,4,5,inter,u_mesh/GEN_R[4].r/u_datapath/west_vc0_fifo/rd_ptr_reg[0]/C,u_mesh/GEN_R[5].r/u_datapath/west_vc0_fifo/fifo_mem_reg[0][flit_data]_0_3_0_5/RAMA_D1/WE
-0.992,22,4,5,inter,u_mesh/GEN_R[4].r/u_datapath/west_vc0_fifo/rd_ptr_reg[0]/C,u_mesh/GEN_R[5].r/u_datapath/west_vc0_fifo/fifo_mem_reg[0][flit_data]_0_3_0_5/RAMB/WE
-0.992,22,4,5,inter,u_mesh/GEN_R[4].r/u_datapath/west_vc0_fifo/rd_ptr_reg[0]/C,u_mesh/GEN_R[5].r/u_datapath/west_vc0_fifo/fifo_mem_reg[0][flit_data]_0_3_0_5/RAMB_D1/WE
-0.992,22,4,5,inter,u_mesh/GEN_R[4].r/u_datapath/west_vc0_fifo/rd_ptr_reg[0]/C,u_mesh/GEN_R[5].r/u_datapath/west_vc0_fifo/fifo_mem_reg[0][flit_data]_0_3_0_5/RAMC/WE
-0.992,22,4,5,inter,u_mesh/GEN_R[4].r/u_datapath/west_vc0_fifo/rd_ptr_reg[0]/C,u_mesh/GEN_R[5].r/u_datapath/west_vc0_fifo/fifo_mem_reg[0][flit_data]_0_3_0_5/RAMC_D1/WE
-0.992,22,4,5,inter,u_mesh/GEN_R[4].r/u_datapath/west_vc0_fifo/rd_ptr_reg[0]/C,u_mesh/GEN_R[5].r/u_datapath/west_vc0_fifo/fifo_mem_reg[0][flit_data]_0_3_0_5/RAMD/WE
-0.992,22,4,5,inter,u_mesh/GEN_R[4].r/u_datapath/west_vc0_fifo/rd_ptr_reg[0]/C,u_mesh/GEN_R[5].r/u_datapath/west_vc0_fifo/fifo_mem_reg[0][flit_data]_0_3_0_5/RAMD_D1/WE
-0.992,22,1,0,inter,u_mesh/GEN_R[1].r/u_datapath/west_vc2_fifo/rd_ptr_reg[1]/C,u_mesh/GEN_R[0].r/u_datapath/east_vc2_fifo/fifo_mem_reg[0][flit_data]_0_3_0_5/RAMA/WE
-0.992,22,1,0,inter,u_mesh/GEN_R[1].r/u_datapath/west_vc2_fifo/rd_ptr_reg[1]/C,u_mesh/GEN_R[0].r/u_datapath/east_vc2_fifo/fifo_mem_reg[0][flit_data]_0_3_0_5/RAMA_D1/WE
-0.992,22,1,0,inter,u_mesh/GEN_R[1].r/u_datapath/west_vc2_fifo/rd_ptr_reg[1]/C,u_mesh/GEN_R[0].r/u_datapath/east_vc2_fifo/fifo_mem_reg[0][flit_data]_0_3_0_5/RAMB/WE
-0.992,22,1,0,inter,u_mesh/GEN_R[1].r/u_datapath/west_vc2_fifo/rd_ptr_reg[1]/C,u_mesh/GEN_R[0].r/u_datapath/east_vc2_fifo/fifo_mem_reg[0][flit_data]_0_3_0_5/RAMB_D1/WE
-0.992,22,1,0,inter,u_mesh/GEN_R[1].r/u_datapath/west_vc2_fifo/rd_ptr_reg[1]/C,u_mesh/GEN_R[0].r/u_datapath/east_vc2_fifo/fifo_mem_reg[0][flit_data]_0_3_0_5/RAMC/WE
-0.992,22,1,0,inter,u_mesh/GEN_R[1].r/u_datapath/west_vc2_fifo/rd_ptr_reg[1]/C,u_mesh/GEN_R[0].r/u_datapath/east_vc2_fifo/fifo_mem_reg[0][flit_data]_0_3_0_5/RAMC_D1/WE
-0.992,22,1,0,inter,u_mesh/GEN_R[1].r/u_datapath/west_vc2_fifo/rd_ptr_reg[1]/C,u_mesh/GEN_R[0].r/u_datapath/east_vc2_fifo/fifo_mem_reg[0][flit_data]_0_3_0_5/RAMD/WE
-0.992,22,1,0,inter,u_mesh/GEN_R[1].r/u_datapath/west_vc2_fifo/rd_ptr_reg[1]/C,u_mesh/GEN_R[0].r/u_datapath/east_vc2_fifo/fifo_mem_reg[0][flit_data]_0_3_0_5/RAMD_D1/WE
-0.986,22,0,3,inter,u_mesh/GEN_R[0].r/u_datapath/east_vc1_fifo/rd_ptr_reg[0]/C,u_mesh/GEN_R[3].r/u_datapath/north_vc0_fifo/fifo_mem_reg[0][flit_data]_0_3_24_29/RAMA/WE
-0.986,22,0,3,inter,u_mesh/GEN_R[0].r/u_datapath/east_vc1_fifo/rd_ptr_reg[0]/C,u_mesh/GEN_R[3].r/u_datapath/north_vc0_fifo/fifo_mem_reg[0][flit_data]_0_3_24_29/RAMA_D1/WE
-0.986,22,0,3,inter,u_mesh/GEN_R[0].r/u_datapath/east_vc1_fifo/rd_ptr_reg[0]/C,u_mesh/GEN_R[3].r/u_datapath/north_vc0_fifo/fifo_mem_reg[0][flit_data]_0_3_24_29/RAMB/WE
-0.986,22,0,3,inter,u_mesh/GEN_R[0].r/u_datapath/east_vc1_fifo/rd_ptr_reg[0]/C,u_mesh/GEN_R[3].r/u_datapath/north_vc0_fifo/fifo_mem_reg[0][flit_data]_0_3_24_29/RAMB_D1/WE
-0.986,22,0,3,inter,u_mesh/GEN_R[0].r/u_datapath/east_vc1_fifo/rd_ptr_reg[0]/C,u_mesh/GEN_R[3].r/u_datapath/north_vc0_fifo/fifo_mem_reg[0][flit_data]_0_3_24_29/RAMC/WE
-0.986,22,0,3,inter,u_mesh/GEN_R[0].r/u_datapath/east_vc1_fifo/rd_ptr_reg[0]/C,u_mesh/GEN_R[3].r/u_datapath/north_vc0_fifo/fifo_mem_reg[0][flit_data]_0_3_24_29/RAMC_D1/WE
-0.986,22,0,3,inter,u_mesh/GEN_R[0].r/u_datapath/east_vc1_fifo/rd_ptr_reg[0]/C,u_mesh/GEN_R[3].r/u_datapath/north_vc0_fifo/fifo_mem_reg[0][flit_data]_0_3_24_29/RAMD/WE
-0.986,22,0,3,inter,u_mesh/GEN_R[0].r/u_datapath/east_vc1_fifo/rd_ptr_reg[0]/C,u_mesh/GEN_R[3].r/u_datapath/north_vc0_fifo/fifo_mem_reg[0][flit_data]_0_3_24_29/RAMD_D1/WE
-0.976,22,1,2,inter,u_mesh/GEN_R[1].r/u_datapath/west_vc2_fifo/rd_ptr_reg[1]/C,u_mesh/GEN_R[2].r/u_datapath/west_vc2_fifo/fifo_mem_reg[0][flit_data]_0_3_0_5/RAMA/WE
-0.976,22,1,2,inter,u_mesh/GEN_R[1].r/u_datapath/west_vc2_fifo/rd_ptr_reg[1]/C,u_mesh/GEN_R[2].r/u_datapath/west_vc2_fifo/fifo_mem_reg[0][flit_data]_0_3_0_5/RAMA_D1/WE
-0.976,22,1,2,inter,u_mesh/GEN_R[1].r/u_datapath/west_vc2_fifo/rd_ptr_reg[1]/C,u_mesh/GEN_R[2].r/u_datapath/west_vc2_fifo/fifo_mem_reg[0][flit_data]_0_3_0_5/RAMB/WE
-0.976,22,1,2,inter,u_mesh/GEN_R[1].r/u_datapath/west_vc2_fifo/rd_ptr_reg[1]/C,u_mesh/GEN_R[2].r/u_datapath/west_vc2_fifo/fifo_mem_reg[0][flit_data]_0_3_0_5/RAMB_D1/WE
-0.976,22,1,2,inter,u_mesh/GEN_R[1].r/u_datapath/west_vc2_fifo/rd_ptr_reg[1]/C,u_mesh/GEN_R[2].r/u_datapath/west_vc2_fifo/fifo_mem_reg[0][flit_data]_0_3_0_5/RAMC/WE
-0.976,22,1,2,inter,u_mesh/GEN_R[1].r/u_datapath/west_vc2_fifo/rd_ptr_reg[1]/C,u_mesh/GEN_R[2].r/u_datapath/west_vc2_fifo/fifo_mem_reg[0][flit_data]_0_3_0_5/RAMC_D1/WE
-0.976,22,1,2,inter,u_mesh/GEN_R[1].r/u_datapath/west_vc2_fifo/rd_ptr_reg[1]/C,u_mesh/GEN_R[2].r/u_datapath/west_vc2_fifo/fifo_mem_reg[0][flit_data]_0_3_0_5/RAMD/WE
-0.976,22,1,2,inter,u_mesh/GEN_R[1].r/u_datapath/west_vc2_fifo/rd_ptr_reg[1]/C,u_mesh/GEN_R[2].r/u_datapath/west_vc2_fifo/fifo_mem_reg[0][flit_data]_0_3_0_5/RAMD_D1/WE
-0.976,22,2,1,inter,u_mesh/GEN_R[2].r/u_datapath/local_vc2_fifo/rd_ptr_reg[1]/C,u_mesh/GEN_R[1].r/u_datapath/east_vc2_fifo/fifo_mem_reg[0][flit_data]_0_3_24_29/RAMA/WE
-0.976,22,2,1,inter,u_mesh/GEN_R[2].r/u_datapath/local_vc2_fifo/rd_ptr_reg[1]/C,u_mesh/GEN_R[1].r/u_datapath/east_vc2_fifo/fifo_mem_reg[0][flit_data]_0_3_24_29/RAMA_D1/WE
-0.976,22,2,1,inter,u_mesh/GEN_R[2].r/u_datapath/local_vc2_fifo/rd_ptr_reg[1]/C,u_mesh/GEN_R[1].r/u_datapath/east_vc2_fifo/fifo_mem_reg[0][flit_data]_0_3_24_29/RAMB/WE
-0.976,22,2,1,inter,u_mesh/GEN_R[2].r/u_datapath/local_vc2_fifo/rd_ptr_reg[1]/C,u_mesh/GEN_R[1].r/u_datapath/east_vc2_fifo/fifo_mem_reg[0][flit_data]_0_3_24_29/RAMB_D1/WE
-0.976,22,2,1,inter,u_mesh/GEN_R[2].r/u_datapath/local_vc2_fifo/rd_ptr_reg[1]/C,u_mesh/GEN_R[1].r/u_datapath/east_vc2_fifo/fifo_mem_reg[0][flit_data]_0_3_24_29/RAMC/WE
-0.976,22,2,1,inter,u_mesh/GEN_R[2].r/u_datapath/local_vc2_fifo/rd_ptr_reg[1]/C,u_mesh/GEN_R[1].r/u_datapath/east_vc2_fifo/fifo_mem_reg[0][flit_data]_0_3_24_29/RAMC_D1/WE
-0.976,22,2,1,inter,u_mesh/GEN_R[2].r/u_datapath/local_vc2_fifo/rd_ptr_reg[1]/C,u_mesh/GEN_R[1].r/u_datapath/east_vc2_fifo/fifo_mem_reg[0][flit_data]_0_3_24_29/RAMD/WE
-0.976,22,2,1,inter,u_mesh/GEN_R[2].r/u_datapath/local_vc2_fifo/rd_ptr_reg[1]/C,u_mesh/GEN_R[1].r/u_datapath/east_vc2_fifo/fifo_mem_reg[0][flit_data]_0_3_24_29/RAMD_D1/WE
-0.975,22,1,0,inter,u_mesh/GEN_R[1].r/u_datapath/west_vc2_fifo/rd_ptr_reg[1]/C,u_mesh/GEN_R[0].r/u_datapath/east_vc2_fifo/fifo_mem_reg[0][flit_data]_0_3_30_31/DP/WE
-0.975,22,1,0,inter,u_mesh/GEN_R[1].r/u_datapath/west_vc2_fifo/rd_ptr_reg[1]/C,u_mesh/GEN_R[0].r/u_datapath/east_vc2_fifo/fifo_mem_reg[0][flit_data]_0_3_30_31/SP/WE
-0.975,22,1,0,inter,u_mesh/GEN_R[1].r/u_datapath/west_vc2_fifo/rd_ptr_reg[1]/C,u_mesh/GEN_R[0].r/u_datapath/east_vc2_fifo/fifo_mem_reg[0][flit_data]_0_3_30_31__0/DP/WE
-0.975,22,1,0,inter,u_mesh/GEN_R[1].r/u_datapath/west_vc2_fifo/rd_ptr_reg[1]/C,u_mesh/GEN_R[0].r/u_datapath/east_vc2_fifo/fifo_mem_reg[0][flit_data]_0_3_30_31__0/SP/WE
-0.975,22,1,0,inter,u_mesh/GEN_R[1].r/u_datapath/west_vc2_fifo/rd_ptr_reg[1]/C,u_mesh/GEN_R[0].r/u_datapath/east_vc2_fifo/fifo_mem_reg[0][flit_type]_0_3_0_0/DP/WE
-0.975,22,1,0,inter,u_mesh/GEN_R[1].r/u_datapath/west_vc2_fifo/rd_ptr_reg[1]/C,u_mesh/GEN_R[0].r/u_datapath/east_vc2_fifo/fifo_mem_reg[0][flit_type]_0_3_0_0/SP/WE
-0.975,22,1,0,inter,u_mesh/GEN_R[1].r/u_datapath/west_vc2_fifo/rd_ptr_reg[1]/C,u_mesh/GEN_R[0].r/u_datapath/east_vc2_fifo/fifo_mem_reg[0][flit_type]_0_3_1_1/DP/WE
-0.975,22,1,0,inter,u_mesh/GEN_R[1].r/u_datapath/west_vc2_fifo/rd_ptr_reg[1]/C,u_mesh/GEN_R[0].r/u_datapath/east_vc2_fifo/fifo_mem_reg[0][flit_type]_0_3_1_1/SP/WE
-0.975,22,4,1,inter,u_mesh/GEN_R[4].r/u_datapath/west_vc0_fifo/rd_ptr_reg[0]/C,u_mesh/GEN_R[1].r/u_datapath/south_vc0_fifo/fifo_mem_reg[0][flit_data]_0_3_30_31/DP/WE
-0.975,22,4,1,inter,u_mesh/GEN_R[4].r/u_datapath/west_vc0_fifo/rd_ptr_reg[0]/C,u_mesh/GEN_R[1].r/u_datapath/south_vc0_fifo/fifo_mem_reg[0][flit_data]_0_3_30_31/SP/WE
-0.975,22,4,1,inter,u_mesh/GEN_R[4].r/u_datapath/west_vc0_fifo/rd_ptr_reg[0]/C,u_mesh/GEN_R[1].r/u_datapath/south_vc0_fifo/fifo_mem_reg[0][flit_data]_0_3_30_31__0/DP/WE
-0.975,22,4,1,inter,u_mesh/GEN_R[4].r/u_datapath/west_vc0_fifo/rd_ptr_reg[0]/C,u_mesh/GEN_R[1].r/u_datapath/south_vc0_fifo/fifo_mem_reg[0][flit_data]_0_3_30_31__0/SP/WE
-0.975,22,4,1,inter,u_mesh/GEN_R[4].r/u_datapath/west_vc0_fifo/rd_ptr_reg[0]/C,u_mesh/GEN_R[1].r/u_datapath/south_vc0_fifo/fifo_mem_reg[0][flit_type]_0_3_0_0/DP/WE
-0.975,22,4,1,inter,u_mesh/GEN_R[4].r/u_datapath/west_vc0_fifo/rd_ptr_reg[0]/C,u_mesh/GEN_R[1].r/u_datapath/south_vc0_fifo/fifo_mem_reg[0][flit_type]_0_3_0_0/SP/WE
-0.975,22,4,1,inter,u_mesh/GEN_R[4].r/u_datapath/west_vc0_fifo/rd_ptr_reg[0]/C,u_mesh/GEN_R[1].r/u_datapath/south_vc0_fifo/fifo_mem_reg[0][flit_type]_0_3_1_1/DP/WE
-0.975,22,4,1,inter,u_mesh/GEN_R[4].r/u_datapath/west_vc0_fifo/rd_ptr_reg[0]/C,u_mesh/GEN_R[1].r/u_datapath/south_vc0_fifo/fifo_mem_reg[0][flit_type]_0_3_1_1/SP/WE
-0.974,22,4,5,inter,u_mesh/GEN_R[4].r/u_datapath/west_vc0_fifo/rd_ptr_reg[0]/C,u_mesh/GEN_R[5].r/u_datapath/west_vc0_fifo/fifo_mem_reg[0][flit_data]_0_3_18_23/RAMA/WE
-0.974,22,4,5,inter,u_mesh/GEN_R[4].r/u_datapath/west_vc0_fifo/rd_ptr_reg[0]/C,u_mesh/GEN_R[5].r/u_datapath/west_vc0_fifo/fifo_mem_reg[0][flit_data]_0_3_18_23/RAMA_D1/WE
-0.974,22,4,5,inter,u_mesh/GEN_R[4].r/u_datapath/west_vc0_fifo/rd_ptr_reg[0]/C,u_mesh/GEN_R[5].r/u_datapath/west_vc0_fifo/fifo_mem_reg[0][flit_data]_0_3_18_23/RAMB/WE
-0.974,22,4,5,inter,u_mesh/GEN_R[4].r/u_datapath/west_vc0_fifo/rd_ptr_reg[0]/C,u_mesh/GEN_R[5].r/u_datapath/west_vc0_fifo/fifo_mem_reg[0][flit_data]_0_3_18_23/RAMB_D1/WE
-0.974,22,4,5,inter,u_mesh/GEN_R[4].r/u_datapath/west_vc0_fifo/rd_ptr_reg[0]/C,u_mesh/GEN_R[5].r/u_datapath/west_vc0_fifo/fifo_mem_reg[0][flit_data]_0_3_18_23/RAMC/WE
-0.974,22,4,5,inter,u_mesh/GEN_R[4].r/u_datapath/west_vc0_fifo/rd_ptr_reg[0]/C,u_mesh/GEN_R[5].r/u_datapath/west_vc0_fifo/fifo_mem_reg[0][flit_data]_0_3_18_23/RAMC_D1/WE
-0.974,22,4,5,inter,u_mesh/GEN_R[4].r/u_datapath/west_vc0_fifo/rd_ptr_reg[0]/C,u_mesh/GEN_R[5].r/u_datapath/west_vc0_fifo/fifo_mem_reg[0][flit_data]_0_3_18_23/RAMD/WE
-0.974,22,4,5,inter,u_mesh/GEN_R[4].r/u_datapath/west_vc0_fifo/rd_ptr_reg[0]/C,u_mesh/GEN_R[5].r/u_datapath/west_vc0_fifo/fifo_mem_reg[0][flit_data]_0_3_18_23/RAMD_D1/WE
-0.973,22,4,3,inter,u_mesh/GEN_R[4].r/u_datapath/west_vc0_fifo/rd_ptr_reg[0]/C,u_mesh/GEN_R[3].r/u_datapath/east_vc1_fifo/fifo_mem_reg[0][vc_id]_0_3_0_0/DP/WE
-0.973,22,4,3,inter,u_mesh/GEN_R[4].r/u_datapath/west_vc0_fifo/rd_ptr_reg[0]/C,u_mesh/GEN_R[3].r/u_datapath/east_vc1_fifo/fifo_mem_reg[0][vc_id]_0_3_0_0/SP/WE
-0.973,22,4,3,inter,u_mesh/GEN_R[4].r/u_datapath/west_vc0_fifo/rd_ptr_reg[0]/C,u_mesh/GEN_R[3].r/u_datapath/east_vc1_fifo/fifo_mem_reg[0][vc_id]_0_3_1_1/DP/WE
-0.973,22,4,3,inter,u_mesh/GEN_R[4].r/u_datapath/west_vc0_fifo/rd_ptr_reg[0]/C,u_mesh/GEN_R[3].r/u_datapath/east_vc1_fifo/fifo_mem_reg[0][vc_id]_0_3_1_1/SP/WE
-0.970,22,4,1,inter,u_mesh/GEN_R[4].r/u_datapath/west_vc0_fifo/rd_ptr_reg[0]/C,u_mesh/GEN_R[1].r/u_datapath/south_vc1_fifo/fifo_mem_reg[0][vc_id]_0_3_0_0/DP/WE
-0.970,22,4,1,inter,u_mesh/GEN_R[4].r/u_datapath/west_vc0_fifo/rd_ptr_reg[0]/C,u_mesh/GEN_R[1].r/u_datapath/south_vc1_fifo/fifo_mem_reg[0][vc_id]_0_3_0_0/SP/WE
-0.970,22,4,1,inter,u_mesh/GEN_R[4].r/u_datapath/west_vc0_fifo/rd_ptr_reg[0]/C,u_mesh/GEN_R[1].r/u_datapath/south_vc1_fifo/fifo_mem_reg[0][vc_id]_0_3_1_1/DP/WE
-0.970,22,4,1,inter,u_mesh/GEN_R[4].r/u_datapath/west_vc0_fifo/rd_ptr_reg[0]/C,u_mesh/GEN_R[1].r/u_datapath/south_vc1_fifo/fifo_mem_reg[0][vc_id]_0_3_1_1/SP/WE
-0.968,22,1,0,inter,u_mesh/GEN_R[1].r/u_datapath/west_vc2_fifo/rd_ptr_reg[1]/C,u_mesh/GEN_R[0].r/u_datapath/east_vc2_fifo/fifo_mem_reg[0][flit_data]_0_3_6_11/RAMA/WE
-0.968,22,1,0,inter,u_mesh/GEN_R[1].r/u_datapath/west_vc2_fifo/rd_ptr_reg[1]/C,u_mesh/GEN_R[0].r/u_datapath/east_vc2_fifo/fifo_mem_reg[0][flit_data]_0_3_6_11/RAMA_D1/WE
-0.968,22,1,0,inter,u_mesh/GEN_R[1].r/u_datapath/west_vc2_fifo/rd_ptr_reg[1]/C,u_mesh/GEN_R[0].r/u_datapath/east_vc2_fifo/fifo_mem_reg[0][flit_data]_0_3_6_11/RAMB/WE
-0.968,22,1,0,inter,u_mesh/GEN_R[1].r/u_datapath/west_vc2_fifo/rd_ptr_reg[1]/C,u_mesh/GEN_R[0].r/u_datapath/east_vc2_fifo/fifo_mem_reg[0][flit_data]_0_3_6_11/RAMB_D1/WE
-0.968,22,1,0,inter,u_mesh/GEN_R[1].r/u_datapath/west_vc2_fifo/rd_ptr_reg[1]/C,u_mesh/GEN_R[0].r/u_datapath/east_vc2_fifo/fifo_mem_reg[0][flit_data]_0_3_6_11/RAMC/WE
-0.968,22,1,0,inter,u_mesh/GEN_R[1].r/u_datapath/west_vc2_fifo/rd_ptr_reg[1]/C,u_mesh/GEN_R[0].r/u_datapath/east_vc2_fifo/fifo_mem_reg[0][flit_data]_0_3_6_11/RAMC_D1/WE
-0.968,22,1,0,inter,u_mesh/GEN_R[1].r/u_datapath/west_vc2_fifo/rd_ptr_reg[1]/C,u_mesh/GEN_R[0].r/u_datapath/east_vc2_fifo/fifo_mem_reg[0][flit_data]_0_3_6_11/RAMD/WE
-0.968,22,1,0,inter,u_mesh/GEN_R[1].r/u_datapath/west_vc2_fifo/rd_ptr_reg[1]/C,u_mesh/GEN_R[0].r/u_datapath/east_vc2_fifo/fifo_mem_reg[0][flit_data]_0_3_6_11/RAMD_D1/WE
-0.963,22,1,0,inter,u_mesh/GEN_R[1].r/u_datapath/west_vc2_fifo/rd_ptr_reg[1]/C,u_mesh/GEN_R[0].r/u_datapath/east_vc2_fifo/fifo_mem_reg[0][vc_id]_0_3_0_0/DP/WE
-0.963,22,1,0,inter,u_mesh/GEN_R[1].r/u_datapath/west_vc2_fifo/rd_ptr_reg[1]/C,u_mesh/GEN_R[0].r/u_datapath/east_vc2_fifo/fifo_mem_reg[0][vc_id]_0_3_0_0/SP/WE
-0.963,22,1,0,inter,u_mesh/GEN_R[1].r/u_datapath/west_vc2_fifo/rd_ptr_reg[1]/C,u_mesh/GEN_R[0].r/u_datapath/east_vc2_fifo/fifo_mem_reg[0][vc_id]_0_3_1_1/DP/WE
-0.963,22,1,0,inter,u_mesh/GEN_R[1].r/u_datapath/west_vc2_fifo/rd_ptr_reg[1]/C,u_mesh/GEN_R[0].r/u_datapath/east_vc2_fifo/fifo_mem_reg[0][vc_id]_0_3_1_1/SP/WE
-0.962,22,1,2,inter,u_mesh/GEN_R[1].r/u_datapath/west_vc2_fifo/rd_ptr_reg[1]/C,u_mesh/GEN_R[2].r/u_datapath/west_vc2_fifo/fifo_mem_reg[0][flit_data]_0_3_18_23/RAMA/WE
-0.962,22,1,2,inter,u_mesh/GEN_R[1].r/u_datapath/west_vc2_fifo/rd_ptr_reg[1]/C,u_mesh/GEN_R[2].r/u_datapath/west_vc2_fifo/fifo_mem_reg[0][flit_data]_0_3_18_23/RAMA_D1/WE
-0.962,22,1,2,inter,u_mesh/GEN_R[1].r/u_datapath/west_vc2_fifo/rd_ptr_reg[1]/C,u_mesh/GEN_R[2].r/u_datapath/west_vc2_fifo/fifo_mem_reg[0][flit_data]_0_3_18_23/RAMB/WE
-0.962,22,1,2,inter,u_mesh/GEN_R[1].r/u_datapath/west_vc2_fifo/rd_ptr_reg[1]/C,u_mesh/GEN_R[2].r/u_datapath/west_vc2_fifo/fifo_mem_reg[0][flit_data]_0_3_18_23/RAMB_D1/WE
-0.962,22,1,2,inter,u_mesh/GEN_R[1].r/u_datapath/west_vc2_fifo/rd_ptr_reg[1]/C,u_mesh/GEN_R[2].r/u_datapath/west_vc2_fifo/fifo_mem_reg[0][flit_data]_0_3_18_23/RAMC/WE
-0.962,22,1,2,inter,u_mesh/GEN_R[1].r/u_datapath/west_vc2_fifo/rd_ptr_reg[1]/C,u_mesh/GEN_R[2].r/u_datapath/west_vc2_fifo/fifo_mem_reg[0][flit_data]_0_3_18_23/RAMC_D1/WE
-0.962,22,1,2,inter,u_mesh/GEN_R[1].r/u_datapath/west_vc2_fifo/rd_ptr_reg[1]/C,u_mesh/GEN_R[2].r/u_datapath/west_vc2_fifo/fifo_mem_reg[0][flit_data]_0_3_18_23/RAMD/WE
-0.962,22,1,2,inter,u_mesh/GEN_R[1].r/u_datapath/west_vc2_fifo/rd_ptr_reg[1]/C,u_mesh/GEN_R[2].r/u_datapath/west_vc2_fifo/fifo_mem_reg[0][flit_data]_0_3_18_23/RAMD_D1/WE
-0.956,22,4,3,inter,u_mesh/GEN_R[4].r/u_datapath/local_vc2_fifo/rd_ptr_reg[0]_replica/C,u_mesh/GEN_R[3].r/u_datapath/east_vc0_fifo/fifo_mem_reg[0][flit_data]_0_3_24_29/RAMA/WE
-0.956,22,4,3,inter,u_mesh/GEN_R[4].r/u_datapath/local_vc2_fifo/rd_ptr_reg[0]_replica/C,u_mesh/GEN_R[3].r/u_datapath/east_vc0_fifo/fifo_mem_reg[0][flit_data]_0_3_24_29/RAMA_D1/WE
-0.956,22,4,3,inter,u_mesh/GEN_R[4].r/u_datapath/local_vc2_fifo/rd_ptr_reg[0]_replica/C,u_mesh/GEN_R[3].r/u_datapath/east_vc0_fifo/fifo_mem_reg[0][flit_data]_0_3_24_29/RAMB/WE
-0.956,22,4,3,inter,u_mesh/GEN_R[4].r/u_datapath/local_vc2_fifo/rd_ptr_reg[0]_replica/C,u_mesh/GEN_R[3].r/u_datapath/east_vc0_fifo/fifo_mem_reg[0][flit_data]_0_3_24_29/RAMB_D1/WE
-0.956,22,4,3,inter,u_mesh/GEN_R[4].r/u_datapath/local_vc2_fifo/rd_ptr_reg[0]_replica/C,u_mesh/GEN_R[3].r/u_datapath/east_vc0_fifo/fifo_mem_reg[0][flit_data]_0_3_24_29/RAMC/WE
-0.956,22,4,3,inter,u_mesh/GEN_R[4].r/u_datapath/local_vc2_fifo/rd_ptr_reg[0]_replica/C,u_mesh/GEN_R[3].r/u_datapath/east_vc0_fifo/fifo_mem_reg[0][flit_data]_0_3_24_29/RAMC_D1/WE
-0.956,22,4,3,inter,u_mesh/GEN_R[4].r/u_datapath/local_vc2_fifo/rd_ptr_reg[0]_replica/C,u_mesh/GEN_R[3].r/u_datapath/east_vc0_fifo/fifo_mem_reg[0][flit_data]_0_3_24_29/RAMD/WE
-0.956,22,4,3,inter,u_mesh/GEN_R[4].r/u_datapath/local_vc2_fifo/rd_ptr_reg[0]_replica/C,u_mesh/GEN_R[3].r/u_datapath/east_vc0_fifo/fifo_mem_reg[0][flit_data]_0_3_24_29/RAMD_D1/WE
-0.954,22,1,2,inter,u_mesh/GEN_R[1].r/u_datapath/west_vc2_fifo/rd_ptr_reg[1]/C,u_mesh/GEN_R[2].r/u_datapath/west_vc1_fifo/fifo_mem_reg[0][flit_data]_0_3_30_31/DP/WE
-0.954,22,1,2,inter,u_mesh/GEN_R[1].r/u_datapath/west_vc2_fifo/rd_ptr_reg[1]/C,u_mesh/GEN_R[2].r/u_datapath/west_vc1_fifo/fifo_mem_reg[0][flit_data]_0_3_30_31/SP/WE
-0.954,22,1,2,inter,u_mesh/GEN_R[1].r/u_datapath/west_vc2_fifo/rd_ptr_reg[1]/C,u_mesh/GEN_R[2].r/u_datapath/west_vc1_fifo/fifo_mem_reg[0][flit_data]_0_3_30_31__0/DP/WE
-0.954,22,1,2,inter,u_mesh/GEN_R[1].r/u_datapath/west_vc2_fifo/rd_ptr_reg[1]/C,u_mesh/GEN_R[2].r/u_datapath/west_vc1_fifo/fifo_mem_reg[0][flit_data]_0_3_30_31__0/SP/WE
-0.954,22,1,2,inter,u_mesh/GEN_R[1].r/u_datapath/west_vc2_fifo/rd_ptr_reg[1]/C,u_mesh/GEN_R[2].r/u_datapath/west_vc1_fifo/fifo_mem_reg[0][flit_type]_0_3_0_0/DP/WE
-0.954,22,1,2,inter,u_mesh/GEN_R[1].r/u_datapath/west_vc2_fifo/rd_ptr_reg[1]/C,u_mesh/GEN_R[2].r/u_datapath/west_vc1_fifo/fifo_mem_reg[0][flit_type]_0_3_0_0/SP/WE
-0.954,22,1,2,inter,u_mesh/GEN_R[1].r/u_datapath/west_vc2_fifo/rd_ptr_reg[1]/C,u_mesh/GEN_R[2].r/u_datapath/west_vc1_fifo/fifo_mem_reg[0][flit_type]_0_3_1_1/DP/WE
-0.954,22,1,2,inter,u_mesh/GEN_R[1].r/u_datapath/west_vc2_fifo/rd_ptr_reg[1]/C,u_mesh/GEN_R[2].r/u_datapath/west_vc1_fifo/fifo_mem_reg[0][flit_type]_0_3_1_1/SP/WE
-0.952,22,1,2,inter,u_mesh/GEN_R[1].r/u_datapath/west_vc2_fifo/rd_ptr_reg[1]/C,u_mesh/GEN_R[2].r/u_datapath/west_vc1_fifo/fifo_mem_reg[0][vc_id]_0_3_0_0/DP/WE
-0.952,22,1,2,inter,u_mesh/GEN_R[1].r/u_datapath/west_vc2_fifo/rd_ptr_reg[1]/C,u_mesh/GEN_R[2].r/u_datapath/west_vc1_fifo/fifo_mem_reg[0][vc_id]_0_3_0_0/SP/WE
-0.952,22,1,2,inter,u_mesh/GEN_R[1].r/u_datapath/west_vc2_fifo/rd_ptr_reg[1]/C,u_mesh/GEN_R[2].r/u_datapath/west_vc1_fifo/fifo_mem_reg[0][vc_id]_0_3_1_1/DP/WE
-0.952,22,1,2,inter,u_mesh/GEN_R[1].r/u_datapath/west_vc2_fifo/rd_ptr_reg[1]/C,u_mesh/GEN_R[2].r/u_datapath/west_vc1_fifo/fifo_mem_reg[0][vc_id]_0_3_1_1/SP/WE
-0.950,22,0,3,inter,u_mesh/GEN_R[0].r/u_datapath/east_vc1_fifo/rd_ptr_reg[0]/C,u_mesh/GEN_R[3].r/u_datapath/north_vc1_fifo/fifo_mem_reg[0][flit_data]_0_3_0_5/RAMA/WE
-0.950,22,0,3,inter,u_mesh/GEN_R[0].r/u_datapath/east_vc1_fifo/rd_ptr_reg[0]/C,u_mesh/GEN_R[3].r/u_datapath/north_vc1_fifo/fifo_mem_reg[0][flit_data]_0_3_0_5/RAMA_D1/WE
-0.950,22,0,3,inter,u_mesh/GEN_R[0].r/u_datapath/east_vc1_fifo/rd_ptr_reg[0]/C,u_mesh/GEN_R[3].r/u_datapath/north_vc1_fifo/fifo_mem_reg[0][flit_data]_0_3_0_5/RAMB/WE
-0.950,22,0,3,inter,u_mesh/GEN_R[0].r/u_datapath/east_vc1_fifo/rd_ptr_reg[0]/C,u_mesh/GEN_R[3].r/u_datapath/north_vc1_fifo/fifo_mem_reg[0][flit_data]_0_3_0_5/RAMB_D1/WE
-0.950,22,0,3,inter,u_mesh/GEN_R[0].r/u_datapath/east_vc1_fifo/rd_ptr_reg[0]/C,u_mesh/GEN_R[3].r/u_datapath/north_vc1_fifo/fifo_mem_reg[0][flit_data]_0_3_0_5/RAMC/WE
-0.950,22,0,3,inter,u_mesh/GEN_R[0].r/u_datapath/east_vc1_fifo/rd_ptr_reg[0]/C,u_mesh/GEN_R[3].r/u_datapath/north_vc1_fifo/fifo_mem_reg[0][flit_data]_0_3_0_5/RAMC_D1/WE
-0.950,22,0,3,inter,u_mesh/GEN_R[0].r/u_datapath/east_vc1_fifo/rd_ptr_reg[0]/C,u_mesh/GEN_R[3].r/u_datapath/north_vc1_fifo/fifo_mem_reg[0][flit_data]_0_3_0_5/RAMD/WE
-0.950,22,0,3,inter,u_mesh/GEN_R[0].r/u_datapath/east_vc1_fifo/rd_ptr_reg[0]/C,u_mesh/GEN_R[3].r/u_datapath/north_vc1_fifo/fifo_mem_reg[0][flit_data]_0_3_0_5/RAMD_D1/WE
-0.949,22,4,3,inter,u_mesh/GEN_R[4].r/u_datapath/local_vc2_fifo/rd_ptr_reg[0]_replica/C,u_mesh/GEN_R[3].r/u_datapath/east_vc0_fifo/fifo_mem_reg[0][flit_data]_0_3_0_5/RAMA/WE
-0.949,22,4,3,inter,u_mesh/GEN_R[4].r/u_datapath/local_vc2_fifo/rd_ptr_reg[0]_replica/C,u_mesh/GEN_R[3].r/u_datapath/east_vc0_fifo/fifo_mem_reg[0][flit_data]_0_3_0_5/RAMA_D1/WE
-0.949,22,4,3,inter,u_mesh/GEN_R[4].r/u_datapath/local_vc2_fifo/rd_ptr_reg[0]_replica/C,u_mesh/GEN_R[3].r/u_datapath/east_vc0_fifo/fifo_mem_reg[0][flit_data]_0_3_0_5/RAMB/WE
-0.949,22,4,3,inter,u_mesh/GEN_R[4].r/u_datapath/local_vc2_fifo/rd_ptr_reg[0]_replica/C,u_mesh/GEN_R[3].r/u_datapath/east_vc0_fifo/fifo_mem_reg[0][flit_data]_0_3_0_5/RAMB_D1/WE
-0.949,22,4,3,inter,u_mesh/GEN_R[4].r/u_datapath/local_vc2_fifo/rd_ptr_reg[0]_replica/C,u_mesh/GEN_R[3].r/u_datapath/east_vc0_fifo/fifo_mem_reg[0][flit_data]_0_3_0_5/RAMC/WE
-0.949,22,4,3,inter,u_mesh/GEN_R[4].r/u_datapath/local_vc2_fifo/rd_ptr_reg[0]_replica/C,u_mesh/GEN_R[3].r/u_datapath/east_vc0_fifo/fifo_mem_reg[0][flit_data]_0_3_0_5/RAMC_D1/WE
-0.949,22,4,3,inter,u_mesh/GEN_R[4].r/u_datapath/local_vc2_fifo/rd_ptr_reg[0]_replica/C,u_mesh/GEN_R[3].r/u_datapath/east_vc0_fifo/fifo_mem_reg[0][flit_data]_0_3_0_5/RAMD/WE
-0.949,22,4,3,inter,u_mesh/GEN_R[4].r/u_datapath/local_vc2_fifo/rd_ptr_reg[0]_replica/C,u_mesh/GEN_R[3].r/u_datapath/east_vc0_fifo/fifo_mem_reg[0][flit_data]_0_3_0_5/RAMD_D1/WE
-0.943,22,1,2,inter,u_mesh/GEN_R[1].r/u_datapath/west_vc2_fifo/rd_ptr_reg[1]/C,u_mesh/GEN_R[2].r/u_datapath/west_vc2_fifo/fifo_mem_reg[0][flit_data]_0_3_24_29/RAMA/WE
-0.943,22,1,2,inter,u_mesh/GEN_R[1].r/u_datapath/west_vc2_fifo/rd_ptr_reg[1]/C,u_mesh/GEN_R[2].r/u_datapath/west_vc2_fifo/fifo_mem_reg[0][flit_data]_0_3_24_29/RAMA_D1/WE
-0.943,22,1,2,inter,u_mesh/GEN_R[1].r/u_datapath/west_vc2_fifo/rd_ptr_reg[1]/C,u_mesh/GEN_R[2].r/u_datapath/west_vc2_fifo/fifo_mem_reg[0][flit_data]_0_3_24_29/RAMB/WE
-0.943,22,1,2,inter,u_mesh/GEN_R[1].r/u_datapath/west_vc2_fifo/rd_ptr_reg[1]/C,u_mesh/GEN_R[2].r/u_datapath/west_vc2_fifo/fifo_mem_reg[0][flit_data]_0_3_24_29/RAMB_D1/WE
-0.943,22,1,2,inter,u_mesh/GEN_R[1].r/u_datapath/west_vc2_fifo/rd_ptr_reg[1]/C,u_mesh/GEN_R[2].r/u_datapath/west_vc2_fifo/fifo_mem_reg[0][flit_data]_0_3_24_29/RAMC/WE
-0.943,22,1,2,inter,u_mesh/GEN_R[1].r/u_datapath/west_vc2_fifo/rd_ptr_reg[1]/C,u_mesh/GEN_R[2].r/u_datapath/west_vc2_fifo/fifo_mem_reg[0][flit_data]_0_3_24_29/RAMC_D1/WE
-0.943,22,1,2,inter,u_mesh/GEN_R[1].r/u_datapath/west_vc2_fifo/rd_ptr_reg[1]/C,u_mesh/GEN_R[2].r/u_datapath/west_vc2_fifo/fifo_mem_reg[0][flit_data]_0_3_24_29/RAMD/WE
-0.943,22,1,2,inter,u_mesh/GEN_R[1].r/u_datapath/west_vc2_fifo/rd_ptr_reg[1]/C,u_mesh/GEN_R[2].r/u_datapath/west_vc2_fifo/fifo_mem_reg[0][flit_data]_0_3_24_29/RAMD_D1/WE
-0.943,22,4,3,inter,u_mesh/GEN_R[4].r/u_datapath/local_vc2_fifo/rd_ptr_reg[0]_replica/C,u_mesh/GEN_R[3].r/u_datapath/east_vc0_fifo/fifo_mem_reg[0][flit_data]_0_3_30_31/DP/WE
-0.943,22,4,3,inter,u_mesh/GEN_R[4].r/u_datapath/local_vc2_fifo/rd_ptr_reg[0]_replica/C,u_mesh/GEN_R[3].r/u_datapath/east_vc0_fifo/fifo_mem_reg[0][flit_data]_0_3_30_31/SP/WE
-0.943,22,4,3,inter,u_mesh/GEN_R[4].r/u_datapath/local_vc2_fifo/rd_ptr_reg[0]_replica/C,u_mesh/GEN_R[3].r/u_datapath/east_vc0_fifo/fifo_mem_reg[0][flit_data]_0_3_30_31__0/DP/WE
-0.943,22,4,3,inter,u_mesh/GEN_R[4].r/u_datapath/local_vc2_fifo/rd_ptr_reg[0]_replica/C,u_mesh/GEN_R[3].r/u_datapath/east_vc0_fifo/fifo_mem_reg[0][flit_data]_0_3_30_31__0/SP/WE
-0.943,22,4,3,inter,u_mesh/GEN_R[4].r/u_datapath/local_vc2_fifo/rd_ptr_reg[0]_replica/C,u_mesh/GEN_R[3].r/u_datapath/east_vc0_fifo/fifo_mem_reg[0][flit_type]_0_3_0_0/DP/WE
-0.943,22,4,3,inter,u_mesh/GEN_R[4].r/u_datapath/local_vc2_fifo/rd_ptr_reg[0]_replica/C,u_mesh/GEN_R[3].r/u_datapath/east_vc0_fifo/fifo_mem_reg[0][flit_type]_0_3_0_0/SP/WE
-0.943,22,4,3,inter,u_mesh/GEN_R[4].r/u_datapath/local_vc2_fifo/rd_ptr_reg[0]_replica/C,u_mesh/GEN_R[3].r/u_datapath/east_vc0_fifo/fifo_mem_reg[0][flit_type]_0_3_1_1/DP/WE
-0.943,22,4,3,inter,u_mesh/GEN_R[4].r/u_datapath/local_vc2_fifo/rd_ptr_reg[0]_replica/C,u_mesh/GEN_R[3].r/u_datapath/east_vc0_fifo/fifo_mem_reg[0][flit_type]_0_3_1_1/SP/WE
-0.942,22,2,1,inter,u_mesh/GEN_R[2].r/u_datapath/local_vc2_fifo/rd_ptr_reg[1]/C,u_mesh/GEN_R[1].r/u_datapath/east_vc1_fifo/fifo_mem_reg[0][flit_data]_0_3_24_29/RAMA/WE
-0.942,22,2,1,inter,u_mesh/GEN_R[2].r/u_datapath/local_vc2_fifo/rd_ptr_reg[1]/C,u_mesh/GEN_R[1].r/u_datapath/east_vc1_fifo/fifo_mem_reg[0][flit_data]_0_3_24_29/RAMA_D1/WE
-0.942,22,2,1,inter,u_mesh/GEN_R[2].r/u_datapath/local_vc2_fifo/rd_ptr_reg[1]/C,u_mesh/GEN_R[1].r/u_datapath/east_vc1_fifo/fifo_mem_reg[0][flit_data]_0_3_24_29/RAMB/WE
-0.942,22,2,1,inter,u_mesh/GEN_R[2].r/u_datapath/local_vc2_fifo/rd_ptr_reg[1]/C,u_mesh/GEN_R[1].r/u_datapath/east_vc1_fifo/fifo_mem_reg[0][flit_data]_0_3_24_29/RAMB_D1/WE
-0.942,22,2,1,inter,u_mesh/GEN_R[2].r/u_datapath/local_vc2_fifo/rd_ptr_reg[1]/C,u_mesh/GEN_R[1].r/u_datapath/east_vc1_fifo/fifo_mem_reg[0][flit_data]_0_3_24_29/RAMC/WE
-0.942,22,2,1,inter,u_mesh/GEN_R[2].r/u_datapath/local_vc2_fifo/rd_ptr_reg[1]/C,u_mesh/GEN_R[1].r/u_datapath/east_vc1_fifo/fifo_mem_reg[0][flit_data]_0_3_24_29/RAMC_D1/WE
-0.942,22,2,1,inter,u_mesh/GEN_R[2].r/u_datapath/local_vc2_fifo/rd_ptr_reg[1]/C,u_mesh/GEN_R[1].r/u_datapath/east_vc1_fifo/fifo_mem_reg[0][flit_data]_0_3_24_29/RAMD/WE
-0.942,22,2,1,inter,u_mesh/GEN_R[2].r/u_datapath/local_vc2_fifo/rd_ptr_reg[1]/C,u_mesh/GEN_R[1].r/u_datapath/east_vc1_fifo/fifo_mem_reg[0][flit_data]_0_3_24_29/RAMD_D1/WE
-0.937,22,0,1,inter,u_mesh/GEN_R[0].r/u_datapath/east_vc1_fifo/rd_ptr_reg[0]/C,u_mesh/GEN_R[1].r/u_datapath/west_vc0_fifo/fifo_mem_reg[0][flit_data]_0_3_18_23/RAMA/WE
-0.937,22,0,1,inter,u_mesh/GEN_R[0].r/u_datapath/east_vc1_fifo/rd_ptr_reg[0]/C,u_mesh/GEN_R[1].r/u_datapath/west_vc0_fifo/fifo_mem_reg[0][flit_data]_0_3_18_23/RAMA_D1/WE
-0.937,22,0,1,inter,u_mesh/GEN_R[0].r/u_datapath/east_vc1_fifo/rd_ptr_reg[0]/C,u_mesh/GEN_R[1].r/u_datapath/west_vc0_fifo/fifo_mem_reg[0][flit_data]_0_3_18_23/RAMB/WE
-0.937,22,0,1,inter,u_mesh/GEN_R[0].r/u_datapath/east_vc1_fifo/rd_ptr_reg[0]/C,u_mesh/GEN_R[1].r/u_datapath/west_vc0_fifo/fifo_mem_reg[0][flit_data]_0_3_18_23/RAMB_D1/WE
-0.937,22,0,1,inter,u_mesh/GEN_R[0].r/u_datapath/east_vc1_fifo/rd_ptr_reg[0]/C,u_mesh/GEN_R[1].r/u_datapath/west_vc0_fifo/fifo_mem_reg[0][flit_data]_0_3_18_23/RAMC/WE
-0.937,22,0,1,inter,u_mesh/GEN_R[0].r/u_datapath/east_vc1_fifo/rd_ptr_reg[0]/C,u_mesh/GEN_R[1].r/u_datapath/west_vc0_fifo/fifo_mem_reg[0][flit_data]_0_3_18_23/RAMC_D1/WE
-0.937,22,0,1,inter,u_mesh/GEN_R[0].r/u_datapath/east_vc1_fifo/rd_ptr_reg[0]/C,u_mesh/GEN_R[1].r/u_datapath/west_vc0_fifo/fifo_mem_reg[0][flit_data]_0_3_18_23/RAMD/WE
-0.937,22,0,1,inter,u_mesh/GEN_R[0].r/u_datapath/east_vc1_fifo/rd_ptr_reg[0]/C,u_mesh/GEN_R[1].r/u_datapath/west_vc0_fifo/fifo_mem_reg[0][flit_data]_0_3_18_23/RAMD_D1/WE
-0.936,22,4,3,inter,u_mesh/GEN_R[4].r/u_datapath/local_vc2_fifo/rd_ptr_reg[0]_replica/C,u_mesh/GEN_R[3].r/u_datapath/east_vc2_fifo/fifo_mem_reg[0][flit_data]_0_3_0_5/RAMA/WE
-0.936,22,4,3,inter,u_mesh/GEN_R[4].r/u_datapath/local_vc2_fifo/rd_ptr_reg[0]_replica/C,u_mesh/GEN_R[3].r/u_datapath/east_vc2_fifo/fifo_mem_reg[0][flit_data]_0_3_0_5/RAMA_D1/WE
-0.936,22,4,3,inter,u_mesh/GEN_R[4].r/u_datapath/local_vc2_fifo/rd_ptr_reg[0]_replica/C,u_mesh/GEN_R[3].r/u_datapath/east_vc2_fifo/fifo_mem_reg[0][flit_data]_0_3_0_5/RAMB/WE
-0.936,22,4,3,inter,u_mesh/GEN_R[4].r/u_datapath/local_vc2_fifo/rd_ptr_reg[0]_replica/C,u_mesh/GEN_R[3].r/u_datapath/east_vc2_fifo/fifo_mem_reg[0][flit_data]_0_3_0_5/RAMB_D1/WE
-0.936,22,4,3,inter,u_mesh/GEN_R[4].r/u_datapath/local_vc2_fifo/rd_ptr_reg[0]_replica/C,u_mesh/GEN_R[3].r/u_datapath/east_vc2_fifo/fifo_mem_reg[0][flit_data]_0_3_0_5/RAMC/WE
-0.936,22,4,3,inter,u_mesh/GEN_R[4].r/u_datapath/local_vc2_fifo/rd_ptr_reg[0]_replica/C,u_mesh/GEN_R[3].r/u_datapath/east_vc2_fifo/fifo_mem_reg[0][flit_data]_0_3_0_5/RAMC_D1/WE
-0.936,22,4,3,inter,u_mesh/GEN_R[4].r/u_datapath/local_vc2_fifo/rd_ptr_reg[0]_replica/C,u_mesh/GEN_R[3].r/u_datapath/east_vc2_fifo/fifo_mem_reg[0][flit_data]_0_3_0_5/RAMD/WE
-0.936,22,4,3,inter,u_mesh/GEN_R[4].r/u_datapath/local_vc2_fifo/rd_ptr_reg[0]_replica/C,u_mesh/GEN_R[3].r/u_datapath/east_vc2_fifo/fifo_mem_reg[0][flit_data]_0_3_0_5/RAMD_D1/WE
-0.936,22,2,1,inter,u_mesh/GEN_R[2].r/u_datapath/local_vc2_fifo/rd_ptr_reg[1]/C,u_mesh/GEN_R[1].r/u_datapath/east_vc2_fifo/fifo_mem_reg[0][vc_id]_0_3_0_0/DP/WE
-0.936,22,2,1,inter,u_mesh/GEN_R[2].r/u_datapath/local_vc2_fifo/rd_ptr_reg[1]/C,u_mesh/GEN_R[1].r/u_datapath/east_vc2_fifo/fifo_mem_reg[0][vc_id]_0_3_0_0/SP/WE
-0.936,22,2,1,inter,u_mesh/GEN_R[2].r/u_datapath/local_vc2_fifo/rd_ptr_reg[1]/C,u_mesh/GEN_R[1].r/u_datapath/east_vc2_fifo/fifo_mem_reg[0][vc_id]_0_3_1_1/DP/WE
-0.936,22,2,1,inter,u_mesh/GEN_R[2].r/u_datapath/local_vc2_fifo/rd_ptr_reg[1]/C,u_mesh/GEN_R[1].r/u_datapath/east_vc2_fifo/fifo_mem_reg[0][vc_id]_0_3_1_1/SP/WE
-0.935,22,4,3,inter,u_mesh/GEN_R[4].r/u_datapath/west_vc0_fifo/rd_ptr_reg[0]/C,u_mesh/GEN_R[3].r/u_datapath/east_vc1_fifo/fifo_mem_reg[0][flit_data]_0_3_12_17/RAMA/WE
-0.935,22,4,3,inter,u_mesh/GEN_R[4].r/u_datapath/west_vc0_fifo/rd_ptr_reg[0]/C,u_mesh/GEN_R[3].r/u_datapath/east_vc1_fifo/fifo_mem_reg[0][flit_data]_0_3_12_17/RAMA_D1/WE
-0.935,22,4,3,inter,u_mesh/GEN_R[4].r/u_datapath/west_vc0_fifo/rd_ptr_reg[0]/C,u_mesh/GEN_R[3].r/u_datapath/east_vc1_fifo/fifo_mem_reg[0][flit_data]_0_3_12_17/RAMB/WE
-0.935,22,4,3,inter,u_mesh/GEN_R[4].r/u_datapath/west_vc0_fifo/rd_ptr_reg[0]/C,u_mesh/GEN_R[3].r/u_datapath/east_vc1_fifo/fifo_mem_reg[0][flit_data]_0_3_12_17/RAMB_D1/WE
-0.935,22,4,3,inter,u_mesh/GEN_R[4].r/u_datapath/west_vc0_fifo/rd_ptr_reg[0]/C,u_mesh/GEN_R[3].r/u_datapath/east_vc1_fifo/fifo_mem_reg[0][flit_data]_0_3_12_17/RAMC/WE
-0.935,22,4,3,inter,u_mesh/GEN_R[4].r/u_datapath/west_vc0_fifo/rd_ptr_reg[0]/C,u_mesh/GEN_R[3].r/u_datapath/east_vc1_fifo/fifo_mem_reg[0][flit_data]_0_3_12_17/RAMC_D1/WE
-0.935,22,4,3,inter,u_mesh/GEN_R[4].r/u_datapath/west_vc0_fifo/rd_ptr_reg[0]/C,u_mesh/GEN_R[3].r/u_datapath/east_vc1_fifo/fifo_mem_reg[0][flit_data]_0_3_12_17/RAMD/WE
-0.935,22,4,3,inter,u_mesh/GEN_R[4].r/u_datapath/west_vc0_fifo/rd_ptr_reg[0]/C,u_mesh/GEN_R[3].r/u_datapath/east_vc1_fifo/fifo_mem_reg[0][flit_data]_0_3_12_17/RAMD_D1/WE
-0.934,22,2,1,inter,u_mesh/GEN_R[2].r/u_datapath/local_vc2_fifo/rd_ptr_reg[1]/C,u_mesh/GEN_R[1].r/u_datapath/east_vc2_fifo/fifo_mem_reg[0][flit_data]_0_3_6_11/RAMA/WE
-0.934,22,2,1,inter,u_mesh/GEN_R[2].r/u_datapath/local_vc2_fifo/rd_ptr_reg[1]/C,u_mesh/GEN_R[1].r/u_datapath/east_vc2_fifo/fifo_mem_reg[0][flit_data]_0_3_6_11/RAMA_D1/WE
-0.934,22,2,1,inter,u_mesh/GEN_R[2].r/u_datapath/local_vc2_fifo/rd_ptr_reg[1]/C,u_mesh/GEN_R[1].r/u_datapath/east_vc2_fifo/fifo_mem_reg[0][flit_data]_0_3_6_11/RAMB/WE
-0.934,22,2,1,inter,u_mesh/GEN_R[2].r/u_datapath/local_vc2_fifo/rd_ptr_reg[1]/C,u_mesh/GEN_R[1].r/u_datapath/east_vc2_fifo/fifo_mem_reg[0][flit_data]_0_3_6_11/RAMB_D1/WE
-0.934,22,2,1,inter,u_mesh/GEN_R[2].r/u_datapath/local_vc2_fifo/rd_ptr_reg[1]/C,u_mesh/GEN_R[1].r/u_datapath/east_vc2_fifo/fifo_mem_reg[0][flit_data]_0_3_6_11/RAMC/WE
-0.934,22,2,1,inter,u_mesh/GEN_R[2].r/u_datapath/local_vc2_fifo/rd_ptr_reg[1]/C,u_mesh/GEN_R[1].r/u_datapath/east_vc2_fifo/fifo_mem_reg[0][flit_data]_0_3_6_11/RAMC_D1/WE
-0.934,22,2,1,inter,u_mesh/GEN_R[2].r/u_datapath/local_vc2_fifo/rd_ptr_reg[1]/C,u_mesh/GEN_R[1].r/u_datapath/east_vc2_fifo/fifo_mem_reg[0][flit_data]_0_3_6_11/RAMD/WE
-0.934,22,2,1,inter,u_mesh/GEN_R[2].r/u_datapath/local_vc2_fifo/rd_ptr_reg[1]/C,u_mesh/GEN_R[1].r/u_datapath/east_vc2_fifo/fifo_mem_reg[0][flit_data]_0_3_6_11/RAMD_D1/WE
-0.934,22,2,1,inter,u_mesh/GEN_R[2].r/u_datapath/local_vc2_fifo/rd_ptr_reg[1]/C,u_mesh/GEN_R[1].r/u_datapath/east_vc1_fifo/fifo_mem_reg[0][flit_data]_0_3_6_11/RAMA/WE
-0.934,22,2,1,inter,u_mesh/GEN_R[2].r/u_datapath/local_vc2_fifo/rd_ptr_reg[1]/C,u_mesh/GEN_R[1].r/u_datapath/east_vc1_fifo/fifo_mem_reg[0][flit_data]_0_3_6_11/RAMA_D1/WE
-0.934,22,2,1,inter,u_mesh/GEN_R[2].r/u_datapath/local_vc2_fifo/rd_ptr_reg[1]/C,u_mesh/GEN_R[1].r/u_datapath/east_vc1_fifo/fifo_mem_reg[0][flit_data]_0_3_6_11/RAMB/WE
-0.934,22,2,1,inter,u_mesh/GEN_R[2].r/u_datapath/local_vc2_fifo/rd_ptr_reg[1]/C,u_mesh/GEN_R[1].r/u_datapath/east_vc1_fifo/fifo_mem_reg[0][flit_data]_0_3_6_11/RAMB_D1/WE
-0.934,22,2,1,inter,u_mesh/GEN_R[2].r/u_datapath/local_vc2_fifo/rd_ptr_reg[1]/C,u_mesh/GEN_R[1].r/u_datapath/east_vc1_fifo/fifo_mem_reg[0][flit_data]_0_3_6_11/RAMC/WE
-0.934,22,2,1,inter,u_mesh/GEN_R[2].r/u_datapath/local_vc2_fifo/rd_ptr_reg[1]/C,u_mesh/GEN_R[1].r/u_datapath/east_vc1_fifo/fifo_mem_reg[0][flit_data]_0_3_6_11/RAMC_D1/WE
-0.934,22,2,1,inter,u_mesh/GEN_R[2].r/u_datapath/local_vc2_fifo/rd_ptr_reg[1]/C,u_mesh/GEN_R[1].r/u_datapath/east_vc1_fifo/fifo_mem_reg[0][flit_data]_0_3_6_11/RAMD/WE
-0.934,22,2,1,inter,u_mesh/GEN_R[2].r/u_datapath/local_vc2_fifo/rd_ptr_reg[1]/C,u_mesh/GEN_R[1].r/u_datapath/east_vc1_fifo/fifo_mem_reg[0][flit_data]_0_3_6_11/RAMD_D1/WE
-0.933,22,2,1,inter,u_mesh/GEN_R[2].r/u_datapath/local_vc2_fifo/rd_ptr_reg[1]/C,u_mesh/GEN_R[1].r/u_datapath/east_vc2_fifo/fifo_mem_reg[0][flit_data]_0_3_12_17/RAMA/WE
-0.933,22,2,1,inter,u_mesh/GEN_R[2].r/u_datapath/local_vc2_fifo/rd_ptr_reg[1]/C,u_mesh/GEN_R[1].r/u_datapath/east_vc2_fifo/fifo_mem_reg[0][flit_data]_0_3_12_17/RAMA_D1/WE
-0.933,22,2,1,inter,u_mesh/GEN_R[2].r/u_datapath/local_vc2_fifo/rd_ptr_reg[1]/C,u_mesh/GEN_R[1].r/u_datapath/east_vc2_fifo/fifo_mem_reg[0][flit_data]_0_3_12_17/RAMB/WE
-0.933,22,2,1,inter,u_mesh/GEN_R[2].r/u_datapath/local_vc2_fifo/rd_ptr_reg[1]/C,u_mesh/GEN_R[1].r/u_datapath/east_vc2_fifo/fifo_mem_reg[0][flit_data]_0_3_12_17/RAMB_D1/WE
-0.933,22,2,1,inter,u_mesh/GEN_R[2].r/u_datapath/local_vc2_fifo/rd_ptr_reg[1]/C,u_mesh/GEN_R[1].r/u_datapath/east_vc2_fifo/fifo_mem_reg[0][flit_data]_0_3_12_17/RAMC/WE
-0.933,22,2,1,inter,u_mesh/GEN_R[2].r/u_datapath/local_vc2_fifo/rd_ptr_reg[1]/C,u_mesh/GEN_R[1].r/u_datapath/east_vc2_fifo/fifo_mem_reg[0][flit_data]_0_3_12_17/RAMC_D1/WE
-0.933,22,2,1,inter,u_mesh/GEN_R[2].r/u_datapath/local_vc2_fifo/rd_ptr_reg[1]/C,u_mesh/GEN_R[1].r/u_datapath/east_vc2_fifo/fifo_mem_reg[0][flit_data]_0_3_12_17/RAMD/WE
-0.933,22,2,1,inter,u_mesh/GEN_R[2].r/u_datapath/local_vc2_fifo/rd_ptr_reg[1]/C,u_mesh/GEN_R[1].r/u_datapath/east_vc2_fifo/fifo_mem_reg[0][flit_data]_0_3_12_17/RAMD_D1/WE
-0.933,22,4,3,inter,u_mesh/GEN_R[4].r/u_datapath/local_vc2_fifo/rd_ptr_reg[0]_replica/C,u_mesh/GEN_R[3].r/u_datapath/east_vc0_fifo/fifo_mem_reg[0][flit_data]_0_3_18_23/RAMA/WE
-0.933,22,4,3,inter,u_mesh/GEN_R[4].r/u_datapath/local_vc2_fifo/rd_ptr_reg[0]_replica/C,u_mesh/GEN_R[3].r/u_datapath/east_vc0_fifo/fifo_mem_reg[0][flit_data]_0_3_18_23/RAMA_D1/WE
-0.933,22,4,3,inter,u_mesh/GEN_R[4].r/u_datapath/local_vc2_fifo/rd_ptr_reg[0]_replica/C,u_mesh/GEN_R[3].r/u_datapath/east_vc0_fifo/fifo_mem_reg[0][flit_data]_0_3_18_23/RAMB/WE
-0.933,22,4,3,inter,u_mesh/GEN_R[4].r/u_datapath/local_vc2_fifo/rd_ptr_reg[0]_replica/C,u_mesh/GEN_R[3].r/u_datapath/east_vc0_fifo/fifo_mem_reg[0][flit_data]_0_3_18_23/RAMB_D1/WE
-0.933,22,4,3,inter,u_mesh/GEN_R[4].r/u_datapath/local_vc2_fifo/rd_ptr_reg[0]_replica/C,u_mesh/GEN_R[3].r/u_datapath/east_vc0_fifo/fifo_mem_reg[0][flit_data]_0_3_18_23/RAMC/WE
-0.933,22,4,3,inter,u_mesh/GEN_R[4].r/u_datapath/local_vc2_fifo/rd_ptr_reg[0]_replica/C,u_mesh/GEN_R[3].r/u_datapath/east_vc0_fifo/fifo_mem_reg[0][flit_data]_0_3_18_23/RAMC_D1/WE
-0.933,22,4,3,inter,u_mesh/GEN_R[4].r/u_datapath/local_vc2_fifo/rd_ptr_reg[0]_replica/C,u_mesh/GEN_R[3].r/u_datapath/east_vc0_fifo/fifo_mem_reg[0][flit_data]_0_3_18_23/RAMD/WE
-0.933,22,4,3,inter,u_mesh/GEN_R[4].r/u_datapath/local_vc2_fifo/rd_ptr_reg[0]_replica/C,u_mesh/GEN_R[3].r/u_datapath/east_vc0_fifo/fifo_mem_reg[0][flit_data]_0_3_18_23/RAMD_D1/WE
-0.931,21,0,3,inter,u_mesh/GEN_R[0].r/u_datapath/east_vc1_fifo/rd_ptr_reg[0]/C,u_mesh/GEN_R[3].r/u_datapath/north_vc2_fifo/fifo_mem_reg[0][flit_data]_0_3_6_11/RAMA/WE
-0.931,21,0,3,inter,u_mesh/GEN_R[0].r/u_datapath/east_vc1_fifo/rd_ptr_reg[0]/C,u_mesh/GEN_R[3].r/u_datapath/north_vc2_fifo/fifo_mem_reg[0][flit_data]_0_3_6_11/RAMA_D1/WE
-0.931,21,0,3,inter,u_mesh/GEN_R[0].r/u_datapath/east_vc1_fifo/rd_ptr_reg[0]/C,u_mesh/GEN_R[3].r/u_datapath/north_vc2_fifo/fifo_mem_reg[0][flit_data]_0_3_6_11/RAMB/WE
-0.931,21,0,3,inter,u_mesh/GEN_R[0].r/u_datapath/east_vc1_fifo/rd_ptr_reg[0]/C,u_mesh/GEN_R[3].r/u_datapath/north_vc2_fifo/fifo_mem_reg[0][flit_data]_0_3_6_11/RAMB_D1/WE
-0.931,21,0,3,inter,u_mesh/GEN_R[0].r/u_datapath/east_vc1_fifo/rd_ptr_reg[0]/C,u_mesh/GEN_R[3].r/u_datapath/north_vc2_fifo/fifo_mem_reg[0][flit_data]_0_3_6_11/RAMC/WE
-0.931,21,0,3,inter,u_mesh/GEN_R[0].r/u_datapath/east_vc1_fifo/rd_ptr_reg[0]/C,u_mesh/GEN_R[3].r/u_datapath/north_vc2_fifo/fifo_mem_reg[0][flit_data]_0_3_6_11/RAMC_D1/WE
-0.931,21,0,3,inter,u_mesh/GEN_R[0].r/u_datapath/east_vc1_fifo/rd_ptr_reg[0]/C,u_mesh/GEN_R[3].r/u_datapath/north_vc2_fifo/fifo_mem_reg[0][flit_data]_0_3_6_11/RAMD/WE
-0.931,21,0,3,inter,u_mesh/GEN_R[0].r/u_datapath/east_vc1_fifo/rd_ptr_reg[0]/C,u_mesh/GEN_R[3].r/u_datapath/north_vc2_fifo/fifo_mem_reg[0][flit_data]_0_3_6_11/RAMD_D1/WE
-0.930,21,3,0,inter,u_mesh/GEN_R[3].r/u_datapath/east_vc1_fifo/rd_ptr_reg[1]_replica/C,u_mesh/GEN_R[0].r/u_datapath/south_vc1_fifo/fifo_mem_reg[0][flit_data]_0_3_18_23/RAMA/WE
-0.930,21,3,0,inter,u_mesh/GEN_R[3].r/u_datapath/east_vc1_fifo/rd_ptr_reg[1]_replica/C,u_mesh/GEN_R[0].r/u_datapath/south_vc1_fifo/fifo_mem_reg[0][flit_data]_0_3_18_23/RAMA_D1/WE
-0.930,21,3,0,inter,u_mesh/GEN_R[3].r/u_datapath/east_vc1_fifo/rd_ptr_reg[1]_replica/C,u_mesh/GEN_R[0].r/u_datapath/south_vc1_fifo/fifo_mem_reg[0][flit_data]_0_3_18_23/RAMB/WE
-0.930,21,3,0,inter,u_mesh/GEN_R[3].r/u_datapath/east_vc1_fifo/rd_ptr_reg[1]_replica/C,u_mesh/GEN_R[0].r/u_datapath/south_vc1_fifo/fifo_mem_reg[0][flit_data]_0_3_18_23/RAMB_D1/WE
-0.930,21,3,0,inter,u_mesh/GEN_R[3].r/u_datapath/east_vc1_fifo/rd_ptr_reg[1]_replica/C,u_mesh/GEN_R[0].r/u_datapath/south_vc1_fifo/fifo_mem_reg[0][flit_data]_0_3_18_23/RAMC/WE
-0.930,21,3,0,inter,u_mesh/GEN_R[3].r/u_datapath/east_vc1_fifo/rd_ptr_reg[1]_replica/C,u_mesh/GEN_R[0].r/u_datapath/south_vc1_fifo/fifo_mem_reg[0][flit_data]_0_3_18_23/RAMC_D1/WE
-0.930,21,3,0,inter,u_mesh/GEN_R[3].r/u_datapath/east_vc1_fifo/rd_ptr_reg[1]_replica/C,u_mesh/GEN_R[0].r/u_datapath/south_vc1_fifo/fifo_mem_reg[0][flit_data]_0_3_18_23/RAMD/WE
-0.930,21,3,0,inter,u_mesh/GEN_R[3].r/u_datapath/east_vc1_fifo/rd_ptr_reg[1]_replica/C,u_mesh/GEN_R[0].r/u_datapath/south_vc1_fifo/fifo_mem_reg[0][flit_data]_0_3_18_23/RAMD_D1/WE
-0.921,22,4,1,inter,u_mesh/GEN_R[4].r/u_datapath/west_vc0_fifo/rd_ptr_reg[0]/C,u_mesh/GEN_R[1].r/u_datapath/south_vc1_fifo/fifo_mem_reg[0][flit_data]_0_3_0_5/RAMA/WE
-0.921,22,4,1,inter,u_mesh/GEN_R[4].r/u_datapath/west_vc0_fifo/rd_ptr_reg[0]/C,u_mesh/GEN_R[1].r/u_datapath/south_vc1_fifo/fifo_mem_reg[0][flit_data]_0_3_0_5/RAMA_D1/WE
-0.921,22,4,1,inter,u_mesh/GEN_R[4].r/u_datapath/west_vc0_fifo/rd_ptr_reg[0]/C,u_mesh/GEN_R[1].r/u_datapath/south_vc1_fifo/fifo_mem_reg[0][flit_data]_0_3_0_5/RAMB/WE
-0.921,22,4,1,inter,u_mesh/GEN_R[4].r/u_datapath/west_vc0_fifo/rd_ptr_reg[0]/C,u_mesh/GEN_R[1].r/u_datapath/south_vc1_fifo/fifo_mem_reg[0][flit_data]_0_3_0_5/RAMB_D1/WE
-0.921,22,4,1,inter,u_mesh/GEN_R[4].r/u_datapath/west_vc0_fifo/rd_ptr_reg[0]/C,u_mesh/GEN_R[1].r/u_datapath/south_vc1_fifo/fifo_mem_reg[0][flit_data]_0_3_0_5/RAMC/WE
-0.921,22,4,1,inter,u_mesh/GEN_R[4].r/u_datapath/west_vc0_fifo/rd_ptr_reg[0]/C,u_mesh/GEN_R[1].r/u_datapath/south_vc1_fifo/fifo_mem_reg[0][flit_data]_0_3_0_5/RAMC_D1/WE
-0.921,22,4,1,inter,u_mesh/GEN_R[4].r/u_datapath/west_vc0_fifo/rd_ptr_reg[0]/C,u_mesh/GEN_R[1].r/u_datapath/south_vc1_fifo/fifo_mem_reg[0][flit_data]_0_3_0_5/RAMD/WE
-0.921,22,4,1,inter,u_mesh/GEN_R[4].r/u_datapath/west_vc0_fifo/rd_ptr_reg[0]/C,u_mesh/GEN_R[1].r/u_datapath/south_vc1_fifo/fifo_mem_reg[0][flit_data]_0_3_0_5/RAMD_D1/WE
-0.918,22,2,1,inter,u_mesh/GEN_R[2].r/u_datapath/local_vc2_fifo/rd_ptr_reg[1]/C,u_mesh/GEN_R[1].r/u_datapath/east_vc2_fifo/fifo_mem_reg[0][flit_data]_0_3_18_23/RAMA/WE
-0.918,22,2,1,inter,u_mesh/GEN_R[2].r/u_datapath/local_vc2_fifo/rd_ptr_reg[1]/C,u_mesh/GEN_R[1].r/u_datapath/east_vc2_fifo/fifo_mem_reg[0][flit_data]_0_3_18_23/RAMA_D1/WE
-0.918,22,2,1,inter,u_mesh/GEN_R[2].r/u_datapath/local_vc2_fifo/rd_ptr_reg[1]/C,u_mesh/GEN_R[1].r/u_datapath/east_vc2_fifo/fifo_mem_reg[0][flit_data]_0_3_18_23/RAMB/WE
-0.918,22,2,1,inter,u_mesh/GEN_R[2].r/u_datapath/local_vc2_fifo/rd_ptr_reg[1]/C,u_mesh/GEN_R[1].r/u_datapath/east_vc2_fifo/fifo_mem_reg[0][flit_data]_0_3_18_23/RAMB_D1/WE
-0.918,22,2,1,inter,u_mesh/GEN_R[2].r/u_datapath/local_vc2_fifo/rd_ptr_reg[1]/C,u_mesh/GEN_R[1].r/u_datapath/east_vc2_fifo/fifo_mem_reg[0][flit_data]_0_3_18_23/RAMC/WE
-0.918,22,2,1,inter,u_mesh/GEN_R[2].r/u_datapath/local_vc2_fifo/rd_ptr_reg[1]/C,u_mesh/GEN_R[1].r/u_datapath/east_vc2_fifo/fifo_mem_reg[0][flit_data]_0_3_18_23/RAMC_D1/WE
-0.918,22,2,1,inter,u_mesh/GEN_R[2].r/u_datapath/local_vc2_fifo/rd_ptr_reg[1]/C,u_mesh/GEN_R[1].r/u_datapath/east_vc2_fifo/fifo_mem_reg[0][flit_data]_0_3_18_23/RAMD/WE
-0.918,22,2,1,inter,u_mesh/GEN_R[2].r/u_datapath/local_vc2_fifo/rd_ptr_reg[1]/C,u_mesh/GEN_R[1].r/u_datapath/east_vc2_fifo/fifo_mem_reg[0][flit_data]_0_3_18_23/RAMD_D1/WE
-0.913,22,0,1,inter,u_mesh/GEN_R[0].r/u_datapath/east_vc1_fifo/rd_ptr_reg[0]/C,u_mesh/GEN_R[1].r/u_datapath/west_vc0_fifo/fifo_mem_reg[0][flit_data]_0_3_12_17/RAMA/WE
-0.913,22,0,1,inter,u_mesh/GEN_R[0].r/u_datapath/east_vc1_fifo/rd_ptr_reg[0]/C,u_mesh/GEN_R[1].r/u_datapath/west_vc0_fifo/fifo_mem_reg[0][flit_data]_0_3_12_17/RAMA_D1/WE
-0.913,22,0,1,inter,u_mesh/GEN_R[0].r/u_datapath/east_vc1_fifo/rd_ptr_reg[0]/C,u_mesh/GEN_R[1].r/u_datapath/west_vc0_fifo/fifo_mem_reg[0][flit_data]_0_3_12_17/RAMB/WE
-0.913,22,0,1,inter,u_mesh/GEN_R[0].r/u_datapath/east_vc1_fifo/rd_ptr_reg[0]/C,u_mesh/GEN_R[1].r/u_datapath/west_vc0_fifo/fifo_mem_reg[0][flit_data]_0_3_12_17/RAMB_D1/WE
-0.913,22,0,1,inter,u_mesh/GEN_R[0].r/u_datapath/east_vc1_fifo/rd_ptr_reg[0]/C,u_mesh/GEN_R[1].r/u_datapath/west_vc0_fifo/fifo_mem_reg[0][flit_data]_0_3_12_17/RAMC/WE
-0.913,22,0,1,inter,u_mesh/GEN_R[0].r/u_datapath/east_vc1_fifo/rd_ptr_reg[0]/C,u_mesh/GEN_R[1].r/u_datapath/west_vc0_fifo/fifo_mem_reg[0][flit_data]_0_3_12_17/RAMC_D1/WE
-0.913,22,0,1,inter,u_mesh/GEN_R[0].r/u_datapath/east_vc1_fifo/rd_ptr_reg[0]/C,u_mesh/GEN_R[1].r/u_datapath/west_vc0_fifo/fifo_mem_reg[0][flit_data]_0_3_12_17/RAMD/WE
-0.913,22,0,1,inter,u_mesh/GEN_R[0].r/u_datapath/east_vc1_fifo/rd_ptr_reg[0]/C,u_mesh/GEN_R[1].r/u_datapath/west_vc0_fifo/fifo_mem_reg[0][flit_data]_0_3_12_17/RAMD_D1/WE
-0.907,22,0,1,inter,u_mesh/GEN_R[0].r/u_datapath/east_vc1_fifo/rd_ptr_reg[0]/C,u_mesh/GEN_R[1].r/u_datapath/west_vc0_fifo/fifo_mem_reg[0][vc_id]_0_3_0_0/DP/WE
-0.907,22,0,1,inter,u_mesh/GEN_R[0].r/u_datapath/east_vc1_fifo/rd_ptr_reg[0]/C,u_mesh/GEN_R[1].r/u_datapath/west_vc0_fifo/fifo_mem_reg[0][vc_id]_0_3_0_0/SP/WE
-0.907,22,0,1,inter,u_mesh/GEN_R[0].r/u_datapath/east_vc1_fifo/rd_ptr_reg[0]/C,u_mesh/GEN_R[1].r/u_datapath/west_vc0_fifo/fifo_mem_reg[0][vc_id]_0_3_1_1/DP/WE
-0.907,22,0,1,inter,u_mesh/GEN_R[0].r/u_datapath/east_vc1_fifo/rd_ptr_reg[0]/C,u_mesh/GEN_R[1].r/u_datapath/west_vc0_fifo/fifo_mem_reg[0][vc_id]_0_3_1_1/SP/WE
-0.903,22,2,1,inter,u_mesh/GEN_R[2].r/u_datapath/local_vc2_fifo/rd_ptr_reg[1]/C,u_mesh/GEN_R[1].r/u_datapath/east_vc2_fifo/fifo_mem_reg[0][flit_data]_0_3_30_31/DP/WE
-0.903,22,2,1,inter,u_mesh/GEN_R[2].r/u_datapath/local_vc2_fifo/rd_ptr_reg[1]/C,u_mesh/GEN_R[1].r/u_datapath/east_vc2_fifo/fifo_mem_reg[0][flit_data]_0_3_30_31/SP/WE
-0.903,22,2,1,inter,u_mesh/GEN_R[2].r/u_datapath/local_vc2_fifo/rd_ptr_reg[1]/C,u_mesh/GEN_R[1].r/u_datapath/east_vc2_fifo/fifo_mem_reg[0][flit_data]_0_3_30_31__0/DP/WE
-0.903,22,2,1,inter,u_mesh/GEN_R[2].r/u_datapath/local_vc2_fifo/rd_ptr_reg[1]/C,u_mesh/GEN_R[1].r/u_datapath/east_vc2_fifo/fifo_mem_reg[0][flit_data]_0_3_30_31__0/SP/WE
-0.903,22,2,1,inter,u_mesh/GEN_R[2].r/u_datapath/local_vc2_fifo/rd_ptr_reg[1]/C,u_mesh/GEN_R[1].r/u_datapath/east_vc2_fifo/fifo_mem_reg[0][flit_type]_0_3_0_0/DP/WE
-0.903,22,2,1,inter,u_mesh/GEN_R[2].r/u_datapath/local_vc2_fifo/rd_ptr_reg[1]/C,u_mesh/GEN_R[1].r/u_datapath/east_vc2_fifo/fifo_mem_reg[0][flit_type]_0_3_0_0/SP/WE
-0.903,22,2,1,inter,u_mesh/GEN_R[2].r/u_datapath/local_vc2_fifo/rd_ptr_reg[1]/C,u_mesh/GEN_R[1].r/u_datapath/east_vc2_fifo/fifo_mem_reg[0][flit_type]_0_3_1_1/DP/WE
-0.903,22,2,1,inter,u_mesh/GEN_R[2].r/u_datapath/local_vc2_fifo/rd_ptr_reg[1]/C,u_mesh/GEN_R[1].r/u_datapath/east_vc2_fifo/fifo_mem_reg[0][flit_type]_0_3_1_1/SP/WE
-0.902,22,4,3,inter,u_mesh/GEN_R[4].r/u_datapath/west_vc0_fifo/rd_ptr_reg[0]/C,u_mesh/GEN_R[3].r/u_datapath/east_vc1_fifo/fifo_mem_reg[0][flit_data]_0_3_24_29/RAMA/WE
-0.902,22,4,3,inter,u_mesh/GEN_R[4].r/u_datapath/west_vc0_fifo/rd_ptr_reg[0]/C,u_mesh/GEN_R[3].r/u_datapath/east_vc1_fifo/fifo_mem_reg[0][flit_data]_0_3_24_29/RAMA_D1/WE
-0.902,22,4,3,inter,u_mesh/GEN_R[4].r/u_datapath/west_vc0_fifo/rd_ptr_reg[0]/C,u_mesh/GEN_R[3].r/u_datapath/east_vc1_fifo/fifo_mem_reg[0][flit_data]_0_3_24_29/RAMB/WE
-0.902,22,4,3,inter,u_mesh/GEN_R[4].r/u_datapath/west_vc0_fifo/rd_ptr_reg[0]/C,u_mesh/GEN_R[3].r/u_datapath/east_vc1_fifo/fifo_mem_reg[0][flit_data]_0_3_24_29/RAMB_D1/WE
-0.902,22,4,3,inter,u_mesh/GEN_R[4].r/u_datapath/west_vc0_fifo/rd_ptr_reg[0]/C,u_mesh/GEN_R[3].r/u_datapath/east_vc1_fifo/fifo_mem_reg[0][flit_data]_0_3_24_29/RAMC/WE
-0.902,22,4,3,inter,u_mesh/GEN_R[4].r/u_datapath/west_vc0_fifo/rd_ptr_reg[0]/C,u_mesh/GEN_R[3].r/u_datapath/east_vc1_fifo/fifo_mem_reg[0][flit_data]_0_3_24_29/RAMC_D1/WE
-0.902,22,4,3,inter,u_mesh/GEN_R[4].r/u_datapath/west_vc0_fifo/rd_ptr_reg[0]/C,u_mesh/GEN_R[3].r/u_datapath/east_vc1_fifo/fifo_mem_reg[0][flit_data]_0_3_24_29/RAMD/WE
-0.902,22,4,3,inter,u_mesh/GEN_R[4].r/u_datapath/west_vc0_fifo/rd_ptr_reg[0]/C,u_mesh/GEN_R[3].r/u_datapath/east_vc1_fifo/fifo_mem_reg[0][flit_data]_0_3_24_29/RAMD_D1/WE
-0.898,21,3,0,inter,u_mesh/GEN_R[3].r/u_datapath/east_vc1_fifo/rd_ptr_reg[1]_replica/C,u_mesh/GEN_R[0].r/u_datapath/south_vc1_fifo/fifo_mem_reg[0][flit_data]_0_3_12_17/RAMA/WE
-0.898,21,3,0,inter,u_mesh/GEN_R[3].r/u_datapath/east_vc1_fifo/rd_ptr_reg[1]_replica/C,u_mesh/GEN_R[0].r/u_datapath/south_vc1_fifo/fifo_mem_reg[0][flit_data]_0_3_12_17/RAMA_D1/WE
-0.898,21,3,0,inter,u_mesh/GEN_R[3].r/u_datapath/east_vc1_fifo/rd_ptr_reg[1]_replica/C,u_mesh/GEN_R[0].r/u_datapath/south_vc1_fifo/fifo_mem_reg[0][flit_data]_0_3_12_17/RAMB/WE
-0.898,21,3,0,inter,u_mesh/GEN_R[3].r/u_datapath/east_vc1_fifo/rd_ptr_reg[1]_replica/C,u_mesh/GEN_R[0].r/u_datapath/south_vc1_fifo/fifo_mem_reg[0][flit_data]_0_3_12_17/RAMB_D1/WE
-0.898,21,3,0,inter,u_mesh/GEN_R[3].r/u_datapath/east_vc1_fifo/rd_ptr_reg[1]_replica/C,u_mesh/GEN_R[0].r/u_datapath/south_vc1_fifo/fifo_mem_reg[0][flit_data]_0_3_12_17/RAMC/WE
-0.898,21,3,0,inter,u_mesh/GEN_R[3].r/u_datapath/east_vc1_fifo/rd_ptr_reg[1]_replica/C,u_mesh/GEN_R[0].r/u_datapath/south_vc1_fifo/fifo_mem_reg[0][flit_data]_0_3_12_17/RAMC_D1/WE
-0.898,21,3,0,inter,u_mesh/GEN_R[3].r/u_datapath/east_vc1_fifo/rd_ptr_reg[1]_replica/C,u_mesh/GEN_R[0].r/u_datapath/south_vc1_fifo/fifo_mem_reg[0][flit_data]_0_3_12_17/RAMD/WE
-0.898,21,3,0,inter,u_mesh/GEN_R[3].r/u_datapath/east_vc1_fifo/rd_ptr_reg[1]_replica/C,u_mesh/GEN_R[0].r/u_datapath/south_vc1_fifo/fifo_mem_reg[0][flit_data]_0_3_12_17/RAMD_D1/WE
-0.898,22,1,2,inter,u_mesh/GEN_R[1].r/u_datapath/west_vc2_fifo/rd_ptr_reg[1]/C,u_mesh/GEN_R[2].r/u_datapath/west_vc1_fifo/fifo_mem_reg[0][flit_data]_0_3_12_17/RAMA/WE
-0.898,22,1,2,inter,u_mesh/GEN_R[1].r/u_datapath/west_vc2_fifo/rd_ptr_reg[1]/C,u_mesh/GEN_R[2].r/u_datapath/west_vc1_fifo/fifo_mem_reg[0][flit_data]_0_3_12_17/RAMA_D1/WE
-0.898,22,1,2,inter,u_mesh/GEN_R[1].r/u_datapath/west_vc2_fifo/rd_ptr_reg[1]/C,u_mesh/GEN_R[2].r/u_datapath/west_vc1_fifo/fifo_mem_reg[0][flit_data]_0_3_12_17/RAMB/WE
-0.898,22,1,2,inter,u_mesh/GEN_R[1].r/u_datapath/west_vc2_fifo/rd_ptr_reg[1]/C,u_mesh/GEN_R[2].r/u_datapath/west_vc1_fifo/fifo_mem_reg[0][flit_data]_0_3_12_17/RAMB_D1/WE
-0.898,22,1,2,inter,u_mesh/GEN_R[1].r/u_datapath/west_vc2_fifo/rd_ptr_reg[1]/C,u_mesh/GEN_R[2].r/u_datapath/west_vc1_fifo/fifo_mem_reg[0][flit_data]_0_3_12_17/RAMC/WE
-0.898,22,1,2,inter,u_mesh/GEN_R[1].r/u_datapath/west_vc2_fifo/rd_ptr_reg[1]/C,u_mesh/GEN_R[2].r/u_datapath/west_vc1_fifo/fifo_mem_reg[0][flit_data]_0_3_12_17/RAMC_D1/WE
-0.898,22,1,2,inter,u_mesh/GEN_R[1].r/u_datapath/west_vc2_fifo/rd_ptr_reg[1]/C,u_mesh/GEN_R[2].r/u_datapath/west_vc1_fifo/fifo_mem_reg[0][flit_data]_0_3_12_17/RAMD/WE
-0.898,22,1,2,inter,u_mesh/GEN_R[1].r/u_datapath/west_vc2_fifo/rd_ptr_reg[1]/C,u_mesh/GEN_R[2].r/u_datapath/west_vc1_fifo/fifo_mem_reg[0][flit_data]_0_3_12_17/RAMD_D1/WE
-0.897,22,4,5,inter,u_mesh/GEN_R[4].r/u_datapath/west_vc0_fifo/rd_ptr_reg[0]/C,u_mesh/GEN_R[5].r/u_datapath/west_vc0_fifo/fifo_mem_reg[0][flit_data]_0_3_12_17/RAMA/WE
-0.897,22,4,5,inter,u_mesh/GEN_R[4].r/u_datapath/west_vc0_fifo/rd_ptr_reg[0]/C,u_mesh/GEN_R[5].r/u_datapath/west_vc0_fifo/fifo_mem_reg[0][flit_data]_0_3_12_17/RAMA_D1/WE
-0.897,22,4,5,inter,u_mesh/GEN_R[4].r/u_datapath/west_vc0_fifo/rd_ptr_reg[0]/C,u_mesh/GEN_R[5].r/u_datapath/west_vc0_fifo/fifo_mem_reg[0][flit_data]_0_3_12_17/RAMB/WE
-0.897,22,4,5,inter,u_mesh/GEN_R[4].r/u_datapath/west_vc0_fifo/rd_ptr_reg[0]/C,u_mesh/GEN_R[5].r/u_datapath/west_vc0_fifo/fifo_mem_reg[0][flit_data]_0_3_12_17/RAMB_D1/WE
-0.897,22,4,5,inter,u_mesh/GEN_R[4].r/u_datapath/west_vc0_fifo/rd_ptr_reg[0]/C,u_mesh/GEN_R[5].r/u_datapath/west_vc0_fifo/fifo_mem_reg[0][flit_data]_0_3_12_17/RAMC/WE
-0.897,22,4,5,inter,u_mesh/GEN_R[4].r/u_datapath/west_vc0_fifo/rd_ptr_reg[0]/C,u_mesh/GEN_R[5].r/u_datapath/west_vc0_fifo/fifo_mem_reg[0][flit_data]_0_3_12_17/RAMC_D1/WE
-0.897,22,4,5,inter,u_mesh/GEN_R[4].r/u_datapath/west_vc0_fifo/rd_ptr_reg[0]/C,u_mesh/GEN_R[5].r/u_datapath/west_vc0_fifo/fifo_mem_reg[0][flit_data]_0_3_12_17/RAMD/WE
-0.897,22,4,5,inter,u_mesh/GEN_R[4].r/u_datapath/west_vc0_fifo/rd_ptr_reg[0]/C,u_mesh/GEN_R[5].r/u_datapath/west_vc0_fifo/fifo_mem_reg[0][flit_data]_0_3_12_17/RAMD_D1/WE
-0.897,22,1,2,inter,u_mesh/GEN_R[1].r/u_datapath/west_vc2_fifo/rd_ptr_reg[1]/C,u_mesh/GEN_R[2].r/u_datapath/west_vc1_fifo/fifo_mem_reg[0][flit_data]_0_3_24_29/RAMA/WE
-0.897,22,1,2,inter,u_mesh/GEN_R[1].r/u_datapath/west_vc2_fifo/rd_ptr_reg[1]/C,u_mesh/GEN_R[2].r/u_datapath/west_vc1_fifo/fifo_mem_reg[0][flit_data]_0_3_24_29/RAMA_D1/WE
-0.897,22,1,2,inter,u_mesh/GEN_R[1].r/u_datapath/west_vc2_fifo/rd_ptr_reg[1]/C,u_mesh/GEN_R[2].r/u_datapath/west_vc1_fifo/fifo_mem_reg[0][flit_data]_0_3_24_29/RAMB/WE
-0.897,22,1,2,inter,u_mesh/GEN_R[1].r/u_datapath/west_vc2_fifo/rd_ptr_reg[1]/C,u_mesh/GEN_R[2].r/u_datapath/west_vc1_fifo/fifo_mem_reg[0][flit_data]_0_3_24_29/RAMB_D1/WE
-0.897,22,1,2,inter,u_mesh/GEN_R[1].r/u_datapath/west_vc2_fifo/rd_ptr_reg[1]/C,u_mesh/GEN_R[2].r/u_datapath/west_vc1_fifo/fifo_mem_reg[0][flit_data]_0_3_24_29/RAMC/WE
-0.897,22,1,2,inter,u_mesh/GEN_R[1].r/u_datapath/west_vc2_fifo/rd_ptr_reg[1]/C,u_mesh/GEN_R[2].r/u_datapath/west_vc1_fifo/fifo_mem_reg[0][flit_data]_0_3_24_29/RAMC_D1/WE
-0.897,22,1,2,inter,u_mesh/GEN_R[1].r/u_datapath/west_vc2_fifo/rd_ptr_reg[1]/C,u_mesh/GEN_R[2].r/u_datapath/west_vc1_fifo/fifo_mem_reg[0][flit_data]_0_3_24_29/RAMD/WE
-0.897,22,1,2,inter,u_mesh/GEN_R[1].r/u_datapath/west_vc2_fifo/rd_ptr_reg[1]/C,u_mesh/GEN_R[2].r/u_datapath/west_vc1_fifo/fifo_mem_reg[0][flit_data]_0_3_24_29/RAMD_D1/WE
-0.897,21,4,5,inter,u_mesh/GEN_R[4].r/u_datapath/west_vc0_fifo/rd_ptr_reg[0]/C,u_mesh/GEN_R[5].r/u_datapath/west_vc1_fifo/fifo_mem_reg[0][flit_data]_0_3_12_17/RAMA/WE
-0.897,21,4,5,inter,u_mesh/GEN_R[4].r/u_datapath/west_vc0_fifo/rd_ptr_reg[0]/C,u_mesh/GEN_R[5].r/u_datapath/west_vc1_fifo/fifo_mem_reg[0][flit_data]_0_3_12_17/RAMA_D1/WE
-0.897,21,4,5,inter,u_mesh/GEN_R[4].r/u_datapath/west_vc0_fifo/rd_ptr_reg[0]/C,u_mesh/GEN_R[5].r/u_datapath/west_vc1_fifo/fifo_mem_reg[0][flit_data]_0_3_12_17/RAMB/WE
-0.897,21,4,5,inter,u_mesh/GEN_R[4].r/u_datapath/west_vc0_fifo/rd_ptr_reg[0]/C,u_mesh/GEN_R[5].r/u_datapath/west_vc1_fifo/fifo_mem_reg[0][flit_data]_0_3_12_17/RAMB_D1/WE
-0.897,21,4,5,inter,u_mesh/GEN_R[4].r/u_datapath/west_vc0_fifo/rd_ptr_reg[0]/C,u_mesh/GEN_R[5].r/u_datapath/west_vc1_fifo/fifo_mem_reg[0][flit_data]_0_3_12_17/RAMC/WE
-0.897,21,4,5,inter,u_mesh/GEN_R[4].r/u_datapath/west_vc0_fifo/rd_ptr_reg[0]/C,u_mesh/GEN_R[5].r/u_datapath/west_vc1_fifo/fifo_mem_reg[0][flit_data]_0_3_12_17/RAMC_D1/WE
-0.897,21,4,5,inter,u_mesh/GEN_R[4].r/u_datapath/west_vc0_fifo/rd_ptr_reg[0]/C,u_mesh/GEN_R[5].r/u_datapath/west_vc1_fifo/fifo_mem_reg[0][flit_data]_0_3_12_17/RAMD/WE
-0.897,21,4,5,inter,u_mesh/GEN_R[4].r/u_datapath/west_vc0_fifo/rd_ptr_reg[0]/C,u_mesh/GEN_R[5].r/u_datapath/west_vc1_fifo/fifo_mem_reg[0][flit_data]_0_3_12_17/RAMD_D1/WE
-0.895,22,0,3,inter,u_mesh/GEN_R[0].r/u_datapath/east_vc1_fifo/rd_ptr_reg[0]/C,u_mesh/GEN_R[3].r/u_datapath/north_vc1_fifo/fifo_mem_reg[0][vc_id]_0_3_0_0/DP/WE
-0.895,22,0,3,inter,u_mesh/GEN_R[0].r/u_datapath/east_vc1_fifo/rd_ptr_reg[0]/C,u_mesh/GEN_R[3].r/u_datapath/north_vc1_fifo/fifo_mem_reg[0][vc_id]_0_3_0_0/SP/WE
-0.895,22,0,3,inter,u_mesh/GEN_R[0].r/u_datapath/east_vc1_fifo/rd_ptr_reg[0]/C,u_mesh/GEN_R[3].r/u_datapath/north_vc1_fifo/fifo_mem_reg[0][vc_id]_0_3_1_1/DP/WE
-0.895,22,0,3,inter,u_mesh/GEN_R[0].r/u_datapath/east_vc1_fifo/rd_ptr_reg[0]/C,u_mesh/GEN_R[3].r/u_datapath/north_vc1_fifo/fifo_mem_reg[0][vc_id]_0_3_1_1/SP/WE
-0.893,21,4,5,inter,u_mesh/GEN_R[4].r/u_datapath/west_vc0_fifo/rd_ptr_reg[0]/C,u_mesh/GEN_R[5].r/u_datapath/west_vc1_fifo/fifo_mem_reg[0][flit_data]_0_3_6_11/RAMA/WE
-0.893,21,4,5,inter,u_mesh/GEN_R[4].r/u_datapath/west_vc0_fifo/rd_ptr_reg[0]/C,u_mesh/GEN_R[5].r/u_datapath/west_vc1_fifo/fifo_mem_reg[0][flit_data]_0_3_6_11/RAMA_D1/WE
-0.893,21,4,5,inter,u_mesh/GEN_R[4].r/u_datapath/west_vc0_fifo/rd_ptr_reg[0]/C,u_mesh/GEN_R[5].r/u_datapath/west_vc1_fifo/fifo_mem_reg[0][flit_data]_0_3_6_11/RAMB/WE
-0.893,21,4,5,inter,u_mesh/GEN_R[4].r/u_datapath/west_vc0_fifo/rd_ptr_reg[0]/C,u_mesh/GEN_R[5].r/u_datapath/west_vc1_fifo/fifo_mem_reg[0][flit_data]_0_3_6_11/RAMB_D1/WE
-0.893,21,4,5,inter,u_mesh/GEN_R[4].r/u_datapath/west_vc0_fifo/rd_ptr_reg[0]/C,u_mesh/GEN_R[5].r/u_datapath/west_vc1_fifo/fifo_mem_reg[0][flit_data]_0_3_6_11/RAMC/WE
-0.893,21,4,5,inter,u_mesh/GEN_R[4].r/u_datapath/west_vc0_fifo/rd_ptr_reg[0]/C,u_mesh/GEN_R[5].r/u_datapath/west_vc1_fifo/fifo_mem_reg[0][flit_data]_0_3_6_11/RAMC_D1/WE
-0.893,21,4,5,inter,u_mesh/GEN_R[4].r/u_datapath/west_vc0_fifo/rd_ptr_reg[0]/C,u_mesh/GEN_R[5].r/u_datapath/west_vc1_fifo/fifo_mem_reg[0][flit_data]_0_3_6_11/RAMD/WE
-0.893,21,4,5,inter,u_mesh/GEN_R[4].r/u_datapath/west_vc0_fifo/rd_ptr_reg[0]/C,u_mesh/GEN_R[5].r/u_datapath/west_vc1_fifo/fifo_mem_reg[0][flit_data]_0_3_6_11/RAMD_D1/WE
-0.890,22,2,1,inter,u_mesh/GEN_R[2].r/u_datapath/local_vc2_fifo/rd_ptr_reg[1]/C,u_mesh/GEN_R[1].r/u_datapath/east_vc0_fifo/fifo_mem_reg[0][flit_data]_0_3_0_5/RAMA/WE
-0.890,22,2,1,inter,u_mesh/GEN_R[2].r/u_datapath/local_vc2_fifo/rd_ptr_reg[1]/C,u_mesh/GEN_R[1].r/u_datapath/east_vc0_fifo/fifo_mem_reg[0][flit_data]_0_3_0_5/RAMA_D1/WE
-0.890,22,2,1,inter,u_mesh/GEN_R[2].r/u_datapath/local_vc2_fifo/rd_ptr_reg[1]/C,u_mesh/GEN_R[1].r/u_datapath/east_vc0_fifo/fifo_mem_reg[0][flit_data]_0_3_0_5/RAMB/WE
-0.890,22,2,1,inter,u_mesh/GEN_R[2].r/u_datapath/local_vc2_fifo/rd_ptr_reg[1]/C,u_mesh/GEN_R[1].r/u_datapath/east_vc0_fifo/fifo_mem_reg[0][flit_data]_0_3_0_5/RAMB_D1/WE
-0.890,22,2,1,inter,u_mesh/GEN_R[2].r/u_datapath/local_vc2_fifo/rd_ptr_reg[1]/C,u_mesh/GEN_R[1].r/u_datapath/east_vc0_fifo/fifo_mem_reg[0][flit_data]_0_3_0_5/RAMC/WE
-0.890,22,2,1,inter,u_mesh/GEN_R[2].r/u_datapath/local_vc2_fifo/rd_ptr_reg[1]/C,u_mesh/GEN_R[1].r/u_datapath/east_vc0_fifo/fifo_mem_reg[0][flit_data]_0_3_0_5/RAMC_D1/WE
-0.890,22,2,1,inter,u_mesh/GEN_R[2].r/u_datapath/local_vc2_fifo/rd_ptr_reg[1]/C,u_mesh/GEN_R[1].r/u_datapath/east_vc0_fifo/fifo_mem_reg[0][flit_data]_0_3_0_5/RAMD/WE
-0.890,22,2,1,inter,u_mesh/GEN_R[2].r/u_datapath/local_vc2_fifo/rd_ptr_reg[1]/C,u_mesh/GEN_R[1].r/u_datapath/east_vc0_fifo/fifo_mem_reg[0][flit_data]_0_3_0_5/RAMD_D1/WE
-0.890,20,4,3,inter,u_mesh/GEN_R[4].r/u_datapath/west_vc0_fifo/rd_ptr_reg[0]/C,u_mesh/GEN_R[3].r/u_datapath/east_vc0_fifo/fifo_mem_reg[0][flit_data]_0_3_6_11/RAMA/I
-0.889,21,4,5,inter,u_mesh/GEN_R[4].r/u_datapath/west_vc0_fifo/rd_ptr_reg[0]/C,u_mesh/GEN_R[5].r/u_datapath/west_vc1_fifo/fifo_mem_reg[0][flit_data]_0_3_30_31/DP/WE
-0.889,21,4,5,inter,u_mesh/GEN_R[4].r/u_datapath/west_vc0_fifo/rd_ptr_reg[0]/C,u_mesh/GEN_R[5].r/u_datapath/west_vc1_fifo/fifo_mem_reg[0][flit_data]_0_3_30_31/SP/WE
-0.889,21,4,5,inter,u_mesh/GEN_R[4].r/u_datapath/west_vc0_fifo/rd_ptr_reg[0]/C,u_mesh/GEN_R[5].r/u_datapath/west_vc1_fifo/fifo_mem_reg[0][flit_data]_0_3_30_31__0/DP/WE
-0.889,21,4,5,inter,u_mesh/GEN_R[4].r/u_datapath/west_vc0_fifo/rd_ptr_reg[0]/C,u_mesh/GEN_R[5].r/u_datapath/west_vc1_fifo/fifo_mem_reg[0][flit_data]_0_3_30_31__0/SP/WE
-0.889,21,4,5,inter,u_mesh/GEN_R[4].r/u_datapath/west_vc0_fifo/rd_ptr_reg[0]/C,u_mesh/GEN_R[5].r/u_datapath/west_vc1_fifo/fifo_mem_reg[0][flit_type]_0_3_0_0/DP/WE
-0.889,21,4,5,inter,u_mesh/GEN_R[4].r/u_datapath/west_vc0_fifo/rd_ptr_reg[0]/C,u_mesh/GEN_R[5].r/u_datapath/west_vc1_fifo/fifo_mem_reg[0][flit_type]_0_3_0_0/SP/WE
-0.889,21,4,5,inter,u_mesh/GEN_R[4].r/u_datapath/west_vc0_fifo/rd_ptr_reg[0]/C,u_mesh/GEN_R[5].r/u_datapath/west_vc1_fifo/fifo_mem_reg[0][flit_type]_0_3_1_1/DP/WE
-0.889,21,4,5,inter,u_mesh/GEN_R[4].r/u_datapath/west_vc0_fifo/rd_ptr_reg[0]/C,u_mesh/GEN_R[5].r/u_datapath/west_vc1_fifo/fifo_mem_reg[0][flit_type]_0_3_1_1/SP/WE
-0.887,22,1,0,inter,u_mesh/GEN_R[1].r/u_datapath/west_vc2_fifo/rd_ptr_reg[1]/C,u_mesh/GEN_R[0].r/u_datapath/east_vc2_fifo/fifo_mem_reg[0][flit_data]_0_3_24_29/RAMA/WE
-0.887,22,1,0,inter,u_mesh/GEN_R[1].r/u_datapath/west_vc2_fifo/rd_ptr_reg[1]/C,u_mesh/GEN_R[0].r/u_datapath/east_vc2_fifo/fifo_mem_reg[0][flit_data]_0_3_24_29/RAMA_D1/WE
-0.887,22,1,0,inter,u_mesh/GEN_R[1].r/u_datapath/west_vc2_fifo/rd_ptr_reg[1]/C,u_mesh/GEN_R[0].r/u_datapath/east_vc2_fifo/fifo_mem_reg[0][flit_data]_0_3_24_29/RAMB/WE
-0.887,22,1,0,inter,u_mesh/GEN_R[1].r/u_datapath/west_vc2_fifo/rd_ptr_reg[1]/C,u_mesh/GEN_R[0].r/u_datapath/east_vc2_fifo/fifo_mem_reg[0][flit_data]_0_3_24_29/RAMB_D1/WE
-0.887,22,1,0,inter,u_mesh/GEN_R[1].r/u_datapath/west_vc2_fifo/rd_ptr_reg[1]/C,u_mesh/GEN_R[0].r/u_datapath/east_vc2_fifo/fifo_mem_reg[0][flit_data]_0_3_24_29/RAMC/WE
-0.887,22,1,0,inter,u_mesh/GEN_R[1].r/u_datapath/west_vc2_fifo/rd_ptr_reg[1]/C,u_mesh/GEN_R[0].r/u_datapath/east_vc2_fifo/fifo_mem_reg[0][flit_data]_0_3_24_29/RAMC_D1/WE
-0.887,22,1,0,inter,u_mesh/GEN_R[1].r/u_datapath/west_vc2_fifo/rd_ptr_reg[1]/C,u_mesh/GEN_R[0].r/u_datapath/east_vc2_fifo/fifo_mem_reg[0][flit_data]_0_3_24_29/RAMD/WE
-0.887,22,1,0,inter,u_mesh/GEN_R[1].r/u_datapath/west_vc2_fifo/rd_ptr_reg[1]/C,u_mesh/GEN_R[0].r/u_datapath/east_vc2_fifo/fifo_mem_reg[0][flit_data]_0_3_24_29/RAMD_D1/WE
-0.886,22,4,3,inter,u_mesh/GEN_R[4].r/u_datapath/local_vc2_fifo/rd_ptr_reg[0]_replica/C,u_mesh/GEN_R[3].r/u_datapath/east_vc2_fifo/fifo_mem_reg[0][flit_data]_0_3_24_29/RAMA/WE
-0.886,22,4,3,inter,u_mesh/GEN_R[4].r/u_datapath/local_vc2_fifo/rd_ptr_reg[0]_replica/C,u_mesh/GEN_R[3].r/u_datapath/east_vc2_fifo/fifo_mem_reg[0][flit_data]_0_3_24_29/RAMA_D1/WE
-0.886,22,4,3,inter,u_mesh/GEN_R[4].r/u_datapath/local_vc2_fifo/rd_ptr_reg[0]_replica/C,u_mesh/GEN_R[3].r/u_datapath/east_vc2_fifo/fifo_mem_reg[0][flit_data]_0_3_24_29/RAMB/WE
-0.886,22,4,3,inter,u_mesh/GEN_R[4].r/u_datapath/local_vc2_fifo/rd_ptr_reg[0]_replica/C,u_mesh/GEN_R[3].r/u_datapath/east_vc2_fifo/fifo_mem_reg[0][flit_data]_0_3_24_29/RAMB_D1/WE
-0.886,22,4,3,inter,u_mesh/GEN_R[4].r/u_datapath/local_vc2_fifo/rd_ptr_reg[0]_replica/C,u_mesh/GEN_R[3].r/u_datapath/east_vc2_fifo/fifo_mem_reg[0][flit_data]_0_3_24_29/RAMC/WE
-0.886,22,4,3,inter,u_mesh/GEN_R[4].r/u_datapath/local_vc2_fifo/rd_ptr_reg[0]_replica/C,u_mesh/GEN_R[3].r/u_datapath/east_vc2_fifo/fifo_mem_reg[0][flit_data]_0_3_24_29/RAMC_D1/WE
-0.886,22,4,3,inter,u_mesh/GEN_R[4].r/u_datapath/local_vc2_fifo/rd_ptr_reg[0]_replica/C,u_mesh/GEN_R[3].r/u_datapath/east_vc2_fifo/fifo_mem_reg[0][flit_data]_0_3_24_29/RAMD/WE
-0.886,22,4,3,inter,u_mesh/GEN_R[4].r/u_datapath/local_vc2_fifo/rd_ptr_reg[0]_replica/C,u_mesh/GEN_R[3].r/u_datapath/east_vc2_fifo/fifo_mem_reg[0][flit_data]_0_3_24_29/RAMD_D1/WE
-0.884,22,4,1,inter,u_mesh/GEN_R[4].r/u_datapath/west_vc0_fifo/rd_ptr_reg[0]/C,u_mesh/GEN_R[1].r/u_datapath/south_vc0_fifo/fifo_mem_reg[0][flit_data]_0_3_18_23/RAMA/WE
-0.884,22,4,1,inter,u_mesh/GEN_R[4].r/u_datapath/west_vc0_fifo/rd_ptr_reg[0]/C,u_mesh/GEN_R[1].r/u_datapath/south_vc0_fifo/fifo_mem_reg[0][flit_data]_0_3_18_23/RAMA_D1/WE
-0.884,22,4,1,inter,u_mesh/GEN_R[4].r/u_datapath/west_vc0_fifo/rd_ptr_reg[0]/C,u_mesh/GEN_R[1].r/u_datapath/south_vc0_fifo/fifo_mem_reg[0][flit_data]_0_3_18_23/RAMB/WE
-0.884,22,4,1,inter,u_mesh/GEN_R[4].r/u_datapath/west_vc0_fifo/rd_ptr_reg[0]/C,u_mesh/GEN_R[1].r/u_datapath/south_vc0_fifo/fifo_mem_reg[0][flit_data]_0_3_18_23/RAMB_D1/WE
-0.884,22,4,1,inter,u_mesh/GEN_R[4].r/u_datapath/west_vc0_fifo/rd_ptr_reg[0]/C,u_mesh/GEN_R[1].r/u_datapath/south_vc0_fifo/fifo_mem_reg[0][flit_data]_0_3_18_23/RAMC/WE
-0.884,22,4,1,inter,u_mesh/GEN_R[4].r/u_datapath/west_vc0_fifo/rd_ptr_reg[0]/C,u_mesh/GEN_R[1].r/u_datapath/south_vc0_fifo/fifo_mem_reg[0][flit_data]_0_3_18_23/RAMC_D1/WE
-0.884,22,4,1,inter,u_mesh/GEN_R[4].r/u_datapath/west_vc0_fifo/rd_ptr_reg[0]/C,u_mesh/GEN_R[1].r/u_datapath/south_vc0_fifo/fifo_mem_reg[0][flit_data]_0_3_18_23/RAMD/WE
-0.884,22,4,1,inter,u_mesh/GEN_R[4].r/u_datapath/west_vc0_fifo/rd_ptr_reg[0]/C,u_mesh/GEN_R[1].r/u_datapath/south_vc0_fifo/fifo_mem_reg[0][flit_data]_0_3_18_23/RAMD_D1/WE
-0.883,21,4,5,inter,u_mesh/GEN_R[4].r/u_datapath/west_vc0_fifo/rd_ptr_reg[0]/C,u_mesh/GEN_R[5].r/u_datapath/west_vc1_fifo/fifo_mem_reg[0][flit_data]_0_3_24_29/RAMA/WE
-0.883,21,4,5,inter,u_mesh/GEN_R[4].r/u_datapath/west_vc0_fifo/rd_ptr_reg[0]/C,u_mesh/GEN_R[5].r/u_datapath/west_vc1_fifo/fifo_mem_reg[0][flit_data]_0_3_24_29/RAMA_D1/WE
-0.883,21,4,5,inter,u_mesh/GEN_R[4].r/u_datapath/west_vc0_fifo/rd_ptr_reg[0]/C,u_mesh/GEN_R[5].r/u_datapath/west_vc1_fifo/fifo_mem_reg[0][flit_data]_0_3_24_29/RAMB/WE
-0.883,21,4,5,inter,u_mesh/GEN_R[4].r/u_datapath/west_vc0_fifo/rd_ptr_reg[0]/C,u_mesh/GEN_R[5].r/u_datapath/west_vc1_fifo/fifo_mem_reg[0][flit_data]_0_3_24_29/RAMB_D1/WE
-0.883,21,4,5,inter,u_mesh/GEN_R[4].r/u_datapath/west_vc0_fifo/rd_ptr_reg[0]/C,u_mesh/GEN_R[5].r/u_datapath/west_vc1_fifo/fifo_mem_reg[0][flit_data]_0_3_24_29/RAMC/WE
-0.883,21,4,5,inter,u_mesh/GEN_R[4].r/u_datapath/west_vc0_fifo/rd_ptr_reg[0]/C,u_mesh/GEN_R[5].r/u_datapath/west_vc1_fifo/fifo_mem_reg[0][flit_data]_0_3_24_29/RAMC_D1/WE
-0.883,21,4,5,inter,u_mesh/GEN_R[4].r/u_datapath/west_vc0_fifo/rd_ptr_reg[0]/C,u_mesh/GEN_R[5].r/u_datapath/west_vc1_fifo/fifo_mem_reg[0][flit_data]_0_3_24_29/RAMD/WE
-0.883,21,4,5,inter,u_mesh/GEN_R[4].r/u_datapath/west_vc0_fifo/rd_ptr_reg[0]/C,u_mesh/GEN_R[5].r/u_datapath/west_vc1_fifo/fifo_mem_reg[0][flit_data]_0_3_24_29/RAMD_D1/WE
-0.877,22,4,5,inter,u_mesh/GEN_R[4].r/u_datapath/west_vc0_fifo/rd_ptr_reg[0]/C,u_mesh/GEN_R[5].r/u_datapath/west_vc0_fifo/fifo_mem_reg[0][flit_data]_0_3_24_29/RAMA/WE
-0.877,22,4,5,inter,u_mesh/GEN_R[4].r/u_datapath/west_vc0_fifo/rd_ptr_reg[0]/C,u_mesh/GEN_R[5].r/u_datapath/west_vc0_fifo/fifo_mem_reg[0][flit_data]_0_3_24_29/RAMA_D1/WE
-0.877,22,4,5,inter,u_mesh/GEN_R[4].r/u_datapath/west_vc0_fifo/rd_ptr_reg[0]/C,u_mesh/GEN_R[5].r/u_datapath/west_vc0_fifo/fifo_mem_reg[0][flit_data]_0_3_24_29/RAMB/WE
-0.877,22,4,5,inter,u_mesh/GEN_R[4].r/u_datapath/west_vc0_fifo/rd_ptr_reg[0]/C,u_mesh/GEN_R[5].r/u_datapath/west_vc0_fifo/fifo_mem_reg[0][flit_data]_0_3_24_29/RAMB_D1/WE
-0.877,22,4,5,inter,u_mesh/GEN_R[4].r/u_datapath/west_vc0_fifo/rd_ptr_reg[0]/C,u_mesh/GEN_R[5].r/u_datapath/west_vc0_fifo/fifo_mem_reg[0][flit_data]_0_3_24_29/RAMC/WE
-0.877,22,4,5,inter,u_mesh/GEN_R[4].r/u_datapath/west_vc0_fifo/rd_ptr_reg[0]/C,u_mesh/GEN_R[5].r/u_datapath/west_vc0_fifo/fifo_mem_reg[0][flit_data]_0_3_24_29/RAMC_D1/WE
-0.877,22,4,5,inter,u_mesh/GEN_R[4].r/u_datapath/west_vc0_fifo/rd_ptr_reg[0]/C,u_mesh/GEN_R[5].r/u_datapath/west_vc0_fifo/fifo_mem_reg[0][flit_data]_0_3_24_29/RAMD/WE
-0.877,22,4,5,inter,u_mesh/GEN_R[4].r/u_datapath/west_vc0_fifo/rd_ptr_reg[0]/C,u_mesh/GEN_R[5].r/u_datapath/west_vc0_fifo/fifo_mem_reg[0][flit_data]_0_3_24_29/RAMD_D1/WE
-0.875,22,1,4,inter,u_mesh/GEN_R[1].r/u_datapath/local_vc0_fifo/rd_ptr_reg[0]/C,u_mesh/GEN_R[4].r/u_datapath/north_vc2_fifo/fifo_mem_reg[0][flit_data]_0_3_30_31/DP/WE
-0.875,22,1,4,inter,u_mesh/GEN_R[1].r/u_datapath/local_vc0_fifo/rd_ptr_reg[0]/C,u_mesh/GEN_R[4].r/u_datapath/north_vc2_fifo/fifo_mem_reg[0][flit_data]_0_3_30_31/SP/WE
-0.875,22,1,4,inter,u_mesh/GEN_R[1].r/u_datapath/local_vc0_fifo/rd_ptr_reg[0]/C,u_mesh/GEN_R[4].r/u_datapath/north_vc2_fifo/fifo_mem_reg[0][flit_data]_0_3_30_31__0/DP/WE
-0.875,22,1,4,inter,u_mesh/GEN_R[1].r/u_datapath/local_vc0_fifo/rd_ptr_reg[0]/C,u_mesh/GEN_R[4].r/u_datapath/north_vc2_fifo/fifo_mem_reg[0][flit_data]_0_3_30_31__0/SP/WE
-0.875,22,1,4,inter,u_mesh/GEN_R[1].r/u_datapath/local_vc0_fifo/rd_ptr_reg[0]/C,u_mesh/GEN_R[4].r/u_datapath/north_vc2_fifo/fifo_mem_reg[0][flit_type]_0_3_0_0/DP/WE
-0.875,22,1,4,inter,u_mesh/GEN_R[1].r/u_datapath/local_vc0_fifo/rd_ptr_reg[0]/C,u_mesh/GEN_R[4].r/u_datapath/north_vc2_fifo/fifo_mem_reg[0][flit_type]_0_3_0_0/SP/WE
-0.875,22,1,4,inter,u_mesh/GEN_R[1].r/u_datapath/local_vc0_fifo/rd_ptr_reg[0]/C,u_mesh/GEN_R[4].r/u_datapath/north_vc2_fifo/fifo_mem_reg[0][flit_type]_0_3_1_1/DP/WE
-0.875,22,1,4,inter,u_mesh/GEN_R[1].r/u_datapath/local_vc0_fifo/rd_ptr_reg[0]/C,u_mesh/GEN_R[4].r/u_datapath/north_vc2_fifo/fifo_mem_reg[0][flit_type]_0_3_1_1/SP/WE
-0.875,22,4,1,inter,u_mesh/GEN_R[4].r/u_datapath/west_vc0_fifo/rd_ptr_reg[0]/C,u_mesh/GEN_R[1].r/u_datapath/south_vc0_fifo/fifo_mem_reg[0][flit_data]_0_3_24_29/RAMA/WE
-0.875,22,4,1,inter,u_mesh/GEN_R[4].r/u_datapath/west_vc0_fifo/rd_ptr_reg[0]/C,u_mesh/GEN_R[1].r/u_datapath/south_vc0_fifo/fifo_mem_reg[0][flit_data]_0_3_24_29/RAMA_D1/WE
-0.875,22,4,1,inter,u_mesh/GEN_R[4].r/u_datapath/west_vc0_fifo/rd_ptr_reg[0]/C,u_mesh/GEN_R[1].r/u_datapath/south_vc0_fifo/fifo_mem_reg[0][flit_data]_0_3_24_29/RAMB/WE
-0.875,22,4,1,inter,u_mesh/GEN_R[4].r/u_datapath/west_vc0_fifo/rd_ptr_reg[0]/C,u_mesh/GEN_R[1].r/u_datapath/south_vc0_fifo/fifo_mem_reg[0][flit_data]_0_3_24_29/RAMB_D1/WE
-0.875,22,4,1,inter,u_mesh/GEN_R[4].r/u_datapath/west_vc0_fifo/rd_ptr_reg[0]/C,u_mesh/GEN_R[1].r/u_datapath/south_vc0_fifo/fifo_mem_reg[0][flit_data]_0_3_24_29/RAMC/WE
-0.875,22,4,1,inter,u_mesh/GEN_R[4].r/u_datapath/west_vc0_fifo/rd_ptr_reg[0]/C,u_mesh/GEN_R[1].r/u_datapath/south_vc0_fifo/fifo_mem_reg[0][flit_data]_0_3_24_29/RAMC_D1/WE
-0.875,22,4,1,inter,u_mesh/GEN_R[4].r/u_datapath/west_vc0_fifo/rd_ptr_reg[0]/C,u_mesh/GEN_R[1].r/u_datapath/south_vc0_fifo/fifo_mem_reg[0][flit_data]_0_3_24_29/RAMD/WE
-0.875,22,4,1,inter,u_mesh/GEN_R[4].r/u_datapath/west_vc0_fifo/rd_ptr_reg[0]/C,u_mesh/GEN_R[1].r/u_datapath/south_vc0_fifo/fifo_mem_reg[0][flit_data]_0_3_24_29/RAMD_D1/WE
-0.875,21,0,3,inter,u_mesh/GEN_R[0].r/u_datapath/east_vc1_fifo/rd_ptr_reg[0]/C,u_mesh/GEN_R[3].r/u_datapath/north_vc2_fifo/fifo_mem_reg[0][flit_data]_0_3_12_17/RAMA/WE
-0.875,21,0,3,inter,u_mesh/GEN_R[0].r/u_datapath/east_vc1_fifo/rd_ptr_reg[0]/C,u_mesh/GEN_R[3].r/u_datapath/north_vc2_fifo/fifo_mem_reg[0][flit_data]_0_3_12_17/RAMA_D1/WE
-0.875,21,0,3,inter,u_mesh/GEN_R[0].r/u_datapath/east_vc1_fifo/rd_ptr_reg[0]/C,u_mesh/GEN_R[3].r/u_datapath/north_vc2_fifo/fifo_mem_reg[0][flit_data]_0_3_12_17/RAMB/WE
-0.875,21,0,3,inter,u_mesh/GEN_R[0].r/u_datapath/east_vc1_fifo/rd_ptr_reg[0]/C,u_mesh/GEN_R[3].r/u_datapath/north_vc2_fifo/fifo_mem_reg[0][flit_data]_0_3_12_17/RAMB_D1/WE
-0.875,21,0,3,inter,u_mesh/GEN_R[0].r/u_datapath/east_vc1_fifo/rd_ptr_reg[0]/C,u_mesh/GEN_R[3].r/u_datapath/north_vc2_fifo/fifo_mem_reg[0][flit_data]_0_3_12_17/RAMC/WE
-0.875,21,0,3,inter,u_mesh/GEN_R[0].r/u_datapath/east_vc1_fifo/rd_ptr_reg[0]/C,u_mesh/GEN_R[3].r/u_datapath/north_vc2_fifo/fifo_mem_reg[0][flit_data]_0_3_12_17/RAMC_D1/WE
-0.875,21,0,3,inter,u_mesh/GEN_R[0].r/u_datapath/east_vc1_fifo/rd_ptr_reg[0]/C,u_mesh/GEN_R[3].r/u_datapath/north_vc2_fifo/fifo_mem_reg[0][flit_data]_0_3_12_17/RAMD/WE
-0.875,21,0,3,inter,u_mesh/GEN_R[0].r/u_datapath/east_vc1_fifo/rd_ptr_reg[0]/C,u_mesh/GEN_R[3].r/u_datapath/north_vc2_fifo/fifo_mem_reg[0][flit_data]_0_3_12_17/RAMD_D1/WE
-0.873,22,1,4,inter,u_mesh/GEN_R[1].r/u_datapath/local_vc0_fifo/rd_ptr_reg[0]/C,u_mesh/GEN_R[4].r/u_datapath/north_vc2_fifo/fifo_mem_reg[0][flit_data]_0_3_24_29/RAMA/WE
-0.873,22,1,4,inter,u_mesh/GEN_R[1].r/u_datapath/local_vc0_fifo/rd_ptr_reg[0]/C,u_mesh/GEN_R[4].r/u_datapath/north_vc2_fifo/fifo_mem_reg[0][flit_data]_0_3_24_29/RAMA_D1/WE
-0.873,22,1,4,inter,u_mesh/GEN_R[1].r/u_datapath/local_vc0_fifo/rd_ptr_reg[0]/C,u_mesh/GEN_R[4].r/u_datapath/north_vc2_fifo/fifo_mem_reg[0][flit_data]_0_3_24_29/RAMB/WE
-0.873,22,1,4,inter,u_mesh/GEN_R[1].r/u_datapath/local_vc0_fifo/rd_ptr_reg[0]/C,u_mesh/GEN_R[4].r/u_datapath/north_vc2_fifo/fifo_mem_reg[0][flit_data]_0_3_24_29/RAMB_D1/WE
-0.873,22,1,4,inter,u_mesh/GEN_R[1].r/u_datapath/local_vc0_fifo/rd_ptr_reg[0]/C,u_mesh/GEN_R[4].r/u_datapath/north_vc2_fifo/fifo_mem_reg[0][flit_data]_0_3_24_29/RAMC/WE
-0.873,22,1,4,inter,u_mesh/GEN_R[1].r/u_datapath/local_vc0_fifo/rd_ptr_reg[0]/C,u_mesh/GEN_R[4].r/u_datapath/north_vc2_fifo/fifo_mem_reg[0][flit_data]_0_3_24_29/RAMC_D1/WE
-0.873,22,1,4,inter,u_mesh/GEN_R[1].r/u_datapath/local_vc0_fifo/rd_ptr_reg[0]/C,u_mesh/GEN_R[4].r/u_datapath/north_vc2_fifo/fifo_mem_reg[0][flit_data]_0_3_24_29/RAMD/WE
-0.873,22,1,4,inter,u_mesh/GEN_R[1].r/u_datapath/local_vc0_fifo/rd_ptr_reg[0]/C,u_mesh/GEN_R[4].r/u_datapath/north_vc2_fifo/fifo_mem_reg[0][flit_data]_0_3_24_29/RAMD_D1/WE
-0.871,22,4,5,inter,u_mesh/GEN_R[4].r/u_datapath/west_vc0_fifo/rd_ptr_reg[0]/C,u_mesh/GEN_R[5].r/u_datapath/west_vc2_fifo/fifo_mem_reg[0][flit_data]_0_3_6_11/RAMA/WE
-0.871,22,4,5,inter,u_mesh/GEN_R[4].r/u_datapath/west_vc0_fifo/rd_ptr_reg[0]/C,u_mesh/GEN_R[5].r/u_datapath/west_vc2_fifo/fifo_mem_reg[0][flit_data]_0_3_6_11/RAMA_D1/WE
-0.871,22,4,5,inter,u_mesh/GEN_R[4].r/u_datapath/west_vc0_fifo/rd_ptr_reg[0]/C,u_mesh/GEN_R[5].r/u_datapath/west_vc2_fifo/fifo_mem_reg[0][flit_data]_0_3_6_11/RAMB/WE
-0.871,22,4,5,inter,u_mesh/GEN_R[4].r/u_datapath/west_vc0_fifo/rd_ptr_reg[0]/C,u_mesh/GEN_R[5].r/u_datapath/west_vc2_fifo/fifo_mem_reg[0][flit_data]_0_3_6_11/RAMB_D1/WE
-0.871,22,4,5,inter,u_mesh/GEN_R[4].r/u_datapath/west_vc0_fifo/rd_ptr_reg[0]/C,u_mesh/GEN_R[5].r/u_datapath/west_vc2_fifo/fifo_mem_reg[0][flit_data]_0_3_6_11/RAMC/WE
-0.871,22,4,5,inter,u_mesh/GEN_R[4].r/u_datapath/west_vc0_fifo/rd_ptr_reg[0]/C,u_mesh/GEN_R[5].r/u_datapath/west_vc2_fifo/fifo_mem_reg[0][flit_data]_0_3_6_11/RAMC_D1/WE
-0.871,22,4,5,inter,u_mesh/GEN_R[4].r/u_datapath/west_vc0_fifo/rd_ptr_reg[0]/C,u_mesh/GEN_R[5].r/u_datapath/west_vc2_fifo/fifo_mem_reg[0][flit_data]_0_3_6_11/RAMD/WE
-0.871,22,4,5,inter,u_mesh/GEN_R[4].r/u_datapath/west_vc0_fifo/rd_ptr_reg[0]/C,u_mesh/GEN_R[5].r/u_datapath/west_vc2_fifo/fifo_mem_reg[0][flit_data]_0_3_6_11/RAMD_D1/WE
-0.870,22,4,5,inter,u_mesh/GEN_R[4].r/u_datapath/west_vc0_fifo/rd_ptr_reg[0]/C,u_mesh/GEN_R[5].r/u_datapath/west_vc2_fifo/fifo_mem_reg[0][flit_data]_0_3_30_31/DP/WE
-0.870,22,4,5,inter,u_mesh/GEN_R[4].r/u_datapath/west_vc0_fifo/rd_ptr_reg[0]/C,u_mesh/GEN_R[5].r/u_datapath/west_vc2_fifo/fifo_mem_reg[0][flit_data]_0_3_30_31/SP/WE
-0.870,22,4,5,inter,u_mesh/GEN_R[4].r/u_datapath/west_vc0_fifo/rd_ptr_reg[0]/C,u_mesh/GEN_R[5].r/u_datapath/west_vc2_fifo/fifo_mem_reg[0][flit_data]_0_3_30_31__0/DP/WE
-0.870,22,4,5,inter,u_mesh/GEN_R[4].r/u_datapath/west_vc0_fifo/rd_ptr_reg[0]/C,u_mesh/GEN_R[5].r/u_datapath/west_vc2_fifo/fifo_mem_reg[0][flit_data]_0_3_30_31__0/SP/WE
-0.870,22,4,5,inter,u_mesh/GEN_R[4].r/u_datapath/west_vc0_fifo/rd_ptr_reg[0]/C,u_mesh/GEN_R[5].r/u_datapath/west_vc2_fifo/fifo_mem_reg[0][flit_type]_0_3_0_0/DP/WE
-0.870,22,4,5,inter,u_mesh/GEN_R[4].r/u_datapath/west_vc0_fifo/rd_ptr_reg[0]/C,u_mesh/GEN_R[5].r/u_datapath/west_vc2_fifo/fifo_mem_reg[0][flit_type]_0_3_0_0/SP/WE
-0.870,22,4,5,inter,u_mesh/GEN_R[4].r/u_datapath/west_vc0_fifo/rd_ptr_reg[0]/C,u_mesh/GEN_R[5].r/u_datapath/west_vc2_fifo/fifo_mem_reg[0][flit_type]_0_3_1_1/DP/WE
-0.870,22,4,5,inter,u_mesh/GEN_R[4].r/u_datapath/west_vc0_fifo/rd_ptr_reg[0]/C,u_mesh/GEN_R[5].r/u_datapath/west_vc2_fifo/fifo_mem_reg[0][flit_type]_0_3_1_1/SP/WE
-0.870,22,0,3,inter,u_mesh/GEN_R[0].r/u_datapath/east_vc1_fifo/rd_ptr_reg[0]/C,u_mesh/GEN_R[3].r/u_datapath/north_vc0_fifo/fifo_mem_reg[0][flit_data]_0_3_6_11/RAMA/WE
-0.870,22,0,3,inter,u_mesh/GEN_R[0].r/u_datapath/east_vc1_fifo/rd_ptr_reg[0]/C,u_mesh/GEN_R[3].r/u_datapath/north_vc0_fifo/fifo_mem_reg[0][flit_data]_0_3_6_11/RAMA_D1/WE
-0.870,22,0,3,inter,u_mesh/GEN_R[0].r/u_datapath/east_vc1_fifo/rd_ptr_reg[0]/C,u_mesh/GEN_R[3].r/u_datapath/north_vc0_fifo/fifo_mem_reg[0][flit_data]_0_3_6_11/RAMB/WE
-0.870,22,0,3,inter,u_mesh/GEN_R[0].r/u_datapath/east_vc1_fifo/rd_ptr_reg[0]/C,u_mesh/GEN_R[3].r/u_datapath/north_vc0_fifo/fifo_mem_reg[0][flit_data]_0_3_6_11/RAMB_D1/WE
-0.870,22,0,3,inter,u_mesh/GEN_R[0].r/u_datapath/east_vc1_fifo/rd_ptr_reg[0]/C,u_mesh/GEN_R[3].r/u_datapath/north_vc0_fifo/fifo_mem_reg[0][flit_data]_0_3_6_11/RAMC/WE
-0.870,22,0,3,inter,u_mesh/GEN_R[0].r/u_datapath/east_vc1_fifo/rd_ptr_reg[0]/C,u_mesh/GEN_R[3].r/u_datapath/north_vc0_fifo/fifo_mem_reg[0][flit_data]_0_3_6_11/RAMC_D1/WE
-0.870,22,0,3,inter,u_mesh/GEN_R[0].r/u_datapath/east_vc1_fifo/rd_ptr_reg[0]/C,u_mesh/GEN_R[3].r/u_datapath/north_vc0_fifo/fifo_mem_reg[0][flit_data]_0_3_6_11/RAMD/WE
-0.870,22,0,3,inter,u_mesh/GEN_R[0].r/u_datapath/east_vc1_fifo/rd_ptr_reg[0]/C,u_mesh/GEN_R[3].r/u_datapath/north_vc0_fifo/fifo_mem_reg[0][flit_data]_0_3_6_11/RAMD_D1/WE
-0.858,22,0,3,inter,u_mesh/GEN_R[0].r/u_datapath/east_vc1_fifo/rd_ptr_reg[0]/C,u_mesh/GEN_R[3].r/u_datapath/north_vc0_fifo/fifo_mem_reg[0][flit_data]_0_3_12_17/RAMA/WE
-0.858,22,0,3,inter,u_mesh/GEN_R[0].r/u_datapath/east_vc1_fifo/rd_ptr_reg[0]/C,u_mesh/GEN_R[3].r/u_datapath/north_vc0_fifo/fifo_mem_reg[0][flit_data]_0_3_12_17/RAMA_D1/WE
-0.858,22,0,3,inter,u_mesh/GEN_R[0].r/u_datapath/east_vc1_fifo/rd_ptr_reg[0]/C,u_mesh/GEN_R[3].r/u_datapath/north_vc0_fifo/fifo_mem_reg[0][flit_data]_0_3_12_17/RAMB/WE
-0.858,22,0,3,inter,u_mesh/GEN_R[0].r/u_datapath/east_vc1_fifo/rd_ptr_reg[0]/C,u_mesh/GEN_R[3].r/u_datapath/north_vc0_fifo/fifo_mem_reg[0][flit_data]_0_3_12_17/RAMB_D1/WE
-0.858,22,0,3,inter,u_mesh/GEN_R[0].r/u_datapath/east_vc1_fifo/rd_ptr_reg[0]/C,u_mesh/GEN_R[3].r/u_datapath/north_vc0_fifo/fifo_mem_reg[0][flit_data]_0_3_12_17/RAMC/WE
-0.858,22,0,3,inter,u_mesh/GEN_R[0].r/u_datapath/east_vc1_fifo/rd_ptr_reg[0]/C,u_mesh/GEN_R[3].r/u_datapath/north_vc0_fifo/fifo_mem_reg[0][flit_data]_0_3_12_17/RAMC_D1/WE
-0.858,22,0,3,inter,u_mesh/GEN_R[0].r/u_datapath/east_vc1_fifo/rd_ptr_reg[0]/C,u_mesh/GEN_R[3].r/u_datapath/north_vc0_fifo/fifo_mem_reg[0][flit_data]_0_3_12_17/RAMD/WE
-0.858,22,0,3,inter,u_mesh/GEN_R[0].r/u_datapath/east_vc1_fifo/rd_ptr_reg[0]/C,u_mesh/GEN_R[3].r/u_datapath/north_vc0_fifo/fifo_mem_reg[0][flit_data]_0_3_12_17/RAMD_D1/WE
-0.853,21,3,0,inter,u_mesh/GEN_R[3].r/u_datapath/east_vc1_fifo/rd_ptr_reg[1]_replica/C,u_mesh/GEN_R[0].r/u_datapath/south_vc1_fifo/fifo_mem_reg[0][flit_data]_0_3_6_11/RAMA/WE
-0.853,21,3,0,inter,u_mesh/GEN_R[3].r/u_datapath/east_vc1_fifo/rd_ptr_reg[1]_replica/C,u_mesh/GEN_R[0].r/u_datapath/south_vc1_fifo/fifo_mem_reg[0][flit_data]_0_3_6_11/RAMA_D1/WE
-0.853,21,3,0,inter,u_mesh/GEN_R[3].r/u_datapath/east_vc1_fifo/rd_ptr_reg[1]_replica/C,u_mesh/GEN_R[0].r/u_datapath/south_vc1_fifo/fifo_mem_reg[0][flit_data]_0_3_6_11/RAMB/WE
-0.853,21,3,0,inter,u_mesh/GEN_R[3].r/u_datapath/east_vc1_fifo/rd_ptr_reg[1]_replica/C,u_mesh/GEN_R[0].r/u_datapath/south_vc1_fifo/fifo_mem_reg[0][flit_data]_0_3_6_11/RAMB_D1/WE
-0.853,21,3,0,inter,u_mesh/GEN_R[3].r/u_datapath/east_vc1_fifo/rd_ptr_reg[1]_replica/C,u_mesh/GEN_R[0].r/u_datapath/south_vc1_fifo/fifo_mem_reg[0][flit_data]_0_3_6_11/RAMC/WE
-0.853,21,3,0,inter,u_mesh/GEN_R[3].r/u_datapath/east_vc1_fifo/rd_ptr_reg[1]_replica/C,u_mesh/GEN_R[0].r/u_datapath/south_vc1_fifo/fifo_mem_reg[0][flit_data]_0_3_6_11/RAMC_D1/WE
-0.853,21,3,0,inter,u_mesh/GEN_R[3].r/u_datapath/east_vc1_fifo/rd_ptr_reg[1]_replica/C,u_mesh/GEN_R[0].r/u_datapath/south_vc1_fifo/fifo_mem_reg[0][flit_data]_0_3_6_11/RAMD/WE
-0.853,21,3,0,inter,u_mesh/GEN_R[3].r/u_datapath/east_vc1_fifo/rd_ptr_reg[1]_replica/C,u_mesh/GEN_R[0].r/u_datapath/south_vc1_fifo/fifo_mem_reg[0][flit_data]_0_3_6_11/RAMD_D1/WE
-0.846,21,3,0,inter,u_mesh/GEN_R[3].r/u_datapath/east_vc1_fifo/rd_ptr_reg[1]_replica/C,u_mesh/GEN_R[0].r/u_datapath/south_vc1_fifo/fifo_mem_reg[0][flit_data]_0_3_30_31/DP/WE
-0.846,21,3,0,inter,u_mesh/GEN_R[3].r/u_datapath/east_vc1_fifo/rd_ptr_reg[1]_replica/C,u_mesh/GEN_R[0].r/u_datapath/south_vc1_fifo/fifo_mem_reg[0][flit_data]_0_3_30_31/SP/WE
-0.846,21,3,0,inter,u_mesh/GEN_R[3].r/u_datapath/east_vc1_fifo/rd_ptr_reg[1]_replica/C,u_mesh/GEN_R[0].r/u_datapath/south_vc1_fifo/fifo_mem_reg[0][flit_data]_0_3_30_31__0/DP/WE
-0.846,21,3,0,inter,u_mesh/GEN_R[3].r/u_datapath/east_vc1_fifo/rd_ptr_reg[1]_replica/C,u_mesh/GEN_R[0].r/u_datapath/south_vc1_fifo/fifo_mem_reg[0][flit_data]_0_3_30_31__0/SP/WE
-0.846,21,3,0,inter,u_mesh/GEN_R[3].r/u_datapath/east_vc1_fifo/rd_ptr_reg[1]_replica/C,u_mesh/GEN_R[0].r/u_datapath/south_vc1_fifo/fifo_mem_reg[0][flit_type]_0_3_0_0/DP/WE
-0.846,21,3,0,inter,u_mesh/GEN_R[3].r/u_datapath/east_vc1_fifo/rd_ptr_reg[1]_replica/C,u_mesh/GEN_R[0].r/u_datapath/south_vc1_fifo/fifo_mem_reg[0][flit_type]_0_3_0_0/SP/WE
-0.846,21,3,0,inter,u_mesh/GEN_R[3].r/u_datapath/east_vc1_fifo/rd_ptr_reg[1]_replica/C,u_mesh/GEN_R[0].r/u_datapath/south_vc1_fifo/fifo_mem_reg[0][flit_type]_0_3_1_1/DP/WE
-0.846,21,3,0,inter,u_mesh/GEN_R[3].r/u_datapath/east_vc1_fifo/rd_ptr_reg[1]_replica/C,u_mesh/GEN_R[0].r/u_datapath/south_vc1_fifo/fifo_mem_reg[0][flit_type]_0_3_1_1/SP/WE
-0.839,22,4,1,inter,u_mesh/GEN_R[4].r/u_datapath/west_vc0_fifo/rd_ptr_reg[0]/C,u_mesh/GEN_R[1].r/u_datapath/south_vc0_fifo/fifo_mem_reg[0][vc_id]_0_3_0_0/DP/WE
-0.839,22,4,1,inter,u_mesh/GEN_R[4].r/u_datapath/west_vc0_fifo/rd_ptr_reg[0]/C,u_mesh/GEN_R[1].r/u_datapath/south_vc0_fifo/fifo_mem_reg[0][vc_id]_0_3_0_0/SP/WE
-0.839,22,4,1,inter,u_mesh/GEN_R[4].r/u_datapath/west_vc0_fifo/rd_ptr_reg[0]/C,u_mesh/GEN_R[1].r/u_datapath/south_vc0_fifo/fifo_mem_reg[0][vc_id]_0_3_1_1/DP/WE
-0.839,22,4,1,inter,u_mesh/GEN_R[4].r/u_datapath/west_vc0_fifo/rd_ptr_reg[0]/C,u_mesh/GEN_R[1].r/u_datapath/south_vc0_fifo/fifo_mem_reg[0][vc_id]_0_3_1_1/SP/WE
-0.836,22,4,1,inter,u_mesh/GEN_R[4].r/u_datapath/west_vc0_fifo/rd_ptr_reg[0]/C,u_mesh/GEN_R[1].r/u_datapath/south_vc0_fifo/fifo_mem_reg[0][flit_data]_0_3_0_5/RAMA/WE
-0.836,22,4,1,inter,u_mesh/GEN_R[4].r/u_datapath/west_vc0_fifo/rd_ptr_reg[0]/C,u_mesh/GEN_R[1].r/u_datapath/south_vc0_fifo/fifo_mem_reg[0][flit_data]_0_3_0_5/RAMA_D1/WE
-0.836,22,4,1,inter,u_mesh/GEN_R[4].r/u_datapath/west_vc0_fifo/rd_ptr_reg[0]/C,u_mesh/GEN_R[1].r/u_datapath/south_vc0_fifo/fifo_mem_reg[0][flit_data]_0_3_0_5/RAMB/WE
-0.836,22,4,1,inter,u_mesh/GEN_R[4].r/u_datapath/west_vc0_fifo/rd_ptr_reg[0]/C,u_mesh/GEN_R[1].r/u_datapath/south_vc0_fifo/fifo_mem_reg[0][flit_data]_0_3_0_5/RAMB_D1/WE
-0.836,22,4,1,inter,u_mesh/GEN_R[4].r/u_datapath/west_vc0_fifo/rd_ptr_reg[0]/C,u_mesh/GEN_R[1].r/u_datapath/south_vc0_fifo/fifo_mem_reg[0][flit_data]_0_3_0_5/RAMC/WE
-0.836,22,4,1,inter,u_mesh/GEN_R[4].r/u_datapath/west_vc0_fifo/rd_ptr_reg[0]/C,u_mesh/GEN_R[1].r/u_datapath/south_vc0_fifo/fifo_mem_reg[0][flit_data]_0_3_0_5/RAMC_D1/WE
-0.836,22,4,1,inter,u_mesh/GEN_R[4].r/u_datapath/west_vc0_fifo/rd_ptr_reg[0]/C,u_mesh/GEN_R[1].r/u_datapath/south_vc0_fifo/fifo_mem_reg[0][flit_data]_0_3_0_5/RAMD/WE
-0.836,22,4,1,inter,u_mesh/GEN_R[4].r/u_datapath/west_vc0_fifo/rd_ptr_reg[0]/C,u_mesh/GEN_R[1].r/u_datapath/south_vc0_fifo/fifo_mem_reg[0][flit_data]_0_3_0_5/RAMD_D1/WE
-0.828,22,2,1,inter,u_mesh/GEN_R[2].r/u_datapath/local_vc2_fifo/rd_ptr_reg[1]/C,u_mesh/GEN_R[1].r/u_datapath/east_vc1_fifo/fifo_mem_reg[0][flit_data]_0_3_0_5/RAMA/WE
-0.828,22,2,1,inter,u_mesh/GEN_R[2].r/u_datapath/local_vc2_fifo/rd_ptr_reg[1]/C,u_mesh/GEN_R[1].r/u_datapath/east_vc1_fifo/fifo_mem_reg[0][flit_data]_0_3_0_5/RAMA_D1/WE
-0.828,22,2,1,inter,u_mesh/GEN_R[2].r/u_datapath/local_vc2_fifo/rd_ptr_reg[1]/C,u_mesh/GEN_R[1].r/u_datapath/east_vc1_fifo/fifo_mem_reg[0][flit_data]_0_3_0_5/RAMB/WE
-0.828,22,2,1,inter,u_mesh/GEN_R[2].r/u_datapath/local_vc2_fifo/rd_ptr_reg[1]/C,u_mesh/GEN_R[1].r/u_datapath/east_vc1_fifo/fifo_mem_reg[0][flit_data]_0_3_0_5/RAMB_D1/WE
-0.828,22,2,1,inter,u_mesh/GEN_R[2].r/u_datapath/local_vc2_fifo/rd_ptr_reg[1]/C,u_mesh/GEN_R[1].r/u_datapath/east_vc1_fifo/fifo_mem_reg[0][flit_data]_0_3_0_5/RAMC/WE
-0.828,22,2,1,inter,u_mesh/GEN_R[2].r/u_datapath/local_vc2_fifo/rd_ptr_reg[1]/C,u_mesh/GEN_R[1].r/u_datapath/east_vc1_fifo/fifo_mem_reg[0][flit_data]_0_3_0_5/RAMC_D1/WE
-0.828,22,2,1,inter,u_mesh/GEN_R[2].r/u_datapath/local_vc2_fifo/rd_ptr_reg[1]/C,u_mesh/GEN_R[1].r/u_datapath/east_vc1_fifo/fifo_mem_reg[0][flit_data]_0_3_0_5/RAMD/WE
-0.828,22,2,1,inter,u_mesh/GEN_R[2].r/u_datapath/local_vc2_fifo/rd_ptr_reg[1]/C,u_mesh/GEN_R[1].r/u_datapath/east_vc1_fifo/fifo_mem_reg[0][flit_data]_0_3_0_5/RAMD_D1/WE
-0.827,22,1,4,inter,u_mesh/GEN_R[1].r/u_datapath/west_vc2_fifo/rd_ptr_reg[1]/C,u_mesh/GEN_R[4].r/u_datapath/north_vc1_fifo/fifo_mem_reg[0][flit_data]_0_3_30_31/DP/WE
-0.827,22,1,4,inter,u_mesh/GEN_R[1].r/u_datapath/west_vc2_fifo/rd_ptr_reg[1]/C,u_mesh/GEN_R[4].r/u_datapath/north_vc1_fifo/fifo_mem_reg[0][flit_data]_0_3_30_31/SP/WE
-0.827,22,1,4,inter,u_mesh/GEN_R[1].r/u_datapath/west_vc2_fifo/rd_ptr_reg[1]/C,u_mesh/GEN_R[4].r/u_datapath/north_vc1_fifo/fifo_mem_reg[0][flit_data]_0_3_30_31__0/DP/WE
-0.827,22,1,4,inter,u_mesh/GEN_R[1].r/u_datapath/west_vc2_fifo/rd_ptr_reg[1]/C,u_mesh/GEN_R[4].r/u_datapath/north_vc1_fifo/fifo_mem_reg[0][flit_data]_0_3_30_31__0/SP/WE
-0.827,22,1,4,inter,u_mesh/GEN_R[1].r/u_datapath/west_vc2_fifo/rd_ptr_reg[1]/C,u_mesh/GEN_R[4].r/u_datapath/north_vc1_fifo/fifo_mem_reg[0][flit_type]_0_3_0_0/DP/WE
-0.827,22,1,4,inter,u_mesh/GEN_R[1].r/u_datapath/west_vc2_fifo/rd_ptr_reg[1]/C,u_mesh/GEN_R[4].r/u_datapath/north_vc1_fifo/fifo_mem_reg[0][flit_type]_0_3_0_0/SP/WE
-0.827,22,1,4,inter,u_mesh/GEN_R[1].r/u_datapath/west_vc2_fifo/rd_ptr_reg[1]/C,u_mesh/GEN_R[4].r/u_datapath/north_vc1_fifo/fifo_mem_reg[0][flit_type]_0_3_1_1/DP/WE
-0.827,22,1,4,inter,u_mesh/GEN_R[1].r/u_datapath/west_vc2_fifo/rd_ptr_reg[1]/C,u_mesh/GEN_R[4].r/u_datapath/north_vc1_fifo/fifo_mem_reg[0][flit_type]_0_3_1_1/SP/WE
-0.824,22,1,4,inter,u_mesh/GEN_R[1].r/u_datapath/west_vc2_fifo/rd_ptr_reg[1]/C,u_mesh/GEN_R[4].r/u_datapath/north_vc1_fifo/fifo_mem_reg[0][flit_data]_0_3_12_17/RAMA/WE
-0.824,22,1,4,inter,u_mesh/GEN_R[1].r/u_datapath/west_vc2_fifo/rd_ptr_reg[1]/C,u_mesh/GEN_R[4].r/u_datapath/north_vc1_fifo/fifo_mem_reg[0][flit_data]_0_3_12_17/RAMA_D1/WE
-0.824,22,1,4,inter,u_mesh/GEN_R[1].r/u_datapath/west_vc2_fifo/rd_ptr_reg[1]/C,u_mesh/GEN_R[4].r/u_datapath/north_vc1_fifo/fifo_mem_reg[0][flit_data]_0_3_12_17/RAMB/WE
-0.824,22,1,4,inter,u_mesh/GEN_R[1].r/u_datapath/west_vc2_fifo/rd_ptr_reg[1]/C,u_mesh/GEN_R[4].r/u_datapath/north_vc1_fifo/fifo_mem_reg[0][flit_data]_0_3_12_17/RAMB_D1/WE
-0.824,22,1,4,inter,u_mesh/GEN_R[1].r/u_datapath/west_vc2_fifo/rd_ptr_reg[1]/C,u_mesh/GEN_R[4].r/u_datapath/north_vc1_fifo/fifo_mem_reg[0][flit_data]_0_3_12_17/RAMC/WE
-0.824,22,1,4,inter,u_mesh/GEN_R[1].r/u_datapath/west_vc2_fifo/rd_ptr_reg[1]/C,u_mesh/GEN_R[4].r/u_datapath/north_vc1_fifo/fifo_mem_reg[0][flit_data]_0_3_12_17/RAMC_D1/WE
-0.824,22,1,4,inter,u_mesh/GEN_R[1].r/u_datapath/west_vc2_fifo/rd_ptr_reg[1]/C,u_mesh/GEN_R[4].r/u_datapath/north_vc1_fifo/fifo_mem_reg[0][flit_data]_0_3_12_17/RAMD/WE
-0.824,22,1,4,inter,u_mesh/GEN_R[1].r/u_datapath/west_vc2_fifo/rd_ptr_reg[1]/C,u_mesh/GEN_R[4].r/u_datapath/north_vc1_fifo/fifo_mem_reg[0][flit_data]_0_3_12_17/RAMD_D1/WE
-0.821,22,1,0,inter,u_mesh/GEN_R[1].r/u_datapath/west_vc2_fifo/rd_ptr_reg[1]/C,u_mesh/GEN_R[0].r/u_datapath/east_vc2_fifo/fifo_mem_reg[0][flit_data]_0_3_12_17/RAMA/WE
-0.821,22,1,0,inter,u_mesh/GEN_R[1].r/u_datapath/west_vc2_fifo/rd_ptr_reg[1]/C,u_mesh/GEN_R[0].r/u_datapath/east_vc2_fifo/fifo_mem_reg[0][flit_data]_0_3_12_17/RAMA_D1/WE
-0.821,22,1,0,inter,u_mesh/GEN_R[1].r/u_datapath/west_vc2_fifo/rd_ptr_reg[1]/C,u_mesh/GEN_R[0].r/u_datapath/east_vc2_fifo/fifo_mem_reg[0][flit_data]_0_3_12_17/RAMB/WE
-0.821,22,1,0,inter,u_mesh/GEN_R[1].r/u_datapath/west_vc2_fifo/rd_ptr_reg[1]/C,u_mesh/GEN_R[0].r/u_datapath/east_vc2_fifo/fifo_mem_reg[0][flit_data]_0_3_12_17/RAMB_D1/WE
-0.821,22,1,0,inter,u_mesh/GEN_R[1].r/u_datapath/west_vc2_fifo/rd_ptr_reg[1]/C,u_mesh/GEN_R[0].r/u_datapath/east_vc2_fifo/fifo_mem_reg[0][flit_data]_0_3_12_17/RAMC/WE
-0.821,22,1,0,inter,u_mesh/GEN_R[1].r/u_datapath/west_vc2_fifo/rd_ptr_reg[1]/C,u_mesh/GEN_R[0].r/u_datapath/east_vc2_fifo/fifo_mem_reg[0][flit_data]_0_3_12_17/RAMC_D1/WE
-0.821,22,1,0,inter,u_mesh/GEN_R[1].r/u_datapath/west_vc2_fifo/rd_ptr_reg[1]/C,u_mesh/GEN_R[0].r/u_datapath/east_vc2_fifo/fifo_mem_reg[0][flit_data]_0_3_12_17/RAMD/WE
-0.821,22,1,0,inter,u_mesh/GEN_R[1].r/u_datapath/west_vc2_fifo/rd_ptr_reg[1]/C,u_mesh/GEN_R[0].r/u_datapath/east_vc2_fifo/fifo_mem_reg[0][flit_data]_0_3_12_17/RAMD_D1/WE
-0.821,22,1,2,inter,u_mesh/GEN_R[1].r/u_datapath/west_vc2_fifo/rd_ptr_reg[1]/C,u_mesh/GEN_R[2].r/u_datapath/west_vc2_fifo/fifo_mem_reg[0][flit_data]_0_3_6_11/RAMA/WE
-0.821,22,1,2,inter,u_mesh/GEN_R[1].r/u_datapath/west_vc2_fifo/rd_ptr_reg[1]/C,u_mesh/GEN_R[2].r/u_datapath/west_vc2_fifo/fifo_mem_reg[0][flit_data]_0_3_6_11/RAMA_D1/WE
-0.821,22,1,2,inter,u_mesh/GEN_R[1].r/u_datapath/west_vc2_fifo/rd_ptr_reg[1]/C,u_mesh/GEN_R[2].r/u_datapath/west_vc2_fifo/fifo_mem_reg[0][flit_data]_0_3_6_11/RAMB/WE
-0.821,22,1,2,inter,u_mesh/GEN_R[1].r/u_datapath/west_vc2_fifo/rd_ptr_reg[1]/C,u_mesh/GEN_R[2].r/u_datapath/west_vc2_fifo/fifo_mem_reg[0][flit_data]_0_3_6_11/RAMB_D1/WE
-0.821,22,1,2,inter,u_mesh/GEN_R[1].r/u_datapath/west_vc2_fifo/rd_ptr_reg[1]/C,u_mesh/GEN_R[2].r/u_datapath/west_vc2_fifo/fifo_mem_reg[0][flit_data]_0_3_6_11/RAMC/WE
-0.821,22,1,2,inter,u_mesh/GEN_R[1].r/u_datapath/west_vc2_fifo/rd_ptr_reg[1]/C,u_mesh/GEN_R[2].r/u_datapath/west_vc2_fifo/fifo_mem_reg[0][flit_data]_0_3_6_11/RAMC_D1/WE
-0.821,22,1,2,inter,u_mesh/GEN_R[1].r/u_datapath/west_vc2_fifo/rd_ptr_reg[1]/C,u_mesh/GEN_R[2].r/u_datapath/west_vc2_fifo/fifo_mem_reg[0][flit_data]_0_3_6_11/RAMD/WE
-0.821,22,1,2,inter,u_mesh/GEN_R[1].r/u_datapath/west_vc2_fifo/rd_ptr_reg[1]/C,u_mesh/GEN_R[2].r/u_datapath/west_vc2_fifo/fifo_mem_reg[0][flit_data]_0_3_6_11/RAMD_D1/WE
-0.820,20,4,3,inter,u_mesh/GEN_R[4].r/u_datapath/west_vc0_fifo/rd_ptr_reg[0]/C,u_mesh/GEN_R[3].r/u_datapath/east_vc2_fifo/fifo_mem_reg[0][flit_data]_0_3_6_11/RAMA/I
-0.816,22,4,3,inter,u_mesh/GEN_R[4].r/u_datapath/local_vc2_fifo/rd_ptr_reg[0]_replica/C,u_mesh/GEN_R[3].r/u_datapath/east_vc2_fifo/fifo_mem_reg[0][flit_data]_0_3_6_11/RAMA/WE
-0.816,22,4,3,inter,u_mesh/GEN_R[4].r/u_datapath/local_vc2_fifo/rd_ptr_reg[0]_replica/C,u_mesh/GEN_R[3].r/u_datapath/east_vc2_fifo/fifo_mem_reg[0][flit_data]_0_3_6_11/RAMA_D1/WE
-0.816,22,4,3,inter,u_mesh/GEN_R[4].r/u_datapath/local_vc2_fifo/rd_ptr_reg[0]_replica/C,u_mesh/GEN_R[3].r/u_datapath/east_vc2_fifo/fifo_mem_reg[0][flit_data]_0_3_6_11/RAMB/WE
-0.816,22,4,3,inter,u_mesh/GEN_R[4].r/u_datapath/local_vc2_fifo/rd_ptr_reg[0]_replica/C,u_mesh/GEN_R[3].r/u_datapath/east_vc2_fifo/fifo_mem_reg[0][flit_data]_0_3_6_11/RAMB_D1/WE
-0.816,22,4,3,inter,u_mesh/GEN_R[4].r/u_datapath/local_vc2_fifo/rd_ptr_reg[0]_replica/C,u_mesh/GEN_R[3].r/u_datapath/east_vc2_fifo/fifo_mem_reg[0][flit_data]_0_3_6_11/RAMC/WE
-0.816,22,4,3,inter,u_mesh/GEN_R[4].r/u_datapath/local_vc2_fifo/rd_ptr_reg[0]_replica/C,u_mesh/GEN_R[3].r/u_datapath/east_vc2_fifo/fifo_mem_reg[0][flit_data]_0_3_6_11/RAMC_D1/WE
-0.816,22,4,3,inter,u_mesh/GEN_R[4].r/u_datapath/local_vc2_fifo/rd_ptr_reg[0]_replica/C,u_mesh/GEN_R[3].r/u_datapath/east_vc2_fifo/fifo_mem_reg[0][flit_data]_0_3_6_11/RAMD/WE
-0.816,22,4,3,inter,u_mesh/GEN_R[4].r/u_datapath/local_vc2_fifo/rd_ptr_reg[0]_replica/C,u_mesh/GEN_R[3].r/u_datapath/east_vc2_fifo/fifo_mem_reg[0][flit_data]_0_3_6_11/RAMD_D1/WE
-0.816,22,4,5,inter,u_mesh/GEN_R[4].r/u_datapath/west_vc0_fifo/rd_ptr_reg[0]/C,u_mesh/GEN_R[5].r/u_datapath/west_vc2_fifo/fifo_mem_reg[0][flit_data]_0_3_24_29/RAMA/WE
-0.816,22,4,5,inter,u_mesh/GEN_R[4].r/u_datapath/west_vc0_fifo/rd_ptr_reg[0]/C,u_mesh/GEN_R[5].r/u_datapath/west_vc2_fifo/fifo_mem_reg[0][flit_data]_0_3_24_29/RAMA_D1/WE
-0.816,22,4,5,inter,u_mesh/GEN_R[4].r/u_datapath/west_vc0_fifo/rd_ptr_reg[0]/C,u_mesh/GEN_R[5].r/u_datapath/west_vc2_fifo/fifo_mem_reg[0][flit_data]_0_3_24_29/RAMB/WE
-0.816,22,4,5,inter,u_mesh/GEN_R[4].r/u_datapath/west_vc0_fifo/rd_ptr_reg[0]/C,u_mesh/GEN_R[5].r/u_datapath/west_vc2_fifo/fifo_mem_reg[0][flit_data]_0_3_24_29/RAMB_D1/WE
-0.816,22,4,5,inter,u_mesh/GEN_R[4].r/u_datapath/west_vc0_fifo/rd_ptr_reg[0]/C,u_mesh/GEN_R[5].r/u_datapath/west_vc2_fifo/fifo_mem_reg[0][flit_data]_0_3_24_29/RAMC/WE
-0.816,22,4,5,inter,u_mesh/GEN_R[4].r/u_datapath/west_vc0_fifo/rd_ptr_reg[0]/C,u_mesh/GEN_R[5].r/u_datapath/west_vc2_fifo/fifo_mem_reg[0][flit_data]_0_3_24_29/RAMC_D1/WE
-0.816,22,4,5,inter,u_mesh/GEN_R[4].r/u_datapath/west_vc0_fifo/rd_ptr_reg[0]/C,u_mesh/GEN_R[5].r/u_datapath/west_vc2_fifo/fifo_mem_reg[0][flit_data]_0_3_24_29/RAMD/WE
-0.816,22,4,5,inter,u_mesh/GEN_R[4].r/u_datapath/west_vc0_fifo/rd_ptr_reg[0]/C,u_mesh/GEN_R[5].r/u_datapath/west_vc2_fifo/fifo_mem_reg[0][flit_data]_0_3_24_29/RAMD_D1/WE
-0.815,22,1,2,inter,u_mesh/GEN_R[1].r/u_datapath/west_vc2_fifo/rd_ptr_reg[1]/C,u_mesh/GEN_R[2].r/u_datapath/west_vc2_fifo/fifo_mem_reg[0][vc_id]_0_3_0_0/DP/WE
-0.815,22,1,2,inter,u_mesh/GEN_R[1].r/u_datapath/west_vc2_fifo/rd_ptr_reg[1]/C,u_mesh/GEN_R[2].r/u_datapath/west_vc2_fifo/fifo_mem_reg[0][vc_id]_0_3_0_0/SP/WE
-0.815,22,1,2,inter,u_mesh/GEN_R[1].r/u_datapath/west_vc2_fifo/rd_ptr_reg[1]/C,u_mesh/GEN_R[2].r/u_datapath/west_vc2_fifo/fifo_mem_reg[0][vc_id]_0_3_1_1/DP/WE
-0.815,22,1,2,inter,u_mesh/GEN_R[1].r/u_datapath/west_vc2_fifo/rd_ptr_reg[1]/C,u_mesh/GEN_R[2].r/u_datapath/west_vc2_fifo/fifo_mem_reg[0][vc_id]_0_3_1_1/SP/WE
-0.813,21,3,4,inter,u_mesh/GEN_R[3].r/u_datapath/east_vc1_fifo/rd_ptr_reg[1]_replica/C,u_mesh/GEN_R[4].r/u_datapath/west_vc2_fifo/fifo_mem_reg[0][flit_data]_0_3_18_23/RAMA/WE
-0.813,21,3,4,inter,u_mesh/GEN_R[3].r/u_datapath/east_vc1_fifo/rd_ptr_reg[1]_replica/C,u_mesh/GEN_R[4].r/u_datapath/west_vc2_fifo/fifo_mem_reg[0][flit_data]_0_3_18_23/RAMA_D1/WE
-0.813,21,3,4,inter,u_mesh/GEN_R[3].r/u_datapath/east_vc1_fifo/rd_ptr_reg[1]_replica/C,u_mesh/GEN_R[4].r/u_datapath/west_vc2_fifo/fifo_mem_reg[0][flit_data]_0_3_18_23/RAMB/WE
-0.813,21,3,4,inter,u_mesh/GEN_R[3].r/u_datapath/east_vc1_fifo/rd_ptr_reg[1]_replica/C,u_mesh/GEN_R[4].r/u_datapath/west_vc2_fifo/fifo_mem_reg[0][flit_data]_0_3_18_23/RAMB_D1/WE
-0.813,21,3,4,inter,u_mesh/GEN_R[3].r/u_datapath/east_vc1_fifo/rd_ptr_reg[1]_replica/C,u_mesh/GEN_R[4].r/u_datapath/west_vc2_fifo/fifo_mem_reg[0][flit_data]_0_3_18_23/RAMC/WE
-0.813,21,3,4,inter,u_mesh/GEN_R[3].r/u_datapath/east_vc1_fifo/rd_ptr_reg[1]_replica/C,u_mesh/GEN_R[4].r/u_datapath/west_vc2_fifo/fifo_mem_reg[0][flit_data]_0_3_18_23/RAMC_D1/WE
-0.813,21,3,4,inter,u_mesh/GEN_R[3].r/u_datapath/east_vc1_fifo/rd_ptr_reg[1]_replica/C,u_mesh/GEN_R[4].r/u_datapath/west_vc2_fifo/fifo_mem_reg[0][flit_data]_0_3_18_23/RAMD/WE
-0.813,21,3,4,inter,u_mesh/GEN_R[3].r/u_datapath/east_vc1_fifo/rd_ptr_reg[1]_replica/C,u_mesh/GEN_R[4].r/u_datapath/west_vc2_fifo/fifo_mem_reg[0][flit_data]_0_3_18_23/RAMD_D1/WE
-0.809,22,2,1,inter,u_mesh/GEN_R[2].r/u_datapath/local_vc2_fifo/rd_ptr_reg[1]/C,u_mesh/GEN_R[1].r/u_datapath/east_vc1_fifo/fifo_mem_reg[0][flit_data]_0_3_30_31/DP/WE
-0.809,22,2,1,inter,u_mesh/GEN_R[2].r/u_datapath/local_vc2_fifo/rd_ptr_reg[1]/C,u_mesh/GEN_R[1].r/u_datapath/east_vc1_fifo/fifo_mem_reg[0][flit_data]_0_3_30_31/SP/WE
-0.809,22,2,1,inter,u_mesh/GEN_R[2].r/u_datapath/local_vc2_fifo/rd_ptr_reg[1]/C,u_mesh/GEN_R[1].r/u_datapath/east_vc1_fifo/fifo_mem_reg[0][flit_data]_0_3_30_31__0/DP/WE
-0.809,22,2,1,inter,u_mesh/GEN_R[2].r/u_datapath/local_vc2_fifo/rd_ptr_reg[1]/C,u_mesh/GEN_R[1].r/u_datapath/east_vc1_fifo/fifo_mem_reg[0][flit_data]_0_3_30_31__0/SP/WE
-0.809,22,2,1,inter,u_mesh/GEN_R[2].r/u_datapath/local_vc2_fifo/rd_ptr_reg[1]/C,u_mesh/GEN_R[1].r/u_datapath/east_vc1_fifo/fifo_mem_reg[0][flit_type]_0_3_0_0/DP/WE
-0.809,22,2,1,inter,u_mesh/GEN_R[2].r/u_datapath/local_vc2_fifo/rd_ptr_reg[1]/C,u_mesh/GEN_R[1].r/u_datapath/east_vc1_fifo/fifo_mem_reg[0][flit_type]_0_3_0_0/SP/WE
-0.809,22,2,1,inter,u_mesh/GEN_R[2].r/u_datapath/local_vc2_fifo/rd_ptr_reg[1]/C,u_mesh/GEN_R[1].r/u_datapath/east_vc1_fifo/fifo_mem_reg[0][flit_type]_0_3_1_1/DP/WE
-0.809,22,2,1,inter,u_mesh/GEN_R[2].r/u_datapath/local_vc2_fifo/rd_ptr_reg[1]/C,u_mesh/GEN_R[1].r/u_datapath/east_vc1_fifo/fifo_mem_reg[0][flit_type]_0_3_1_1/SP/WE
-0.807,22,1,0,inter,u_mesh/GEN_R[1].r/u_datapath/west_vc2_fifo/rd_ptr_reg[1]/C,u_mesh/GEN_R[0].r/u_datapath/east_vc2_fifo/fifo_mem_reg[0][flit_data]_0_3_18_23/RAMA/WE
-0.807,22,1,0,inter,u_mesh/GEN_R[1].r/u_datapath/west_vc2_fifo/rd_ptr_reg[1]/C,u_mesh/GEN_R[0].r/u_datapath/east_vc2_fifo/fifo_mem_reg[0][flit_data]_0_3_18_23/RAMA_D1/WE
-0.807,22,1,0,inter,u_mesh/GEN_R[1].r/u_datapath/west_vc2_fifo/rd_ptr_reg[1]/C,u_mesh/GEN_R[0].r/u_datapath/east_vc2_fifo/fifo_mem_reg[0][flit_data]_0_3_18_23/RAMB/WE
-0.807,22,1,0,inter,u_mesh/GEN_R[1].r/u_datapath/west_vc2_fifo/rd_ptr_reg[1]/C,u_mesh/GEN_R[0].r/u_datapath/east_vc2_fifo/fifo_mem_reg[0][flit_data]_0_3_18_23/RAMB_D1/WE
-0.807,22,1,0,inter,u_mesh/GEN_R[1].r/u_datapath/west_vc2_fifo/rd_ptr_reg[1]/C,u_mesh/GEN_R[0].r/u_datapath/east_vc2_fifo/fifo_mem_reg[0][flit_data]_0_3_18_23/RAMC/WE
-0.807,22,1,0,inter,u_mesh/GEN_R[1].r/u_datapath/west_vc2_fifo/rd_ptr_reg[1]/C,u_mesh/GEN_R[0].r/u_datapath/east_vc2_fifo/fifo_mem_reg[0][flit_data]_0_3_18_23/RAMC_D1/WE
-0.807,22,1,0,inter,u_mesh/GEN_R[1].r/u_datapath/west_vc2_fifo/rd_ptr_reg[1]/C,u_mesh/GEN_R[0].r/u_datapath/east_vc2_fifo/fifo_mem_reg[0][flit_data]_0_3_18_23/RAMD/WE
-0.807,22,1,0,inter,u_mesh/GEN_R[1].r/u_datapath/west_vc2_fifo/rd_ptr_reg[1]/C,u_mesh/GEN_R[0].r/u_datapath/east_vc2_fifo/fifo_mem_reg[0][flit_data]_0_3_18_23/RAMD_D1/WE
-0.806,22,4,3,inter,u_mesh/GEN_R[4].r/u_datapath/local_vc2_fifo/rd_ptr_reg[0]_replica/C,u_mesh/GEN_R[3].r/u_datapath/east_vc0_fifo/fifo_mem_reg[0][vc_id]_0_3_0_0/DP/WE
-0.806,22,4,3,inter,u_mesh/GEN_R[4].r/u_datapath/local_vc2_fifo/rd_ptr_reg[0]_replica/C,u_mesh/GEN_R[3].r/u_datapath/east_vc0_fifo/fifo_mem_reg[0][vc_id]_0_3_0_0/SP/WE
-0.806,22,4,3,inter,u_mesh/GEN_R[4].r/u_datapath/local_vc2_fifo/rd_ptr_reg[0]_replica/C,u_mesh/GEN_R[3].r/u_datapath/east_vc0_fifo/fifo_mem_reg[0][vc_id]_0_3_1_1/DP/WE
-0.806,22,4,3,inter,u_mesh/GEN_R[4].r/u_datapath/local_vc2_fifo/rd_ptr_reg[0]_replica/C,u_mesh/GEN_R[3].r/u_datapath/east_vc0_fifo/fifo_mem_reg[0][vc_id]_0_3_1_1/SP/WE
-0.805,22,2,1,inter,u_mesh/GEN_R[2].r/u_datapath/local_vc2_fifo/rd_ptr_reg[1]/C,u_mesh/GEN_R[1].r/u_datapath/east_vc1_fifo/fifo_mem_reg[0][vc_id]_0_3_0_0/DP/WE
-0.805,22,2,1,inter,u_mesh/GEN_R[2].r/u_datapath/local_vc2_fifo/rd_ptr_reg[1]/C,u_mesh/GEN_R[1].r/u_datapath/east_vc1_fifo/fifo_mem_reg[0][vc_id]_0_3_0_0/SP/WE
-0.805,22,2,1,inter,u_mesh/GEN_R[2].r/u_datapath/local_vc2_fifo/rd_ptr_reg[1]/C,u_mesh/GEN_R[1].r/u_datapath/east_vc1_fifo/fifo_mem_reg[0][vc_id]_0_3_1_1/DP/WE
-0.805,22,2,1,inter,u_mesh/GEN_R[2].r/u_datapath/local_vc2_fifo/rd_ptr_reg[1]/C,u_mesh/GEN_R[1].r/u_datapath/east_vc1_fifo/fifo_mem_reg[0][vc_id]_0_3_1_1/SP/WE
-0.802,21,3,4,inter,u_mesh/GEN_R[3].r/u_datapath/east_vc1_fifo/rd_ptr_reg[1]_replica/C,u_mesh/GEN_R[4].r/u_datapath/west_vc2_fifo/fifo_mem_reg[0][flit_data]_0_3_12_17/RAMA/WE
-0.802,21,3,4,inter,u_mesh/GEN_R[3].r/u_datapath/east_vc1_fifo/rd_ptr_reg[1]_replica/C,u_mesh/GEN_R[4].r/u_datapath/west_vc2_fifo/fifo_mem_reg[0][flit_data]_0_3_12_17/RAMA_D1/WE
-0.802,21,3,4,inter,u_mesh/GEN_R[3].r/u_datapath/east_vc1_fifo/rd_ptr_reg[1]_replica/C,u_mesh/GEN_R[4].r/u_datapath/west_vc2_fifo/fifo_mem_reg[0][flit_data]_0_3_12_17/RAMB/WE
-0.802,21,3,4,inter,u_mesh/GEN_R[3].r/u_datapath/east_vc1_fifo/rd_ptr_reg[1]_replica/C,u_mesh/GEN_R[4].r/u_datapath/west_vc2_fifo/fifo_mem_reg[0][flit_data]_0_3_12_17/RAMB_D1/WE
-0.802,21,3,4,inter,u_mesh/GEN_R[3].r/u_datapath/east_vc1_fifo/rd_ptr_reg[1]_replica/C,u_mesh/GEN_R[4].r/u_datapath/west_vc2_fifo/fifo_mem_reg[0][flit_data]_0_3_12_17/RAMC/WE
-0.802,21,3,4,inter,u_mesh/GEN_R[3].r/u_datapath/east_vc1_fifo/rd_ptr_reg[1]_replica/C,u_mesh/GEN_R[4].r/u_datapath/west_vc2_fifo/fifo_mem_reg[0][flit_data]_0_3_12_17/RAMC_D1/WE
-0.802,21,3,4,inter,u_mesh/GEN_R[3].r/u_datapath/east_vc1_fifo/rd_ptr_reg[1]_replica/C,u_mesh/GEN_R[4].r/u_datapath/west_vc2_fifo/fifo_mem_reg[0][flit_data]_0_3_12_17/RAMD/WE
-0.802,21,3,4,inter,u_mesh/GEN_R[3].r/u_datapath/east_vc1_fifo/rd_ptr_reg[1]_replica/C,u_mesh/GEN_R[4].r/u_datapath/west_vc2_fifo/fifo_mem_reg[0][flit_data]_0_3_12_17/RAMD_D1/WE
-0.801,21,0,3,inter,u_mesh/GEN_R[0].r/u_datapath/east_vc1_fifo/rd_ptr_reg[0]/C,u_mesh/GEN_R[3].r/u_datapath/north_vc2_fifo/fifo_mem_reg[0][vc_id]_0_3_0_0/DP/WE
-0.801,21,0,3,inter,u_mesh/GEN_R[0].r/u_datapath/east_vc1_fifo/rd_ptr_reg[0]/C,u_mesh/GEN_R[3].r/u_datapath/north_vc2_fifo/fifo_mem_reg[0][vc_id]_0_3_0_0/SP/WE
-0.801,21,0,3,inter,u_mesh/GEN_R[0].r/u_datapath/east_vc1_fifo/rd_ptr_reg[0]/C,u_mesh/GEN_R[3].r/u_datapath/north_vc2_fifo/fifo_mem_reg[0][vc_id]_0_3_1_1/DP/WE
-0.801,21,0,3,inter,u_mesh/GEN_R[0].r/u_datapath/east_vc1_fifo/rd_ptr_reg[0]/C,u_mesh/GEN_R[3].r/u_datapath/north_vc2_fifo/fifo_mem_reg[0][vc_id]_0_3_1_1/SP/WE
-0.800,22,4,3,inter,u_mesh/GEN_R[4].r/u_datapath/local_vc2_fifo/rd_ptr_reg[0]_replica/C,u_mesh/GEN_R[3].r/u_datapath/east_vc0_fifo/fifo_mem_reg[0][flit_data]_0_3_12_17/RAMA/WE
-0.800,22,4,3,inter,u_mesh/GEN_R[4].r/u_datapath/local_vc2_fifo/rd_ptr_reg[0]_replica/C,u_mesh/GEN_R[3].r/u_datapath/east_vc0_fifo/fifo_mem_reg[0][flit_data]_0_3_12_17/RAMA_D1/WE
-0.800,22,4,3,inter,u_mesh/GEN_R[4].r/u_datapath/local_vc2_fifo/rd_ptr_reg[0]_replica/C,u_mesh/GEN_R[3].r/u_datapath/east_vc0_fifo/fifo_mem_reg[0][flit_data]_0_3_12_17/RAMB/WE
-0.800,22,4,3,inter,u_mesh/GEN_R[4].r/u_datapath/local_vc2_fifo/rd_ptr_reg[0]_replica/C,u_mesh/GEN_R[3].r/u_datapath/east_vc0_fifo/fifo_mem_reg[0][flit_data]_0_3_12_17/RAMB_D1/WE
-0.800,22,4,3,inter,u_mesh/GEN_R[4].r/u_datapath/local_vc2_fifo/rd_ptr_reg[0]_replica/C,u_mesh/GEN_R[3].r/u_datapath/east_vc0_fifo/fifo_mem_reg[0][flit_data]_0_3_12_17/RAMC/WE
-0.800,22,4,3,inter,u_mesh/GEN_R[4].r/u_datapath/local_vc2_fifo/rd_ptr_reg[0]_replica/C,u_mesh/GEN_R[3].r/u_datapath/east_vc0_fifo/fifo_mem_reg[0][flit_data]_0_3_12_17/RAMC_D1/WE
-0.800,22,4,3,inter,u_mesh/GEN_R[4].r/u_datapath/local_vc2_fifo/rd_ptr_reg[0]_replica/C,u_mesh/GEN_R[3].r/u_datapath/east_vc0_fifo/fifo_mem_reg[0][flit_data]_0_3_12_17/RAMD/WE
-0.800,22,4,3,inter,u_mesh/GEN_R[4].r/u_datapath/local_vc2_fifo/rd_ptr_reg[0]_replica/C,u_mesh/GEN_R[3].r/u_datapath/east_vc0_fifo/fifo_mem_reg[0][flit_data]_0_3_12_17/RAMD_D1/WE
-0.799,21,0,1,inter,u_mesh/GEN_R[0].r/u_datapath/east_vc1_fifo/rd_ptr_reg[0]/C,u_mesh/GEN_R[1].r/u_datapath/west_vc1_fifo/fifo_mem_reg[0][flit_data]_0_3_18_23/RAMA/WE
-0.799,21,0,1,inter,u_mesh/GEN_R[0].r/u_datapath/east_vc1_fifo/rd_ptr_reg[0]/C,u_mesh/GEN_R[1].r/u_datapath/west_vc1_fifo/fifo_mem_reg[0][flit_data]_0_3_18_23/RAMA_D1/WE
-0.799,21,0,1,inter,u_mesh/GEN_R[0].r/u_datapath/east_vc1_fifo/rd_ptr_reg[0]/C,u_mesh/GEN_R[1].r/u_datapath/west_vc1_fifo/fifo_mem_reg[0][flit_data]_0_3_18_23/RAMB/WE
-0.799,21,0,1,inter,u_mesh/GEN_R[0].r/u_datapath/east_vc1_fifo/rd_ptr_reg[0]/C,u_mesh/GEN_R[1].r/u_datapath/west_vc1_fifo/fifo_mem_reg[0][flit_data]_0_3_18_23/RAMB_D1/WE
-0.799,21,0,1,inter,u_mesh/GEN_R[0].r/u_datapath/east_vc1_fifo/rd_ptr_reg[0]/C,u_mesh/GEN_R[1].r/u_datapath/west_vc1_fifo/fifo_mem_reg[0][flit_data]_0_3_18_23/RAMC/WE
-0.799,21,0,1,inter,u_mesh/GEN_R[0].r/u_datapath/east_vc1_fifo/rd_ptr_reg[0]/C,u_mesh/GEN_R[1].r/u_datapath/west_vc1_fifo/fifo_mem_reg[0][flit_data]_0_3_18_23/RAMC_D1/WE
-0.799,21,0,1,inter,u_mesh/GEN_R[0].r/u_datapath/east_vc1_fifo/rd_ptr_reg[0]/C,u_mesh/GEN_R[1].r/u_datapath/west_vc1_fifo/fifo_mem_reg[0][flit_data]_0_3_18_23/RAMD/WE
-0.799,21,0,1,inter,u_mesh/GEN_R[0].r/u_datapath/east_vc1_fifo/rd_ptr_reg[0]/C,u_mesh/GEN_R[1].r/u_datapath/west_vc1_fifo/fifo_mem_reg[0][flit_data]_0_3_18_23/RAMD_D1/WE
-0.793,22,1,2,inter,u_mesh/GEN_R[1].r/u_datapath/west_vc2_fifo/rd_ptr_reg[1]/C,u_mesh/GEN_R[2].r/u_datapath/west_vc2_fifo/fifo_mem_reg[0][flit_data]_0_3_30_31/DP/WE
-0.793,22,1,2,inter,u_mesh/GEN_R[1].r/u_datapath/west_vc2_fifo/rd_ptr_reg[1]/C,u_mesh/GEN_R[2].r/u_datapath/west_vc2_fifo/fifo_mem_reg[0][flit_data]_0_3_30_31/SP/WE
-0.793,22,1,2,inter,u_mesh/GEN_R[1].r/u_datapath/west_vc2_fifo/rd_ptr_reg[1]/C,u_mesh/GEN_R[2].r/u_datapath/west_vc2_fifo/fifo_mem_reg[0][flit_data]_0_3_30_31__0/DP/WE
-0.793,22,1,2,inter,u_mesh/GEN_R[1].r/u_datapath/west_vc2_fifo/rd_ptr_reg[1]/C,u_mesh/GEN_R[2].r/u_datapath/west_vc2_fifo/fifo_mem_reg[0][flit_data]_0_3_30_31__0/SP/WE
-0.793,22,1,2,inter,u_mesh/GEN_R[1].r/u_datapath/west_vc2_fifo/rd_ptr_reg[1]/C,u_mesh/GEN_R[2].r/u_datapath/west_vc2_fifo/fifo_mem_reg[0][flit_type]_0_3_0_0/DP/WE
-0.793,22,1,2,inter,u_mesh/GEN_R[1].r/u_datapath/west_vc2_fifo/rd_ptr_reg[1]/C,u_mesh/GEN_R[2].r/u_datapath/west_vc2_fifo/fifo_mem_reg[0][flit_type]_0_3_0_0/SP/WE
-0.793,22,1,2,inter,u_mesh/GEN_R[1].r/u_datapath/west_vc2_fifo/rd_ptr_reg[1]/C,u_mesh/GEN_R[2].r/u_datapath/west_vc2_fifo/fifo_mem_reg[0][flit_type]_0_3_1_1/DP/WE
-0.793,22,1,2,inter,u_mesh/GEN_R[1].r/u_datapath/west_vc2_fifo/rd_ptr_reg[1]/C,u_mesh/GEN_R[2].r/u_datapath/west_vc2_fifo/fifo_mem_reg[0][flit_type]_0_3_1_1/SP/WE
-0.791,22,0,1,inter,u_mesh/GEN_R[0].r/u_datapath/east_vc1_fifo/rd_ptr_reg[0]/C,u_mesh/GEN_R[1].r/u_datapath/west_vc0_fifo/fifo_mem_reg[0][flit_data]_0_3_0_5/RAMA/WE
-0.791,22,0,1,inter,u_mesh/GEN_R[0].r/u_datapath/east_vc1_fifo/rd_ptr_reg[0]/C,u_mesh/GEN_R[1].r/u_datapath/west_vc0_fifo/fifo_mem_reg[0][flit_data]_0_3_0_5/RAMA_D1/WE
-0.791,22,0,1,inter,u_mesh/GEN_R[0].r/u_datapath/east_vc1_fifo/rd_ptr_reg[0]/C,u_mesh/GEN_R[1].r/u_datapath/west_vc0_fifo/fifo_mem_reg[0][flit_data]_0_3_0_5/RAMB/WE
-0.791,22,0,1,inter,u_mesh/GEN_R[0].r/u_datapath/east_vc1_fifo/rd_ptr_reg[0]/C,u_mesh/GEN_R[1].r/u_datapath/west_vc0_fifo/fifo_mem_reg[0][flit_data]_0_3_0_5/RAMB_D1/WE
-0.791,22,0,1,inter,u_mesh/GEN_R[0].r/u_datapath/east_vc1_fifo/rd_ptr_reg[0]/C,u_mesh/GEN_R[1].r/u_datapath/west_vc0_fifo/fifo_mem_reg[0][flit_data]_0_3_0_5/RAMC/WE
-0.791,22,0,1,inter,u_mesh/GEN_R[0].r/u_datapath/east_vc1_fifo/rd_ptr_reg[0]/C,u_mesh/GEN_R[1].r/u_datapath/west_vc0_fifo/fifo_mem_reg[0][flit_data]_0_3_0_5/RAMC_D1/WE
-0.791,22,0,1,inter,u_mesh/GEN_R[0].r/u_datapath/east_vc1_fifo/rd_ptr_reg[0]/C,u_mesh/GEN_R[1].r/u_datapath/west_vc0_fifo/fifo_mem_reg[0][flit_data]_0_3_0_5/RAMD/WE
-0.791,22,0,1,inter,u_mesh/GEN_R[0].r/u_datapath/east_vc1_fifo/rd_ptr_reg[0]/C,u_mesh/GEN_R[1].r/u_datapath/west_vc0_fifo/fifo_mem_reg[0][flit_data]_0_3_0_5/RAMD_D1/WE
-0.790,22,2,1,inter,u_mesh/GEN_R[2].r/u_datapath/local_vc2_fifo/rd_ptr_reg[1]/C,u_mesh/GEN_R[1].r/u_datapath/east_vc2_fifo/fifo_mem_reg[0][flit_data]_0_3_0_5/RAMA/WE
-0.790,22,2,1,inter,u_mesh/GEN_R[2].r/u_datapath/local_vc2_fifo/rd_ptr_reg[1]/C,u_mesh/GEN_R[1].r/u_datapath/east_vc2_fifo/fifo_mem_reg[0][flit_data]_0_3_0_5/RAMA_D1/WE
-0.790,22,2,1,inter,u_mesh/GEN_R[2].r/u_datapath/local_vc2_fifo/rd_ptr_reg[1]/C,u_mesh/GEN_R[1].r/u_datapath/east_vc2_fifo/fifo_mem_reg[0][flit_data]_0_3_0_5/RAMB/WE
-0.790,22,2,1,inter,u_mesh/GEN_R[2].r/u_datapath/local_vc2_fifo/rd_ptr_reg[1]/C,u_mesh/GEN_R[1].r/u_datapath/east_vc2_fifo/fifo_mem_reg[0][flit_data]_0_3_0_5/RAMB_D1/WE
-0.790,22,2,1,inter,u_mesh/GEN_R[2].r/u_datapath/local_vc2_fifo/rd_ptr_reg[1]/C,u_mesh/GEN_R[1].r/u_datapath/east_vc2_fifo/fifo_mem_reg[0][flit_data]_0_3_0_5/RAMC/WE
-0.790,22,2,1,inter,u_mesh/GEN_R[2].r/u_datapath/local_vc2_fifo/rd_ptr_reg[1]/C,u_mesh/GEN_R[1].r/u_datapath/east_vc2_fifo/fifo_mem_reg[0][flit_data]_0_3_0_5/RAMC_D1/WE
-0.790,22,2,1,inter,u_mesh/GEN_R[2].r/u_datapath/local_vc2_fifo/rd_ptr_reg[1]/C,u_mesh/GEN_R[1].r/u_datapath/east_vc2_fifo/fifo_mem_reg[0][flit_data]_0_3_0_5/RAMD/WE
-0.790,22,2,1,inter,u_mesh/GEN_R[2].r/u_datapath/local_vc2_fifo/rd_ptr_reg[1]/C,u_mesh/GEN_R[1].r/u_datapath/east_vc2_fifo/fifo_mem_reg[0][flit_data]_0_3_0_5/RAMD_D1/WE
-0.788,22,1,4,inter,u_mesh/GEN_R[1].r/u_datapath/local_vc0_fifo/rd_ptr_reg[0]/C,u_mesh/GEN_R[4].r/u_datapath/north_vc2_fifo/fifo_mem_reg[0][flit_data]_0_3_6_11/RAMA/WE
-0.788,22,1,4,inter,u_mesh/GEN_R[1].r/u_datapath/local_vc0_fifo/rd_ptr_reg[0]/C,u_mesh/GEN_R[4].r/u_datapath/north_vc2_fifo/fifo_mem_reg[0][flit_data]_0_3_6_11/RAMA_D1/WE
-0.788,22,1,4,inter,u_mesh/GEN_R[1].r/u_datapath/local_vc0_fifo/rd_ptr_reg[0]/C,u_mesh/GEN_R[4].r/u_datapath/north_vc2_fifo/fifo_mem_reg[0][flit_data]_0_3_6_11/RAMB/WE
-0.788,22,1,4,inter,u_mesh/GEN_R[1].r/u_datapath/local_vc0_fifo/rd_ptr_reg[0]/C,u_mesh/GEN_R[4].r/u_datapath/north_vc2_fifo/fifo_mem_reg[0][flit_data]_0_3_6_11/RAMB_D1/WE
-0.788,22,1,4,inter,u_mesh/GEN_R[1].r/u_datapath/local_vc0_fifo/rd_ptr_reg[0]/C,u_mesh/GEN_R[4].r/u_datapath/north_vc2_fifo/fifo_mem_reg[0][flit_data]_0_3_6_11/RAMC/WE
-0.788,22,1,4,inter,u_mesh/GEN_R[1].r/u_datapath/local_vc0_fifo/rd_ptr_reg[0]/C,u_mesh/GEN_R[4].r/u_datapath/north_vc2_fifo/fifo_mem_reg[0][flit_data]_0_3_6_11/RAMC_D1/WE
-0.788,22,1,4,inter,u_mesh/GEN_R[1].r/u_datapath/local_vc0_fifo/rd_ptr_reg[0]/C,u_mesh/GEN_R[4].r/u_datapath/north_vc2_fifo/fifo_mem_reg[0][flit_data]_0_3_6_11/RAMD/WE
-0.788,22,1,4,inter,u_mesh/GEN_R[1].r/u_datapath/local_vc0_fifo/rd_ptr_reg[0]/C,u_mesh/GEN_R[4].r/u_datapath/north_vc2_fifo/fifo_mem_reg[0][flit_data]_0_3_6_11/RAMD_D1/WE
-0.788,20,4,3,inter,u_mesh/GEN_R[4].r/u_datapath/west_vc0_fifo/rd_ptr_reg[0]/C,u_mesh/GEN_R[3].r/u_datapath/east_vc2_fifo/fifo_mem_reg[0][flit_data]_0_3_0_5/RAMB/I
-0.784,21,5,4,inter,u_mesh/GEN_R[5].r/u_datapath/local_vc1_fifo/rd_ptr_reg[0]/C,u_mesh/GEN_R[4].r/u_datapath/east_vc2_fifo/fifo_mem_reg[0][flit_data]_0_3_18_23/RAMA/WE
-0.784,21,5,4,inter,u_mesh/GEN_R[5].r/u_datapath/local_vc1_fifo/rd_ptr_reg[0]/C,u_mesh/GEN_R[4].r/u_datapath/east_vc2_fifo/fifo_mem_reg[0][flit_data]_0_3_18_23/RAMA_D1/WE
-0.784,21,5,4,inter,u_mesh/GEN_R[5].r/u_datapath/local_vc1_fifo/rd_ptr_reg[0]/C,u_mesh/GEN_R[4].r/u_datapath/east_vc2_fifo/fifo_mem_reg[0][flit_data]_0_3_18_23/RAMB/WE
-0.784,21,5,4,inter,u_mesh/GEN_R[5].r/u_datapath/local_vc1_fifo/rd_ptr_reg[0]/C,u_mesh/GEN_R[4].r/u_datapath/east_vc2_fifo/fifo_mem_reg[0][flit_data]_0_3_18_23/RAMB_D1/WE
-0.784,21,5,4,inter,u_mesh/GEN_R[5].r/u_datapath/local_vc1_fifo/rd_ptr_reg[0]/C,u_mesh/GEN_R[4].r/u_datapath/east_vc2_fifo/fifo_mem_reg[0][flit_data]_0_3_18_23/RAMC/WE
-0.784,21,5,4,inter,u_mesh/GEN_R[5].r/u_datapath/local_vc1_fifo/rd_ptr_reg[0]/C,u_mesh/GEN_R[4].r/u_datapath/east_vc2_fifo/fifo_mem_reg[0][flit_data]_0_3_18_23/RAMC_D1/WE
-0.784,21,5,4,inter,u_mesh/GEN_R[5].r/u_datapath/local_vc1_fifo/rd_ptr_reg[0]/C,u_mesh/GEN_R[4].r/u_datapath/east_vc2_fifo/fifo_mem_reg[0][flit_data]_0_3_18_23/RAMD/WE
-0.784,21,5,4,inter,u_mesh/GEN_R[5].r/u_datapath/local_vc1_fifo/rd_ptr_reg[0]/C,u_mesh/GEN_R[4].r/u_datapath/east_vc2_fifo/fifo_mem_reg[0][flit_data]_0_3_18_23/RAMD_D1/WE
-0.784,22,0,1,inter,u_mesh/GEN_R[0].r/u_datapath/east_vc1_fifo/rd_ptr_reg[0]/C,u_mesh/GEN_R[1].r/u_datapath/west_vc0_fifo/fifo_mem_reg[0][flit_data]_0_3_30_31/DP/WE
-0.784,22,0,1,inter,u_mesh/GEN_R[0].r/u_datapath/east_vc1_fifo/rd_ptr_reg[0]/C,u_mesh/GEN_R[1].r/u_datapath/west_vc0_fifo/fifo_mem_reg[0][flit_data]_0_3_30_31/SP/WE
-0.784,22,0,1,inter,u_mesh/GEN_R[0].r/u_datapath/east_vc1_fifo/rd_ptr_reg[0]/C,u_mesh/GEN_R[1].r/u_datapath/west_vc0_fifo/fifo_mem_reg[0][flit_data]_0_3_30_31__0/DP/WE
-0.784,22,0,1,inter,u_mesh/GEN_R[0].r/u_datapath/east_vc1_fifo/rd_ptr_reg[0]/C,u_mesh/GEN_R[1].r/u_datapath/west_vc0_fifo/fifo_mem_reg[0][flit_data]_0_3_30_31__0/SP/WE
-0.784,22,0,1,inter,u_mesh/GEN_R[0].r/u_datapath/east_vc1_fifo/rd_ptr_reg[0]/C,u_mesh/GEN_R[1].r/u_datapath/west_vc0_fifo/fifo_mem_reg[0][flit_type]_0_3_0_0/DP/WE
-0.784,22,0,1,inter,u_mesh/GEN_R[0].r/u_datapath/east_vc1_fifo/rd_ptr_reg[0]/C,u_mesh/GEN_R[1].r/u_datapath/west_vc0_fifo/fifo_mem_reg[0][flit_type]_0_3_0_0/SP/WE
-0.784,22,0,1,inter,u_mesh/GEN_R[0].r/u_datapath/east_vc1_fifo/rd_ptr_reg[0]/C,u_mesh/GEN_R[1].r/u_datapath/west_vc0_fifo/fifo_mem_reg[0][flit_type]_0_3_1_1/DP/WE
-0.784,22,0,1,inter,u_mesh/GEN_R[0].r/u_datapath/east_vc1_fifo/rd_ptr_reg[0]/C,u_mesh/GEN_R[1].r/u_datapath/west_vc0_fifo/fifo_mem_reg[0][flit_type]_0_3_1_1/SP/WE
-0.781,22,2,1,inter,u_mesh/GEN_R[2].r/u_datapath/local_vc2_fifo/rd_ptr_reg[1]/C,u_mesh/GEN_R[1].r/u_datapath/east_vc1_fifo/fifo_mem_reg[0][flit_data]_0_3_12_17/RAMA/WE
-0.781,22,2,1,inter,u_mesh/GEN_R[2].r/u_datapath/local_vc2_fifo/rd_ptr_reg[1]/C,u_mesh/GEN_R[1].r/u_datapath/east_vc1_fifo/fifo_mem_reg[0][flit_data]_0_3_12_17/RAMA_D1/WE
-0.781,22,2,1,inter,u_mesh/GEN_R[2].r/u_datapath/local_vc2_fifo/rd_ptr_reg[1]/C,u_mesh/GEN_R[1].r/u_datapath/east_vc1_fifo/fifo_mem_reg[0][flit_data]_0_3_12_17/RAMB/WE
-0.781,22,2,1,inter,u_mesh/GEN_R[2].r/u_datapath/local_vc2_fifo/rd_ptr_reg[1]/C,u_mesh/GEN_R[1].r/u_datapath/east_vc1_fifo/fifo_mem_reg[0][flit_data]_0_3_12_17/RAMB_D1/WE
-0.781,22,2,1,inter,u_mesh/GEN_R[2].r/u_datapath/local_vc2_fifo/rd_ptr_reg[1]/C,u_mesh/GEN_R[1].r/u_datapath/east_vc1_fifo/fifo_mem_reg[0][flit_data]_0_3_12_17/RAMC/WE
-0.781,22,2,1,inter,u_mesh/GEN_R[2].r/u_datapath/local_vc2_fifo/rd_ptr_reg[1]/C,u_mesh/GEN_R[1].r/u_datapath/east_vc1_fifo/fifo_mem_reg[0][flit_data]_0_3_12_17/RAMC_D1/WE
-0.781,22,2,1,inter,u_mesh/GEN_R[2].r/u_datapath/local_vc2_fifo/rd_ptr_reg[1]/C,u_mesh/GEN_R[1].r/u_datapath/east_vc1_fifo/fifo_mem_reg[0][flit_data]_0_3_12_17/RAMD/WE
-0.781,22,2,1,inter,u_mesh/GEN_R[2].r/u_datapath/local_vc2_fifo/rd_ptr_reg[1]/C,u_mesh/GEN_R[1].r/u_datapath/east_vc1_fifo/fifo_mem_reg[0][flit_data]_0_3_12_17/RAMD_D1/WE
-0.780,20,4,3,inter,u_mesh/GEN_R[4].r/u_datapath/west_vc0_fifo/rd_ptr_reg[0]/C,u_mesh/GEN_R[3].r/u_datapath/east_vc1_fifo/fifo_mem_reg[0][flit_data]_0_3_0_5/RAMB/I
-0.772,21,4,5,inter,u_mesh/GEN_R[4].r/u_datapath/west_vc0_fifo/rd_ptr_reg[0]/C,u_mesh/GEN_R[5].r/u_datapath/west_vc1_fifo/fifo_mem_reg[0][flit_data]_0_3_18_23/RAMA/WE
-0.772,21,4,5,inter,u_mesh/GEN_R[4].r/u_datapath/west_vc0_fifo/rd_ptr_reg[0]/C,u_mesh/GEN_R[5].r/u_datapath/west_vc1_fifo/fifo_mem_reg[0][flit_data]_0_3_18_23/RAMA_D1/WE
-0.772,21,4,5,inter,u_mesh/GEN_R[4].r/u_datapath/west_vc0_fifo/rd_ptr_reg[0]/C,u_mesh/GEN_R[5].r/u_datapath/west_vc1_fifo/fifo_mem_reg[0][flit_data]_0_3_18_23/RAMB/WE
-0.772,21,4,5,inter,u_mesh/GEN_R[4].r/u_datapath/west_vc0_fifo/rd_ptr_reg[0]/C,u_mesh/GEN_R[5].r/u_datapath/west_vc1_fifo/fifo_mem_reg[0][flit_data]_0_3_18_23/RAMB_D1/WE
-0.772,21,4,5,inter,u_mesh/GEN_R[4].r/u_datapath/west_vc0_fifo/rd_ptr_reg[0]/C,u_mesh/GEN_R[5].r/u_datapath/west_vc1_fifo/fifo_mem_reg[0][flit_data]_0_3_18_23/RAMC/WE
-0.772,21,4,5,inter,u_mesh/GEN_R[4].r/u_datapath/west_vc0_fifo/rd_ptr_reg[0]/C,u_mesh/GEN_R[5].r/u_datapath/west_vc1_fifo/fifo_mem_reg[0][flit_data]_0_3_18_23/RAMC_D1/WE
-0.772,21,4,5,inter,u_mesh/GEN_R[4].r/u_datapath/west_vc0_fifo/rd_ptr_reg[0]/C,u_mesh/GEN_R[5].r/u_datapath/west_vc1_fifo/fifo_mem_reg[0][flit_data]_0_3_18_23/RAMD/WE
-0.772,21,4,5,inter,u_mesh/GEN_R[4].r/u_datapath/west_vc0_fifo/rd_ptr_reg[0]/C,u_mesh/GEN_R[5].r/u_datapath/west_vc1_fifo/fifo_mem_reg[0][flit_data]_0_3_18_23/RAMD_D1/WE
-0.770,22,4,1,inter,u_mesh/GEN_R[4].r/u_datapath/west_vc0_fifo/rd_ptr_reg[0]/C,u_mesh/GEN_R[1].r/u_datapath/south_vc2_fifo/fifo_mem_reg[0][flit_data]_0_3_24_29/RAMA/WE
-0.770,22,4,1,inter,u_mesh/GEN_R[4].r/u_datapath/west_vc0_fifo/rd_ptr_reg[0]/C,u_mesh/GEN_R[1].r/u_datapath/south_vc2_fifo/fifo_mem_reg[0][flit_data]_0_3_24_29/RAMA_D1/WE
-0.770,22,4,1,inter,u_mesh/GEN_R[4].r/u_datapath/west_vc0_fifo/rd_ptr_reg[0]/C,u_mesh/GEN_R[1].r/u_datapath/south_vc2_fifo/fifo_mem_reg[0][flit_data]_0_3_24_29/RAMB/WE
-0.770,22,4,1,inter,u_mesh/GEN_R[4].r/u_datapath/west_vc0_fifo/rd_ptr_reg[0]/C,u_mesh/GEN_R[1].r/u_datapath/south_vc2_fifo/fifo_mem_reg[0][flit_data]_0_3_24_29/RAMB_D1/WE
-0.770,22,4,1,inter,u_mesh/GEN_R[4].r/u_datapath/west_vc0_fifo/rd_ptr_reg[0]/C,u_mesh/GEN_R[1].r/u_datapath/south_vc2_fifo/fifo_mem_reg[0][flit_data]_0_3_24_29/RAMC/WE
-0.770,22,4,1,inter,u_mesh/GEN_R[4].r/u_datapath/west_vc0_fifo/rd_ptr_reg[0]/C,u_mesh/GEN_R[1].r/u_datapath/south_vc2_fifo/fifo_mem_reg[0][flit_data]_0_3_24_29/RAMC_D1/WE
-0.770,22,4,1,inter,u_mesh/GEN_R[4].r/u_datapath/west_vc0_fifo/rd_ptr_reg[0]/C,u_mesh/GEN_R[1].r/u_datapath/south_vc2_fifo/fifo_mem_reg[0][flit_data]_0_3_24_29/RAMD/WE
-0.770,22,4,1,inter,u_mesh/GEN_R[4].r/u_datapath/west_vc0_fifo/rd_ptr_reg[0]/C,u_mesh/GEN_R[1].r/u_datapath/south_vc2_fifo/fifo_mem_reg[0][flit_data]_0_3_24_29/RAMD_D1/WE
-0.766,22,0,1,inter,u_mesh/GEN_R[0].r/u_datapath/east_vc1_fifo/rd_ptr_reg[0]/C,u_mesh/GEN_R[1].r/u_datapath/west_vc0_fifo/fifo_mem_reg[0][flit_data]_0_3_24_29/RAMA/WE
-0.766,22,0,1,inter,u_mesh/GEN_R[0].r/u_datapath/east_vc1_fifo/rd_ptr_reg[0]/C,u_mesh/GEN_R[1].r/u_datapath/west_vc0_fifo/fifo_mem_reg[0][flit_data]_0_3_24_29/RAMA_D1/WE
-0.766,22,0,1,inter,u_mesh/GEN_R[0].r/u_datapath/east_vc1_fifo/rd_ptr_reg[0]/C,u_mesh/GEN_R[1].r/u_datapath/west_vc0_fifo/fifo_mem_reg[0][flit_data]_0_3_24_29/RAMB/WE
-0.766,22,0,1,inter,u_mesh/GEN_R[0].r/u_datapath/east_vc1_fifo/rd_ptr_reg[0]/C,u_mesh/GEN_R[1].r/u_datapath/west_vc0_fifo/fifo_mem_reg[0][flit_data]_0_3_24_29/RAMB_D1/WE
-0.766,22,0,1,inter,u_mesh/GEN_R[0].r/u_datapath/east_vc1_fifo/rd_ptr_reg[0]/C,u_mesh/GEN_R[1].r/u_datapath/west_vc0_fifo/fifo_mem_reg[0][flit_data]_0_3_24_29/RAMC/WE
-0.766,22,0,1,inter,u_mesh/GEN_R[0].r/u_datapath/east_vc1_fifo/rd_ptr_reg[0]/C,u_mesh/GEN_R[1].r/u_datapath/west_vc0_fifo/fifo_mem_reg[0][flit_data]_0_3_24_29/RAMC_D1/WE
-0.766,22,0,1,inter,u_mesh/GEN_R[0].r/u_datapath/east_vc1_fifo/rd_ptr_reg[0]/C,u_mesh/GEN_R[1].r/u_datapath/west_vc0_fifo/fifo_mem_reg[0][flit_data]_0_3_24_29/RAMD/WE
-0.766,22,0,1,inter,u_mesh/GEN_R[0].r/u_datapath/east_vc1_fifo/rd_ptr_reg[0]/C,u_mesh/GEN_R[1].r/u_datapath/west_vc0_fifo/fifo_mem_reg[0][flit_data]_0_3_24_29/RAMD_D1/WE
-0.763,21,3,0,inter,u_mesh/GEN_R[3].r/u_datapath/east_vc1_fifo/rd_ptr_reg[1]_replica/C,u_mesh/GEN_R[0].r/u_datapath/south_vc2_fifo/fifo_mem_reg[0][flit_data]_0_3_6_11/RAMA/WE
-0.763,21,3,0,inter,u_mesh/GEN_R[3].r/u_datapath/east_vc1_fifo/rd_ptr_reg[1]_replica/C,u_mesh/GEN_R[0].r/u_datapath/south_vc2_fifo/fifo_mem_reg[0][flit_data]_0_3_6_11/RAMA_D1/WE
-0.763,21,3,0,inter,u_mesh/GEN_R[3].r/u_datapath/east_vc1_fifo/rd_ptr_reg[1]_replica/C,u_mesh/GEN_R[0].r/u_datapath/south_vc2_fifo/fifo_mem_reg[0][flit_data]_0_3_6_11/RAMB/WE
-0.763,21,3,0,inter,u_mesh/GEN_R[3].r/u_datapath/east_vc1_fifo/rd_ptr_reg[1]_replica/C,u_mesh/GEN_R[0].r/u_datapath/south_vc2_fifo/fifo_mem_reg[0][flit_data]_0_3_6_11/RAMB_D1/WE
-0.763,21,3,0,inter,u_mesh/GEN_R[3].r/u_datapath/east_vc1_fifo/rd_ptr_reg[1]_replica/C,u_mesh/GEN_R[0].r/u_datapath/south_vc2_fifo/fifo_mem_reg[0][flit_data]_0_3_6_11/RAMC/WE
-0.763,21,3,0,inter,u_mesh/GEN_R[3].r/u_datapath/east_vc1_fifo/rd_ptr_reg[1]_replica/C,u_mesh/GEN_R[0].r/u_datapath/south_vc2_fifo/fifo_mem_reg[0][flit_data]_0_3_6_11/RAMC_D1/WE
-0.763,21,3,0,inter,u_mesh/GEN_R[3].r/u_datapath/east_vc1_fifo/rd_ptr_reg[1]_replica/C,u_mesh/GEN_R[0].r/u_datapath/south_vc2_fifo/fifo_mem_reg[0][flit_data]_0_3_6_11/RAMD/WE
-0.763,21,3,0,inter,u_mesh/GEN_R[3].r/u_datapath/east_vc1_fifo/rd_ptr_reg[1]_replica/C,u_mesh/GEN_R[0].r/u_datapath/south_vc2_fifo/fifo_mem_reg[0][flit_data]_0_3_6_11/RAMD_D1/WE
-0.760,22,4,5,inter,u_mesh/GEN_R[4].r/u_datapath/west_vc0_fifo/rd_ptr_reg[0]/C,u_mesh/GEN_R[5].r/u_datapath/west_vc0_fifo/fifo_mem_reg[0][vc_id]_0_3_0_0/DP/WE
-0.760,22,4,5,inter,u_mesh/GEN_R[4].r/u_datapath/west_vc0_fifo/rd_ptr_reg[0]/C,u_mesh/GEN_R[5].r/u_datapath/west_vc0_fifo/fifo_mem_reg[0][vc_id]_0_3_0_0/SP/WE
-0.760,22,4,5,inter,u_mesh/GEN_R[4].r/u_datapath/west_vc0_fifo/rd_ptr_reg[0]/C,u_mesh/GEN_R[5].r/u_datapath/west_vc0_fifo/fifo_mem_reg[0][vc_id]_0_3_1_1/DP/WE
-0.760,22,4,5,inter,u_mesh/GEN_R[4].r/u_datapath/west_vc0_fifo/rd_ptr_reg[0]/C,u_mesh/GEN_R[5].r/u_datapath/west_vc0_fifo/fifo_mem_reg[0][vc_id]_0_3_1_1/SP/WE
-0.756,22,0,3,inter,u_mesh/GEN_R[0].r/u_datapath/east_vc1_fifo/rd_ptr_reg[0]/C,u_mesh/GEN_R[3].r/u_datapath/north_vc1_fifo/fifo_mem_reg[0][flit_data]_0_3_24_29/RAMA/WE
-0.756,22,0,3,inter,u_mesh/GEN_R[0].r/u_datapath/east_vc1_fifo/rd_ptr_reg[0]/C,u_mesh/GEN_R[3].r/u_datapath/north_vc1_fifo/fifo_mem_reg[0][flit_data]_0_3_24_29/RAMA_D1/WE
-0.756,22,0,3,inter,u_mesh/GEN_R[0].r/u_datapath/east_vc1_fifo/rd_ptr_reg[0]/C,u_mesh/GEN_R[3].r/u_datapath/north_vc1_fifo/fifo_mem_reg[0][flit_data]_0_3_24_29/RAMB/WE
-0.756,22,0,3,inter,u_mesh/GEN_R[0].r/u_datapath/east_vc1_fifo/rd_ptr_reg[0]/C,u_mesh/GEN_R[3].r/u_datapath/north_vc1_fifo/fifo_mem_reg[0][flit_data]_0_3_24_29/RAMB_D1/WE
-0.756,22,0,3,inter,u_mesh/GEN_R[0].r/u_datapath/east_vc1_fifo/rd_ptr_reg[0]/C,u_mesh/GEN_R[3].r/u_datapath/north_vc1_fifo/fifo_mem_reg[0][flit_data]_0_3_24_29/RAMC/WE
-0.756,22,0,3,inter,u_mesh/GEN_R[0].r/u_datapath/east_vc1_fifo/rd_ptr_reg[0]/C,u_mesh/GEN_R[3].r/u_datapath/north_vc1_fifo/fifo_mem_reg[0][flit_data]_0_3_24_29/RAMC_D1/WE
-0.756,22,0,3,inter,u_mesh/GEN_R[0].r/u_datapath/east_vc1_fifo/rd_ptr_reg[0]/C,u_mesh/GEN_R[3].r/u_datapath/north_vc1_fifo/fifo_mem_reg[0][flit_data]_0_3_24_29/RAMD/WE
-0.756,22,0,3,inter,u_mesh/GEN_R[0].r/u_datapath/east_vc1_fifo/rd_ptr_reg[0]/C,u_mesh/GEN_R[3].r/u_datapath/north_vc1_fifo/fifo_mem_reg[0][flit_data]_0_3_24_29/RAMD_D1/WE
-0.753,22,4,3,inter,u_mesh/GEN_R[4].r/u_datapath/local_vc2_fifo/rd_ptr_reg[0]_replica/C,u_mesh/GEN_R[3].r/u_datapath/east_vc2_fifo/fifo_mem_reg[0][flit_data]_0_3_30_31/DP/WE
-0.753,22,4,3,inter,u_mesh/GEN_R[4].r/u_datapath/local_vc2_fifo/rd_ptr_reg[0]_replica/C,u_mesh/GEN_R[3].r/u_datapath/east_vc2_fifo/fifo_mem_reg[0][flit_data]_0_3_30_31/SP/WE
-0.753,22,4,3,inter,u_mesh/GEN_R[4].r/u_datapath/local_vc2_fifo/rd_ptr_reg[0]_replica/C,u_mesh/GEN_R[3].r/u_datapath/east_vc2_fifo/fifo_mem_reg[0][flit_data]_0_3_30_31__0/DP/WE
-0.753,22,4,3,inter,u_mesh/GEN_R[4].r/u_datapath/local_vc2_fifo/rd_ptr_reg[0]_replica/C,u_mesh/GEN_R[3].r/u_datapath/east_vc2_fifo/fifo_mem_reg[0][flit_data]_0_3_30_31__0/SP/WE
-0.753,22,4,3,inter,u_mesh/GEN_R[4].r/u_datapath/local_vc2_fifo/rd_ptr_reg[0]_replica/C,u_mesh/GEN_R[3].r/u_datapath/east_vc2_fifo/fifo_mem_reg[0][flit_type]_0_3_0_0/DP/WE
-0.753,22,4,3,inter,u_mesh/GEN_R[4].r/u_datapath/local_vc2_fifo/rd_ptr_reg[0]_replica/C,u_mesh/GEN_R[3].r/u_datapath/east_vc2_fifo/fifo_mem_reg[0][flit_type]_0_3_0_0/SP/WE
-0.753,22,4,3,inter,u_mesh/GEN_R[4].r/u_datapath/local_vc2_fifo/rd_ptr_reg[0]_replica/C,u_mesh/GEN_R[3].r/u_datapath/east_vc2_fifo/fifo_mem_reg[0][flit_type]_0_3_1_1/DP/WE
-0.753,22,4,3,inter,u_mesh/GEN_R[4].r/u_datapath/local_vc2_fifo/rd_ptr_reg[0]_replica/C,u_mesh/GEN_R[3].r/u_datapath/east_vc2_fifo/fifo_mem_reg[0][flit_type]_0_3_1_1/SP/WE
-0.752,21,3,4,inter,u_mesh/GEN_R[3].r/u_datapath/east_vc1_fifo/rd_ptr_reg[1]_replica/C,u_mesh/GEN_R[4].r/u_datapath/west_vc2_fifo/fifo_mem_reg[0][flit_data]_0_3_24_29/RAMA/WE
-0.752,21,3,4,inter,u_mesh/GEN_R[3].r/u_datapath/east_vc1_fifo/rd_ptr_reg[1]_replica/C,u_mesh/GEN_R[4].r/u_datapath/west_vc2_fifo/fifo_mem_reg[0][flit_data]_0_3_24_29/RAMA_D1/WE
-0.752,21,3,4,inter,u_mesh/GEN_R[3].r/u_datapath/east_vc1_fifo/rd_ptr_reg[1]_replica/C,u_mesh/GEN_R[4].r/u_datapath/west_vc2_fifo/fifo_mem_reg[0][flit_data]_0_3_24_29/RAMB/WE
-0.752,21,3,4,inter,u_mesh/GEN_R[3].r/u_datapath/east_vc1_fifo/rd_ptr_reg[1]_replica/C,u_mesh/GEN_R[4].r/u_datapath/west_vc2_fifo/fifo_mem_reg[0][flit_data]_0_3_24_29/RAMB_D1/WE
-0.752,21,3,4,inter,u_mesh/GEN_R[3].r/u_datapath/east_vc1_fifo/rd_ptr_reg[1]_replica/C,u_mesh/GEN_R[4].r/u_datapath/west_vc2_fifo/fifo_mem_reg[0][flit_data]_0_3_24_29/RAMC/WE
-0.752,21,3,4,inter,u_mesh/GEN_R[3].r/u_datapath/east_vc1_fifo/rd_ptr_reg[1]_replica/C,u_mesh/GEN_R[4].r/u_datapath/west_vc2_fifo/fifo_mem_reg[0][flit_data]_0_3_24_29/RAMC_D1/WE
-0.752,21,3,4,inter,u_mesh/GEN_R[3].r/u_datapath/east_vc1_fifo/rd_ptr_reg[1]_replica/C,u_mesh/GEN_R[4].r/u_datapath/west_vc2_fifo/fifo_mem_reg[0][flit_data]_0_3_24_29/RAMD/WE
-0.752,21,3,4,inter,u_mesh/GEN_R[3].r/u_datapath/east_vc1_fifo/rd_ptr_reg[1]_replica/C,u_mesh/GEN_R[4].r/u_datapath/west_vc2_fifo/fifo_mem_reg[0][flit_data]_0_3_24_29/RAMD_D1/WE
-0.752,22,2,1,inter,u_mesh/GEN_R[2].r/u_datapath/local_vc2_fifo/rd_ptr_reg[1]/C,u_mesh/GEN_R[1].r/u_datapath/east_vc0_fifo/fifo_mem_reg[0][flit_data]_0_3_24_29/RAMA/WE
-0.752,22,2,1,inter,u_mesh/GEN_R[2].r/u_datapath/local_vc2_fifo/rd_ptr_reg[1]/C,u_mesh/GEN_R[1].r/u_datapath/east_vc0_fifo/fifo_mem_reg[0][flit_data]_0_3_24_29/RAMA_D1/WE
-0.752,22,2,1,inter,u_mesh/GEN_R[2].r/u_datapath/local_vc2_fifo/rd_ptr_reg[1]/C,u_mesh/GEN_R[1].r/u_datapath/east_vc0_fifo/fifo_mem_reg[0][flit_data]_0_3_24_29/RAMB/WE
-0.752,22,2,1,inter,u_mesh/GEN_R[2].r/u_datapath/local_vc2_fifo/rd_ptr_reg[1]/C,u_mesh/GEN_R[1].r/u_datapath/east_vc0_fifo/fifo_mem_reg[0][flit_data]_0_3_24_29/RAMB_D1/WE
-0.752,22,2,1,inter,u_mesh/GEN_R[2].r/u_datapath/local_vc2_fifo/rd_ptr_reg[1]/C,u_mesh/GEN_R[1].r/u_datapath/east_vc0_fifo/fifo_mem_reg[0][flit_data]_0_3_24_29/RAMC/WE
-0.752,22,2,1,inter,u_mesh/GEN_R[2].r/u_datapath/local_vc2_fifo/rd_ptr_reg[1]/C,u_mesh/GEN_R[1].r/u_datapath/east_vc0_fifo/fifo_mem_reg[0][flit_data]_0_3_24_29/RAMC_D1/WE
-0.752,22,2,1,inter,u_mesh/GEN_R[2].r/u_datapath/local_vc2_fifo/rd_ptr_reg[1]/C,u_mesh/GEN_R[1].r/u_datapath/east_vc0_fifo/fifo_mem_reg[0][flit_data]_0_3_24_29/RAMD/WE
-0.752,22,2,1,inter,u_mesh/GEN_R[2].r/u_datapath/local_vc2_fifo/rd_ptr_reg[1]/C,u_mesh/GEN_R[1].r/u_datapath/east_vc0_fifo/fifo_mem_reg[0][flit_data]_0_3_24_29/RAMD_D1/WE
-0.750,21,3,0,inter,u_mesh/GEN_R[3].r/u_datapath/east_vc1_fifo/rd_ptr_reg[1]_replica/C,u_mesh/GEN_R[0].r/u_datapath/south_vc1_fifo/fifo_mem_reg[0][flit_data]_0_3_0_5/RAMA/WE
-0.750,21,3,0,inter,u_mesh/GEN_R[3].r/u_datapath/east_vc1_fifo/rd_ptr_reg[1]_replica/C,u_mesh/GEN_R[0].r/u_datapath/south_vc1_fifo/fifo_mem_reg[0][flit_data]_0_3_0_5/RAMA_D1/WE
-0.750,21,3,0,inter,u_mesh/GEN_R[3].r/u_datapath/east_vc1_fifo/rd_ptr_reg[1]_replica/C,u_mesh/GEN_R[0].r/u_datapath/south_vc1_fifo/fifo_mem_reg[0][flit_data]_0_3_0_5/RAMB/WE
-0.750,21,3,0,inter,u_mesh/GEN_R[3].r/u_datapath/east_vc1_fifo/rd_ptr_reg[1]_replica/C,u_mesh/GEN_R[0].r/u_datapath/south_vc1_fifo/fifo_mem_reg[0][flit_data]_0_3_0_5/RAMB_D1/WE
-0.750,21,3,0,inter,u_mesh/GEN_R[3].r/u_datapath/east_vc1_fifo/rd_ptr_reg[1]_replica/C,u_mesh/GEN_R[0].r/u_datapath/south_vc1_fifo/fifo_mem_reg[0][flit_data]_0_3_0_5/RAMC/WE
-0.750,21,3,0,inter,u_mesh/GEN_R[3].r/u_datapath/east_vc1_fifo/rd_ptr_reg[1]_replica/C,u_mesh/GEN_R[0].r/u_datapath/south_vc1_fifo/fifo_mem_reg[0][flit_data]_0_3_0_5/RAMC_D1/WE
-0.750,21,3,0,inter,u_mesh/GEN_R[3].r/u_datapath/east_vc1_fifo/rd_ptr_reg[1]_replica/C,u_mesh/GEN_R[0].r/u_datapath/south_vc1_fifo/fifo_mem_reg[0][flit_data]_0_3_0_5/RAMD/WE
-0.750,21,3,0,inter,u_mesh/GEN_R[3].r/u_datapath/east_vc1_fifo/rd_ptr_reg[1]_replica/C,u_mesh/GEN_R[0].r/u_datapath/south_vc1_fifo/fifo_mem_reg[0][flit_data]_0_3_0_5/RAMD_D1/WE
-0.748,22,2,1,inter,u_mesh/GEN_R[2].r/u_datapath/local_vc2_fifo/rd_ptr_reg[1]/C,u_mesh/GEN_R[1].r/u_datapath/east_vc0_fifo/fifo_mem_reg[0][flit_data]_0_3_12_17/RAMA/WE
-0.748,22,2,1,inter,u_mesh/GEN_R[2].r/u_datapath/local_vc2_fifo/rd_ptr_reg[1]/C,u_mesh/GEN_R[1].r/u_datapath/east_vc0_fifo/fifo_mem_reg[0][flit_data]_0_3_12_17/RAMA_D1/WE
-0.748,22,2,1,inter,u_mesh/GEN_R[2].r/u_datapath/local_vc2_fifo/rd_ptr_reg[1]/C,u_mesh/GEN_R[1].r/u_datapath/east_vc0_fifo/fifo_mem_reg[0][flit_data]_0_3_12_17/RAMB/WE
-0.748,22,2,1,inter,u_mesh/GEN_R[2].r/u_datapath/local_vc2_fifo/rd_ptr_reg[1]/C,u_mesh/GEN_R[1].r/u_datapath/east_vc0_fifo/fifo_mem_reg[0][flit_data]_0_3_12_17/RAMB_D1/WE
-0.748,22,2,1,inter,u_mesh/GEN_R[2].r/u_datapath/local_vc2_fifo/rd_ptr_reg[1]/C,u_mesh/GEN_R[1].r/u_datapath/east_vc0_fifo/fifo_mem_reg[0][flit_data]_0_3_12_17/RAMC/WE
-0.748,22,2,1,inter,u_mesh/GEN_R[2].r/u_datapath/local_vc2_fifo/rd_ptr_reg[1]/C,u_mesh/GEN_R[1].r/u_datapath/east_vc0_fifo/fifo_mem_reg[0][flit_data]_0_3_12_17/RAMC_D1/WE
-0.748,22,2,1,inter,u_mesh/GEN_R[2].r/u_datapath/local_vc2_fifo/rd_ptr_reg[1]/C,u_mesh/GEN_R[1].r/u_datapath/east_vc0_fifo/fifo_mem_reg[0][flit_data]_0_3_12_17/RAMD/WE
-0.748,22,2,1,inter,u_mesh/GEN_R[2].r/u_datapath/local_vc2_fifo/rd_ptr_reg[1]/C,u_mesh/GEN_R[1].r/u_datapath/east_vc0_fifo/fifo_mem_reg[0][flit_data]_0_3_12_17/RAMD_D1/WE
-0.741,22,0,1,inter,u_mesh/GEN_R[0].r/u_datapath/east_vc1_fifo/rd_ptr_reg[0]/C,u_mesh/GEN_R[1].r/u_datapath/west_vc0_fifo/fifo_mem_reg[0][flit_data]_0_3_6_11/RAMA/WE
-0.741,22,0,1,inter,u_mesh/GEN_R[0].r/u_datapath/east_vc1_fifo/rd_ptr_reg[0]/C,u_mesh/GEN_R[1].r/u_datapath/west_vc0_fifo/fifo_mem_reg[0][flit_data]_0_3_6_11/RAMA_D1/WE
-0.741,22,0,1,inter,u_mesh/GEN_R[0].r/u_datapath/east_vc1_fifo/rd_ptr_reg[0]/C,u_mesh/GEN_R[1].r/u_datapath/west_vc0_fifo/fifo_mem_reg[0][flit_data]_0_3_6_11/RAMB/WE
-0.741,22,0,1,inter,u_mesh/GEN_R[0].r/u_datapath/east_vc1_fifo/rd_ptr_reg[0]/C,u_mesh/GEN_R[1].r/u_datapath/west_vc0_fifo/fifo_mem_reg[0][flit_data]_0_3_6_11/RAMB_D1/WE
-0.741,22,0,1,inter,u_mesh/GEN_R[0].r/u_datapath/east_vc1_fifo/rd_ptr_reg[0]/C,u_mesh/GEN_R[1].r/u_datapath/west_vc0_fifo/fifo_mem_reg[0][flit_data]_0_3_6_11/RAMC/WE
-0.741,22,0,1,inter,u_mesh/GEN_R[0].r/u_datapath/east_vc1_fifo/rd_ptr_reg[0]/C,u_mesh/GEN_R[1].r/u_datapath/west_vc0_fifo/fifo_mem_reg[0][flit_data]_0_3_6_11/RAMC_D1/WE
-0.741,22,0,1,inter,u_mesh/GEN_R[0].r/u_datapath/east_vc1_fifo/rd_ptr_reg[0]/C,u_mesh/GEN_R[1].r/u_datapath/west_vc0_fifo/fifo_mem_reg[0][flit_data]_0_3_6_11/RAMD/WE
-0.741,22,0,1,inter,u_mesh/GEN_R[0].r/u_datapath/east_vc1_fifo/rd_ptr_reg[0]/C,u_mesh/GEN_R[1].r/u_datapath/west_vc0_fifo/fifo_mem_reg[0][flit_data]_0_3_6_11/RAMD_D1/WE
-0.740,22,1,0,inter,u_mesh/GEN_R[1].r/u_datapath/west_vc2_fifo/rd_ptr_reg[1]/C,u_mesh/GEN_R[0].r/u_datapath/east_vc0_fifo/fifo_mem_reg[0][vc_id]_0_3_0_0/DP/WE
-0.740,22,1,0,inter,u_mesh/GEN_R[1].r/u_datapath/west_vc2_fifo/rd_ptr_reg[1]/C,u_mesh/GEN_R[0].r/u_datapath/east_vc0_fifo/fifo_mem_reg[0][vc_id]_0_3_0_0/SP/WE
-0.740,22,1,0,inter,u_mesh/GEN_R[1].r/u_datapath/west_vc2_fifo/rd_ptr_reg[1]/C,u_mesh/GEN_R[0].r/u_datapath/east_vc0_fifo/fifo_mem_reg[0][vc_id]_0_3_1_1/DP/WE
-0.740,22,1,0,inter,u_mesh/GEN_R[1].r/u_datapath/west_vc2_fifo/rd_ptr_reg[1]/C,u_mesh/GEN_R[0].r/u_datapath/east_vc0_fifo/fifo_mem_reg[0][vc_id]_0_3_1_1/SP/WE
-0.737,22,4,5,inter,u_mesh/GEN_R[4].r/u_datapath/west_vc0_fifo/rd_ptr_reg[0]/C,u_mesh/GEN_R[5].r/u_datapath/west_vc0_fifo/fifo_mem_reg[0][flit_data]_0_3_30_31/DP/WE
-0.737,22,4,5,inter,u_mesh/GEN_R[4].r/u_datapath/west_vc0_fifo/rd_ptr_reg[0]/C,u_mesh/GEN_R[5].r/u_datapath/west_vc0_fifo/fifo_mem_reg[0][flit_data]_0_3_30_31/SP/WE
-0.737,22,4,5,inter,u_mesh/GEN_R[4].r/u_datapath/west_vc0_fifo/rd_ptr_reg[0]/C,u_mesh/GEN_R[5].r/u_datapath/west_vc0_fifo/fifo_mem_reg[0][flit_data]_0_3_30_31__0/DP/WE
-0.737,22,4,5,inter,u_mesh/GEN_R[4].r/u_datapath/west_vc0_fifo/rd_ptr_reg[0]/C,u_mesh/GEN_R[5].r/u_datapath/west_vc0_fifo/fifo_mem_reg[0][flit_data]_0_3_30_31__0/SP/WE
-0.737,22,4,5,inter,u_mesh/GEN_R[4].r/u_datapath/west_vc0_fifo/rd_ptr_reg[0]/C,u_mesh/GEN_R[5].r/u_datapath/west_vc0_fifo/fifo_mem_reg[0][flit_type]_0_3_0_0/DP/WE
-0.737,22,4,5,inter,u_mesh/GEN_R[4].r/u_datapath/west_vc0_fifo/rd_ptr_reg[0]/C,u_mesh/GEN_R[5].r/u_datapath/west_vc0_fifo/fifo_mem_reg[0][flit_type]_0_3_0_0/SP/WE
-0.737,22,4,5,inter,u_mesh/GEN_R[4].r/u_datapath/west_vc0_fifo/rd_ptr_reg[0]/C,u_mesh/GEN_R[5].r/u_datapath/west_vc0_fifo/fifo_mem_reg[0][flit_type]_0_3_1_1/DP/WE
-0.737,22,4,5,inter,u_mesh/GEN_R[4].r/u_datapath/west_vc0_fifo/rd_ptr_reg[0]/C,u_mesh/GEN_R[5].r/u_datapath/west_vc0_fifo/fifo_mem_reg[0][flit_type]_0_3_1_1/SP/WE
-0.737,20,4,3,inter,u_mesh/GEN_R[4].r/u_datapath/west_vc0_fifo/rd_ptr_reg[0]/C,u_mesh/GEN_R[3].r/u_datapath/east_vc1_fifo/fifo_mem_reg[0][flit_data]_0_3_6_11/RAMA/I
-0.733,22,4,1,inter,u_mesh/GEN_R[4].r/u_datapath/west_vc0_fifo/rd_ptr_reg[0]/C,u_mesh/GEN_R[1].r/u_datapath/south_vc2_fifo/fifo_mem_reg[0][flit_data]_0_3_30_31/DP/WE
-0.733,22,4,1,inter,u_mesh/GEN_R[4].r/u_datapath/west_vc0_fifo/rd_ptr_reg[0]/C,u_mesh/GEN_R[1].r/u_datapath/south_vc2_fifo/fifo_mem_reg[0][flit_data]_0_3_30_31/SP/WE
-0.733,22,4,1,inter,u_mesh/GEN_R[4].r/u_datapath/west_vc0_fifo/rd_ptr_reg[0]/C,u_mesh/GEN_R[1].r/u_datapath/south_vc2_fifo/fifo_mem_reg[0][flit_data]_0_3_30_31__0/DP/WE
-0.733,22,4,1,inter,u_mesh/GEN_R[4].r/u_datapath/west_vc0_fifo/rd_ptr_reg[0]/C,u_mesh/GEN_R[1].r/u_datapath/south_vc2_fifo/fifo_mem_reg[0][flit_data]_0_3_30_31__0/SP/WE
-0.733,22,4,1,inter,u_mesh/GEN_R[4].r/u_datapath/west_vc0_fifo/rd_ptr_reg[0]/C,u_mesh/GEN_R[1].r/u_datapath/south_vc2_fifo/fifo_mem_reg[0][flit_type]_0_3_0_0/DP/WE
-0.733,22,4,1,inter,u_mesh/GEN_R[4].r/u_datapath/west_vc0_fifo/rd_ptr_reg[0]/C,u_mesh/GEN_R[1].r/u_datapath/south_vc2_fifo/fifo_mem_reg[0][flit_type]_0_3_0_0/SP/WE
-0.733,22,4,1,inter,u_mesh/GEN_R[4].r/u_datapath/west_vc0_fifo/rd_ptr_reg[0]/C,u_mesh/GEN_R[1].r/u_datapath/south_vc2_fifo/fifo_mem_reg[0][flit_type]_0_3_1_1/DP/WE
-0.733,22,4,1,inter,u_mesh/GEN_R[4].r/u_datapath/west_vc0_fifo/rd_ptr_reg[0]/C,u_mesh/GEN_R[1].r/u_datapath/south_vc2_fifo/fifo_mem_reg[0][flit_type]_0_3_1_1/SP/WE
-0.731,22,1,4,inter,u_mesh/GEN_R[1].r/u_datapath/west_vc2_fifo/rd_ptr_reg[1]/C,u_mesh/GEN_R[4].r/u_datapath/north_vc1_fifo/fifo_mem_reg[0][flit_data]_0_3_24_29/RAMA/WE
-0.731,22,1,4,inter,u_mesh/GEN_R[1].r/u_datapath/west_vc2_fifo/rd_ptr_reg[1]/C,u_mesh/GEN_R[4].r/u_datapath/north_vc1_fifo/fifo_mem_reg[0][flit_data]_0_3_24_29/RAMA_D1/WE
-0.731,22,1,4,inter,u_mesh/GEN_R[1].r/u_datapath/west_vc2_fifo/rd_ptr_reg[1]/C,u_mesh/GEN_R[4].r/u_datapath/north_vc1_fifo/fifo_mem_reg[0][flit_data]_0_3_24_29/RAMB/WE
-0.731,22,1,4,inter,u_mesh/GEN_R[1].r/u_datapath/west_vc2_fifo/rd_ptr_reg[1]/C,u_mesh/GEN_R[4].r/u_datapath/north_vc1_fifo/fifo_mem_reg[0][flit_data]_0_3_24_29/RAMB_D1/WE
-0.731,22,1,4,inter,u_mesh/GEN_R[1].r/u_datapath/west_vc2_fifo/rd_ptr_reg[1]/C,u_mesh/GEN_R[4].r/u_datapath/north_vc1_fifo/fifo_mem_reg[0][flit_data]_0_3_24_29/RAMC/WE
-0.731,22,1,4,inter,u_mesh/GEN_R[1].r/u_datapath/west_vc2_fifo/rd_ptr_reg[1]/C,u_mesh/GEN_R[4].r/u_datapath/north_vc1_fifo/fifo_mem_reg[0][flit_data]_0_3_24_29/RAMC_D1/WE
-0.731,22,1,4,inter,u_mesh/GEN_R[1].r/u_datapath/west_vc2_fifo/rd_ptr_reg[1]/C,u_mesh/GEN_R[4].r/u_datapath/north_vc1_fifo/fifo_mem_reg[0][flit_data]_0_3_24_29/RAMD/WE
-0.731,22,1,4,inter,u_mesh/GEN_R[1].r/u_datapath/west_vc2_fifo/rd_ptr_reg[1]/C,u_mesh/GEN_R[4].r/u_datapath/north_vc1_fifo/fifo_mem_reg[0][flit_data]_0_3_24_29/RAMD_D1/WE
-0.730,22,0,3,inter,u_mesh/GEN_R[0].r/u_datapath/east_vc1_fifo/rd_ptr_reg[0]/C,u_mesh/GEN_R[3].r/u_datapath/north_vc0_fifo/fifo_mem_reg[0][vc_id]_0_3_0_0/DP/WE
-0.730,22,0,3,inter,u_mesh/GEN_R[0].r/u_datapath/east_vc1_fifo/rd_ptr_reg[0]/C,u_mesh/GEN_R[3].r/u_datapath/north_vc0_fifo/fifo_mem_reg[0][vc_id]_0_3_0_0/SP/WE
-0.730,22,0,3,inter,u_mesh/GEN_R[0].r/u_datapath/east_vc1_fifo/rd_ptr_reg[0]/C,u_mesh/GEN_R[3].r/u_datapath/north_vc0_fifo/fifo_mem_reg[0][vc_id]_0_3_1_1/DP/WE
-0.730,22,0,3,inter,u_mesh/GEN_R[0].r/u_datapath/east_vc1_fifo/rd_ptr_reg[0]/C,u_mesh/GEN_R[3].r/u_datapath/north_vc0_fifo/fifo_mem_reg[0][vc_id]_0_3_1_1/SP/WE
-0.729,22,2,1,inter,u_mesh/GEN_R[2].r/u_datapath/local_vc2_fifo/rd_ptr_reg[1]/C,u_mesh/GEN_R[1].r/u_datapath/east_vc1_fifo/fifo_mem_reg[0][flit_data]_0_3_18_23/RAMA/WE
-0.729,22,2,1,inter,u_mesh/GEN_R[2].r/u_datapath/local_vc2_fifo/rd_ptr_reg[1]/C,u_mesh/GEN_R[1].r/u_datapath/east_vc1_fifo/fifo_mem_reg[0][flit_data]_0_3_18_23/RAMA_D1/WE
-0.729,22,2,1,inter,u_mesh/GEN_R[2].r/u_datapath/local_vc2_fifo/rd_ptr_reg[1]/C,u_mesh/GEN_R[1].r/u_datapath/east_vc1_fifo/fifo_mem_reg[0][flit_data]_0_3_18_23/RAMB/WE
-0.729,22,2,1,inter,u_mesh/GEN_R[2].r/u_datapath/local_vc2_fifo/rd_ptr_reg[1]/C,u_mesh/GEN_R[1].r/u_datapath/east_vc1_fifo/fifo_mem_reg[0][flit_data]_0_3_18_23/RAMB_D1/WE
-0.729,22,2,1,inter,u_mesh/GEN_R[2].r/u_datapath/local_vc2_fifo/rd_ptr_reg[1]/C,u_mesh/GEN_R[1].r/u_datapath/east_vc1_fifo/fifo_mem_reg[0][flit_data]_0_3_18_23/RAMC/WE
-0.729,22,2,1,inter,u_mesh/GEN_R[2].r/u_datapath/local_vc2_fifo/rd_ptr_reg[1]/C,u_mesh/GEN_R[1].r/u_datapath/east_vc1_fifo/fifo_mem_reg[0][flit_data]_0_3_18_23/RAMC_D1/WE
-0.729,22,2,1,inter,u_mesh/GEN_R[2].r/u_datapath/local_vc2_fifo/rd_ptr_reg[1]/C,u_mesh/GEN_R[1].r/u_datapath/east_vc1_fifo/fifo_mem_reg[0][flit_data]_0_3_18_23/RAMD/WE
-0.729,22,2,1,inter,u_mesh/GEN_R[2].r/u_datapath/local_vc2_fifo/rd_ptr_reg[1]/C,u_mesh/GEN_R[1].r/u_datapath/east_vc1_fifo/fifo_mem_reg[0][flit_data]_0_3_18_23/RAMD_D1/WE
-0.726,21,2,5,inter,u_mesh/GEN_R[2].r/u_datapath/local_vc2_fifo/rd_ptr_reg[1]/C,u_mesh/GEN_R[5].r/u_datapath/north_vc1_fifo/fifo_mem_reg[0][flit_data]_0_3_0_5/RAMA/WE
-0.726,21,2,5,inter,u_mesh/GEN_R[2].r/u_datapath/local_vc2_fifo/rd_ptr_reg[1]/C,u_mesh/GEN_R[5].r/u_datapath/north_vc1_fifo/fifo_mem_reg[0][flit_data]_0_3_0_5/RAMA_D1/WE
-0.726,21,2,5,inter,u_mesh/GEN_R[2].r/u_datapath/local_vc2_fifo/rd_ptr_reg[1]/C,u_mesh/GEN_R[5].r/u_datapath/north_vc1_fifo/fifo_mem_reg[0][flit_data]_0_3_0_5/RAMB/WE
-0.726,21,2,5,inter,u_mesh/GEN_R[2].r/u_datapath/local_vc2_fifo/rd_ptr_reg[1]/C,u_mesh/GEN_R[5].r/u_datapath/north_vc1_fifo/fifo_mem_reg[0][flit_data]_0_3_0_5/RAMB_D1/WE
-0.726,21,2,5,inter,u_mesh/GEN_R[2].r/u_datapath/local_vc2_fifo/rd_ptr_reg[1]/C,u_mesh/GEN_R[5].r/u_datapath/north_vc1_fifo/fifo_mem_reg[0][flit_data]_0_3_0_5/RAMC/WE
-0.726,21,2,5,inter,u_mesh/GEN_R[2].r/u_datapath/local_vc2_fifo/rd_ptr_reg[1]/C,u_mesh/GEN_R[5].r/u_datapath/north_vc1_fifo/fifo_mem_reg[0][flit_data]_0_3_0_5/RAMC_D1/WE
-0.726,21,2,5,inter,u_mesh/GEN_R[2].r/u_datapath/local_vc2_fifo/rd_ptr_reg[1]/C,u_mesh/GEN_R[5].r/u_datapath/north_vc1_fifo/fifo_mem_reg[0][flit_data]_0_3_0_5/RAMD/WE
-0.726,21,2,5,inter,u_mesh/GEN_R[2].r/u_datapath/local_vc2_fifo/rd_ptr_reg[1]/C,u_mesh/GEN_R[5].r/u_datapath/north_vc1_fifo/fifo_mem_reg[0][flit_data]_0_3_0_5/RAMD_D1/WE
-0.723,22,4,3,inter,u_mesh/GEN_R[4].r/u_datapath/local_vc2_fifo/rd_ptr_reg[0]_replica/C,u_mesh/GEN_R[3].r/u_datapath/east_vc2_fifo/fifo_mem_reg[0][flit_data]_0_3_18_23/RAMA/WE
-0.723,22,4,3,inter,u_mesh/GEN_R[4].r/u_datapath/local_vc2_fifo/rd_ptr_reg[0]_replica/C,u_mesh/GEN_R[3].r/u_datapath/east_vc2_fifo/fifo_mem_reg[0][flit_data]_0_3_18_23/RAMA_D1/WE
-0.723,22,4,3,inter,u_mesh/GEN_R[4].r/u_datapath/local_vc2_fifo/rd_ptr_reg[0]_replica/C,u_mesh/GEN_R[3].r/u_datapath/east_vc2_fifo/fifo_mem_reg[0][flit_data]_0_3_18_23/RAMB/WE
-0.723,22,4,3,inter,u_mesh/GEN_R[4].r/u_datapath/local_vc2_fifo/rd_ptr_reg[0]_replica/C,u_mesh/GEN_R[3].r/u_datapath/east_vc2_fifo/fifo_mem_reg[0][flit_data]_0_3_18_23/RAMB_D1/WE
-0.723,22,4,3,inter,u_mesh/GEN_R[4].r/u_datapath/local_vc2_fifo/rd_ptr_reg[0]_replica/C,u_mesh/GEN_R[3].r/u_datapath/east_vc2_fifo/fifo_mem_reg[0][flit_data]_0_3_18_23/RAMC/WE
-0.723,22,4,3,inter,u_mesh/GEN_R[4].r/u_datapath/local_vc2_fifo/rd_ptr_reg[0]_replica/C,u_mesh/GEN_R[3].r/u_datapath/east_vc2_fifo/fifo_mem_reg[0][flit_data]_0_3_18_23/RAMC_D1/WE
-0.723,22,4,3,inter,u_mesh/GEN_R[4].r/u_datapath/local_vc2_fifo/rd_ptr_reg[0]_replica/C,u_mesh/GEN_R[3].r/u_datapath/east_vc2_fifo/fifo_mem_reg[0][flit_data]_0_3_18_23/RAMD/WE
-0.723,22,4,3,inter,u_mesh/GEN_R[4].r/u_datapath/local_vc2_fifo/rd_ptr_reg[0]_replica/C,u_mesh/GEN_R[3].r/u_datapath/east_vc2_fifo/fifo_mem_reg[0][flit_data]_0_3_18_23/RAMD_D1/WE
-0.721,22,0,3,inter,u_mesh/GEN_R[0].r/u_datapath/east_vc1_fifo/rd_ptr_reg[0]/C,u_mesh/GEN_R[3].r/u_datapath/north_vc0_fifo/fifo_mem_reg[0][flit_data]_0_3_30_31/DP/WE
-0.721,22,0,3,inter,u_mesh/GEN_R[0].r/u_datapath/east_vc1_fifo/rd_ptr_reg[0]/C,u_mesh/GEN_R[3].r/u_datapath/north_vc0_fifo/fifo_mem_reg[0][flit_data]_0_3_30_31/SP/WE
-0.721,22,0,3,inter,u_mesh/GEN_R[0].r/u_datapath/east_vc1_fifo/rd_ptr_reg[0]/C,u_mesh/GEN_R[3].r/u_datapath/north_vc0_fifo/fifo_mem_reg[0][flit_data]_0_3_30_31__0/DP/WE
-0.721,22,0,3,inter,u_mesh/GEN_R[0].r/u_datapath/east_vc1_fifo/rd_ptr_reg[0]/C,u_mesh/GEN_R[3].r/u_datapath/north_vc0_fifo/fifo_mem_reg[0][flit_data]_0_3_30_31__0/SP/WE
-0.721,22,0,3,inter,u_mesh/GEN_R[0].r/u_datapath/east_vc1_fifo/rd_ptr_reg[0]/C,u_mesh/GEN_R[3].r/u_datapath/north_vc0_fifo/fifo_mem_reg[0][flit_type]_0_3_0_0/DP/WE
-0.721,22,0,3,inter,u_mesh/GEN_R[0].r/u_datapath/east_vc1_fifo/rd_ptr_reg[0]/C,u_mesh/GEN_R[3].r/u_datapath/north_vc0_fifo/fifo_mem_reg[0][flit_type]_0_3_0_0/SP/WE
-0.721,22,0,3,inter,u_mesh/GEN_R[0].r/u_datapath/east_vc1_fifo/rd_ptr_reg[0]/C,u_mesh/GEN_R[3].r/u_datapath/north_vc0_fifo/fifo_mem_reg[0][flit_type]_0_3_1_1/DP/WE
-0.721,22,0,3,inter,u_mesh/GEN_R[0].r/u_datapath/east_vc1_fifo/rd_ptr_reg[0]/C,u_mesh/GEN_R[3].r/u_datapath/north_vc0_fifo/fifo_mem_reg[0][flit_type]_0_3_1_1/SP/WE
-0.720,21,5,2,inter,u_mesh/GEN_R[5].r/u_datapath/local_vc1_fifo/rd_ptr_reg[0]/C,u_mesh/GEN_R[2].r/u_datapath/south_vc2_fifo/fifo_mem_reg[0][flit_data]_0_3_12_17/RAMA/WE
-0.720,21,5,2,inter,u_mesh/GEN_R[5].r/u_datapath/local_vc1_fifo/rd_ptr_reg[0]/C,u_mesh/GEN_R[2].r/u_datapath/south_vc2_fifo/fifo_mem_reg[0][flit_data]_0_3_12_17/RAMA_D1/WE
-0.720,21,5,2,inter,u_mesh/GEN_R[5].r/u_datapath/local_vc1_fifo/rd_ptr_reg[0]/C,u_mesh/GEN_R[2].r/u_datapath/south_vc2_fifo/fifo_mem_reg[0][flit_data]_0_3_12_17/RAMB/WE
-0.720,21,5,2,inter,u_mesh/GEN_R[5].r/u_datapath/local_vc1_fifo/rd_ptr_reg[0]/C,u_mesh/GEN_R[2].r/u_datapath/south_vc2_fifo/fifo_mem_reg[0][flit_data]_0_3_12_17/RAMB_D1/WE
-0.720,21,5,2,inter,u_mesh/GEN_R[5].r/u_datapath/local_vc1_fifo/rd_ptr_reg[0]/C,u_mesh/GEN_R[2].r/u_datapath/south_vc2_fifo/fifo_mem_reg[0][flit_data]_0_3_12_17/RAMC/WE
-0.720,21,5,2,inter,u_mesh/GEN_R[5].r/u_datapath/local_vc1_fifo/rd_ptr_reg[0]/C,u_mesh/GEN_R[2].r/u_datapath/south_vc2_fifo/fifo_mem_reg[0][flit_data]_0_3_12_17/RAMC_D1/WE
-0.720,21,5,2,inter,u_mesh/GEN_R[5].r/u_datapath/local_vc1_fifo/rd_ptr_reg[0]/C,u_mesh/GEN_R[2].r/u_datapath/south_vc2_fifo/fifo_mem_reg[0][flit_data]_0_3_12_17/RAMD/WE
-0.720,21,5,2,inter,u_mesh/GEN_R[5].r/u_datapath/local_vc1_fifo/rd_ptr_reg[0]/C,u_mesh/GEN_R[2].r/u_datapath/south_vc2_fifo/fifo_mem_reg[0][flit_data]_0_3_12_17/RAMD_D1/WE
-0.715,22,1,2,inter,u_mesh/GEN_R[1].r/u_datapath/west_vc2_fifo/rd_ptr_reg[1]/C,u_mesh/GEN_R[2].r/u_datapath/west_vc0_fifo/fifo_mem_reg[0][flit_data]_0_3_0_5/RAMA/WE
-0.715,22,1,2,inter,u_mesh/GEN_R[1].r/u_datapath/west_vc2_fifo/rd_ptr_reg[1]/C,u_mesh/GEN_R[2].r/u_datapath/west_vc0_fifo/fifo_mem_reg[0][flit_data]_0_3_0_5/RAMA_D1/WE
-0.715,22,1,2,inter,u_mesh/GEN_R[1].r/u_datapath/west_vc2_fifo/rd_ptr_reg[1]/C,u_mesh/GEN_R[2].r/u_datapath/west_vc0_fifo/fifo_mem_reg[0][flit_data]_0_3_0_5/RAMB/WE
-0.715,22,1,2,inter,u_mesh/GEN_R[1].r/u_datapath/west_vc2_fifo/rd_ptr_reg[1]/C,u_mesh/GEN_R[2].r/u_datapath/west_vc0_fifo/fifo_mem_reg[0][flit_data]_0_3_0_5/RAMB_D1/WE
-0.715,22,1,2,inter,u_mesh/GEN_R[1].r/u_datapath/west_vc2_fifo/rd_ptr_reg[1]/C,u_mesh/GEN_R[2].r/u_datapath/west_vc0_fifo/fifo_mem_reg[0][flit_data]_0_3_0_5/RAMC/WE
-0.715,22,1,2,inter,u_mesh/GEN_R[1].r/u_datapath/west_vc2_fifo/rd_ptr_reg[1]/C,u_mesh/GEN_R[2].r/u_datapath/west_vc0_fifo/fifo_mem_reg[0][flit_data]_0_3_0_5/RAMC_D1/WE
-0.715,22,1,2,inter,u_mesh/GEN_R[1].r/u_datapath/west_vc2_fifo/rd_ptr_reg[1]/C,u_mesh/GEN_R[2].r/u_datapath/west_vc0_fifo/fifo_mem_reg[0][flit_data]_0_3_0_5/RAMD/WE
-0.715,22,1,2,inter,u_mesh/GEN_R[1].r/u_datapath/west_vc2_fifo/rd_ptr_reg[1]/C,u_mesh/GEN_R[2].r/u_datapath/west_vc0_fifo/fifo_mem_reg[0][flit_data]_0_3_0_5/RAMD_D1/WE
-0.711,22,1,0,inter,u_mesh/GEN_R[1].r/u_datapath/west_vc2_fifo/rd_ptr_reg[1]/C,u_mesh/GEN_R[0].r/u_datapath/east_vc1_fifo/fifo_mem_reg[0][vc_id]_0_3_0_0/DP/WE
-0.711,22,1,0,inter,u_mesh/GEN_R[1].r/u_datapath/west_vc2_fifo/rd_ptr_reg[1]/C,u_mesh/GEN_R[0].r/u_datapath/east_vc1_fifo/fifo_mem_reg[0][vc_id]_0_3_0_0/SP/WE
-0.711,22,1,0,inter,u_mesh/GEN_R[1].r/u_datapath/west_vc2_fifo/rd_ptr_reg[1]/C,u_mesh/GEN_R[0].r/u_datapath/east_vc1_fifo/fifo_mem_reg[0][vc_id]_0_3_1_1/DP/WE
-0.711,22,1,0,inter,u_mesh/GEN_R[1].r/u_datapath/west_vc2_fifo/rd_ptr_reg[1]/C,u_mesh/GEN_R[0].r/u_datapath/east_vc1_fifo/fifo_mem_reg[0][vc_id]_0_3_1_1/SP/WE
-0.706,21,5,4,inter,u_mesh/GEN_R[5].r/u_datapath/local_vc1_fifo/rd_ptr_reg[0]/C,u_mesh/GEN_R[4].r/u_datapath/east_vc2_fifo/fifo_mem_reg[0][vc_id]_0_3_0_0/DP/WE
-0.706,21,5,4,inter,u_mesh/GEN_R[5].r/u_datapath/local_vc1_fifo/rd_ptr_reg[0]/C,u_mesh/GEN_R[4].r/u_datapath/east_vc2_fifo/fifo_mem_reg[0][vc_id]_0_3_0_0/SP/WE
-0.706,21,5,4,inter,u_mesh/GEN_R[5].r/u_datapath/local_vc1_fifo/rd_ptr_reg[0]/C,u_mesh/GEN_R[4].r/u_datapath/east_vc2_fifo/fifo_mem_reg[0][vc_id]_0_3_1_1/DP/WE
-0.706,21,5,4,inter,u_mesh/GEN_R[5].r/u_datapath/local_vc1_fifo/rd_ptr_reg[0]/C,u_mesh/GEN_R[4].r/u_datapath/east_vc2_fifo/fifo_mem_reg[0][vc_id]_0_3_1_1/SP/WE
-0.688,21,3,4,inter,u_mesh/GEN_R[3].r/u_datapath/east_vc1_fifo/rd_ptr_reg[1]_replica/C,u_mesh/GEN_R[4].r/u_datapath/west_vc1_fifo/fifo_mem_reg[0][flit_data]_0_3_12_17/RAMA/WE
-0.688,21,3,4,inter,u_mesh/GEN_R[3].r/u_datapath/east_vc1_fifo/rd_ptr_reg[1]_replica/C,u_mesh/GEN_R[4].r/u_datapath/west_vc1_fifo/fifo_mem_reg[0][flit_data]_0_3_12_17/RAMA_D1/WE
-0.688,21,3,4,inter,u_mesh/GEN_R[3].r/u_datapath/east_vc1_fifo/rd_ptr_reg[1]_replica/C,u_mesh/GEN_R[4].r/u_datapath/west_vc1_fifo/fifo_mem_reg[0][flit_data]_0_3_12_17/RAMB/WE
-0.688,21,3,4,inter,u_mesh/GEN_R[3].r/u_datapath/east_vc1_fifo/rd_ptr_reg[1]_replica/C,u_mesh/GEN_R[4].r/u_datapath/west_vc1_fifo/fifo_mem_reg[0][flit_data]_0_3_12_17/RAMB_D1/WE
-0.688,21,3,4,inter,u_mesh/GEN_R[3].r/u_datapath/east_vc1_fifo/rd_ptr_reg[1]_replica/C,u_mesh/GEN_R[4].r/u_datapath/west_vc1_fifo/fifo_mem_reg[0][flit_data]_0_3_12_17/RAMC/WE
-0.688,21,3,4,inter,u_mesh/GEN_R[3].r/u_datapath/east_vc1_fifo/rd_ptr_reg[1]_replica/C,u_mesh/GEN_R[4].r/u_datapath/west_vc1_fifo/fifo_mem_reg[0][flit_data]_0_3_12_17/RAMC_D1/WE
-0.688,21,3,4,inter,u_mesh/GEN_R[3].r/u_datapath/east_vc1_fifo/rd_ptr_reg[1]_replica/C,u_mesh/GEN_R[4].r/u_datapath/west_vc1_fifo/fifo_mem_reg[0][flit_data]_0_3_12_17/RAMD/WE
-0.688,21,3,4,inter,u_mesh/GEN_R[3].r/u_datapath/east_vc1_fifo/rd_ptr_reg[1]_replica/C,u_mesh/GEN_R[4].r/u_datapath/west_vc1_fifo/fifo_mem_reg[0][flit_data]_0_3_12_17/RAMD_D1/WE
-0.686,22,4,1,inter,u_mesh/GEN_R[4].r/u_datapath/west_vc0_fifo/rd_ptr_reg[0]/C,u_mesh/GEN_R[1].r/u_datapath/south_vc0_fifo/fifo_mem_reg[0][flit_data]_0_3_6_11/RAMA/WE
-0.686,22,4,1,inter,u_mesh/GEN_R[4].r/u_datapath/west_vc0_fifo/rd_ptr_reg[0]/C,u_mesh/GEN_R[1].r/u_datapath/south_vc0_fifo/fifo_mem_reg[0][flit_data]_0_3_6_11/RAMA_D1/WE
-0.686,22,4,1,inter,u_mesh/GEN_R[4].r/u_datapath/west_vc0_fifo/rd_ptr_reg[0]/C,u_mesh/GEN_R[1].r/u_datapath/south_vc0_fifo/fifo_mem_reg[0][flit_data]_0_3_6_11/RAMB/WE
-0.686,22,4,1,inter,u_mesh/GEN_R[4].r/u_datapath/west_vc0_fifo/rd_ptr_reg[0]/C,u_mesh/GEN_R[1].r/u_datapath/south_vc0_fifo/fifo_mem_reg[0][flit_data]_0_3_6_11/RAMB_D1/WE
-0.686,22,4,1,inter,u_mesh/GEN_R[4].r/u_datapath/west_vc0_fifo/rd_ptr_reg[0]/C,u_mesh/GEN_R[1].r/u_datapath/south_vc0_fifo/fifo_mem_reg[0][flit_data]_0_3_6_11/RAMC/WE
-0.686,22,4,1,inter,u_mesh/GEN_R[4].r/u_datapath/west_vc0_fifo/rd_ptr_reg[0]/C,u_mesh/GEN_R[1].r/u_datapath/south_vc0_fifo/fifo_mem_reg[0][flit_data]_0_3_6_11/RAMC_D1/WE
-0.686,22,4,1,inter,u_mesh/GEN_R[4].r/u_datapath/west_vc0_fifo/rd_ptr_reg[0]/C,u_mesh/GEN_R[1].r/u_datapath/south_vc0_fifo/fifo_mem_reg[0][flit_data]_0_3_6_11/RAMD/WE
-0.686,22,4,1,inter,u_mesh/GEN_R[4].r/u_datapath/west_vc0_fifo/rd_ptr_reg[0]/C,u_mesh/GEN_R[1].r/u_datapath/south_vc0_fifo/fifo_mem_reg[0][flit_data]_0_3_6_11/RAMD_D1/WE
-0.681,21,0,3,inter,u_mesh/GEN_R[0].r/u_datapath/east_vc1_fifo/rd_ptr_reg[0]/C,u_mesh/GEN_R[3].r/u_datapath/north_vc2_fifo/fifo_mem_reg[0][flit_data]_0_3_24_29/RAMA/WE
-0.681,21,0,3,inter,u_mesh/GEN_R[0].r/u_datapath/east_vc1_fifo/rd_ptr_reg[0]/C,u_mesh/GEN_R[3].r/u_datapath/north_vc2_fifo/fifo_mem_reg[0][flit_data]_0_3_24_29/RAMA_D1/WE
-0.681,21,0,3,inter,u_mesh/GEN_R[0].r/u_datapath/east_vc1_fifo/rd_ptr_reg[0]/C,u_mesh/GEN_R[3].r/u_datapath/north_vc2_fifo/fifo_mem_reg[0][flit_data]_0_3_24_29/RAMB/WE
-0.681,21,0,3,inter,u_mesh/GEN_R[0].r/u_datapath/east_vc1_fifo/rd_ptr_reg[0]/C,u_mesh/GEN_R[3].r/u_datapath/north_vc2_fifo/fifo_mem_reg[0][flit_data]_0_3_24_29/RAMB_D1/WE
-0.681,21,0,3,inter,u_mesh/GEN_R[0].r/u_datapath/east_vc1_fifo/rd_ptr_reg[0]/C,u_mesh/GEN_R[3].r/u_datapath/north_vc2_fifo/fifo_mem_reg[0][flit_data]_0_3_24_29/RAMC/WE
-0.681,21,0,3,inter,u_mesh/GEN_R[0].r/u_datapath/east_vc1_fifo/rd_ptr_reg[0]/C,u_mesh/GEN_R[3].r/u_datapath/north_vc2_fifo/fifo_mem_reg[0][flit_data]_0_3_24_29/RAMC_D1/WE
-0.681,21,0,3,inter,u_mesh/GEN_R[0].r/u_datapath/east_vc1_fifo/rd_ptr_reg[0]/C,u_mesh/GEN_R[3].r/u_datapath/north_vc2_fifo/fifo_mem_reg[0][flit_data]_0_3_24_29/RAMD/WE
-0.681,21,0,3,inter,u_mesh/GEN_R[0].r/u_datapath/east_vc1_fifo/rd_ptr_reg[0]/C,u_mesh/GEN_R[3].r/u_datapath/north_vc2_fifo/fifo_mem_reg[0][flit_data]_0_3_24_29/RAMD_D1/WE
-0.681,22,4,1,inter,u_mesh/GEN_R[4].r/u_datapath/west_vc0_fifo/rd_ptr_reg[0]/C,u_mesh/GEN_R[1].r/u_datapath/south_vc0_fifo/fifo_mem_reg[0][flit_data]_0_3_12_17/RAMA/WE
-0.681,22,4,1,inter,u_mesh/GEN_R[4].r/u_datapath/west_vc0_fifo/rd_ptr_reg[0]/C,u_mesh/GEN_R[1].r/u_datapath/south_vc0_fifo/fifo_mem_reg[0][flit_data]_0_3_12_17/RAMA_D1/WE
-0.681,22,4,1,inter,u_mesh/GEN_R[4].r/u_datapath/west_vc0_fifo/rd_ptr_reg[0]/C,u_mesh/GEN_R[1].r/u_datapath/south_vc0_fifo/fifo_mem_reg[0][flit_data]_0_3_12_17/RAMB/WE
-0.681,22,4,1,inter,u_mesh/GEN_R[4].r/u_datapath/west_vc0_fifo/rd_ptr_reg[0]/C,u_mesh/GEN_R[1].r/u_datapath/south_vc0_fifo/fifo_mem_reg[0][flit_data]_0_3_12_17/RAMB_D1/WE
-0.681,22,4,1,inter,u_mesh/GEN_R[4].r/u_datapath/west_vc0_fifo/rd_ptr_reg[0]/C,u_mesh/GEN_R[1].r/u_datapath/south_vc0_fifo/fifo_mem_reg[0][flit_data]_0_3_12_17/RAMC/WE
-0.681,22,4,1,inter,u_mesh/GEN_R[4].r/u_datapath/west_vc0_fifo/rd_ptr_reg[0]/C,u_mesh/GEN_R[1].r/u_datapath/south_vc0_fifo/fifo_mem_reg[0][flit_data]_0_3_12_17/RAMC_D1/WE
-0.681,22,4,1,inter,u_mesh/GEN_R[4].r/u_datapath/west_vc0_fifo/rd_ptr_reg[0]/C,u_mesh/GEN_R[1].r/u_datapath/south_vc0_fifo/fifo_mem_reg[0][flit_data]_0_3_12_17/RAMD/WE
-0.681,22,4,1,inter,u_mesh/GEN_R[4].r/u_datapath/west_vc0_fifo/rd_ptr_reg[0]/C,u_mesh/GEN_R[1].r/u_datapath/south_vc0_fifo/fifo_mem_reg[0][flit_data]_0_3_12_17/RAMD_D1/WE
-0.680,21,0,3,inter,u_mesh/GEN_R[0].r/u_datapath/east_vc1_fifo/rd_ptr_reg[0]/C,u_mesh/GEN_R[3].r/u_datapath/north_vc2_fifo/fifo_mem_reg[0][flit_data]_0_3_0_5/RAMA/WE
-0.680,21,0,3,inter,u_mesh/GEN_R[0].r/u_datapath/east_vc1_fifo/rd_ptr_reg[0]/C,u_mesh/GEN_R[3].r/u_datapath/north_vc2_fifo/fifo_mem_reg[0][flit_data]_0_3_0_5/RAMA_D1/WE
-0.680,21,0,3,inter,u_mesh/GEN_R[0].r/u_datapath/east_vc1_fifo/rd_ptr_reg[0]/C,u_mesh/GEN_R[3].r/u_datapath/north_vc2_fifo/fifo_mem_reg[0][flit_data]_0_3_0_5/RAMB/WE
-0.680,21,0,3,inter,u_mesh/GEN_R[0].r/u_datapath/east_vc1_fifo/rd_ptr_reg[0]/C,u_mesh/GEN_R[3].r/u_datapath/north_vc2_fifo/fifo_mem_reg[0][flit_data]_0_3_0_5/RAMB_D1/WE
-0.680,21,0,3,inter,u_mesh/GEN_R[0].r/u_datapath/east_vc1_fifo/rd_ptr_reg[0]/C,u_mesh/GEN_R[3].r/u_datapath/north_vc2_fifo/fifo_mem_reg[0][flit_data]_0_3_0_5/RAMC/WE
-0.680,21,0,3,inter,u_mesh/GEN_R[0].r/u_datapath/east_vc1_fifo/rd_ptr_reg[0]/C,u_mesh/GEN_R[3].r/u_datapath/north_vc2_fifo/fifo_mem_reg[0][flit_data]_0_3_0_5/RAMC_D1/WE
-0.680,21,0,3,inter,u_mesh/GEN_R[0].r/u_datapath/east_vc1_fifo/rd_ptr_reg[0]/C,u_mesh/GEN_R[3].r/u_datapath/north_vc2_fifo/fifo_mem_reg[0][flit_data]_0_3_0_5/RAMD/WE
-0.680,21,0,3,inter,u_mesh/GEN_R[0].r/u_datapath/east_vc1_fifo/rd_ptr_reg[0]/C,u_mesh/GEN_R[3].r/u_datapath/north_vc2_fifo/fifo_mem_reg[0][flit_data]_0_3_0_5/RAMD_D1/WE
-0.680,21,0,1,inter,u_mesh/GEN_R[0].r/u_datapath/east_vc1_fifo/rd_ptr_reg[0]/C,u_mesh/GEN_R[1].r/u_datapath/west_vc2_fifo/fifo_mem_reg[0][flit_data]_0_3_12_17/RAMA/WE
-0.680,21,0,1,inter,u_mesh/GEN_R[0].r/u_datapath/east_vc1_fifo/rd_ptr_reg[0]/C,u_mesh/GEN_R[1].r/u_datapath/west_vc2_fifo/fifo_mem_reg[0][flit_data]_0_3_12_17/RAMA_D1/WE
-0.680,21,0,1,inter,u_mesh/GEN_R[0].r/u_datapath/east_vc1_fifo/rd_ptr_reg[0]/C,u_mesh/GEN_R[1].r/u_datapath/west_vc2_fifo/fifo_mem_reg[0][flit_data]_0_3_12_17/RAMB/WE
-0.680,21,0,1,inter,u_mesh/GEN_R[0].r/u_datapath/east_vc1_fifo/rd_ptr_reg[0]/C,u_mesh/GEN_R[1].r/u_datapath/west_vc2_fifo/fifo_mem_reg[0][flit_data]_0_3_12_17/RAMB_D1/WE
-0.680,21,0,1,inter,u_mesh/GEN_R[0].r/u_datapath/east_vc1_fifo/rd_ptr_reg[0]/C,u_mesh/GEN_R[1].r/u_datapath/west_vc2_fifo/fifo_mem_reg[0][flit_data]_0_3_12_17/RAMC/WE
-0.680,21,0,1,inter,u_mesh/GEN_R[0].r/u_datapath/east_vc1_fifo/rd_ptr_reg[0]/C,u_mesh/GEN_R[1].r/u_datapath/west_vc2_fifo/fifo_mem_reg[0][flit_data]_0_3_12_17/RAMC_D1/WE
-0.680,21,0,1,inter,u_mesh/GEN_R[0].r/u_datapath/east_vc1_fifo/rd_ptr_reg[0]/C,u_mesh/GEN_R[1].r/u_datapath/west_vc2_fifo/fifo_mem_reg[0][flit_data]_0_3_12_17/RAMD/WE
-0.680,21,0,1,inter,u_mesh/GEN_R[0].r/u_datapath/east_vc1_fifo/rd_ptr_reg[0]/C,u_mesh/GEN_R[1].r/u_datapath/west_vc2_fifo/fifo_mem_reg[0][flit_data]_0_3_12_17/RAMD_D1/WE
-0.679,22,4,1,inter,u_mesh/GEN_R[4].r/u_datapath/west_vc0_fifo/rd_ptr_reg[0]/C,u_mesh/GEN_R[1].r/u_datapath/south_vc2_fifo/fifo_mem_reg[0][flit_data]_0_3_18_23/RAMA/WE
-0.679,22,4,1,inter,u_mesh/GEN_R[4].r/u_datapath/west_vc0_fifo/rd_ptr_reg[0]/C,u_mesh/GEN_R[1].r/u_datapath/south_vc2_fifo/fifo_mem_reg[0][flit_data]_0_3_18_23/RAMA_D1/WE
-0.679,22,4,1,inter,u_mesh/GEN_R[4].r/u_datapath/west_vc0_fifo/rd_ptr_reg[0]/C,u_mesh/GEN_R[1].r/u_datapath/south_vc2_fifo/fifo_mem_reg[0][flit_data]_0_3_18_23/RAMB/WE
-0.679,22,4,1,inter,u_mesh/GEN_R[4].r/u_datapath/west_vc0_fifo/rd_ptr_reg[0]/C,u_mesh/GEN_R[1].r/u_datapath/south_vc2_fifo/fifo_mem_reg[0][flit_data]_0_3_18_23/RAMB_D1/WE
-0.679,22,4,1,inter,u_mesh/GEN_R[4].r/u_datapath/west_vc0_fifo/rd_ptr_reg[0]/C,u_mesh/GEN_R[1].r/u_datapath/south_vc2_fifo/fifo_mem_reg[0][flit_data]_0_3_18_23/RAMC/WE
-0.679,22,4,1,inter,u_mesh/GEN_R[4].r/u_datapath/west_vc0_fifo/rd_ptr_reg[0]/C,u_mesh/GEN_R[1].r/u_datapath/south_vc2_fifo/fifo_mem_reg[0][flit_data]_0_3_18_23/RAMC_D1/WE
-0.679,22,4,1,inter,u_mesh/GEN_R[4].r/u_datapath/west_vc0_fifo/rd_ptr_reg[0]/C,u_mesh/GEN_R[1].r/u_datapath/south_vc2_fifo/fifo_mem_reg[0][flit_data]_0_3_18_23/RAMD/WE
-0.679,22,4,1,inter,u_mesh/GEN_R[4].r/u_datapath/west_vc0_fifo/rd_ptr_reg[0]/C,u_mesh/GEN_R[1].r/u_datapath/south_vc2_fifo/fifo_mem_reg[0][flit_data]_0_3_18_23/RAMD_D1/WE
-0.677,21,0,1,inter,u_mesh/GEN_R[0].r/u_datapath/east_vc1_fifo/rd_ptr_reg[0]/C,u_mesh/GEN_R[1].r/u_datapath/west_vc1_fifo/fifo_mem_reg[0][vc_id]_0_3_0_0/DP/WE
-0.677,21,0,1,inter,u_mesh/GEN_R[0].r/u_datapath/east_vc1_fifo/rd_ptr_reg[0]/C,u_mesh/GEN_R[1].r/u_datapath/west_vc1_fifo/fifo_mem_reg[0][vc_id]_0_3_0_0/SP/WE
-0.677,21,0,1,inter,u_mesh/GEN_R[0].r/u_datapath/east_vc1_fifo/rd_ptr_reg[0]/C,u_mesh/GEN_R[1].r/u_datapath/west_vc1_fifo/fifo_mem_reg[0][vc_id]_0_3_1_1/DP/WE
-0.677,21,0,1,inter,u_mesh/GEN_R[0].r/u_datapath/east_vc1_fifo/rd_ptr_reg[0]/C,u_mesh/GEN_R[1].r/u_datapath/west_vc1_fifo/fifo_mem_reg[0][vc_id]_0_3_1_1/SP/WE
-0.677,22,4,5,inter,u_mesh/GEN_R[4].r/u_datapath/west_vc0_fifo/rd_ptr_reg[0]/C,u_mesh/GEN_R[5].r/u_datapath/west_vc2_fifo/fifo_mem_reg[0][vc_id]_0_3_0_0/DP/WE
-0.677,22,4,5,inter,u_mesh/GEN_R[4].r/u_datapath/west_vc0_fifo/rd_ptr_reg[0]/C,u_mesh/GEN_R[5].r/u_datapath/west_vc2_fifo/fifo_mem_reg[0][vc_id]_0_3_0_0/SP/WE
-0.677,22,4,5,inter,u_mesh/GEN_R[4].r/u_datapath/west_vc0_fifo/rd_ptr_reg[0]/C,u_mesh/GEN_R[5].r/u_datapath/west_vc2_fifo/fifo_mem_reg[0][vc_id]_0_3_1_1/DP/WE
-0.677,22,4,5,inter,u_mesh/GEN_R[4].r/u_datapath/west_vc0_fifo/rd_ptr_reg[0]/C,u_mesh/GEN_R[5].r/u_datapath/west_vc2_fifo/fifo_mem_reg[0][vc_id]_0_3_1_1/SP/WE
-0.675,22,1,2,inter,u_mesh/GEN_R[1].r/u_datapath/west_vc2_fifo/rd_ptr_reg[1]/C,u_mesh/GEN_R[2].r/u_datapath/west_vc2_fifo/fifo_mem_reg[0][flit_data]_0_3_12_17/RAMA/WE
-0.675,22,1,2,inter,u_mesh/GEN_R[1].r/u_datapath/west_vc2_fifo/rd_ptr_reg[1]/C,u_mesh/GEN_R[2].r/u_datapath/west_vc2_fifo/fifo_mem_reg[0][flit_data]_0_3_12_17/RAMA_D1/WE
-0.675,22,1,2,inter,u_mesh/GEN_R[1].r/u_datapath/west_vc2_fifo/rd_ptr_reg[1]/C,u_mesh/GEN_R[2].r/u_datapath/west_vc2_fifo/fifo_mem_reg[0][flit_data]_0_3_12_17/RAMB/WE
-0.675,22,1,2,inter,u_mesh/GEN_R[1].r/u_datapath/west_vc2_fifo/rd_ptr_reg[1]/C,u_mesh/GEN_R[2].r/u_datapath/west_vc2_fifo/fifo_mem_reg[0][flit_data]_0_3_12_17/RAMB_D1/WE
-0.675,22,1,2,inter,u_mesh/GEN_R[1].r/u_datapath/west_vc2_fifo/rd_ptr_reg[1]/C,u_mesh/GEN_R[2].r/u_datapath/west_vc2_fifo/fifo_mem_reg[0][flit_data]_0_3_12_17/RAMC/WE
-0.675,22,1,2,inter,u_mesh/GEN_R[1].r/u_datapath/west_vc2_fifo/rd_ptr_reg[1]/C,u_mesh/GEN_R[2].r/u_datapath/west_vc2_fifo/fifo_mem_reg[0][flit_data]_0_3_12_17/RAMC_D1/WE
-0.675,22,1,2,inter,u_mesh/GEN_R[1].r/u_datapath/west_vc2_fifo/rd_ptr_reg[1]/C,u_mesh/GEN_R[2].r/u_datapath/west_vc2_fifo/fifo_mem_reg[0][flit_data]_0_3_12_17/RAMD/WE
-0.675,22,1,2,inter,u_mesh/GEN_R[1].r/u_datapath/west_vc2_fifo/rd_ptr_reg[1]/C,u_mesh/GEN_R[2].r/u_datapath/west_vc2_fifo/fifo_mem_reg[0][flit_data]_0_3_12_17/RAMD_D1/WE
-0.669,22,4,5,inter,u_mesh/GEN_R[4].r/u_datapath/west_vc0_fifo/rd_ptr_reg[0]/C,u_mesh/GEN_R[5].r/u_datapath/west_vc2_fifo/fifo_mem_reg[0][flit_data]_0_3_0_5/RAMA/WE
-0.669,22,4,5,inter,u_mesh/GEN_R[4].r/u_datapath/west_vc0_fifo/rd_ptr_reg[0]/C,u_mesh/GEN_R[5].r/u_datapath/west_vc2_fifo/fifo_mem_reg[0][flit_data]_0_3_0_5/RAMA_D1/WE
-0.669,22,4,5,inter,u_mesh/GEN_R[4].r/u_datapath/west_vc0_fifo/rd_ptr_reg[0]/C,u_mesh/GEN_R[5].r/u_datapath/west_vc2_fifo/fifo_mem_reg[0][flit_data]_0_3_0_5/RAMB/WE
-0.669,22,4,5,inter,u_mesh/GEN_R[4].r/u_datapath/west_vc0_fifo/rd_ptr_reg[0]/C,u_mesh/GEN_R[5].r/u_datapath/west_vc2_fifo/fifo_mem_reg[0][flit_data]_0_3_0_5/RAMB_D1/WE
-0.669,22,4,5,inter,u_mesh/GEN_R[4].r/u_datapath/west_vc0_fifo/rd_ptr_reg[0]/C,u_mesh/GEN_R[5].r/u_datapath/west_vc2_fifo/fifo_mem_reg[0][flit_data]_0_3_0_5/RAMC/WE
-0.669,22,4,5,inter,u_mesh/GEN_R[4].r/u_datapath/west_vc0_fifo/rd_ptr_reg[0]/C,u_mesh/GEN_R[5].r/u_datapath/west_vc2_fifo/fifo_mem_reg[0][flit_data]_0_3_0_5/RAMC_D1/WE
-0.669,22,4,5,inter,u_mesh/GEN_R[4].r/u_datapath/west_vc0_fifo/rd_ptr_reg[0]/C,u_mesh/GEN_R[5].r/u_datapath/west_vc2_fifo/fifo_mem_reg[0][flit_data]_0_3_0_5/RAMD/WE
-0.669,22,4,5,inter,u_mesh/GEN_R[4].r/u_datapath/west_vc0_fifo/rd_ptr_reg[0]/C,u_mesh/GEN_R[5].r/u_datapath/west_vc2_fifo/fifo_mem_reg[0][flit_data]_0_3_0_5/RAMD_D1/WE
-0.664,21,3,0,inter,u_mesh/GEN_R[3].r/u_datapath/east_vc1_fifo/rd_ptr_reg[1]_replica/C,u_mesh/GEN_R[0].r/u_datapath/south_vc2_fifo/fifo_mem_reg[0][flit_data]_0_3_12_17/RAMA/WE
-0.664,21,3,0,inter,u_mesh/GEN_R[3].r/u_datapath/east_vc1_fifo/rd_ptr_reg[1]_replica/C,u_mesh/GEN_R[0].r/u_datapath/south_vc2_fifo/fifo_mem_reg[0][flit_data]_0_3_12_17/RAMA_D1/WE
-0.664,21,3,0,inter,u_mesh/GEN_R[3].r/u_datapath/east_vc1_fifo/rd_ptr_reg[1]_replica/C,u_mesh/GEN_R[0].r/u_datapath/south_vc2_fifo/fifo_mem_reg[0][flit_data]_0_3_12_17/RAMB/WE
-0.664,21,3,0,inter,u_mesh/GEN_R[3].r/u_datapath/east_vc1_fifo/rd_ptr_reg[1]_replica/C,u_mesh/GEN_R[0].r/u_datapath/south_vc2_fifo/fifo_mem_reg[0][flit_data]_0_3_12_17/RAMB_D1/WE
-0.664,21,3,0,inter,u_mesh/GEN_R[3].r/u_datapath/east_vc1_fifo/rd_ptr_reg[1]_replica/C,u_mesh/GEN_R[0].r/u_datapath/south_vc2_fifo/fifo_mem_reg[0][flit_data]_0_3_12_17/RAMC/WE
-0.664,21,3,0,inter,u_mesh/GEN_R[3].r/u_datapath/east_vc1_fifo/rd_ptr_reg[1]_replica/C,u_mesh/GEN_R[0].r/u_datapath/south_vc2_fifo/fifo_mem_reg[0][flit_data]_0_3_12_17/RAMC_D1/WE
-0.664,21,3,0,inter,u_mesh/GEN_R[3].r/u_datapath/east_vc1_fifo/rd_ptr_reg[1]_replica/C,u_mesh/GEN_R[0].r/u_datapath/south_vc2_fifo/fifo_mem_reg[0][flit_data]_0_3_12_17/RAMD/WE
-0.664,21,3,0,inter,u_mesh/GEN_R[3].r/u_datapath/east_vc1_fifo/rd_ptr_reg[1]_replica/C,u_mesh/GEN_R[0].r/u_datapath/south_vc2_fifo/fifo_mem_reg[0][flit_data]_0_3_12_17/RAMD_D1/WE
-0.663,22,1,4,inter,u_mesh/GEN_R[1].r/u_datapath/local_vc0_fifo/rd_ptr_reg[0]/C,u_mesh/GEN_R[4].r/u_datapath/north_vc1_fifo/fifo_mem_reg[0][flit_data]_0_3_0_5/RAMA/WE
-0.663,22,1,4,inter,u_mesh/GEN_R[1].r/u_datapath/local_vc0_fifo/rd_ptr_reg[0]/C,u_mesh/GEN_R[4].r/u_datapath/north_vc1_fifo/fifo_mem_reg[0][flit_data]_0_3_0_5/RAMA_D1/WE
-0.663,22,1,4,inter,u_mesh/GEN_R[1].r/u_datapath/local_vc0_fifo/rd_ptr_reg[0]/C,u_mesh/GEN_R[4].r/u_datapath/north_vc1_fifo/fifo_mem_reg[0][flit_data]_0_3_0_5/RAMB/WE
-0.663,22,1,4,inter,u_mesh/GEN_R[1].r/u_datapath/local_vc0_fifo/rd_ptr_reg[0]/C,u_mesh/GEN_R[4].r/u_datapath/north_vc1_fifo/fifo_mem_reg[0][flit_data]_0_3_0_5/RAMB_D1/WE
-0.663,22,1,4,inter,u_mesh/GEN_R[1].r/u_datapath/local_vc0_fifo/rd_ptr_reg[0]/C,u_mesh/GEN_R[4].r/u_datapath/north_vc1_fifo/fifo_mem_reg[0][flit_data]_0_3_0_5/RAMC/WE
-0.663,22,1,4,inter,u_mesh/GEN_R[1].r/u_datapath/local_vc0_fifo/rd_ptr_reg[0]/C,u_mesh/GEN_R[4].r/u_datapath/north_vc1_fifo/fifo_mem_reg[0][flit_data]_0_3_0_5/RAMC_D1/WE
-0.663,22,1,4,inter,u_mesh/GEN_R[1].r/u_datapath/local_vc0_fifo/rd_ptr_reg[0]/C,u_mesh/GEN_R[4].r/u_datapath/north_vc1_fifo/fifo_mem_reg[0][flit_data]_0_3_0_5/RAMD/WE
-0.663,22,1,4,inter,u_mesh/GEN_R[1].r/u_datapath/local_vc0_fifo/rd_ptr_reg[0]/C,u_mesh/GEN_R[4].r/u_datapath/north_vc1_fifo/fifo_mem_reg[0][flit_data]_0_3_0_5/RAMD_D1/WE
-0.662,21,0,3,inter,u_mesh/GEN_R[0].r/u_datapath/east_vc1_fifo/rd_ptr_reg[0]/C,u_mesh/GEN_R[3].r/u_datapath/north_vc2_fifo/fifo_mem_reg[0][flit_data]_0_3_30_31/DP/WE
-0.662,21,0,3,inter,u_mesh/GEN_R[0].r/u_datapath/east_vc1_fifo/rd_ptr_reg[0]/C,u_mesh/GEN_R[3].r/u_datapath/north_vc2_fifo/fifo_mem_reg[0][flit_data]_0_3_30_31/SP/WE
-0.662,21,0,3,inter,u_mesh/GEN_R[0].r/u_datapath/east_vc1_fifo/rd_ptr_reg[0]/C,u_mesh/GEN_R[3].r/u_datapath/north_vc2_fifo/fifo_mem_reg[0][flit_data]_0_3_30_31__0/DP/WE
-0.662,21,0,3,inter,u_mesh/GEN_R[0].r/u_datapath/east_vc1_fifo/rd_ptr_reg[0]/C,u_mesh/GEN_R[3].r/u_datapath/north_vc2_fifo/fifo_mem_reg[0][flit_data]_0_3_30_31__0/SP/WE
-0.662,21,0,3,inter,u_mesh/GEN_R[0].r/u_datapath/east_vc1_fifo/rd_ptr_reg[0]/C,u_mesh/GEN_R[3].r/u_datapath/north_vc2_fifo/fifo_mem_reg[0][flit_type]_0_3_0_0/DP/WE
-0.662,21,0,3,inter,u_mesh/GEN_R[0].r/u_datapath/east_vc1_fifo/rd_ptr_reg[0]/C,u_mesh/GEN_R[3].r/u_datapath/north_vc2_fifo/fifo_mem_reg[0][flit_type]_0_3_0_0/SP/WE
-0.662,21,0,3,inter,u_mesh/GEN_R[0].r/u_datapath/east_vc1_fifo/rd_ptr_reg[0]/C,u_mesh/GEN_R[3].r/u_datapath/north_vc2_fifo/fifo_mem_reg[0][flit_type]_0_3_1_1/DP/WE
-0.662,21,0,3,inter,u_mesh/GEN_R[0].r/u_datapath/east_vc1_fifo/rd_ptr_reg[0]/C,u_mesh/GEN_R[3].r/u_datapath/north_vc2_fifo/fifo_mem_reg[0][flit_type]_0_3_1_1/SP/WE
-0.660,21,5,4,inter,u_mesh/GEN_R[5].r/u_datapath/local_vc1_fifo/rd_ptr_reg[0]/C,u_mesh/GEN_R[4].r/u_datapath/east_vc2_fifo/fifo_mem_reg[0][flit_data]_0_3_24_29/RAMA/WE
-0.660,21,5,4,inter,u_mesh/GEN_R[5].r/u_datapath/local_vc1_fifo/rd_ptr_reg[0]/C,u_mesh/GEN_R[4].r/u_datapath/east_vc2_fifo/fifo_mem_reg[0][flit_data]_0_3_24_29/RAMA_D1/WE
-0.660,21,5,4,inter,u_mesh/GEN_R[5].r/u_datapath/local_vc1_fifo/rd_ptr_reg[0]/C,u_mesh/GEN_R[4].r/u_datapath/east_vc2_fifo/fifo_mem_reg[0][flit_data]_0_3_24_29/RAMB/WE
-0.660,21,5,4,inter,u_mesh/GEN_R[5].r/u_datapath/local_vc1_fifo/rd_ptr_reg[0]/C,u_mesh/GEN_R[4].r/u_datapath/east_vc2_fifo/fifo_mem_reg[0][flit_data]_0_3_24_29/RAMB_D1/WE
-0.660,21,5,4,inter,u_mesh/GEN_R[5].r/u_datapath/local_vc1_fifo/rd_ptr_reg[0]/C,u_mesh/GEN_R[4].r/u_datapath/east_vc2_fifo/fifo_mem_reg[0][flit_data]_0_3_24_29/RAMC/WE
-0.660,21,5,4,inter,u_mesh/GEN_R[5].r/u_datapath/local_vc1_fifo/rd_ptr_reg[0]/C,u_mesh/GEN_R[4].r/u_datapath/east_vc2_fifo/fifo_mem_reg[0][flit_data]_0_3_24_29/RAMC_D1/WE
-0.660,21,5,4,inter,u_mesh/GEN_R[5].r/u_datapath/local_vc1_fifo/rd_ptr_reg[0]/C,u_mesh/GEN_R[4].r/u_datapath/east_vc2_fifo/fifo_mem_reg[0][flit_data]_0_3_24_29/RAMD/WE
-0.660,21,5,4,inter,u_mesh/GEN_R[5].r/u_datapath/local_vc1_fifo/rd_ptr_reg[0]/C,u_mesh/GEN_R[4].r/u_datapath/east_vc2_fifo/fifo_mem_reg[0][flit_data]_0_3_24_29/RAMD_D1/WE
-0.660,20,4,1,inter,u_mesh/GEN_R[4].r/u_datapath/west_vc0_fifo/rd_ptr_reg[0]/C,u_mesh/GEN_R[1].r/u_datapath/south_vc2_fifo/fifo_mem_reg[0][flit_data]_0_3_0_5/RAMB/I
-0.658,21,3,4,inter,u_mesh/GEN_R[3].r/u_datapath/east_vc1_fifo/rd_ptr_reg[1]_replica/C,u_mesh/GEN_R[4].r/u_datapath/west_vc2_fifo/fifo_mem_reg[0][flit_data]_0_3_30_31/DP/WE
-0.658,21,3,4,inter,u_mesh/GEN_R[3].r/u_datapath/east_vc1_fifo/rd_ptr_reg[1]_replica/C,u_mesh/GEN_R[4].r/u_datapath/west_vc2_fifo/fifo_mem_reg[0][flit_data]_0_3_30_31/SP/WE
-0.658,21,3,4,inter,u_mesh/GEN_R[3].r/u_datapath/east_vc1_fifo/rd_ptr_reg[1]_replica/C,u_mesh/GEN_R[4].r/u_datapath/west_vc2_fifo/fifo_mem_reg[0][flit_data]_0_3_30_31__0/DP/WE
-0.658,21,3,4,inter,u_mesh/GEN_R[3].r/u_datapath/east_vc1_fifo/rd_ptr_reg[1]_replica/C,u_mesh/GEN_R[4].r/u_datapath/west_vc2_fifo/fifo_mem_reg[0][flit_data]_0_3_30_31__0/SP/WE
-0.658,21,3,4,inter,u_mesh/GEN_R[3].r/u_datapath/east_vc1_fifo/rd_ptr_reg[1]_replica/C,u_mesh/GEN_R[4].r/u_datapath/west_vc2_fifo/fifo_mem_reg[0][flit_type]_0_3_0_0/DP/WE
-0.658,21,3,4,inter,u_mesh/GEN_R[3].r/u_datapath/east_vc1_fifo/rd_ptr_reg[1]_replica/C,u_mesh/GEN_R[4].r/u_datapath/west_vc2_fifo/fifo_mem_reg[0][flit_type]_0_3_0_0/SP/WE
-0.658,21,3,4,inter,u_mesh/GEN_R[3].r/u_datapath/east_vc1_fifo/rd_ptr_reg[1]_replica/C,u_mesh/GEN_R[4].r/u_datapath/west_vc2_fifo/fifo_mem_reg[0][flit_type]_0_3_1_1/DP/WE
-0.658,21,3,4,inter,u_mesh/GEN_R[3].r/u_datapath/east_vc1_fifo/rd_ptr_reg[1]_replica/C,u_mesh/GEN_R[4].r/u_datapath/west_vc2_fifo/fifo_mem_reg[0][flit_type]_0_3_1_1/SP/WE
-0.657,22,1,4,inter,u_mesh/GEN_R[1].r/u_datapath/local_vc0_fifo/rd_ptr_reg[0]/C,u_mesh/GEN_R[4].r/u_datapath/north_vc2_fifo/fifo_mem_reg[0][flit_data]_0_3_12_17/RAMA/WE
-0.657,22,1,4,inter,u_mesh/GEN_R[1].r/u_datapath/local_vc0_fifo/rd_ptr_reg[0]/C,u_mesh/GEN_R[4].r/u_datapath/north_vc2_fifo/fifo_mem_reg[0][flit_data]_0_3_12_17/RAMA_D1/WE
-0.657,22,1,4,inter,u_mesh/GEN_R[1].r/u_datapath/local_vc0_fifo/rd_ptr_reg[0]/C,u_mesh/GEN_R[4].r/u_datapath/north_vc2_fifo/fifo_mem_reg[0][flit_data]_0_3_12_17/RAMB/WE
-0.657,22,1,4,inter,u_mesh/GEN_R[1].r/u_datapath/local_vc0_fifo/rd_ptr_reg[0]/C,u_mesh/GEN_R[4].r/u_datapath/north_vc2_fifo/fifo_mem_reg[0][flit_data]_0_3_12_17/RAMB_D1/WE
-0.657,22,1,4,inter,u_mesh/GEN_R[1].r/u_datapath/local_vc0_fifo/rd_ptr_reg[0]/C,u_mesh/GEN_R[4].r/u_datapath/north_vc2_fifo/fifo_mem_reg[0][flit_data]_0_3_12_17/RAMC/WE
-0.657,22,1,4,inter,u_mesh/GEN_R[1].r/u_datapath/local_vc0_fifo/rd_ptr_reg[0]/C,u_mesh/GEN_R[4].r/u_datapath/north_vc2_fifo/fifo_mem_reg[0][flit_data]_0_3_12_17/RAMC_D1/WE
-0.657,22,1,4,inter,u_mesh/GEN_R[1].r/u_datapath/local_vc0_fifo/rd_ptr_reg[0]/C,u_mesh/GEN_R[4].r/u_datapath/north_vc2_fifo/fifo_mem_reg[0][flit_data]_0_3_12_17/RAMD/WE
-0.657,22,1,4,inter,u_mesh/GEN_R[1].r/u_datapath/local_vc0_fifo/rd_ptr_reg[0]/C,u_mesh/GEN_R[4].r/u_datapath/north_vc2_fifo/fifo_mem_reg[0][flit_data]_0_3_12_17/RAMD_D1/WE
-0.655,21,0,1,inter,u_mesh/GEN_R[0].r/u_datapath/east_vc1_fifo/rd_ptr_reg[0]/C,u_mesh/GEN_R[1].r/u_datapath/west_vc1_fifo/fifo_mem_reg[0][flit_data]_0_3_30_31/DP/WE
-0.655,21,0,1,inter,u_mesh/GEN_R[0].r/u_datapath/east_vc1_fifo/rd_ptr_reg[0]/C,u_mesh/GEN_R[1].r/u_datapath/west_vc1_fifo/fifo_mem_reg[0][flit_data]_0_3_30_31/SP/WE
-0.655,21,0,1,inter,u_mesh/GEN_R[0].r/u_datapath/east_vc1_fifo/rd_ptr_reg[0]/C,u_mesh/GEN_R[1].r/u_datapath/west_vc1_fifo/fifo_mem_reg[0][flit_data]_0_3_30_31__0/DP/WE
-0.655,21,0,1,inter,u_mesh/GEN_R[0].r/u_datapath/east_vc1_fifo/rd_ptr_reg[0]/C,u_mesh/GEN_R[1].r/u_datapath/west_vc1_fifo/fifo_mem_reg[0][flit_data]_0_3_30_31__0/SP/WE
-0.655,21,0,1,inter,u_mesh/GEN_R[0].r/u_datapath/east_vc1_fifo/rd_ptr_reg[0]/C,u_mesh/GEN_R[1].r/u_datapath/west_vc1_fifo/fifo_mem_reg[0][flit_type]_0_3_0_0/DP/WE
-0.655,21,0,1,inter,u_mesh/GEN_R[0].r/u_datapath/east_vc1_fifo/rd_ptr_reg[0]/C,u_mesh/GEN_R[1].r/u_datapath/west_vc1_fifo/fifo_mem_reg[0][flit_type]_0_3_0_0/SP/WE
-0.655,21,0,1,inter,u_mesh/GEN_R[0].r/u_datapath/east_vc1_fifo/rd_ptr_reg[0]/C,u_mesh/GEN_R[1].r/u_datapath/west_vc1_fifo/fifo_mem_reg[0][flit_type]_0_3_1_1/DP/WE
-0.655,21,0,1,inter,u_mesh/GEN_R[0].r/u_datapath/east_vc1_fifo/rd_ptr_reg[0]/C,u_mesh/GEN_R[1].r/u_datapath/west_vc1_fifo/fifo_mem_reg[0][flit_type]_0_3_1_1/SP/WE
-0.653,22,1,4,inter,u_mesh/GEN_R[1].r/u_datapath/local_vc0_fifo/rd_ptr_reg[0]/C,u_mesh/GEN_R[4].r/u_datapath/north_vc2_fifo/fifo_mem_reg[0][flit_data]_0_3_0_5/RAMA/WE
-0.653,22,1,4,inter,u_mesh/GEN_R[1].r/u_datapath/local_vc0_fifo/rd_ptr_reg[0]/C,u_mesh/GEN_R[4].r/u_datapath/north_vc2_fifo/fifo_mem_reg[0][flit_data]_0_3_0_5/RAMA_D1/WE
-0.653,22,1,4,inter,u_mesh/GEN_R[1].r/u_datapath/local_vc0_fifo/rd_ptr_reg[0]/C,u_mesh/GEN_R[4].r/u_datapath/north_vc2_fifo/fifo_mem_reg[0][flit_data]_0_3_0_5/RAMB/WE
-0.653,22,1,4,inter,u_mesh/GEN_R[1].r/u_datapath/local_vc0_fifo/rd_ptr_reg[0]/C,u_mesh/GEN_R[4].r/u_datapath/north_vc2_fifo/fifo_mem_reg[0][flit_data]_0_3_0_5/RAMB_D1/WE
-0.653,22,1,4,inter,u_mesh/GEN_R[1].r/u_datapath/local_vc0_fifo/rd_ptr_reg[0]/C,u_mesh/GEN_R[4].r/u_datapath/north_vc2_fifo/fifo_mem_reg[0][flit_data]_0_3_0_5/RAMC/WE
-0.653,22,1,4,inter,u_mesh/GEN_R[1].r/u_datapath/local_vc0_fifo/rd_ptr_reg[0]/C,u_mesh/GEN_R[4].r/u_datapath/north_vc2_fifo/fifo_mem_reg[0][flit_data]_0_3_0_5/RAMC_D1/WE
-0.653,22,1,4,inter,u_mesh/GEN_R[1].r/u_datapath/local_vc0_fifo/rd_ptr_reg[0]/C,u_mesh/GEN_R[4].r/u_datapath/north_vc2_fifo/fifo_mem_reg[0][flit_data]_0_3_0_5/RAMD/WE
-0.653,22,1,4,inter,u_mesh/GEN_R[1].r/u_datapath/local_vc0_fifo/rd_ptr_reg[0]/C,u_mesh/GEN_R[4].r/u_datapath/north_vc2_fifo/fifo_mem_reg[0][flit_data]_0_3_0_5/RAMD_D1/WE
-0.652,21,3,4,inter,u_mesh/GEN_R[3].r/u_datapath/east_vc1_fifo/rd_ptr_reg[1]_replica/C,u_mesh/GEN_R[4].r/u_datapath/west_vc2_fifo/fifo_mem_reg[0][flit_data]_0_3_0_5/RAMA/WE
-0.652,21,3,4,inter,u_mesh/GEN_R[3].r/u_datapath/east_vc1_fifo/rd_ptr_reg[1]_replica/C,u_mesh/GEN_R[4].r/u_datapath/west_vc2_fifo/fifo_mem_reg[0][flit_data]_0_3_0_5/RAMA_D1/WE
-0.652,21,3,4,inter,u_mesh/GEN_R[3].r/u_datapath/east_vc1_fifo/rd_ptr_reg[1]_replica/C,u_mesh/GEN_R[4].r/u_datapath/west_vc2_fifo/fifo_mem_reg[0][flit_data]_0_3_0_5/RAMB/WE
-0.652,21,3,4,inter,u_mesh/GEN_R[3].r/u_datapath/east_vc1_fifo/rd_ptr_reg[1]_replica/C,u_mesh/GEN_R[4].r/u_datapath/west_vc2_fifo/fifo_mem_reg[0][flit_data]_0_3_0_5/RAMB_D1/WE
-0.652,21,3,4,inter,u_mesh/GEN_R[3].r/u_datapath/east_vc1_fifo/rd_ptr_reg[1]_replica/C,u_mesh/GEN_R[4].r/u_datapath/west_vc2_fifo/fifo_mem_reg[0][flit_data]_0_3_0_5/RAMC/WE
-0.652,21,3,4,inter,u_mesh/GEN_R[3].r/u_datapath/east_vc1_fifo/rd_ptr_reg[1]_replica/C,u_mesh/GEN_R[4].r/u_datapath/west_vc2_fifo/fifo_mem_reg[0][flit_data]_0_3_0_5/RAMC_D1/WE
-0.652,21,3,4,inter,u_mesh/GEN_R[3].r/u_datapath/east_vc1_fifo/rd_ptr_reg[1]_replica/C,u_mesh/GEN_R[4].r/u_datapath/west_vc2_fifo/fifo_mem_reg[0][flit_data]_0_3_0_5/RAMD/WE
-0.652,21,3,4,inter,u_mesh/GEN_R[3].r/u_datapath/east_vc1_fifo/rd_ptr_reg[1]_replica/C,u_mesh/GEN_R[4].r/u_datapath/west_vc2_fifo/fifo_mem_reg[0][flit_data]_0_3_0_5/RAMD_D1/WE
-0.650,22,1,0,inter,u_mesh/GEN_R[1].r/u_datapath/west_vc2_fifo/rd_ptr_reg[1]/C,u_mesh/GEN_R[0].r/u_datapath/east_vc0_fifo/fifo_mem_reg[0][flit_data]_0_3_12_17/RAMA/WE
-0.650,22,1,0,inter,u_mesh/GEN_R[1].r/u_datapath/west_vc2_fifo/rd_ptr_reg[1]/C,u_mesh/GEN_R[0].r/u_datapath/east_vc0_fifo/fifo_mem_reg[0][flit_data]_0_3_12_17/RAMA_D1/WE
-0.650,22,1,0,inter,u_mesh/GEN_R[1].r/u_datapath/west_vc2_fifo/rd_ptr_reg[1]/C,u_mesh/GEN_R[0].r/u_datapath/east_vc0_fifo/fifo_mem_reg[0][flit_data]_0_3_12_17/RAMB/WE
-0.650,22,1,0,inter,u_mesh/GEN_R[1].r/u_datapath/west_vc2_fifo/rd_ptr_reg[1]/C,u_mesh/GEN_R[0].r/u_datapath/east_vc0_fifo/fifo_mem_reg[0][flit_data]_0_3_12_17/RAMB_D1/WE
-0.650,22,1,0,inter,u_mesh/GEN_R[1].r/u_datapath/west_vc2_fifo/rd_ptr_reg[1]/C,u_mesh/GEN_R[0].r/u_datapath/east_vc0_fifo/fifo_mem_reg[0][flit_data]_0_3_12_17/RAMC/WE
-0.650,22,1,0,inter,u_mesh/GEN_R[1].r/u_datapath/west_vc2_fifo/rd_ptr_reg[1]/C,u_mesh/GEN_R[0].r/u_datapath/east_vc0_fifo/fifo_mem_reg[0][flit_data]_0_3_12_17/RAMC_D1/WE
-0.650,22,1,0,inter,u_mesh/GEN_R[1].r/u_datapath/west_vc2_fifo/rd_ptr_reg[1]/C,u_mesh/GEN_R[0].r/u_datapath/east_vc0_fifo/fifo_mem_reg[0][flit_data]_0_3_12_17/RAMD/WE
-0.650,22,1,0,inter,u_mesh/GEN_R[1].r/u_datapath/west_vc2_fifo/rd_ptr_reg[1]/C,u_mesh/GEN_R[0].r/u_datapath/east_vc0_fifo/fifo_mem_reg[0][flit_data]_0_3_12_17/RAMD_D1/WE
-0.648,22,0,3,inter,u_mesh/GEN_R[0].r/u_datapath/east_vc1_fifo/rd_ptr_reg[0]/C,u_mesh/GEN_R[3].r/u_datapath/north_vc1_fifo/fifo_mem_reg[0][flit_data]_0_3_12_17/RAMA/WE
-0.648,22,0,3,inter,u_mesh/GEN_R[0].r/u_datapath/east_vc1_fifo/rd_ptr_reg[0]/C,u_mesh/GEN_R[3].r/u_datapath/north_vc1_fifo/fifo_mem_reg[0][flit_data]_0_3_12_17/RAMA_D1/WE
-0.648,22,0,3,inter,u_mesh/GEN_R[0].r/u_datapath/east_vc1_fifo/rd_ptr_reg[0]/C,u_mesh/GEN_R[3].r/u_datapath/north_vc1_fifo/fifo_mem_reg[0][flit_data]_0_3_12_17/RAMB/WE
-0.648,22,0,3,inter,u_mesh/GEN_R[0].r/u_datapath/east_vc1_fifo/rd_ptr_reg[0]/C,u_mesh/GEN_R[3].r/u_datapath/north_vc1_fifo/fifo_mem_reg[0][flit_data]_0_3_12_17/RAMB_D1/WE
-0.648,22,0,3,inter,u_mesh/GEN_R[0].r/u_datapath/east_vc1_fifo/rd_ptr_reg[0]/C,u_mesh/GEN_R[3].r/u_datapath/north_vc1_fifo/fifo_mem_reg[0][flit_data]_0_3_12_17/RAMC/WE
-0.648,22,0,3,inter,u_mesh/GEN_R[0].r/u_datapath/east_vc1_fifo/rd_ptr_reg[0]/C,u_mesh/GEN_R[3].r/u_datapath/north_vc1_fifo/fifo_mem_reg[0][flit_data]_0_3_12_17/RAMC_D1/WE
-0.648,22,0,3,inter,u_mesh/GEN_R[0].r/u_datapath/east_vc1_fifo/rd_ptr_reg[0]/C,u_mesh/GEN_R[3].r/u_datapath/north_vc1_fifo/fifo_mem_reg[0][flit_data]_0_3_12_17/RAMD/WE
-0.648,22,0,3,inter,u_mesh/GEN_R[0].r/u_datapath/east_vc1_fifo/rd_ptr_reg[0]/C,u_mesh/GEN_R[3].r/u_datapath/north_vc1_fifo/fifo_mem_reg[0][flit_data]_0_3_12_17/RAMD_D1/WE
-0.636,21,5,4,inter,u_mesh/GEN_R[5].r/u_datapath/local_vc1_fifo/rd_ptr_reg[0]/C,u_mesh/GEN_R[4].r/u_datapath/east_vc1_fifo/fifo_mem_reg[0][flit_data]_0_3_24_29/RAMA/WE
-0.636,21,5,4,inter,u_mesh/GEN_R[5].r/u_datapath/local_vc1_fifo/rd_ptr_reg[0]/C,u_mesh/GEN_R[4].r/u_datapath/east_vc1_fifo/fifo_mem_reg[0][flit_data]_0_3_24_29/RAMA_D1/WE
-0.636,21,5,4,inter,u_mesh/GEN_R[5].r/u_datapath/local_vc1_fifo/rd_ptr_reg[0]/C,u_mesh/GEN_R[4].r/u_datapath/east_vc1_fifo/fifo_mem_reg[0][flit_data]_0_3_24_29/RAMB/WE
-0.636,21,5,4,inter,u_mesh/GEN_R[5].r/u_datapath/local_vc1_fifo/rd_ptr_reg[0]/C,u_mesh/GEN_R[4].r/u_datapath/east_vc1_fifo/fifo_mem_reg[0][flit_data]_0_3_24_29/RAMB_D1/WE
-0.636,21,5,4,inter,u_mesh/GEN_R[5].r/u_datapath/local_vc1_fifo/rd_ptr_reg[0]/C,u_mesh/GEN_R[4].r/u_datapath/east_vc1_fifo/fifo_mem_reg[0][flit_data]_0_3_24_29/RAMC/WE
-0.636,21,5,4,inter,u_mesh/GEN_R[5].r/u_datapath/local_vc1_fifo/rd_ptr_reg[0]/C,u_mesh/GEN_R[4].r/u_datapath/east_vc1_fifo/fifo_mem_reg[0][flit_data]_0_3_24_29/RAMC_D1/WE
-0.636,21,5,4,inter,u_mesh/GEN_R[5].r/u_datapath/local_vc1_fifo/rd_ptr_reg[0]/C,u_mesh/GEN_R[4].r/u_datapath/east_vc1_fifo/fifo_mem_reg[0][flit_data]_0_3_24_29/RAMD/WE
-0.636,21,5,4,inter,u_mesh/GEN_R[5].r/u_datapath/local_vc1_fifo/rd_ptr_reg[0]/C,u_mesh/GEN_R[4].r/u_datapath/east_vc1_fifo/fifo_mem_reg[0][flit_data]_0_3_24_29/RAMD_D1/WE
-0.635,22,1,2,inter,u_mesh/GEN_R[1].r/u_datapath/west_vc2_fifo/rd_ptr_reg[1]/C,u_mesh/GEN_R[2].r/u_datapath/west_vc0_fifo/fifo_mem_reg[0][flit_data]_0_3_6_11/RAMA/WE
-0.635,22,1,2,inter,u_mesh/GEN_R[1].r/u_datapath/west_vc2_fifo/rd_ptr_reg[1]/C,u_mesh/GEN_R[2].r/u_datapath/west_vc0_fifo/fifo_mem_reg[0][flit_data]_0_3_6_11/RAMA_D1/WE
-0.635,22,1,2,inter,u_mesh/GEN_R[1].r/u_datapath/west_vc2_fifo/rd_ptr_reg[1]/C,u_mesh/GEN_R[2].r/u_datapath/west_vc0_fifo/fifo_mem_reg[0][flit_data]_0_3_6_11/RAMB/WE
-0.635,22,1,2,inter,u_mesh/GEN_R[1].r/u_datapath/west_vc2_fifo/rd_ptr_reg[1]/C,u_mesh/GEN_R[2].r/u_datapath/west_vc0_fifo/fifo_mem_reg[0][flit_data]_0_3_6_11/RAMB_D1/WE
-0.635,22,1,2,inter,u_mesh/GEN_R[1].r/u_datapath/west_vc2_fifo/rd_ptr_reg[1]/C,u_mesh/GEN_R[2].r/u_datapath/west_vc0_fifo/fifo_mem_reg[0][flit_data]_0_3_6_11/RAMC/WE
-0.635,22,1,2,inter,u_mesh/GEN_R[1].r/u_datapath/west_vc2_fifo/rd_ptr_reg[1]/C,u_mesh/GEN_R[2].r/u_datapath/west_vc0_fifo/fifo_mem_reg[0][flit_data]_0_3_6_11/RAMC_D1/WE
-0.635,22,1,2,inter,u_mesh/GEN_R[1].r/u_datapath/west_vc2_fifo/rd_ptr_reg[1]/C,u_mesh/GEN_R[2].r/u_datapath/west_vc0_fifo/fifo_mem_reg[0][flit_data]_0_3_6_11/RAMD/WE
-0.635,22,1,2,inter,u_mesh/GEN_R[1].r/u_datapath/west_vc2_fifo/rd_ptr_reg[1]/C,u_mesh/GEN_R[2].r/u_datapath/west_vc0_fifo/fifo_mem_reg[0][flit_data]_0_3_6_11/RAMD_D1/WE
-0.634,21,5,4,inter,u_mesh/GEN_R[5].r/u_datapath/local_vc1_fifo/rd_ptr_reg[0]/C,u_mesh/GEN_R[4].r/u_datapath/east_vc0_fifo/fifo_mem_reg[0][flit_data]_0_3_30_31/DP/WE
-0.634,21,5,4,inter,u_mesh/GEN_R[5].r/u_datapath/local_vc1_fifo/rd_ptr_reg[0]/C,u_mesh/GEN_R[4].r/u_datapath/east_vc0_fifo/fifo_mem_reg[0][flit_data]_0_3_30_31/SP/WE
-0.634,21,5,4,inter,u_mesh/GEN_R[5].r/u_datapath/local_vc1_fifo/rd_ptr_reg[0]/C,u_mesh/GEN_R[4].r/u_datapath/east_vc0_fifo/fifo_mem_reg[0][flit_data]_0_3_30_31__0/DP/WE
-0.634,21,5,4,inter,u_mesh/GEN_R[5].r/u_datapath/local_vc1_fifo/rd_ptr_reg[0]/C,u_mesh/GEN_R[4].r/u_datapath/east_vc0_fifo/fifo_mem_reg[0][flit_data]_0_3_30_31__0/SP/WE
-0.634,21,5,4,inter,u_mesh/GEN_R[5].r/u_datapath/local_vc1_fifo/rd_ptr_reg[0]/C,u_mesh/GEN_R[4].r/u_datapath/east_vc0_fifo/fifo_mem_reg[0][flit_type]_0_3_0_0/DP/WE
-0.634,21,5,4,inter,u_mesh/GEN_R[5].r/u_datapath/local_vc1_fifo/rd_ptr_reg[0]/C,u_mesh/GEN_R[4].r/u_datapath/east_vc0_fifo/fifo_mem_reg[0][flit_type]_0_3_0_0/SP/WE
-0.634,21,5,4,inter,u_mesh/GEN_R[5].r/u_datapath/local_vc1_fifo/rd_ptr_reg[0]/C,u_mesh/GEN_R[4].r/u_datapath/east_vc0_fifo/fifo_mem_reg[0][flit_type]_0_3_1_1/DP/WE
-0.634,21,5,4,inter,u_mesh/GEN_R[5].r/u_datapath/local_vc1_fifo/rd_ptr_reg[0]/C,u_mesh/GEN_R[4].r/u_datapath/east_vc0_fifo/fifo_mem_reg[0][flit_type]_0_3_1_1/SP/WE
-0.632,21,0,1,inter,u_mesh/GEN_R[0].r/u_datapath/east_vc1_fifo/rd_ptr_reg[0]/C,u_mesh/GEN_R[1].r/u_datapath/west_vc2_fifo/fifo_mem_reg[0][flit_data]_0_3_18_23/RAMA/WE
-0.632,21,0,1,inter,u_mesh/GEN_R[0].r/u_datapath/east_vc1_fifo/rd_ptr_reg[0]/C,u_mesh/GEN_R[1].r/u_datapath/west_vc2_fifo/fifo_mem_reg[0][flit_data]_0_3_18_23/RAMA_D1/WE
-0.632,21,0,1,inter,u_mesh/GEN_R[0].r/u_datapath/east_vc1_fifo/rd_ptr_reg[0]/C,u_mesh/GEN_R[1].r/u_datapath/west_vc2_fifo/fifo_mem_reg[0][flit_data]_0_3_18_23/RAMB/WE
-0.632,21,0,1,inter,u_mesh/GEN_R[0].r/u_datapath/east_vc1_fifo/rd_ptr_reg[0]/C,u_mesh/GEN_R[1].r/u_datapath/west_vc2_fifo/fifo_mem_reg[0][flit_data]_0_3_18_23/RAMB_D1/WE
-0.632,21,0,1,inter,u_mesh/GEN_R[0].r/u_datapath/east_vc1_fifo/rd_ptr_reg[0]/C,u_mesh/GEN_R[1].r/u_datapath/west_vc2_fifo/fifo_mem_reg[0][flit_data]_0_3_18_23/RAMC/WE
-0.632,21,0,1,inter,u_mesh/GEN_R[0].r/u_datapath/east_vc1_fifo/rd_ptr_reg[0]/C,u_mesh/GEN_R[1].r/u_datapath/west_vc2_fifo/fifo_mem_reg[0][flit_data]_0_3_18_23/RAMC_D1/WE
-0.632,21,0,1,inter,u_mesh/GEN_R[0].r/u_datapath/east_vc1_fifo/rd_ptr_reg[0]/C,u_mesh/GEN_R[1].r/u_datapath/west_vc2_fifo/fifo_mem_reg[0][flit_data]_0_3_18_23/RAMD/WE
-0.632,21,0,1,inter,u_mesh/GEN_R[0].r/u_datapath/east_vc1_fifo/rd_ptr_reg[0]/C,u_mesh/GEN_R[1].r/u_datapath/west_vc2_fifo/fifo_mem_reg[0][flit_data]_0_3_18_23/RAMD_D1/WE
-0.627,20,4,3,inter,u_mesh/GEN_R[4].r/u_datapath/west_vc0_fifo/rd_ptr_reg[0]/C,u_mesh/GEN_R[3].r/u_datapath/east_vc2_fifo/fifo_mem_reg[0][flit_data]_0_3_18_23/RAMB_D1/I
-0.624,21,3,0,inter,u_mesh/GEN_R[3].r/u_datapath/east_vc1_fifo/rd_ptr_reg[1]_replica/C,u_mesh/GEN_R[0].r/u_datapath/south_vc0_fifo/fifo_mem_reg[0][flit_data]_0_3_18_23/RAMA/WE
-0.624,21,3,0,inter,u_mesh/GEN_R[3].r/u_datapath/east_vc1_fifo/rd_ptr_reg[1]_replica/C,u_mesh/GEN_R[0].r/u_datapath/south_vc0_fifo/fifo_mem_reg[0][flit_data]_0_3_18_23/RAMA_D1/WE
-0.624,21,3,0,inter,u_mesh/GEN_R[3].r/u_datapath/east_vc1_fifo/rd_ptr_reg[1]_replica/C,u_mesh/GEN_R[0].r/u_datapath/south_vc0_fifo/fifo_mem_reg[0][flit_data]_0_3_18_23/RAMB/WE
-0.624,21,3,0,inter,u_mesh/GEN_R[3].r/u_datapath/east_vc1_fifo/rd_ptr_reg[1]_replica/C,u_mesh/GEN_R[0].r/u_datapath/south_vc0_fifo/fifo_mem_reg[0][flit_data]_0_3_18_23/RAMB_D1/WE
-0.624,21,3,0,inter,u_mesh/GEN_R[3].r/u_datapath/east_vc1_fifo/rd_ptr_reg[1]_replica/C,u_mesh/GEN_R[0].r/u_datapath/south_vc0_fifo/fifo_mem_reg[0][flit_data]_0_3_18_23/RAMC/WE
-0.624,21,3,0,inter,u_mesh/GEN_R[3].r/u_datapath/east_vc1_fifo/rd_ptr_reg[1]_replica/C,u_mesh/GEN_R[0].r/u_datapath/south_vc0_fifo/fifo_mem_reg[0][flit_data]_0_3_18_23/RAMC_D1/WE
-0.624,21,3,0,inter,u_mesh/GEN_R[3].r/u_datapath/east_vc1_fifo/rd_ptr_reg[1]_replica/C,u_mesh/GEN_R[0].r/u_datapath/south_vc0_fifo/fifo_mem_reg[0][flit_data]_0_3_18_23/RAMD/WE
-0.624,21,3,0,inter,u_mesh/GEN_R[3].r/u_datapath/east_vc1_fifo/rd_ptr_reg[1]_replica/C,u_mesh/GEN_R[0].r/u_datapath/south_vc0_fifo/fifo_mem_reg[0][flit_data]_0_3_18_23/RAMD_D1/WE
-0.619,20,4,3,inter,u_mesh/GEN_R[4].r/u_datapath/west_vc0_fifo/rd_ptr_reg[0]/C,u_mesh/GEN_R[3].r/u_datapath/east_vc0_fifo/fifo_mem_reg[0][flit_data]_0_3_24_29/RAMA/I
-0.618,21,0,1,inter,u_mesh/GEN_R[0].r/u_datapath/east_vc1_fifo/rd_ptr_reg[0]/C,u_mesh/GEN_R[1].r/u_datapath/west_vc1_fifo/fifo_mem_reg[0][flit_data]_0_3_6_11/RAMA/WE
-0.618,21,0,1,inter,u_mesh/GEN_R[0].r/u_datapath/east_vc1_fifo/rd_ptr_reg[0]/C,u_mesh/GEN_R[1].r/u_datapath/west_vc1_fifo/fifo_mem_reg[0][flit_data]_0_3_6_11/RAMA_D1/WE
-0.618,21,0,1,inter,u_mesh/GEN_R[0].r/u_datapath/east_vc1_fifo/rd_ptr_reg[0]/C,u_mesh/GEN_R[1].r/u_datapath/west_vc1_fifo/fifo_mem_reg[0][flit_data]_0_3_6_11/RAMB/WE
-0.618,21,0,1,inter,u_mesh/GEN_R[0].r/u_datapath/east_vc1_fifo/rd_ptr_reg[0]/C,u_mesh/GEN_R[1].r/u_datapath/west_vc1_fifo/fifo_mem_reg[0][flit_data]_0_3_6_11/RAMB_D1/WE
-0.618,21,0,1,inter,u_mesh/GEN_R[0].r/u_datapath/east_vc1_fifo/rd_ptr_reg[0]/C,u_mesh/GEN_R[1].r/u_datapath/west_vc1_fifo/fifo_mem_reg[0][flit_data]_0_3_6_11/RAMC/WE
-0.618,21,0,1,inter,u_mesh/GEN_R[0].r/u_datapath/east_vc1_fifo/rd_ptr_reg[0]/C,u_mesh/GEN_R[1].r/u_datapath/west_vc1_fifo/fifo_mem_reg[0][flit_data]_0_3_6_11/RAMC_D1/WE
-0.618,21,0,1,inter,u_mesh/GEN_R[0].r/u_datapath/east_vc1_fifo/rd_ptr_reg[0]/C,u_mesh/GEN_R[1].r/u_datapath/west_vc1_fifo/fifo_mem_reg[0][flit_data]_0_3_6_11/RAMD/WE
-0.618,21,0,1,inter,u_mesh/GEN_R[0].r/u_datapath/east_vc1_fifo/rd_ptr_reg[0]/C,u_mesh/GEN_R[1].r/u_datapath/west_vc1_fifo/fifo_mem_reg[0][flit_data]_0_3_6_11/RAMD_D1/WE
-0.617,21,0,1,inter,u_mesh/GEN_R[0].r/u_datapath/east_vc1_fifo/rd_ptr_reg[0]/C,u_mesh/GEN_R[1].r/u_datapath/west_vc1_fifo/fifo_mem_reg[0][flit_data]_0_3_0_5/RAMA/WE
-0.617,21,0,1,inter,u_mesh/GEN_R[0].r/u_datapath/east_vc1_fifo/rd_ptr_reg[0]/C,u_mesh/GEN_R[1].r/u_datapath/west_vc1_fifo/fifo_mem_reg[0][flit_data]_0_3_0_5/RAMA_D1/WE
-0.617,21,0,1,inter,u_mesh/GEN_R[0].r/u_datapath/east_vc1_fifo/rd_ptr_reg[0]/C,u_mesh/GEN_R[1].r/u_datapath/west_vc1_fifo/fifo_mem_reg[0][flit_data]_0_3_0_5/RAMB/WE
-0.617,21,0,1,inter,u_mesh/GEN_R[0].r/u_datapath/east_vc1_fifo/rd_ptr_reg[0]/C,u_mesh/GEN_R[1].r/u_datapath/west_vc1_fifo/fifo_mem_reg[0][flit_data]_0_3_0_5/RAMB_D1/WE
-0.617,21,0,1,inter,u_mesh/GEN_R[0].r/u_datapath/east_vc1_fifo/rd_ptr_reg[0]/C,u_mesh/GEN_R[1].r/u_datapath/west_vc1_fifo/fifo_mem_reg[0][flit_data]_0_3_0_5/RAMC/WE
-0.617,21,0,1,inter,u_mesh/GEN_R[0].r/u_datapath/east_vc1_fifo/rd_ptr_reg[0]/C,u_mesh/GEN_R[1].r/u_datapath/west_vc1_fifo/fifo_mem_reg[0][flit_data]_0_3_0_5/RAMC_D1/WE
-0.617,21,0,1,inter,u_mesh/GEN_R[0].r/u_datapath/east_vc1_fifo/rd_ptr_reg[0]/C,u_mesh/GEN_R[1].r/u_datapath/west_vc1_fifo/fifo_mem_reg[0][flit_data]_0_3_0_5/RAMD/WE
-0.617,21,0,1,inter,u_mesh/GEN_R[0].r/u_datapath/east_vc1_fifo/rd_ptr_reg[0]/C,u_mesh/GEN_R[1].r/u_datapath/west_vc1_fifo/fifo_mem_reg[0][flit_data]_0_3_0_5/RAMD_D1/WE
-0.614,20,4,1,inter,u_mesh/GEN_R[4].r/u_datapath/west_vc0_fifo/rd_ptr_reg[0]/C,u_mesh/GEN_R[1].r/u_datapath/south_vc1_fifo/fifo_mem_reg[0][flit_data]_0_3_0_5/RAMB/I
-0.614,20,4,1,inter,u_mesh/GEN_R[4].r/u_datapath/west_vc0_fifo/rd_ptr_reg[0]/C,u_mesh/GEN_R[1].r/u_datapath/south_vc0_fifo/fifo_mem_reg[0][flit_data]_0_3_0_5/RAMB/I
-0.609,21,3,4,inter,u_mesh/GEN_R[3].r/u_datapath/east_vc1_fifo/rd_ptr_reg[1]_replica/C,u_mesh/GEN_R[4].r/u_datapath/west_vc2_fifo/fifo_mem_reg[0][flit_data]_0_3_6_11/RAMA/WE
-0.609,21,3,4,inter,u_mesh/GEN_R[3].r/u_datapath/east_vc1_fifo/rd_ptr_reg[1]_replica/C,u_mesh/GEN_R[4].r/u_datapath/west_vc2_fifo/fifo_mem_reg[0][flit_data]_0_3_6_11/RAMA_D1/WE
-0.609,21,3,4,inter,u_mesh/GEN_R[3].r/u_datapath/east_vc1_fifo/rd_ptr_reg[1]_replica/C,u_mesh/GEN_R[4].r/u_datapath/west_vc2_fifo/fifo_mem_reg[0][flit_data]_0_3_6_11/RAMB/WE
-0.609,21,3,4,inter,u_mesh/GEN_R[3].r/u_datapath/east_vc1_fifo/rd_ptr_reg[1]_replica/C,u_mesh/GEN_R[4].r/u_datapath/west_vc2_fifo/fifo_mem_reg[0][flit_data]_0_3_6_11/RAMB_D1/WE
-0.609,21,3,4,inter,u_mesh/GEN_R[3].r/u_datapath/east_vc1_fifo/rd_ptr_reg[1]_replica/C,u_mesh/GEN_R[4].r/u_datapath/west_vc2_fifo/fifo_mem_reg[0][flit_data]_0_3_6_11/RAMC/WE
-0.609,21,3,4,inter,u_mesh/GEN_R[3].r/u_datapath/east_vc1_fifo/rd_ptr_reg[1]_replica/C,u_mesh/GEN_R[4].r/u_datapath/west_vc2_fifo/fifo_mem_reg[0][flit_data]_0_3_6_11/RAMC_D1/WE
-0.609,21,3,4,inter,u_mesh/GEN_R[3].r/u_datapath/east_vc1_fifo/rd_ptr_reg[1]_replica/C,u_mesh/GEN_R[4].r/u_datapath/west_vc2_fifo/fifo_mem_reg[0][flit_data]_0_3_6_11/RAMD/WE
-0.609,21,3,4,inter,u_mesh/GEN_R[3].r/u_datapath/east_vc1_fifo/rd_ptr_reg[1]_replica/C,u_mesh/GEN_R[4].r/u_datapath/west_vc2_fifo/fifo_mem_reg[0][flit_data]_0_3_6_11/RAMD_D1/WE
-0.608,21,0,1,inter,u_mesh/GEN_R[0].r/u_datapath/east_vc1_fifo/rd_ptr_reg[0]/C,u_mesh/GEN_R[1].r/u_datapath/west_vc1_fifo/fifo_mem_reg[0][flit_data]_0_3_24_29/RAMA/WE
-0.608,21,0,1,inter,u_mesh/GEN_R[0].r/u_datapath/east_vc1_fifo/rd_ptr_reg[0]/C,u_mesh/GEN_R[1].r/u_datapath/west_vc1_fifo/fifo_mem_reg[0][flit_data]_0_3_24_29/RAMA_D1/WE
-0.608,21,0,1,inter,u_mesh/GEN_R[0].r/u_datapath/east_vc1_fifo/rd_ptr_reg[0]/C,u_mesh/GEN_R[1].r/u_datapath/west_vc1_fifo/fifo_mem_reg[0][flit_data]_0_3_24_29/RAMB/WE
-0.608,21,0,1,inter,u_mesh/GEN_R[0].r/u_datapath/east_vc1_fifo/rd_ptr_reg[0]/C,u_mesh/GEN_R[1].r/u_datapath/west_vc1_fifo/fifo_mem_reg[0][flit_data]_0_3_24_29/RAMB_D1/WE
-0.608,21,0,1,inter,u_mesh/GEN_R[0].r/u_datapath/east_vc1_fifo/rd_ptr_reg[0]/C,u_mesh/GEN_R[1].r/u_datapath/west_vc1_fifo/fifo_mem_reg[0][flit_data]_0_3_24_29/RAMC/WE
-0.608,21,0,1,inter,u_mesh/GEN_R[0].r/u_datapath/east_vc1_fifo/rd_ptr_reg[0]/C,u_mesh/GEN_R[1].r/u_datapath/west_vc1_fifo/fifo_mem_reg[0][flit_data]_0_3_24_29/RAMC_D1/WE
-0.608,21,0,1,inter,u_mesh/GEN_R[0].r/u_datapath/east_vc1_fifo/rd_ptr_reg[0]/C,u_mesh/GEN_R[1].r/u_datapath/west_vc1_fifo/fifo_mem_reg[0][flit_data]_0_3_24_29/RAMD/WE
-0.608,21,0,1,inter,u_mesh/GEN_R[0].r/u_datapath/east_vc1_fifo/rd_ptr_reg[0]/C,u_mesh/GEN_R[1].r/u_datapath/west_vc1_fifo/fifo_mem_reg[0][flit_data]_0_3_24_29/RAMD_D1/WE
-0.606,21,3,4,inter,u_mesh/GEN_R[3].r/u_datapath/east_vc1_fifo/rd_ptr_reg[1]_replica/C,u_mesh/GEN_R[4].r/u_datapath/west_vc2_fifo/fifo_mem_reg[0][vc_id]_0_3_0_0/DP/WE
-0.606,21,3,4,inter,u_mesh/GEN_R[3].r/u_datapath/east_vc1_fifo/rd_ptr_reg[1]_replica/C,u_mesh/GEN_R[4].r/u_datapath/west_vc2_fifo/fifo_mem_reg[0][vc_id]_0_3_0_0/SP/WE
-0.606,21,3,4,inter,u_mesh/GEN_R[3].r/u_datapath/east_vc1_fifo/rd_ptr_reg[1]_replica/C,u_mesh/GEN_R[4].r/u_datapath/west_vc2_fifo/fifo_mem_reg[0][vc_id]_0_3_1_1/DP/WE
-0.606,21,3,4,inter,u_mesh/GEN_R[3].r/u_datapath/east_vc1_fifo/rd_ptr_reg[1]_replica/C,u_mesh/GEN_R[4].r/u_datapath/west_vc2_fifo/fifo_mem_reg[0][vc_id]_0_3_1_1/SP/WE
-0.605,21,1,4,inter,u_mesh/GEN_R[1].r/u_datapath/west_vc2_fifo/rd_ptr_reg[1]/C,u_mesh/GEN_R[4].r/u_datapath/north_vc0_fifo/fifo_mem_reg[0][flit_data]_0_3_18_23/RAMA/WE
-0.605,21,1,4,inter,u_mesh/GEN_R[1].r/u_datapath/west_vc2_fifo/rd_ptr_reg[1]/C,u_mesh/GEN_R[4].r/u_datapath/north_vc0_fifo/fifo_mem_reg[0][flit_data]_0_3_18_23/RAMA_D1/WE
-0.605,21,1,4,inter,u_mesh/GEN_R[1].r/u_datapath/west_vc2_fifo/rd_ptr_reg[1]/C,u_mesh/GEN_R[4].r/u_datapath/north_vc0_fifo/fifo_mem_reg[0][flit_data]_0_3_18_23/RAMB/WE
-0.605,21,1,4,inter,u_mesh/GEN_R[1].r/u_datapath/west_vc2_fifo/rd_ptr_reg[1]/C,u_mesh/GEN_R[4].r/u_datapath/north_vc0_fifo/fifo_mem_reg[0][flit_data]_0_3_18_23/RAMB_D1/WE
-0.605,21,1,4,inter,u_mesh/GEN_R[1].r/u_datapath/west_vc2_fifo/rd_ptr_reg[1]/C,u_mesh/GEN_R[4].r/u_datapath/north_vc0_fifo/fifo_mem_reg[0][flit_data]_0_3_18_23/RAMC/WE
-0.605,21,1,4,inter,u_mesh/GEN_R[1].r/u_datapath/west_vc2_fifo/rd_ptr_reg[1]/C,u_mesh/GEN_R[4].r/u_datapath/north_vc0_fifo/fifo_mem_reg[0][flit_data]_0_3_18_23/RAMC_D1/WE
-0.605,21,1,4,inter,u_mesh/GEN_R[1].r/u_datapath/west_vc2_fifo/rd_ptr_reg[1]/C,u_mesh/GEN_R[4].r/u_datapath/north_vc0_fifo/fifo_mem_reg[0][flit_data]_0_3_18_23/RAMD/WE
-0.605,21,1,4,inter,u_mesh/GEN_R[1].r/u_datapath/west_vc2_fifo/rd_ptr_reg[1]/C,u_mesh/GEN_R[4].r/u_datapath/north_vc0_fifo/fifo_mem_reg[0][flit_data]_0_3_18_23/RAMD_D1/WE
-0.603,21,3,0,inter,u_mesh/GEN_R[3].r/u_datapath/east_vc1_fifo/rd_ptr_reg[1]_replica/C,u_mesh/GEN_R[0].r/u_datapath/south_vc1_fifo/fifo_mem_reg[0][vc_id]_0_3_0_0/DP/WE
-0.603,21,3,0,inter,u_mesh/GEN_R[3].r/u_datapath/east_vc1_fifo/rd_ptr_reg[1]_replica/C,u_mesh/GEN_R[0].r/u_datapath/south_vc1_fifo/fifo_mem_reg[0][vc_id]_0_3_0_0/SP/WE
-0.603,21,3,0,inter,u_mesh/GEN_R[3].r/u_datapath/east_vc1_fifo/rd_ptr_reg[1]_replica/C,u_mesh/GEN_R[0].r/u_datapath/south_vc1_fifo/fifo_mem_reg[0][vc_id]_0_3_1_1/DP/WE
-0.603,21,3,0,inter,u_mesh/GEN_R[3].r/u_datapath/east_vc1_fifo/rd_ptr_reg[1]_replica/C,u_mesh/GEN_R[0].r/u_datapath/south_vc1_fifo/fifo_mem_reg[0][vc_id]_0_3_1_1/SP/WE
-0.600,22,1,0,inter,u_mesh/GEN_R[1].r/u_datapath/west_vc2_fifo/rd_ptr_reg[1]/C,u_mesh/GEN_R[0].r/u_datapath/east_vc0_fifo/fifo_mem_reg[0][flit_data]_0_3_6_11/RAMA/WE
-0.600,22,1,0,inter,u_mesh/GEN_R[1].r/u_datapath/west_vc2_fifo/rd_ptr_reg[1]/C,u_mesh/GEN_R[0].r/u_datapath/east_vc0_fifo/fifo_mem_reg[0][flit_data]_0_3_6_11/RAMA_D1/WE
-0.600,22,1,0,inter,u_mesh/GEN_R[1].r/u_datapath/west_vc2_fifo/rd_ptr_reg[1]/C,u_mesh/GEN_R[0].r/u_datapath/east_vc0_fifo/fifo_mem_reg[0][flit_data]_0_3_6_11/RAMB/WE
-0.600,22,1,0,inter,u_mesh/GEN_R[1].r/u_datapath/west_vc2_fifo/rd_ptr_reg[1]/C,u_mesh/GEN_R[0].r/u_datapath/east_vc0_fifo/fifo_mem_reg[0][flit_data]_0_3_6_11/RAMB_D1/WE
-0.600,22,1,0,inter,u_mesh/GEN_R[1].r/u_datapath/west_vc2_fifo/rd_ptr_reg[1]/C,u_mesh/GEN_R[0].r/u_datapath/east_vc0_fifo/fifo_mem_reg[0][flit_data]_0_3_6_11/RAMC/WE
-0.600,22,1,0,inter,u_mesh/GEN_R[1].r/u_datapath/west_vc2_fifo/rd_ptr_reg[1]/C,u_mesh/GEN_R[0].r/u_datapath/east_vc0_fifo/fifo_mem_reg[0][flit_data]_0_3_6_11/RAMC_D1/WE
-0.600,22,1,0,inter,u_mesh/GEN_R[1].r/u_datapath/west_vc2_fifo/rd_ptr_reg[1]/C,u_mesh/GEN_R[0].r/u_datapath/east_vc0_fifo/fifo_mem_reg[0][flit_data]_0_3_6_11/RAMD/WE
-0.600,22,1,0,inter,u_mesh/GEN_R[1].r/u_datapath/west_vc2_fifo/rd_ptr_reg[1]/C,u_mesh/GEN_R[0].r/u_datapath/east_vc0_fifo/fifo_mem_reg[0][flit_data]_0_3_6_11/RAMD_D1/WE
-0.595,21,3,0,inter,u_mesh/GEN_R[3].r/u_datapath/east_vc1_fifo/rd_ptr_reg[1]_replica/C,u_mesh/GEN_R[0].r/u_datapath/south_vc1_fifo/fifo_mem_reg[0][flit_data]_0_3_24_29/RAMA/WE
-0.595,21,3,0,inter,u_mesh/GEN_R[3].r/u_datapath/east_vc1_fifo/rd_ptr_reg[1]_replica/C,u_mesh/GEN_R[0].r/u_datapath/south_vc1_fifo/fifo_mem_reg[0][flit_data]_0_3_24_29/RAMA_D1/WE
-0.595,21,3,0,inter,u_mesh/GEN_R[3].r/u_datapath/east_vc1_fifo/rd_ptr_reg[1]_replica/C,u_mesh/GEN_R[0].r/u_datapath/south_vc1_fifo/fifo_mem_reg[0][flit_data]_0_3_24_29/RAMB/WE
-0.595,21,3,0,inter,u_mesh/GEN_R[3].r/u_datapath/east_vc1_fifo/rd_ptr_reg[1]_replica/C,u_mesh/GEN_R[0].r/u_datapath/south_vc1_fifo/fifo_mem_reg[0][flit_data]_0_3_24_29/RAMB_D1/WE
-0.595,21,3,0,inter,u_mesh/GEN_R[3].r/u_datapath/east_vc1_fifo/rd_ptr_reg[1]_replica/C,u_mesh/GEN_R[0].r/u_datapath/south_vc1_fifo/fifo_mem_reg[0][flit_data]_0_3_24_29/RAMC/WE
-0.595,21,3,0,inter,u_mesh/GEN_R[3].r/u_datapath/east_vc1_fifo/rd_ptr_reg[1]_replica/C,u_mesh/GEN_R[0].r/u_datapath/south_vc1_fifo/fifo_mem_reg[0][flit_data]_0_3_24_29/RAMC_D1/WE
-0.595,21,3,0,inter,u_mesh/GEN_R[3].r/u_datapath/east_vc1_fifo/rd_ptr_reg[1]_replica/C,u_mesh/GEN_R[0].r/u_datapath/south_vc1_fifo/fifo_mem_reg[0][flit_data]_0_3_24_29/RAMD/WE
-0.595,21,3,0,inter,u_mesh/GEN_R[3].r/u_datapath/east_vc1_fifo/rd_ptr_reg[1]_replica/C,u_mesh/GEN_R[0].r/u_datapath/south_vc1_fifo/fifo_mem_reg[0][flit_data]_0_3_24_29/RAMD_D1/WE
-0.593,22,1,4,inter,u_mesh/GEN_R[1].r/u_datapath/west_vc2_fifo/rd_ptr_reg[1]/C,u_mesh/GEN_R[4].r/u_datapath/north_vc1_fifo/fifo_mem_reg[0][vc_id]_0_3_0_0/DP/WE
-0.593,22,1,4,inter,u_mesh/GEN_R[1].r/u_datapath/west_vc2_fifo/rd_ptr_reg[1]/C,u_mesh/GEN_R[4].r/u_datapath/north_vc1_fifo/fifo_mem_reg[0][vc_id]_0_3_0_0/SP/WE
-0.593,22,1,4,inter,u_mesh/GEN_R[1].r/u_datapath/west_vc2_fifo/rd_ptr_reg[1]/C,u_mesh/GEN_R[4].r/u_datapath/north_vc1_fifo/fifo_mem_reg[0][vc_id]_0_3_1_1/DP/WE
-0.593,22,1,4,inter,u_mesh/GEN_R[1].r/u_datapath/west_vc2_fifo/rd_ptr_reg[1]/C,u_mesh/GEN_R[4].r/u_datapath/north_vc1_fifo/fifo_mem_reg[0][vc_id]_0_3_1_1/SP/WE
-0.590,22,1,4,inter,u_mesh/GEN_R[1].r/u_datapath/west_vc2_fifo/rd_ptr_reg[1]/C,u_mesh/GEN_R[4].r/u_datapath/north_vc1_fifo/fifo_mem_reg[0][flit_data]_0_3_18_23/RAMA/WE
-0.590,22,1,4,inter,u_mesh/GEN_R[1].r/u_datapath/west_vc2_fifo/rd_ptr_reg[1]/C,u_mesh/GEN_R[4].r/u_datapath/north_vc1_fifo/fifo_mem_reg[0][flit_data]_0_3_18_23/RAMA_D1/WE
-0.590,22,1,4,inter,u_mesh/GEN_R[1].r/u_datapath/west_vc2_fifo/rd_ptr_reg[1]/C,u_mesh/GEN_R[4].r/u_datapath/north_vc1_fifo/fifo_mem_reg[0][flit_data]_0_3_18_23/RAMB/WE
-0.590,22,1,4,inter,u_mesh/GEN_R[1].r/u_datapath/west_vc2_fifo/rd_ptr_reg[1]/C,u_mesh/GEN_R[4].r/u_datapath/north_vc1_fifo/fifo_mem_reg[0][flit_data]_0_3_18_23/RAMB_D1/WE
-0.590,22,1,4,inter,u_mesh/GEN_R[1].r/u_datapath/west_vc2_fifo/rd_ptr_reg[1]/C,u_mesh/GEN_R[4].r/u_datapath/north_vc1_fifo/fifo_mem_reg[0][flit_data]_0_3_18_23/RAMC/WE
-0.590,22,1,4,inter,u_mesh/GEN_R[1].r/u_datapath/west_vc2_fifo/rd_ptr_reg[1]/C,u_mesh/GEN_R[4].r/u_datapath/north_vc1_fifo/fifo_mem_reg[0][flit_data]_0_3_18_23/RAMC_D1/WE
-0.590,22,1,4,inter,u_mesh/GEN_R[1].r/u_datapath/west_vc2_fifo/rd_ptr_reg[1]/C,u_mesh/GEN_R[4].r/u_datapath/north_vc1_fifo/fifo_mem_reg[0][flit_data]_0_3_18_23/RAMD/WE
-0.590,22,1,4,inter,u_mesh/GEN_R[1].r/u_datapath/west_vc2_fifo/rd_ptr_reg[1]/C,u_mesh/GEN_R[4].r/u_datapath/north_vc1_fifo/fifo_mem_reg[0][flit_data]_0_3_18_23/RAMD_D1/WE
-0.589,22,0,3,inter,u_mesh/GEN_R[0].r/u_datapath/east_vc1_fifo/rd_ptr_reg[0]/C,u_mesh/GEN_R[3].r/u_datapath/north_vc0_fifo/fifo_mem_reg[0][flit_data]_0_3_0_5/RAMA/WE
-0.589,22,0,3,inter,u_mesh/GEN_R[0].r/u_datapath/east_vc1_fifo/rd_ptr_reg[0]/C,u_mesh/GEN_R[3].r/u_datapath/north_vc0_fifo/fifo_mem_reg[0][flit_data]_0_3_0_5/RAMA_D1/WE
-0.589,22,0,3,inter,u_mesh/GEN_R[0].r/u_datapath/east_vc1_fifo/rd_ptr_reg[0]/C,u_mesh/GEN_R[3].r/u_datapath/north_vc0_fifo/fifo_mem_reg[0][flit_data]_0_3_0_5/RAMB/WE
-0.589,22,0,3,inter,u_mesh/GEN_R[0].r/u_datapath/east_vc1_fifo/rd_ptr_reg[0]/C,u_mesh/GEN_R[3].r/u_datapath/north_vc0_fifo/fifo_mem_reg[0][flit_data]_0_3_0_5/RAMB_D1/WE
-0.589,22,0,3,inter,u_mesh/GEN_R[0].r/u_datapath/east_vc1_fifo/rd_ptr_reg[0]/C,u_mesh/GEN_R[3].r/u_datapath/north_vc0_fifo/fifo_mem_reg[0][flit_data]_0_3_0_5/RAMC/WE
-0.589,22,0,3,inter,u_mesh/GEN_R[0].r/u_datapath/east_vc1_fifo/rd_ptr_reg[0]/C,u_mesh/GEN_R[3].r/u_datapath/north_vc0_fifo/fifo_mem_reg[0][flit_data]_0_3_0_5/RAMC_D1/WE
-0.589,22,0,3,inter,u_mesh/GEN_R[0].r/u_datapath/east_vc1_fifo/rd_ptr_reg[0]/C,u_mesh/GEN_R[3].r/u_datapath/north_vc0_fifo/fifo_mem_reg[0][flit_data]_0_3_0_5/RAMD/WE
-0.589,22,0,3,inter,u_mesh/GEN_R[0].r/u_datapath/east_vc1_fifo/rd_ptr_reg[0]/C,u_mesh/GEN_R[3].r/u_datapath/north_vc0_fifo/fifo_mem_reg[0][flit_data]_0_3_0_5/RAMD_D1/WE
-0.588,22,4,1,inter,u_mesh/GEN_R[4].r/u_datapath/west_vc0_fifo/rd_ptr_reg[0]/C,u_mesh/GEN_R[1].r/u_datapath/south_vc2_fifo/fifo_mem_reg[0][flit_data]_0_3_0_5/RAMA/WE
-0.588,22,4,1,inter,u_mesh/GEN_R[4].r/u_datapath/west_vc0_fifo/rd_ptr_reg[0]/C,u_mesh/GEN_R[1].r/u_datapath/south_vc2_fifo/fifo_mem_reg[0][flit_data]_0_3_0_5/RAMA_D1/WE
-0.588,22,4,1,inter,u_mesh/GEN_R[4].r/u_datapath/west_vc0_fifo/rd_ptr_reg[0]/C,u_mesh/GEN_R[1].r/u_datapath/south_vc2_fifo/fifo_mem_reg[0][flit_data]_0_3_0_5/RAMB/WE
-0.588,22,4,1,inter,u_mesh/GEN_R[4].r/u_datapath/west_vc0_fifo/rd_ptr_reg[0]/C,u_mesh/GEN_R[1].r/u_datapath/south_vc2_fifo/fifo_mem_reg[0][flit_data]_0_3_0_5/RAMB_D1/WE
-0.588,22,4,1,inter,u_mesh/GEN_R[4].r/u_datapath/west_vc0_fifo/rd_ptr_reg[0]/C,u_mesh/GEN_R[1].r/u_datapath/south_vc2_fifo/fifo_mem_reg[0][flit_data]_0_3_0_5/RAMC/WE
-0.588,22,4,1,inter,u_mesh/GEN_R[4].r/u_datapath/west_vc0_fifo/rd_ptr_reg[0]/C,u_mesh/GEN_R[1].r/u_datapath/south_vc2_fifo/fifo_mem_reg[0][flit_data]_0_3_0_5/RAMC_D1/WE
-0.588,22,4,1,inter,u_mesh/GEN_R[4].r/u_datapath/west_vc0_fifo/rd_ptr_reg[0]/C,u_mesh/GEN_R[1].r/u_datapath/south_vc2_fifo/fifo_mem_reg[0][flit_data]_0_3_0_5/RAMD/WE
-0.588,22,4,1,inter,u_mesh/GEN_R[4].r/u_datapath/west_vc0_fifo/rd_ptr_reg[0]/C,u_mesh/GEN_R[1].r/u_datapath/south_vc2_fifo/fifo_mem_reg[0][flit_data]_0_3_0_5/RAMD_D1/WE
-0.586,20,4,3,inter,u_mesh/GEN_R[4].r/u_datapath/west_vc0_fifo/rd_ptr_reg[0]/C,u_mesh/GEN_R[3].r/u_datapath/east_vc2_fifo/fifo_mem_reg[0][flit_data]_0_3_18_23/RAMA_D1/I
-0.585,20,4,1,inter,u_mesh/GEN_R[4].r/u_datapath/west_vc0_fifo/rd_ptr_reg[0]/C,u_mesh/GEN_R[1].r/u_datapath/south_vc0_fifo/fifo_mem_reg[0][flit_data]_0_3_0_5/RAMA_D1/I
-0.583,22,4,3,inter,u_mesh/GEN_R[4].r/u_datapath/local_vc2_fifo/rd_ptr_reg[0]_replica/C,u_mesh/GEN_R[3].r/u_datapath/east_vc2_fifo/fifo_mem_reg[0][vc_id]_0_3_0_0/DP/WE
-0.583,22,4,3,inter,u_mesh/GEN_R[4].r/u_datapath/local_vc2_fifo/rd_ptr_reg[0]_replica/C,u_mesh/GEN_R[3].r/u_datapath/east_vc2_fifo/fifo_mem_reg[0][vc_id]_0_3_0_0/SP/WE
-0.583,22,4,3,inter,u_mesh/GEN_R[4].r/u_datapath/local_vc2_fifo/rd_ptr_reg[0]_replica/C,u_mesh/GEN_R[3].r/u_datapath/east_vc2_fifo/fifo_mem_reg[0][vc_id]_0_3_1_1/DP/WE
-0.583,22,4,3,inter,u_mesh/GEN_R[4].r/u_datapath/local_vc2_fifo/rd_ptr_reg[0]_replica/C,u_mesh/GEN_R[3].r/u_datapath/east_vc2_fifo/fifo_mem_reg[0][vc_id]_0_3_1_1/SP/WE
-0.581,21,5,2,inter,u_mesh/GEN_R[5].r/u_datapath/local_vc1_fifo/rd_ptr_reg[0]/C,u_mesh/GEN_R[2].r/u_datapath/south_vc2_fifo/fifo_mem_reg[0][flit_data]_0_3_6_11/RAMA/WE
-0.581,21,5,2,inter,u_mesh/GEN_R[5].r/u_datapath/local_vc1_fifo/rd_ptr_reg[0]/C,u_mesh/GEN_R[2].r/u_datapath/south_vc2_fifo/fifo_mem_reg[0][flit_data]_0_3_6_11/RAMA_D1/WE
-0.581,21,5,2,inter,u_mesh/GEN_R[5].r/u_datapath/local_vc1_fifo/rd_ptr_reg[0]/C,u_mesh/GEN_R[2].r/u_datapath/south_vc2_fifo/fifo_mem_reg[0][flit_data]_0_3_6_11/RAMB/WE
-0.581,21,5,2,inter,u_mesh/GEN_R[5].r/u_datapath/local_vc1_fifo/rd_ptr_reg[0]/C,u_mesh/GEN_R[2].r/u_datapath/south_vc2_fifo/fifo_mem_reg[0][flit_data]_0_3_6_11/RAMB_D1/WE
-0.581,21,5,2,inter,u_mesh/GEN_R[5].r/u_datapath/local_vc1_fifo/rd_ptr_reg[0]/C,u_mesh/GEN_R[2].r/u_datapath/south_vc2_fifo/fifo_mem_reg[0][flit_data]_0_3_6_11/RAMC/WE
-0.581,21,5,2,inter,u_mesh/GEN_R[5].r/u_datapath/local_vc1_fifo/rd_ptr_reg[0]/C,u_mesh/GEN_R[2].r/u_datapath/south_vc2_fifo/fifo_mem_reg[0][flit_data]_0_3_6_11/RAMC_D1/WE
-0.581,21,5,2,inter,u_mesh/GEN_R[5].r/u_datapath/local_vc1_fifo/rd_ptr_reg[0]/C,u_mesh/GEN_R[2].r/u_datapath/south_vc2_fifo/fifo_mem_reg[0][flit_data]_0_3_6_11/RAMD/WE
-0.581,21,5,2,inter,u_mesh/GEN_R[5].r/u_datapath/local_vc1_fifo/rd_ptr_reg[0]/C,u_mesh/GEN_R[2].r/u_datapath/south_vc2_fifo/fifo_mem_reg[0][flit_data]_0_3_6_11/RAMD_D1/WE
-0.581,21,5,4,inter,u_mesh/GEN_R[5].r/u_datapath/local_vc1_fifo/rd_ptr_reg[0]/C,u_mesh/GEN_R[4].r/u_datapath/east_vc1_fifo/fifo_mem_reg[0][flit_data]_0_3_6_11/RAMA/WE
-0.581,21,5,4,inter,u_mesh/GEN_R[5].r/u_datapath/local_vc1_fifo/rd_ptr_reg[0]/C,u_mesh/GEN_R[4].r/u_datapath/east_vc1_fifo/fifo_mem_reg[0][flit_data]_0_3_6_11/RAMA_D1/WE
-0.581,21,5,4,inter,u_mesh/GEN_R[5].r/u_datapath/local_vc1_fifo/rd_ptr_reg[0]/C,u_mesh/GEN_R[4].r/u_datapath/east_vc1_fifo/fifo_mem_reg[0][flit_data]_0_3_6_11/RAMB/WE
-0.581,21,5,4,inter,u_mesh/GEN_R[5].r/u_datapath/local_vc1_fifo/rd_ptr_reg[0]/C,u_mesh/GEN_R[4].r/u_datapath/east_vc1_fifo/fifo_mem_reg[0][flit_data]_0_3_6_11/RAMB_D1/WE
-0.581,21,5,4,inter,u_mesh/GEN_R[5].r/u_datapath/local_vc1_fifo/rd_ptr_reg[0]/C,u_mesh/GEN_R[4].r/u_datapath/east_vc1_fifo/fifo_mem_reg[0][flit_data]_0_3_6_11/RAMC/WE
-0.581,21,5,4,inter,u_mesh/GEN_R[5].r/u_datapath/local_vc1_fifo/rd_ptr_reg[0]/C,u_mesh/GEN_R[4].r/u_datapath/east_vc1_fifo/fifo_mem_reg[0][flit_data]_0_3_6_11/RAMC_D1/WE
-0.581,21,5,4,inter,u_mesh/GEN_R[5].r/u_datapath/local_vc1_fifo/rd_ptr_reg[0]/C,u_mesh/GEN_R[4].r/u_datapath/east_vc1_fifo/fifo_mem_reg[0][flit_data]_0_3_6_11/RAMD/WE
-0.581,21,5,4,inter,u_mesh/GEN_R[5].r/u_datapath/local_vc1_fifo/rd_ptr_reg[0]/C,u_mesh/GEN_R[4].r/u_datapath/east_vc1_fifo/fifo_mem_reg[0][flit_data]_0_3_6_11/RAMD_D1/WE
-0.579,22,1,2,inter,u_mesh/GEN_R[1].r/u_datapath/west_vc2_fifo/rd_ptr_reg[1]/C,u_mesh/GEN_R[2].r/u_datapath/west_vc0_fifo/fifo_mem_reg[0][flit_data]_0_3_24_29/RAMA/WE
-0.579,22,1,2,inter,u_mesh/GEN_R[1].r/u_datapath/west_vc2_fifo/rd_ptr_reg[1]/C,u_mesh/GEN_R[2].r/u_datapath/west_vc0_fifo/fifo_mem_reg[0][flit_data]_0_3_24_29/RAMA_D1/WE
-0.579,22,1,2,inter,u_mesh/GEN_R[1].r/u_datapath/west_vc2_fifo/rd_ptr_reg[1]/C,u_mesh/GEN_R[2].r/u_datapath/west_vc0_fifo/fifo_mem_reg[0][flit_data]_0_3_24_29/RAMB/WE
-0.579,22,1,2,inter,u_mesh/GEN_R[1].r/u_datapath/west_vc2_fifo/rd_ptr_reg[1]/C,u_mesh/GEN_R[2].r/u_datapath/west_vc0_fifo/fifo_mem_reg[0][flit_data]_0_3_24_29/RAMB_D1/WE
-0.579,22,1,2,inter,u_mesh/GEN_R[1].r/u_datapath/west_vc2_fifo/rd_ptr_reg[1]/C,u_mesh/GEN_R[2].r/u_datapath/west_vc0_fifo/fifo_mem_reg[0][flit_data]_0_3_24_29/RAMC/WE
-0.579,22,1,2,inter,u_mesh/GEN_R[1].r/u_datapath/west_vc2_fifo/rd_ptr_reg[1]/C,u_mesh/GEN_R[2].r/u_datapath/west_vc0_fifo/fifo_mem_reg[0][flit_data]_0_3_24_29/RAMC_D1/WE
-0.579,22,1,2,inter,u_mesh/GEN_R[1].r/u_datapath/west_vc2_fifo/rd_ptr_reg[1]/C,u_mesh/GEN_R[2].r/u_datapath/west_vc0_fifo/fifo_mem_reg[0][flit_data]_0_3_24_29/RAMD/WE
-0.579,22,1,2,inter,u_mesh/GEN_R[1].r/u_datapath/west_vc2_fifo/rd_ptr_reg[1]/C,u_mesh/GEN_R[2].r/u_datapath/west_vc0_fifo/fifo_mem_reg[0][flit_data]_0_3_24_29/RAMD_D1/WE
-0.577,20,4,1,inter,u_mesh/GEN_R[4].r/u_datapath/west_vc0_fifo/rd_ptr_reg[0]/C,u_mesh/GEN_R[1].r/u_datapath/south_vc1_fifo/fifo_mem_reg[0][flit_data]_0_3_0_5/RAMA_D1/I
-0.576,21,3,4,inter,u_mesh/GEN_R[3].r/u_datapath/east_vc1_fifo/rd_ptr_reg[1]_replica/C,u_mesh/GEN_R[4].r/u_datapath/west_vc1_fifo/fifo_mem_reg[0][vc_id]_0_3_0_0/DP/WE
-0.576,21,3,4,inter,u_mesh/GEN_R[3].r/u_datapath/east_vc1_fifo/rd_ptr_reg[1]_replica/C,u_mesh/GEN_R[4].r/u_datapath/west_vc1_fifo/fifo_mem_reg[0][vc_id]_0_3_0_0/SP/WE
-0.576,21,3,4,inter,u_mesh/GEN_R[3].r/u_datapath/east_vc1_fifo/rd_ptr_reg[1]_replica/C,u_mesh/GEN_R[4].r/u_datapath/west_vc1_fifo/fifo_mem_reg[0][vc_id]_0_3_1_1/DP/WE
-0.576,21,3,4,inter,u_mesh/GEN_R[3].r/u_datapath/east_vc1_fifo/rd_ptr_reg[1]_replica/C,u_mesh/GEN_R[4].r/u_datapath/west_vc1_fifo/fifo_mem_reg[0][vc_id]_0_3_1_1/SP/WE
-0.573,20,4,3,inter,u_mesh/GEN_R[4].r/u_datapath/west_vc0_fifo/rd_ptr_reg[0]/C,u_mesh/GEN_R[3].r/u_datapath/east_vc1_fifo/fifo_mem_reg[0][flit_data]_0_3_0_5/RAMA_D1/I
-0.572,22,1,0,inter,u_mesh/GEN_R[1].r/u_datapath/west_vc2_fifo/rd_ptr_reg[1]/C,u_mesh/GEN_R[0].r/u_datapath/east_vc0_fifo/fifo_mem_reg[0][flit_data]_0_3_0_5/RAMA/WE
-0.572,22,1,0,inter,u_mesh/GEN_R[1].r/u_datapath/west_vc2_fifo/rd_ptr_reg[1]/C,u_mesh/GEN_R[0].r/u_datapath/east_vc0_fifo/fifo_mem_reg[0][flit_data]_0_3_0_5/RAMA_D1/WE
-0.572,22,1,0,inter,u_mesh/GEN_R[1].r/u_datapath/west_vc2_fifo/rd_ptr_reg[1]/C,u_mesh/GEN_R[0].r/u_datapath/east_vc0_fifo/fifo_mem_reg[0][flit_data]_0_3_0_5/RAMB/WE
-0.572,22,1,0,inter,u_mesh/GEN_R[1].r/u_datapath/west_vc2_fifo/rd_ptr_reg[1]/C,u_mesh/GEN_R[0].r/u_datapath/east_vc0_fifo/fifo_mem_reg[0][flit_data]_0_3_0_5/RAMB_D1/WE
-0.572,22,1,0,inter,u_mesh/GEN_R[1].r/u_datapath/west_vc2_fifo/rd_ptr_reg[1]/C,u_mesh/GEN_R[0].r/u_datapath/east_vc0_fifo/fifo_mem_reg[0][flit_data]_0_3_0_5/RAMC/WE
-0.572,22,1,0,inter,u_mesh/GEN_R[1].r/u_datapath/west_vc2_fifo/rd_ptr_reg[1]/C,u_mesh/GEN_R[0].r/u_datapath/east_vc0_fifo/fifo_mem_reg[0][flit_data]_0_3_0_5/RAMC_D1/WE
-0.572,22,1,0,inter,u_mesh/GEN_R[1].r/u_datapath/west_vc2_fifo/rd_ptr_reg[1]/C,u_mesh/GEN_R[0].r/u_datapath/east_vc0_fifo/fifo_mem_reg[0][flit_data]_0_3_0_5/RAMD/WE
-0.572,22,1,0,inter,u_mesh/GEN_R[1].r/u_datapath/west_vc2_fifo/rd_ptr_reg[1]/C,u_mesh/GEN_R[0].r/u_datapath/east_vc0_fifo/fifo_mem_reg[0][flit_data]_0_3_0_5/RAMD_D1/WE
-0.570,21,5,4,inter,u_mesh/GEN_R[5].r/u_datapath/local_vc1_fifo/rd_ptr_reg[0]/C,u_mesh/GEN_R[4].r/u_datapath/east_vc2_fifo/fifo_mem_reg[0][flit_data]_0_3_30_31/DP/WE
-0.570,21,5,4,inter,u_mesh/GEN_R[5].r/u_datapath/local_vc1_fifo/rd_ptr_reg[0]/C,u_mesh/GEN_R[4].r/u_datapath/east_vc2_fifo/fifo_mem_reg[0][flit_data]_0_3_30_31/SP/WE
-0.570,21,5,4,inter,u_mesh/GEN_R[5].r/u_datapath/local_vc1_fifo/rd_ptr_reg[0]/C,u_mesh/GEN_R[4].r/u_datapath/east_vc2_fifo/fifo_mem_reg[0][flit_data]_0_3_30_31__0/DP/WE
-0.570,21,5,4,inter,u_mesh/GEN_R[5].r/u_datapath/local_vc1_fifo/rd_ptr_reg[0]/C,u_mesh/GEN_R[4].r/u_datapath/east_vc2_fifo/fifo_mem_reg[0][flit_data]_0_3_30_31__0/SP/WE
-0.570,21,5,4,inter,u_mesh/GEN_R[5].r/u_datapath/local_vc1_fifo/rd_ptr_reg[0]/C,u_mesh/GEN_R[4].r/u_datapath/east_vc2_fifo/fifo_mem_reg[0][flit_type]_0_3_0_0/DP/WE
-0.570,21,5,4,inter,u_mesh/GEN_R[5].r/u_datapath/local_vc1_fifo/rd_ptr_reg[0]/C,u_mesh/GEN_R[4].r/u_datapath/east_vc2_fifo/fifo_mem_reg[0][flit_type]_0_3_0_0/SP/WE
-0.570,21,5,4,inter,u_mesh/GEN_R[5].r/u_datapath/local_vc1_fifo/rd_ptr_reg[0]/C,u_mesh/GEN_R[4].r/u_datapath/east_vc2_fifo/fifo_mem_reg[0][flit_type]_0_3_1_1/DP/WE
-0.570,21,5,4,inter,u_mesh/GEN_R[5].r/u_datapath/local_vc1_fifo/rd_ptr_reg[0]/C,u_mesh/GEN_R[4].r/u_datapath/east_vc2_fifo/fifo_mem_reg[0][flit_type]_0_3_1_1/SP/WE
-0.568,20,4,3,inter,u_mesh/GEN_R[4].r/u_datapath/west_vc0_fifo/rd_ptr_reg[0]/C,u_mesh/GEN_R[3].r/u_datapath/east_vc2_fifo/fifo_mem_reg[0][flit_data]_0_3_0_5/RAMA_D1/I
-0.567,21,3,4,inter,u_mesh/GEN_R[3].r/u_datapath/east_vc1_fifo/rd_ptr_reg[1]_replica/C,u_mesh/GEN_R[4].r/u_datapath/west_vc1_fifo/fifo_mem_reg[0][flit_data]_0_3_30_31/DP/WE
-0.567,21,3,4,inter,u_mesh/GEN_R[3].r/u_datapath/east_vc1_fifo/rd_ptr_reg[1]_replica/C,u_mesh/GEN_R[4].r/u_datapath/west_vc1_fifo/fifo_mem_reg[0][flit_data]_0_3_30_31/SP/WE
-0.567,21,3,4,inter,u_mesh/GEN_R[3].r/u_datapath/east_vc1_fifo/rd_ptr_reg[1]_replica/C,u_mesh/GEN_R[4].r/u_datapath/west_vc1_fifo/fifo_mem_reg[0][flit_data]_0_3_30_31__0/DP/WE
-0.567,21,3,4,inter,u_mesh/GEN_R[3].r/u_datapath/east_vc1_fifo/rd_ptr_reg[1]_replica/C,u_mesh/GEN_R[4].r/u_datapath/west_vc1_fifo/fifo_mem_reg[0][flit_data]_0_3_30_31__0/SP/WE
-0.567,21,3,4,inter,u_mesh/GEN_R[3].r/u_datapath/east_vc1_fifo/rd_ptr_reg[1]_replica/C,u_mesh/GEN_R[4].r/u_datapath/west_vc1_fifo/fifo_mem_reg[0][flit_type]_0_3_0_0/DP/WE
-0.567,21,3,4,inter,u_mesh/GEN_R[3].r/u_datapath/east_vc1_fifo/rd_ptr_reg[1]_replica/C,u_mesh/GEN_R[4].r/u_datapath/west_vc1_fifo/fifo_mem_reg[0][flit_type]_0_3_0_0/SP/WE
-0.567,21,3,4,inter,u_mesh/GEN_R[3].r/u_datapath/east_vc1_fifo/rd_ptr_reg[1]_replica/C,u_mesh/GEN_R[4].r/u_datapath/west_vc1_fifo/fifo_mem_reg[0][flit_type]_0_3_1_1/DP/WE
-0.567,21,3,4,inter,u_mesh/GEN_R[3].r/u_datapath/east_vc1_fifo/rd_ptr_reg[1]_replica/C,u_mesh/GEN_R[4].r/u_datapath/west_vc1_fifo/fifo_mem_reg[0][flit_type]_0_3_1_1/SP/WE
-0.565,22,1,0,inter,u_mesh/GEN_R[1].r/u_datapath/west_vc2_fifo/rd_ptr_reg[1]/C,u_mesh/GEN_R[0].r/u_datapath/east_vc0_fifo/fifo_mem_reg[0][flit_data]_0_3_24_29/RAMA/WE
-0.565,22,1,0,inter,u_mesh/GEN_R[1].r/u_datapath/west_vc2_fifo/rd_ptr_reg[1]/C,u_mesh/GEN_R[0].r/u_datapath/east_vc0_fifo/fifo_mem_reg[0][flit_data]_0_3_24_29/RAMA_D1/WE
-0.565,22,1,0,inter,u_mesh/GEN_R[1].r/u_datapath/west_vc2_fifo/rd_ptr_reg[1]/C,u_mesh/GEN_R[0].r/u_datapath/east_vc0_fifo/fifo_mem_reg[0][flit_data]_0_3_24_29/RAMB/WE
-0.565,22,1,0,inter,u_mesh/GEN_R[1].r/u_datapath/west_vc2_fifo/rd_ptr_reg[1]/C,u_mesh/GEN_R[0].r/u_datapath/east_vc0_fifo/fifo_mem_reg[0][flit_data]_0_3_24_29/RAMB_D1/WE
-0.565,22,1,0,inter,u_mesh/GEN_R[1].r/u_datapath/west_vc2_fifo/rd_ptr_reg[1]/C,u_mesh/GEN_R[0].r/u_datapath/east_vc0_fifo/fifo_mem_reg[0][flit_data]_0_3_24_29/RAMC/WE
-0.565,22,1,0,inter,u_mesh/GEN_R[1].r/u_datapath/west_vc2_fifo/rd_ptr_reg[1]/C,u_mesh/GEN_R[0].r/u_datapath/east_vc0_fifo/fifo_mem_reg[0][flit_data]_0_3_24_29/RAMC_D1/WE
-0.565,22,1,0,inter,u_mesh/GEN_R[1].r/u_datapath/west_vc2_fifo/rd_ptr_reg[1]/C,u_mesh/GEN_R[0].r/u_datapath/east_vc0_fifo/fifo_mem_reg[0][flit_data]_0_3_24_29/RAMD/WE
-0.565,22,1,0,inter,u_mesh/GEN_R[1].r/u_datapath/west_vc2_fifo/rd_ptr_reg[1]/C,u_mesh/GEN_R[0].r/u_datapath/east_vc0_fifo/fifo_mem_reg[0][flit_data]_0_3_24_29/RAMD_D1/WE
-0.560,21,0,1,inter,u_mesh/GEN_R[0].r/u_datapath/east_vc1_fifo/rd_ptr_reg[0]/C,u_mesh/GEN_R[1].r/u_datapath/west_vc2_fifo/fifo_mem_reg[0][vc_id]_0_3_0_0/DP/WE
-0.560,21,0,1,inter,u_mesh/GEN_R[0].r/u_datapath/east_vc1_fifo/rd_ptr_reg[0]/C,u_mesh/GEN_R[1].r/u_datapath/west_vc2_fifo/fifo_mem_reg[0][vc_id]_0_3_0_0/SP/WE
-0.560,21,0,1,inter,u_mesh/GEN_R[0].r/u_datapath/east_vc1_fifo/rd_ptr_reg[0]/C,u_mesh/GEN_R[1].r/u_datapath/west_vc2_fifo/fifo_mem_reg[0][vc_id]_0_3_1_1/DP/WE
-0.560,21,0,1,inter,u_mesh/GEN_R[0].r/u_datapath/east_vc1_fifo/rd_ptr_reg[0]/C,u_mesh/GEN_R[1].r/u_datapath/west_vc2_fifo/fifo_mem_reg[0][vc_id]_0_3_1_1/SP/WE
-0.557,22,1,4,inter,u_mesh/GEN_R[1].r/u_datapath/local_vc0_fifo/rd_ptr_reg[0]/C,u_mesh/GEN_R[4].r/u_datapath/north_vc1_fifo/fifo_mem_reg[0][flit_data]_0_3_6_11/RAMA/WE
-0.557,22,1,4,inter,u_mesh/GEN_R[1].r/u_datapath/local_vc0_fifo/rd_ptr_reg[0]/C,u_mesh/GEN_R[4].r/u_datapath/north_vc1_fifo/fifo_mem_reg[0][flit_data]_0_3_6_11/RAMA_D1/WE
-0.557,22,1,4,inter,u_mesh/GEN_R[1].r/u_datapath/local_vc0_fifo/rd_ptr_reg[0]/C,u_mesh/GEN_R[4].r/u_datapath/north_vc1_fifo/fifo_mem_reg[0][flit_data]_0_3_6_11/RAMB/WE
-0.557,22,1,4,inter,u_mesh/GEN_R[1].r/u_datapath/local_vc0_fifo/rd_ptr_reg[0]/C,u_mesh/GEN_R[4].r/u_datapath/north_vc1_fifo/fifo_mem_reg[0][flit_data]_0_3_6_11/RAMB_D1/WE
-0.557,22,1,4,inter,u_mesh/GEN_R[1].r/u_datapath/local_vc0_fifo/rd_ptr_reg[0]/C,u_mesh/GEN_R[4].r/u_datapath/north_vc1_fifo/fifo_mem_reg[0][flit_data]_0_3_6_11/RAMC/WE
-0.557,22,1,4,inter,u_mesh/GEN_R[1].r/u_datapath/local_vc0_fifo/rd_ptr_reg[0]/C,u_mesh/GEN_R[4].r/u_datapath/north_vc1_fifo/fifo_mem_reg[0][flit_data]_0_3_6_11/RAMC_D1/WE
-0.557,22,1,4,inter,u_mesh/GEN_R[1].r/u_datapath/local_vc0_fifo/rd_ptr_reg[0]/C,u_mesh/GEN_R[4].r/u_datapath/north_vc1_fifo/fifo_mem_reg[0][flit_data]_0_3_6_11/RAMD/WE
-0.557,22,1,4,inter,u_mesh/GEN_R[1].r/u_datapath/local_vc0_fifo/rd_ptr_reg[0]/C,u_mesh/GEN_R[4].r/u_datapath/north_vc1_fifo/fifo_mem_reg[0][flit_data]_0_3_6_11/RAMD_D1/WE
-0.557,21,1,4,inter,u_mesh/GEN_R[1].r/u_datapath/west_vc2_fifo/rd_ptr_reg[1]/C,u_mesh/GEN_R[4].r/u_datapath/north_vc0_fifo/fifo_mem_reg[0][flit_data]_0_3_30_31/DP/WE
-0.557,21,1,4,inter,u_mesh/GEN_R[1].r/u_datapath/west_vc2_fifo/rd_ptr_reg[1]/C,u_mesh/GEN_R[4].r/u_datapath/north_vc0_fifo/fifo_mem_reg[0][flit_data]_0_3_30_31/SP/WE
-0.557,21,1,4,inter,u_mesh/GEN_R[1].r/u_datapath/west_vc2_fifo/rd_ptr_reg[1]/C,u_mesh/GEN_R[4].r/u_datapath/north_vc0_fifo/fifo_mem_reg[0][flit_data]_0_3_30_31__0/DP/WE
-0.557,21,1,4,inter,u_mesh/GEN_R[1].r/u_datapath/west_vc2_fifo/rd_ptr_reg[1]/C,u_mesh/GEN_R[4].r/u_datapath/north_vc0_fifo/fifo_mem_reg[0][flit_data]_0_3_30_31__0/SP/WE
-0.557,21,1,4,inter,u_mesh/GEN_R[1].r/u_datapath/west_vc2_fifo/rd_ptr_reg[1]/C,u_mesh/GEN_R[4].r/u_datapath/north_vc0_fifo/fifo_mem_reg[0][flit_type]_0_3_0_0/DP/WE
-0.557,21,1,4,inter,u_mesh/GEN_R[1].r/u_datapath/west_vc2_fifo/rd_ptr_reg[1]/C,u_mesh/GEN_R[4].r/u_datapath/north_vc0_fifo/fifo_mem_reg[0][flit_type]_0_3_0_0/SP/WE
-0.557,21,1,4,inter,u_mesh/GEN_R[1].r/u_datapath/west_vc2_fifo/rd_ptr_reg[1]/C,u_mesh/GEN_R[4].r/u_datapath/north_vc0_fifo/fifo_mem_reg[0][flit_type]_0_3_1_1/DP/WE
-0.557,21,1,4,inter,u_mesh/GEN_R[1].r/u_datapath/west_vc2_fifo/rd_ptr_reg[1]/C,u_mesh/GEN_R[4].r/u_datapath/north_vc0_fifo/fifo_mem_reg[0][flit_type]_0_3_1_1/SP/WE
-0.557,20,4,1,inter,u_mesh/GEN_R[4].r/u_datapath/west_vc0_fifo/rd_ptr_reg[0]/C,u_mesh/GEN_R[1].r/u_datapath/south_vc0_fifo/fifo_mem_reg[0][flit_data]_0_3_0_5/RAMC/I
-0.556,22,1,0,inter,u_mesh/GEN_R[1].r/u_datapath/west_vc2_fifo/rd_ptr_reg[1]/C,u_mesh/GEN_R[0].r/u_datapath/east_vc1_fifo/fifo_mem_reg[0][flit_data]_0_3_0_5/RAMA/WE
-0.556,22,1,0,inter,u_mesh/GEN_R[1].r/u_datapath/west_vc2_fifo/rd_ptr_reg[1]/C,u_mesh/GEN_R[0].r/u_datapath/east_vc1_fifo/fifo_mem_reg[0][flit_data]_0_3_0_5/RAMA_D1/WE
-0.556,22,1,0,inter,u_mesh/GEN_R[1].r/u_datapath/west_vc2_fifo/rd_ptr_reg[1]/C,u_mesh/GEN_R[0].r/u_datapath/east_vc1_fifo/fifo_mem_reg[0][flit_data]_0_3_0_5/RAMB/WE
-0.556,22,1,0,inter,u_mesh/GEN_R[1].r/u_datapath/west_vc2_fifo/rd_ptr_reg[1]/C,u_mesh/GEN_R[0].r/u_datapath/east_vc1_fifo/fifo_mem_reg[0][flit_data]_0_3_0_5/RAMB_D1/WE
-0.556,22,1,0,inter,u_mesh/GEN_R[1].r/u_datapath/west_vc2_fifo/rd_ptr_reg[1]/C,u_mesh/GEN_R[0].r/u_datapath/east_vc1_fifo/fifo_mem_reg[0][flit_data]_0_3_0_5/RAMC/WE
-0.556,22,1,0,inter,u_mesh/GEN_R[1].r/u_datapath/west_vc2_fifo/rd_ptr_reg[1]/C,u_mesh/GEN_R[0].r/u_datapath/east_vc1_fifo/fifo_mem_reg[0][flit_data]_0_3_0_5/RAMC_D1/WE
-0.556,22,1,0,inter,u_mesh/GEN_R[1].r/u_datapath/west_vc2_fifo/rd_ptr_reg[1]/C,u_mesh/GEN_R[0].r/u_datapath/east_vc1_fifo/fifo_mem_reg[0][flit_data]_0_3_0_5/RAMD/WE
-0.556,22,1,0,inter,u_mesh/GEN_R[1].r/u_datapath/west_vc2_fifo/rd_ptr_reg[1]/C,u_mesh/GEN_R[0].r/u_datapath/east_vc1_fifo/fifo_mem_reg[0][flit_data]_0_3_0_5/RAMD_D1/WE
-0.554,21,1,4,inter,u_mesh/GEN_R[1].r/u_datapath/west_vc2_fifo/rd_ptr_reg[1]/C,u_mesh/GEN_R[4].r/u_datapath/north_vc0_fifo/fifo_mem_reg[0][flit_data]_0_3_24_29/RAMA/WE
-0.554,21,1,4,inter,u_mesh/GEN_R[1].r/u_datapath/west_vc2_fifo/rd_ptr_reg[1]/C,u_mesh/GEN_R[4].r/u_datapath/north_vc0_fifo/fifo_mem_reg[0][flit_data]_0_3_24_29/RAMA_D1/WE
-0.554,21,1,4,inter,u_mesh/GEN_R[1].r/u_datapath/west_vc2_fifo/rd_ptr_reg[1]/C,u_mesh/GEN_R[4].r/u_datapath/north_vc0_fifo/fifo_mem_reg[0][flit_data]_0_3_24_29/RAMB/WE
-0.554,21,1,4,inter,u_mesh/GEN_R[1].r/u_datapath/west_vc2_fifo/rd_ptr_reg[1]/C,u_mesh/GEN_R[4].r/u_datapath/north_vc0_fifo/fifo_mem_reg[0][flit_data]_0_3_24_29/RAMB_D1/WE
-0.554,21,1,4,inter,u_mesh/GEN_R[1].r/u_datapath/west_vc2_fifo/rd_ptr_reg[1]/C,u_mesh/GEN_R[4].r/u_datapath/north_vc0_fifo/fifo_mem_reg[0][flit_data]_0_3_24_29/RAMC/WE
-0.554,21,1,4,inter,u_mesh/GEN_R[1].r/u_datapath/west_vc2_fifo/rd_ptr_reg[1]/C,u_mesh/GEN_R[4].r/u_datapath/north_vc0_fifo/fifo_mem_reg[0][flit_data]_0_3_24_29/RAMC_D1/WE
-0.554,21,1,4,inter,u_mesh/GEN_R[1].r/u_datapath/west_vc2_fifo/rd_ptr_reg[1]/C,u_mesh/GEN_R[4].r/u_datapath/north_vc0_fifo/fifo_mem_reg[0][flit_data]_0_3_24_29/RAMD/WE
-0.554,21,1,4,inter,u_mesh/GEN_R[1].r/u_datapath/west_vc2_fifo/rd_ptr_reg[1]/C,u_mesh/GEN_R[4].r/u_datapath/north_vc0_fifo/fifo_mem_reg[0][flit_data]_0_3_24_29/RAMD_D1/WE
-0.554,22,2,1,inter,u_mesh/GEN_R[2].r/u_datapath/local_vc2_fifo/rd_ptr_reg[1]/C,u_mesh/GEN_R[1].r/u_datapath/east_vc0_fifo/fifo_mem_reg[0][flit_data]_0_3_6_11/RAMA/WE
-0.554,22,2,1,inter,u_mesh/GEN_R[2].r/u_datapath/local_vc2_fifo/rd_ptr_reg[1]/C,u_mesh/GEN_R[1].r/u_datapath/east_vc0_fifo/fifo_mem_reg[0][flit_data]_0_3_6_11/RAMA_D1/WE
-0.554,22,2,1,inter,u_mesh/GEN_R[2].r/u_datapath/local_vc2_fifo/rd_ptr_reg[1]/C,u_mesh/GEN_R[1].r/u_datapath/east_vc0_fifo/fifo_mem_reg[0][flit_data]_0_3_6_11/RAMB/WE
-0.554,22,2,1,inter,u_mesh/GEN_R[2].r/u_datapath/local_vc2_fifo/rd_ptr_reg[1]/C,u_mesh/GEN_R[1].r/u_datapath/east_vc0_fifo/fifo_mem_reg[0][flit_data]_0_3_6_11/RAMB_D1/WE
-0.554,22,2,1,inter,u_mesh/GEN_R[2].r/u_datapath/local_vc2_fifo/rd_ptr_reg[1]/C,u_mesh/GEN_R[1].r/u_datapath/east_vc0_fifo/fifo_mem_reg[0][flit_data]_0_3_6_11/RAMC/WE
-0.554,22,2,1,inter,u_mesh/GEN_R[2].r/u_datapath/local_vc2_fifo/rd_ptr_reg[1]/C,u_mesh/GEN_R[1].r/u_datapath/east_vc0_fifo/fifo_mem_reg[0][flit_data]_0_3_6_11/RAMC_D1/WE
-0.554,22,2,1,inter,u_mesh/GEN_R[2].r/u_datapath/local_vc2_fifo/rd_ptr_reg[1]/C,u_mesh/GEN_R[1].r/u_datapath/east_vc0_fifo/fifo_mem_reg[0][flit_data]_0_3_6_11/RAMD/WE
-0.554,22,2,1,inter,u_mesh/GEN_R[2].r/u_datapath/local_vc2_fifo/rd_ptr_reg[1]/C,u_mesh/GEN_R[1].r/u_datapath/east_vc0_fifo/fifo_mem_reg[0][flit_data]_0_3_6_11/RAMD_D1/WE
-0.552,20,4,3,inter,u_mesh/GEN_R[4].r/u_datapath/west_vc0_fifo/rd_ptr_reg[0]/C,u_mesh/GEN_R[3].r/u_datapath/east_vc0_fifo/fifo_mem_reg[0][flit_data]_0_3_0_5/RAMA_D1/I
-0.552,22,4,3,inter,u_mesh/GEN_R[4].r/u_datapath/local_vc2_fifo/rd_ptr_reg[0]_replica/C,u_mesh/GEN_R[3].r/u_datapath/east_vc0_fifo/count_reg[0]/D
-0.551,20,4,5,inter,u_mesh/GEN_R[4].r/u_datapath/west_vc0_fifo/rd_ptr_reg[0]/C,u_mesh/GEN_R[5].r/u_datapath/west_vc1_fifo/fifo_mem_reg[0][flit_data]_0_3_18_23/RAMA_D1/I
-0.551,21,3,0,inter,u_mesh/GEN_R[3].r/u_datapath/east_vc1_fifo/rd_ptr_reg[1]_replica/C,u_mesh/GEN_R[0].r/u_datapath/south_vc2_fifo/fifo_mem_reg[0][flit_data]_0_3_0_5/RAMA/WE
-0.551,21,3,0,inter,u_mesh/GEN_R[3].r/u_datapath/east_vc1_fifo/rd_ptr_reg[1]_replica/C,u_mesh/GEN_R[0].r/u_datapath/south_vc2_fifo/fifo_mem_reg[0][flit_data]_0_3_0_5/RAMA_D1/WE
-0.551,21,3,0,inter,u_mesh/GEN_R[3].r/u_datapath/east_vc1_fifo/rd_ptr_reg[1]_replica/C,u_mesh/GEN_R[0].r/u_datapath/south_vc2_fifo/fifo_mem_reg[0][flit_data]_0_3_0_5/RAMB/WE
-0.551,21,3,0,inter,u_mesh/GEN_R[3].r/u_datapath/east_vc1_fifo/rd_ptr_reg[1]_replica/C,u_mesh/GEN_R[0].r/u_datapath/south_vc2_fifo/fifo_mem_reg[0][flit_data]_0_3_0_5/RAMB_D1/WE
-0.551,21,3,0,inter,u_mesh/GEN_R[3].r/u_datapath/east_vc1_fifo/rd_ptr_reg[1]_replica/C,u_mesh/GEN_R[0].r/u_datapath/south_vc2_fifo/fifo_mem_reg[0][flit_data]_0_3_0_5/RAMC/WE
-0.551,21,3,0,inter,u_mesh/GEN_R[3].r/u_datapath/east_vc1_fifo/rd_ptr_reg[1]_replica/C,u_mesh/GEN_R[0].r/u_datapath/south_vc2_fifo/fifo_mem_reg[0][flit_data]_0_3_0_5/RAMC_D1/WE
-0.551,21,3,0,inter,u_mesh/GEN_R[3].r/u_datapath/east_vc1_fifo/rd_ptr_reg[1]_replica/C,u_mesh/GEN_R[0].r/u_datapath/south_vc2_fifo/fifo_mem_reg[0][flit_data]_0_3_0_5/RAMD/WE
-0.551,21,3,0,inter,u_mesh/GEN_R[3].r/u_datapath/east_vc1_fifo/rd_ptr_reg[1]_replica/C,u_mesh/GEN_R[0].r/u_datapath/south_vc2_fifo/fifo_mem_reg[0][flit_data]_0_3_0_5/RAMD_D1/WE
-0.550,21,3,4,inter,u_mesh/GEN_R[3].r/u_datapath/east_vc1_fifo/rd_ptr_reg[1]_replica/C,u_mesh/GEN_R[4].r/u_datapath/west_vc1_fifo/fifo_mem_reg[0][flit_data]_0_3_0_5/RAMA/WE
-0.550,21,3,4,inter,u_mesh/GEN_R[3].r/u_datapath/east_vc1_fifo/rd_ptr_reg[1]_replica/C,u_mesh/GEN_R[4].r/u_datapath/west_vc1_fifo/fifo_mem_reg[0][flit_data]_0_3_0_5/RAMA_D1/WE
-0.550,21,3,4,inter,u_mesh/GEN_R[3].r/u_datapath/east_vc1_fifo/rd_ptr_reg[1]_replica/C,u_mesh/GEN_R[4].r/u_datapath/west_vc1_fifo/fifo_mem_reg[0][flit_data]_0_3_0_5/RAMB/WE
-0.550,21,3,4,inter,u_mesh/GEN_R[3].r/u_datapath/east_vc1_fifo/rd_ptr_reg[1]_replica/C,u_mesh/GEN_R[4].r/u_datapath/west_vc1_fifo/fifo_mem_reg[0][flit_data]_0_3_0_5/RAMB_D1/WE
-0.550,21,3,4,inter,u_mesh/GEN_R[3].r/u_datapath/east_vc1_fifo/rd_ptr_reg[1]_replica/C,u_mesh/GEN_R[4].r/u_datapath/west_vc1_fifo/fifo_mem_reg[0][flit_data]_0_3_0_5/RAMC/WE
-0.550,21,3,4,inter,u_mesh/GEN_R[3].r/u_datapath/east_vc1_fifo/rd_ptr_reg[1]_replica/C,u_mesh/GEN_R[4].r/u_datapath/west_vc1_fifo/fifo_mem_reg[0][flit_data]_0_3_0_5/RAMC_D1/WE
-0.550,21,3,4,inter,u_mesh/GEN_R[3].r/u_datapath/east_vc1_fifo/rd_ptr_reg[1]_replica/C,u_mesh/GEN_R[4].r/u_datapath/west_vc1_fifo/fifo_mem_reg[0][flit_data]_0_3_0_5/RAMD/WE
-0.550,21,3,4,inter,u_mesh/GEN_R[3].r/u_datapath/east_vc1_fifo/rd_ptr_reg[1]_replica/C,u_mesh/GEN_R[4].r/u_datapath/west_vc1_fifo/fifo_mem_reg[0][flit_data]_0_3_0_5/RAMD_D1/WE
-0.547,21,3,0,inter,u_mesh/GEN_R[3].r/u_datapath/east_vc1_fifo/rd_ptr_reg[1]_replica/C,u_mesh/GEN_R[0].r/u_datapath/south_vc2_fifo/fifo_mem_reg[0][flit_data]_0_3_24_29/RAMA/WE
-0.547,21,3,0,inter,u_mesh/GEN_R[3].r/u_datapath/east_vc1_fifo/rd_ptr_reg[1]_replica/C,u_mesh/GEN_R[0].r/u_datapath/south_vc2_fifo/fifo_mem_reg[0][flit_data]_0_3_24_29/RAMA_D1/WE
-0.547,21,3,0,inter,u_mesh/GEN_R[3].r/u_datapath/east_vc1_fifo/rd_ptr_reg[1]_replica/C,u_mesh/GEN_R[0].r/u_datapath/south_vc2_fifo/fifo_mem_reg[0][flit_data]_0_3_24_29/RAMB/WE
-0.547,21,3,0,inter,u_mesh/GEN_R[3].r/u_datapath/east_vc1_fifo/rd_ptr_reg[1]_replica/C,u_mesh/GEN_R[0].r/u_datapath/south_vc2_fifo/fifo_mem_reg[0][flit_data]_0_3_24_29/RAMB_D1/WE
-0.547,21,3,0,inter,u_mesh/GEN_R[3].r/u_datapath/east_vc1_fifo/rd_ptr_reg[1]_replica/C,u_mesh/GEN_R[0].r/u_datapath/south_vc2_fifo/fifo_mem_reg[0][flit_data]_0_3_24_29/RAMC/WE
-0.547,21,3,0,inter,u_mesh/GEN_R[3].r/u_datapath/east_vc1_fifo/rd_ptr_reg[1]_replica/C,u_mesh/GEN_R[0].r/u_datapath/south_vc2_fifo/fifo_mem_reg[0][flit_data]_0_3_24_29/RAMC_D1/WE
-0.547,21,3,0,inter,u_mesh/GEN_R[3].r/u_datapath/east_vc1_fifo/rd_ptr_reg[1]_replica/C,u_mesh/GEN_R[0].r/u_datapath/south_vc2_fifo/fifo_mem_reg[0][flit_data]_0_3_24_29/RAMD/WE
-0.547,21,3,0,inter,u_mesh/GEN_R[3].r/u_datapath/east_vc1_fifo/rd_ptr_reg[1]_replica/C,u_mesh/GEN_R[0].r/u_datapath/south_vc2_fifo/fifo_mem_reg[0][flit_data]_0_3_24_29/RAMD_D1/WE
-0.546,20,4,1,inter,u_mesh/GEN_R[4].r/u_datapath/west_vc0_fifo/rd_ptr_reg[0]/C,u_mesh/GEN_R[1].r/u_datapath/south_vc1_fifo/fifo_mem_reg[0][flit_data]_0_3_0_5/RAMC/I
-0.546,21,3,0,inter,u_mesh/GEN_R[3].r/u_datapath/east_vc1_fifo/rd_ptr_reg[1]_replica/C,u_mesh/GEN_R[0].r/u_datapath/south_vc2_fifo/fifo_mem_reg[0][vc_id]_0_3_0_0/DP/WE
-0.546,21,3,0,inter,u_mesh/GEN_R[3].r/u_datapath/east_vc1_fifo/rd_ptr_reg[1]_replica/C,u_mesh/GEN_R[0].r/u_datapath/south_vc2_fifo/fifo_mem_reg[0][vc_id]_0_3_0_0/SP/WE
-0.546,21,3,0,inter,u_mesh/GEN_R[3].r/u_datapath/east_vc1_fifo/rd_ptr_reg[1]_replica/C,u_mesh/GEN_R[0].r/u_datapath/south_vc2_fifo/fifo_mem_reg[0][vc_id]_0_3_1_1/DP/WE
-0.546,21,3,0,inter,u_mesh/GEN_R[3].r/u_datapath/east_vc1_fifo/rd_ptr_reg[1]_replica/C,u_mesh/GEN_R[0].r/u_datapath/south_vc2_fifo/fifo_mem_reg[0][vc_id]_0_3_1_1/SP/WE
-0.545,21,2,5,inter,u_mesh/GEN_R[2].r/u_datapath/local_vc2_fifo/rd_ptr_reg[1]/C,u_mesh/GEN_R[5].r/u_datapath/north_vc2_fifo/fifo_mem_reg[0][flit_data]_0_3_12_17/RAMA/WE
-0.545,21,2,5,inter,u_mesh/GEN_R[2].r/u_datapath/local_vc2_fifo/rd_ptr_reg[1]/C,u_mesh/GEN_R[5].r/u_datapath/north_vc2_fifo/fifo_mem_reg[0][flit_data]_0_3_12_17/RAMA_D1/WE
-0.545,21,2,5,inter,u_mesh/GEN_R[2].r/u_datapath/local_vc2_fifo/rd_ptr_reg[1]/C,u_mesh/GEN_R[5].r/u_datapath/north_vc2_fifo/fifo_mem_reg[0][flit_data]_0_3_12_17/RAMB/WE
-0.545,21,2,5,inter,u_mesh/GEN_R[2].r/u_datapath/local_vc2_fifo/rd_ptr_reg[1]/C,u_mesh/GEN_R[5].r/u_datapath/north_vc2_fifo/fifo_mem_reg[0][flit_data]_0_3_12_17/RAMB_D1/WE
-0.545,21,2,5,inter,u_mesh/GEN_R[2].r/u_datapath/local_vc2_fifo/rd_ptr_reg[1]/C,u_mesh/GEN_R[5].r/u_datapath/north_vc2_fifo/fifo_mem_reg[0][flit_data]_0_3_12_17/RAMC/WE
-0.545,21,2,5,inter,u_mesh/GEN_R[2].r/u_datapath/local_vc2_fifo/rd_ptr_reg[1]/C,u_mesh/GEN_R[5].r/u_datapath/north_vc2_fifo/fifo_mem_reg[0][flit_data]_0_3_12_17/RAMC_D1/WE
-0.545,21,2,5,inter,u_mesh/GEN_R[2].r/u_datapath/local_vc2_fifo/rd_ptr_reg[1]/C,u_mesh/GEN_R[5].r/u_datapath/north_vc2_fifo/fifo_mem_reg[0][flit_data]_0_3_12_17/RAMD/WE
-0.545,21,2,5,inter,u_mesh/GEN_R[2].r/u_datapath/local_vc2_fifo/rd_ptr_reg[1]/C,u_mesh/GEN_R[5].r/u_datapath/north_vc2_fifo/fifo_mem_reg[0][flit_data]_0_3_12_17/RAMD_D1/WE
-0.544,21,5,4,inter,u_mesh/GEN_R[5].r/u_datapath/local_vc1_fifo/rd_ptr_reg[0]/C,u_mesh/GEN_R[4].r/u_datapath/east_vc1_fifo/fifo_mem_reg[0][flit_data]_0_3_18_23/RAMA/WE
-0.544,21,5,4,inter,u_mesh/GEN_R[5].r/u_datapath/local_vc1_fifo/rd_ptr_reg[0]/C,u_mesh/GEN_R[4].r/u_datapath/east_vc1_fifo/fifo_mem_reg[0][flit_data]_0_3_18_23/RAMA_D1/WE
-0.544,21,5,4,inter,u_mesh/GEN_R[5].r/u_datapath/local_vc1_fifo/rd_ptr_reg[0]/C,u_mesh/GEN_R[4].r/u_datapath/east_vc1_fifo/fifo_mem_reg[0][flit_data]_0_3_18_23/RAMB/WE
-0.544,21,5,4,inter,u_mesh/GEN_R[5].r/u_datapath/local_vc1_fifo/rd_ptr_reg[0]/C,u_mesh/GEN_R[4].r/u_datapath/east_vc1_fifo/fifo_mem_reg[0][flit_data]_0_3_18_23/RAMB_D1/WE
-0.544,21,5,4,inter,u_mesh/GEN_R[5].r/u_datapath/local_vc1_fifo/rd_ptr_reg[0]/C,u_mesh/GEN_R[4].r/u_datapath/east_vc1_fifo/fifo_mem_reg[0][flit_data]_0_3_18_23/RAMC/WE
-0.544,21,5,4,inter,u_mesh/GEN_R[5].r/u_datapath/local_vc1_fifo/rd_ptr_reg[0]/C,u_mesh/GEN_R[4].r/u_datapath/east_vc1_fifo/fifo_mem_reg[0][flit_data]_0_3_18_23/RAMC_D1/WE
-0.544,21,5,4,inter,u_mesh/GEN_R[5].r/u_datapath/local_vc1_fifo/rd_ptr_reg[0]/C,u_mesh/GEN_R[4].r/u_datapath/east_vc1_fifo/fifo_mem_reg[0][flit_data]_0_3_18_23/RAMD/WE
-0.544,21,5,4,inter,u_mesh/GEN_R[5].r/u_datapath/local_vc1_fifo/rd_ptr_reg[0]/C,u_mesh/GEN_R[4].r/u_datapath/east_vc1_fifo/fifo_mem_reg[0][flit_data]_0_3_18_23/RAMD_D1/WE
-0.544,22,1,0,inter,u_mesh/GEN_R[1].r/u_datapath/west_vc2_fifo/rd_ptr_reg[1]/C,u_mesh/GEN_R[0].r/u_datapath/east_vc1_fifo/fifo_mem_reg[0][flit_data]_0_3_6_11/RAMA/WE
-0.544,22,1,0,inter,u_mesh/GEN_R[1].r/u_datapath/west_vc2_fifo/rd_ptr_reg[1]/C,u_mesh/GEN_R[0].r/u_datapath/east_vc1_fifo/fifo_mem_reg[0][flit_data]_0_3_6_11/RAMA_D1/WE
-0.544,22,1,0,inter,u_mesh/GEN_R[1].r/u_datapath/west_vc2_fifo/rd_ptr_reg[1]/C,u_mesh/GEN_R[0].r/u_datapath/east_vc1_fifo/fifo_mem_reg[0][flit_data]_0_3_6_11/RAMB/WE
-0.544,22,1,0,inter,u_mesh/GEN_R[1].r/u_datapath/west_vc2_fifo/rd_ptr_reg[1]/C,u_mesh/GEN_R[0].r/u_datapath/east_vc1_fifo/fifo_mem_reg[0][flit_data]_0_3_6_11/RAMB_D1/WE
-0.544,22,1,0,inter,u_mesh/GEN_R[1].r/u_datapath/west_vc2_fifo/rd_ptr_reg[1]/C,u_mesh/GEN_R[0].r/u_datapath/east_vc1_fifo/fifo_mem_reg[0][flit_data]_0_3_6_11/RAMC/WE
-0.544,22,1,0,inter,u_mesh/GEN_R[1].r/u_datapath/west_vc2_fifo/rd_ptr_reg[1]/C,u_mesh/GEN_R[0].r/u_datapath/east_vc1_fifo/fifo_mem_reg[0][flit_data]_0_3_6_11/RAMC_D1/WE
-0.544,22,1,0,inter,u_mesh/GEN_R[1].r/u_datapath/west_vc2_fifo/rd_ptr_reg[1]/C,u_mesh/GEN_R[0].r/u_datapath/east_vc1_fifo/fifo_mem_reg[0][flit_data]_0_3_6_11/RAMD/WE
-0.544,22,1,0,inter,u_mesh/GEN_R[1].r/u_datapath/west_vc2_fifo/rd_ptr_reg[1]/C,u_mesh/GEN_R[0].r/u_datapath/east_vc1_fifo/fifo_mem_reg[0][flit_data]_0_3_6_11/RAMD_D1/WE
-0.541,22,1,0,inter,u_mesh/GEN_R[1].r/u_datapath/west_vc2_fifo/rd_ptr_reg[1]/C,u_mesh/GEN_R[0].r/u_datapath/east_vc1_fifo/fifo_mem_reg[0][flit_data]_0_3_12_17/RAMA/WE
-0.541,22,1,0,inter,u_mesh/GEN_R[1].r/u_datapath/west_vc2_fifo/rd_ptr_reg[1]/C,u_mesh/GEN_R[0].r/u_datapath/east_vc1_fifo/fifo_mem_reg[0][flit_data]_0_3_12_17/RAMA_D1/WE
-0.541,22,1,0,inter,u_mesh/GEN_R[1].r/u_datapath/west_vc2_fifo/rd_ptr_reg[1]/C,u_mesh/GEN_R[0].r/u_datapath/east_vc1_fifo/fifo_mem_reg[0][flit_data]_0_3_12_17/RAMB/WE
-0.541,22,1,0,inter,u_mesh/GEN_R[1].r/u_datapath/west_vc2_fifo/rd_ptr_reg[1]/C,u_mesh/GEN_R[0].r/u_datapath/east_vc1_fifo/fifo_mem_reg[0][flit_data]_0_3_12_17/RAMB_D1/WE
-0.541,22,1,0,inter,u_mesh/GEN_R[1].r/u_datapath/west_vc2_fifo/rd_ptr_reg[1]/C,u_mesh/GEN_R[0].r/u_datapath/east_vc1_fifo/fifo_mem_reg[0][flit_data]_0_3_12_17/RAMC/WE
-0.541,22,1,0,inter,u_mesh/GEN_R[1].r/u_datapath/west_vc2_fifo/rd_ptr_reg[1]/C,u_mesh/GEN_R[0].r/u_datapath/east_vc1_fifo/fifo_mem_reg[0][flit_data]_0_3_12_17/RAMC_D1/WE
-0.541,22,1,0,inter,u_mesh/GEN_R[1].r/u_datapath/west_vc2_fifo/rd_ptr_reg[1]/C,u_mesh/GEN_R[0].r/u_datapath/east_vc1_fifo/fifo_mem_reg[0][flit_data]_0_3_12_17/RAMD/WE
-0.541,22,1,0,inter,u_mesh/GEN_R[1].r/u_datapath/west_vc2_fifo/rd_ptr_reg[1]/C,u_mesh/GEN_R[0].r/u_datapath/east_vc1_fifo/fifo_mem_reg[0][flit_data]_0_3_12_17/RAMD_D1/WE
-0.541,21,3,0,inter,u_mesh/GEN_R[3].r/u_datapath/east_vc1_fifo/rd_ptr_reg[1]_replica/C,u_mesh/GEN_R[0].r/u_datapath/south_vc2_fifo/fifo_mem_reg[0][flit_data]_0_3_18_23/RAMA/WE
-0.541,21,3,0,inter,u_mesh/GEN_R[3].r/u_datapath/east_vc1_fifo/rd_ptr_reg[1]_replica/C,u_mesh/GEN_R[0].r/u_datapath/south_vc2_fifo/fifo_mem_reg[0][flit_data]_0_3_18_23/RAMA_D1/WE
-0.541,21,3,0,inter,u_mesh/GEN_R[3].r/u_datapath/east_vc1_fifo/rd_ptr_reg[1]_replica/C,u_mesh/GEN_R[0].r/u_datapath/south_vc2_fifo/fifo_mem_reg[0][flit_data]_0_3_18_23/RAMB/WE
-0.541,21,3,0,inter,u_mesh/GEN_R[3].r/u_datapath/east_vc1_fifo/rd_ptr_reg[1]_replica/C,u_mesh/GEN_R[0].r/u_datapath/south_vc2_fifo/fifo_mem_reg[0][flit_data]_0_3_18_23/RAMB_D1/WE
-0.541,21,3,0,inter,u_mesh/GEN_R[3].r/u_datapath/east_vc1_fifo/rd_ptr_reg[1]_replica/C,u_mesh/GEN_R[0].r/u_datapath/south_vc2_fifo/fifo_mem_reg[0][flit_data]_0_3_18_23/RAMC/WE
-0.541,21,3,0,inter,u_mesh/GEN_R[3].r/u_datapath/east_vc1_fifo/rd_ptr_reg[1]_replica/C,u_mesh/GEN_R[0].r/u_datapath/south_vc2_fifo/fifo_mem_reg[0][flit_data]_0_3_18_23/RAMC_D1/WE
-0.541,21,3,0,inter,u_mesh/GEN_R[3].r/u_datapath/east_vc1_fifo/rd_ptr_reg[1]_replica/C,u_mesh/GEN_R[0].r/u_datapath/south_vc2_fifo/fifo_mem_reg[0][flit_data]_0_3_18_23/RAMD/WE
-0.541,21,3,0,inter,u_mesh/GEN_R[3].r/u_datapath/east_vc1_fifo/rd_ptr_reg[1]_replica/C,u_mesh/GEN_R[0].r/u_datapath/south_vc2_fifo/fifo_mem_reg[0][flit_data]_0_3_18_23/RAMD_D1/WE
-0.541,20,4,3,inter,u_mesh/GEN_R[4].r/u_datapath/west_vc0_fifo/rd_ptr_reg[0]/C,u_mesh/GEN_R[3].r/u_datapath/east_vc2_fifo/fifo_mem_reg[0][flit_data]_0_3_18_23/RAMC/I
-0.540,22,4,1,inter,u_mesh/GEN_R[4].r/u_datapath/west_vc0_fifo/rd_ptr_reg[0]/C,u_mesh/GEN_R[1].r/u_datapath/south_vc2_fifo/fifo_mem_reg[0][flit_data]_0_3_6_11/RAMA/WE
-0.540,22,4,1,inter,u_mesh/GEN_R[4].r/u_datapath/west_vc0_fifo/rd_ptr_reg[0]/C,u_mesh/GEN_R[1].r/u_datapath/south_vc2_fifo/fifo_mem_reg[0][flit_data]_0_3_6_11/RAMA_D1/WE
-0.540,22,4,1,inter,u_mesh/GEN_R[4].r/u_datapath/west_vc0_fifo/rd_ptr_reg[0]/C,u_mesh/GEN_R[1].r/u_datapath/south_vc2_fifo/fifo_mem_reg[0][flit_data]_0_3_6_11/RAMB/WE
-0.540,22,4,1,inter,u_mesh/GEN_R[4].r/u_datapath/west_vc0_fifo/rd_ptr_reg[0]/C,u_mesh/GEN_R[1].r/u_datapath/south_vc2_fifo/fifo_mem_reg[0][flit_data]_0_3_6_11/RAMB_D1/WE
-0.540,22,4,1,inter,u_mesh/GEN_R[4].r/u_datapath/west_vc0_fifo/rd_ptr_reg[0]/C,u_mesh/GEN_R[1].r/u_datapath/south_vc2_fifo/fifo_mem_reg[0][flit_data]_0_3_6_11/RAMC/WE
-0.540,22,4,1,inter,u_mesh/GEN_R[4].r/u_datapath/west_vc0_fifo/rd_ptr_reg[0]/C,u_mesh/GEN_R[1].r/u_datapath/south_vc2_fifo/fifo_mem_reg[0][flit_data]_0_3_6_11/RAMC_D1/WE
-0.540,22,4,1,inter,u_mesh/GEN_R[4].r/u_datapath/west_vc0_fifo/rd_ptr_reg[0]/C,u_mesh/GEN_R[1].r/u_datapath/south_vc2_fifo/fifo_mem_reg[0][flit_data]_0_3_6_11/RAMD/WE
-0.540,22,4,1,inter,u_mesh/GEN_R[4].r/u_datapath/west_vc0_fifo/rd_ptr_reg[0]/C,u_mesh/GEN_R[1].r/u_datapath/south_vc2_fifo/fifo_mem_reg[0][flit_data]_0_3_6_11/RAMD_D1/WE
-0.540,22,4,3,inter,u_mesh/GEN_R[4].r/u_datapath/local_vc2_fifo/rd_ptr_reg[0]_replica/C,u_mesh/GEN_R[3].r/u_datapath/east_vc0_fifo/count_reg[2]/D
-0.540,22,2,1,inter,u_mesh/GEN_R[2].r/u_datapath/local_vc2_fifo/rd_ptr_reg[1]/C,u_mesh/GEN_R[1].r/u_datapath/east_vc0_fifo/fifo_mem_reg[0][flit_data]_0_3_18_23/RAMA/WE
-0.540,22,2,1,inter,u_mesh/GEN_R[2].r/u_datapath/local_vc2_fifo/rd_ptr_reg[1]/C,u_mesh/GEN_R[1].r/u_datapath/east_vc0_fifo/fifo_mem_reg[0][flit_data]_0_3_18_23/RAMA_D1/WE
-0.540,22,2,1,inter,u_mesh/GEN_R[2].r/u_datapath/local_vc2_fifo/rd_ptr_reg[1]/C,u_mesh/GEN_R[1].r/u_datapath/east_vc0_fifo/fifo_mem_reg[0][flit_data]_0_3_18_23/RAMB/WE
-0.540,22,2,1,inter,u_mesh/GEN_R[2].r/u_datapath/local_vc2_fifo/rd_ptr_reg[1]/C,u_mesh/GEN_R[1].r/u_datapath/east_vc0_fifo/fifo_mem_reg[0][flit_data]_0_3_18_23/RAMB_D1/WE
-0.540,22,2,1,inter,u_mesh/GEN_R[2].r/u_datapath/local_vc2_fifo/rd_ptr_reg[1]/C,u_mesh/GEN_R[1].r/u_datapath/east_vc0_fifo/fifo_mem_reg[0][flit_data]_0_3_18_23/RAMC/WE
-0.540,22,2,1,inter,u_mesh/GEN_R[2].r/u_datapath/local_vc2_fifo/rd_ptr_reg[1]/C,u_mesh/GEN_R[1].r/u_datapath/east_vc0_fifo/fifo_mem_reg[0][flit_data]_0_3_18_23/RAMC_D1/WE
-0.540,22,2,1,inter,u_mesh/GEN_R[2].r/u_datapath/local_vc2_fifo/rd_ptr_reg[1]/C,u_mesh/GEN_R[1].r/u_datapath/east_vc0_fifo/fifo_mem_reg[0][flit_data]_0_3_18_23/RAMD/WE
-0.540,22,2,1,inter,u_mesh/GEN_R[2].r/u_datapath/local_vc2_fifo/rd_ptr_reg[1]/C,u_mesh/GEN_R[1].r/u_datapath/east_vc0_fifo/fifo_mem_reg[0][flit_data]_0_3_18_23/RAMD_D1/WE
-0.537,21,5,4,inter,u_mesh/GEN_R[5].r/u_datapath/local_vc1_fifo/rd_ptr_reg[0]/C,u_mesh/GEN_R[4].r/u_datapath/east_vc0_fifo/fifo_mem_reg[0][flit_data]_0_3_12_17/RAMA/WE
-0.537,21,5,4,inter,u_mesh/GEN_R[5].r/u_datapath/local_vc1_fifo/rd_ptr_reg[0]/C,u_mesh/GEN_R[4].r/u_datapath/east_vc0_fifo/fifo_mem_reg[0][flit_data]_0_3_12_17/RAMA_D1/WE
-0.537,21,5,4,inter,u_mesh/GEN_R[5].r/u_datapath/local_vc1_fifo/rd_ptr_reg[0]/C,u_mesh/GEN_R[4].r/u_datapath/east_vc0_fifo/fifo_mem_reg[0][flit_data]_0_3_12_17/RAMB/WE
-0.537,21,5,4,inter,u_mesh/GEN_R[5].r/u_datapath/local_vc1_fifo/rd_ptr_reg[0]/C,u_mesh/GEN_R[4].r/u_datapath/east_vc0_fifo/fifo_mem_reg[0][flit_data]_0_3_12_17/RAMB_D1/WE
-0.537,21,5,4,inter,u_mesh/GEN_R[5].r/u_datapath/local_vc1_fifo/rd_ptr_reg[0]/C,u_mesh/GEN_R[4].r/u_datapath/east_vc0_fifo/fifo_mem_reg[0][flit_data]_0_3_12_17/RAMC/WE
-0.537,21,5,4,inter,u_mesh/GEN_R[5].r/u_datapath/local_vc1_fifo/rd_ptr_reg[0]/C,u_mesh/GEN_R[4].r/u_datapath/east_vc0_fifo/fifo_mem_reg[0][flit_data]_0_3_12_17/RAMC_D1/WE
-0.537,21,5,4,inter,u_mesh/GEN_R[5].r/u_datapath/local_vc1_fifo/rd_ptr_reg[0]/C,u_mesh/GEN_R[4].r/u_datapath/east_vc0_fifo/fifo_mem_reg[0][flit_data]_0_3_12_17/RAMD/WE
-0.537,21,5,4,inter,u_mesh/GEN_R[5].r/u_datapath/local_vc1_fifo/rd_ptr_reg[0]/C,u_mesh/GEN_R[4].r/u_datapath/east_vc0_fifo/fifo_mem_reg[0][flit_data]_0_3_12_17/RAMD_D1/WE
-0.536,21,5,4,inter,u_mesh/GEN_R[5].r/u_datapath/local_vc1_fifo/rd_ptr_reg[0]/C,u_mesh/GEN_R[4].r/u_datapath/east_vc2_fifo/fifo_mem_reg[0][flit_data]_0_3_6_11/RAMA/WE
-0.536,21,5,4,inter,u_mesh/GEN_R[5].r/u_datapath/local_vc1_fifo/rd_ptr_reg[0]/C,u_mesh/GEN_R[4].r/u_datapath/east_vc2_fifo/fifo_mem_reg[0][flit_data]_0_3_6_11/RAMA_D1/WE
-0.536,21,5,4,inter,u_mesh/GEN_R[5].r/u_datapath/local_vc1_fifo/rd_ptr_reg[0]/C,u_mesh/GEN_R[4].r/u_datapath/east_vc2_fifo/fifo_mem_reg[0][flit_data]_0_3_6_11/RAMB/WE
-0.536,21,5,4,inter,u_mesh/GEN_R[5].r/u_datapath/local_vc1_fifo/rd_ptr_reg[0]/C,u_mesh/GEN_R[4].r/u_datapath/east_vc2_fifo/fifo_mem_reg[0][flit_data]_0_3_6_11/RAMB_D1/WE
-0.536,21,5,4,inter,u_mesh/GEN_R[5].r/u_datapath/local_vc1_fifo/rd_ptr_reg[0]/C,u_mesh/GEN_R[4].r/u_datapath/east_vc2_fifo/fifo_mem_reg[0][flit_data]_0_3_6_11/RAMC/WE
-0.536,21,5,4,inter,u_mesh/GEN_R[5].r/u_datapath/local_vc1_fifo/rd_ptr_reg[0]/C,u_mesh/GEN_R[4].r/u_datapath/east_vc2_fifo/fifo_mem_reg[0][flit_data]_0_3_6_11/RAMC_D1/WE
-0.536,21,5,4,inter,u_mesh/GEN_R[5].r/u_datapath/local_vc1_fifo/rd_ptr_reg[0]/C,u_mesh/GEN_R[4].r/u_datapath/east_vc2_fifo/fifo_mem_reg[0][flit_data]_0_3_6_11/RAMD/WE
-0.536,21,5,4,inter,u_mesh/GEN_R[5].r/u_datapath/local_vc1_fifo/rd_ptr_reg[0]/C,u_mesh/GEN_R[4].r/u_datapath/east_vc2_fifo/fifo_mem_reg[0][flit_data]_0_3_6_11/RAMD_D1/WE
-0.536,20,4,3,inter,u_mesh/GEN_R[4].r/u_datapath/west_vc0_fifo/rd_ptr_reg[0]/C,u_mesh/GEN_R[3].r/u_datapath/east_vc0_fifo/fifo_mem_reg[0][flit_data]_0_3_18_23/RAMB_D1/I
-0.534,21,3,4,inter,u_mesh/GEN_R[3].r/u_datapath/east_vc1_fifo/rd_ptr_reg[1]_replica/C,u_mesh/GEN_R[4].r/u_datapath/west_vc1_fifo/fifo_mem_reg[0][flit_data]_0_3_24_29/RAMA/WE
-0.534,21,3,4,inter,u_mesh/GEN_R[3].r/u_datapath/east_vc1_fifo/rd_ptr_reg[1]_replica/C,u_mesh/GEN_R[4].r/u_datapath/west_vc1_fifo/fifo_mem_reg[0][flit_data]_0_3_24_29/RAMA_D1/WE
-0.534,21,3,4,inter,u_mesh/GEN_R[3].r/u_datapath/east_vc1_fifo/rd_ptr_reg[1]_replica/C,u_mesh/GEN_R[4].r/u_datapath/west_vc1_fifo/fifo_mem_reg[0][flit_data]_0_3_24_29/RAMB/WE
-0.534,21,3,4,inter,u_mesh/GEN_R[3].r/u_datapath/east_vc1_fifo/rd_ptr_reg[1]_replica/C,u_mesh/GEN_R[4].r/u_datapath/west_vc1_fifo/fifo_mem_reg[0][flit_data]_0_3_24_29/RAMB_D1/WE
-0.534,21,3,4,inter,u_mesh/GEN_R[3].r/u_datapath/east_vc1_fifo/rd_ptr_reg[1]_replica/C,u_mesh/GEN_R[4].r/u_datapath/west_vc1_fifo/fifo_mem_reg[0][flit_data]_0_3_24_29/RAMC/WE
-0.534,21,3,4,inter,u_mesh/GEN_R[3].r/u_datapath/east_vc1_fifo/rd_ptr_reg[1]_replica/C,u_mesh/GEN_R[4].r/u_datapath/west_vc1_fifo/fifo_mem_reg[0][flit_data]_0_3_24_29/RAMC_D1/WE
-0.534,21,3,4,inter,u_mesh/GEN_R[3].r/u_datapath/east_vc1_fifo/rd_ptr_reg[1]_replica/C,u_mesh/GEN_R[4].r/u_datapath/west_vc1_fifo/fifo_mem_reg[0][flit_data]_0_3_24_29/RAMD/WE
-0.534,21,3,4,inter,u_mesh/GEN_R[3].r/u_datapath/east_vc1_fifo/rd_ptr_reg[1]_replica/C,u_mesh/GEN_R[4].r/u_datapath/west_vc1_fifo/fifo_mem_reg[0][flit_data]_0_3_24_29/RAMD_D1/WE
-0.530,20,4,1,inter,u_mesh/GEN_R[4].r/u_datapath/west_vc0_fifo/rd_ptr_reg[0]/C,u_mesh/GEN_R[1].r/u_datapath/south_vc0_fifo/fifo_mem_reg[0][flit_data]_0_3_24_29/RAMA_D1/I
-0.529,21,5,4,inter,u_mesh/GEN_R[5].r/u_datapath/local_vc1_fifo/rd_ptr_reg[0]/C,u_mesh/GEN_R[4].r/u_datapath/east_vc0_fifo/fifo_mem_reg[0][flit_data]_0_3_18_23/RAMA/WE
-0.529,21,5,4,inter,u_mesh/GEN_R[5].r/u_datapath/local_vc1_fifo/rd_ptr_reg[0]/C,u_mesh/GEN_R[4].r/u_datapath/east_vc0_fifo/fifo_mem_reg[0][flit_data]_0_3_18_23/RAMA_D1/WE
-0.529,21,5,4,inter,u_mesh/GEN_R[5].r/u_datapath/local_vc1_fifo/rd_ptr_reg[0]/C,u_mesh/GEN_R[4].r/u_datapath/east_vc0_fifo/fifo_mem_reg[0][flit_data]_0_3_18_23/RAMB/WE
-0.529,21,5,4,inter,u_mesh/GEN_R[5].r/u_datapath/local_vc1_fifo/rd_ptr_reg[0]/C,u_mesh/GEN_R[4].r/u_datapath/east_vc0_fifo/fifo_mem_reg[0][flit_data]_0_3_18_23/RAMB_D1/WE
-0.529,21,5,4,inter,u_mesh/GEN_R[5].r/u_datapath/local_vc1_fifo/rd_ptr_reg[0]/C,u_mesh/GEN_R[4].r/u_datapath/east_vc0_fifo/fifo_mem_reg[0][flit_data]_0_3_18_23/RAMC/WE
-0.529,21,5,4,inter,u_mesh/GEN_R[5].r/u_datapath/local_vc1_fifo/rd_ptr_reg[0]/C,u_mesh/GEN_R[4].r/u_datapath/east_vc0_fifo/fifo_mem_reg[0][flit_data]_0_3_18_23/RAMC_D1/WE
-0.529,21,5,4,inter,u_mesh/GEN_R[5].r/u_datapath/local_vc1_fifo/rd_ptr_reg[0]/C,u_mesh/GEN_R[4].r/u_datapath/east_vc0_fifo/fifo_mem_reg[0][flit_data]_0_3_18_23/RAMD/WE
-0.529,21,5,4,inter,u_mesh/GEN_R[5].r/u_datapath/local_vc1_fifo/rd_ptr_reg[0]/C,u_mesh/GEN_R[4].r/u_datapath/east_vc0_fifo/fifo_mem_reg[0][flit_data]_0_3_18_23/RAMD_D1/WE
-0.528,21,3,4,inter,u_mesh/GEN_R[3].r/u_datapath/east_vc1_fifo/rd_ptr_reg[1]_replica/C,u_mesh/GEN_R[4].r/u_datapath/west_vc1_fifo/fifo_mem_reg[0][flit_data]_0_3_18_23/RAMA/WE
-0.528,21,3,4,inter,u_mesh/GEN_R[3].r/u_datapath/east_vc1_fifo/rd_ptr_reg[1]_replica/C,u_mesh/GEN_R[4].r/u_datapath/west_vc1_fifo/fifo_mem_reg[0][flit_data]_0_3_18_23/RAMA_D1/WE
-0.528,21,3,4,inter,u_mesh/GEN_R[3].r/u_datapath/east_vc1_fifo/rd_ptr_reg[1]_replica/C,u_mesh/GEN_R[4].r/u_datapath/west_vc1_fifo/fifo_mem_reg[0][flit_data]_0_3_18_23/RAMB/WE
-0.528,21,3,4,inter,u_mesh/GEN_R[3].r/u_datapath/east_vc1_fifo/rd_ptr_reg[1]_replica/C,u_mesh/GEN_R[4].r/u_datapath/west_vc1_fifo/fifo_mem_reg[0][flit_data]_0_3_18_23/RAMB_D1/WE
-0.528,21,3,4,inter,u_mesh/GEN_R[3].r/u_datapath/east_vc1_fifo/rd_ptr_reg[1]_replica/C,u_mesh/GEN_R[4].r/u_datapath/west_vc1_fifo/fifo_mem_reg[0][flit_data]_0_3_18_23/RAMC/WE
-0.528,21,3,4,inter,u_mesh/GEN_R[3].r/u_datapath/east_vc1_fifo/rd_ptr_reg[1]_replica/C,u_mesh/GEN_R[4].r/u_datapath/west_vc1_fifo/fifo_mem_reg[0][flit_data]_0_3_18_23/RAMC_D1/WE
-0.528,21,3,4,inter,u_mesh/GEN_R[3].r/u_datapath/east_vc1_fifo/rd_ptr_reg[1]_replica/C,u_mesh/GEN_R[4].r/u_datapath/west_vc1_fifo/fifo_mem_reg[0][flit_data]_0_3_18_23/RAMD/WE
-0.528,21,3,4,inter,u_mesh/GEN_R[3].r/u_datapath/east_vc1_fifo/rd_ptr_reg[1]_replica/C,u_mesh/GEN_R[4].r/u_datapath/west_vc1_fifo/fifo_mem_reg[0][flit_data]_0_3_18_23/RAMD_D1/WE
-0.526,22,2,1,inter,u_mesh/GEN_R[2].r/u_datapath/local_vc2_fifo/rd_ptr_reg[1]/C,u_mesh/GEN_R[1].r/u_datapath/east_vc0_fifo/fifo_mem_reg[0][vc_id]_0_3_0_0/DP/WE
-0.526,22,2,1,inter,u_mesh/GEN_R[2].r/u_datapath/local_vc2_fifo/rd_ptr_reg[1]/C,u_mesh/GEN_R[1].r/u_datapath/east_vc0_fifo/fifo_mem_reg[0][vc_id]_0_3_0_0/SP/WE
-0.526,22,2,1,inter,u_mesh/GEN_R[2].r/u_datapath/local_vc2_fifo/rd_ptr_reg[1]/C,u_mesh/GEN_R[1].r/u_datapath/east_vc0_fifo/fifo_mem_reg[0][vc_id]_0_3_1_1/DP/WE
-0.526,22,2,1,inter,u_mesh/GEN_R[2].r/u_datapath/local_vc2_fifo/rd_ptr_reg[1]/C,u_mesh/GEN_R[1].r/u_datapath/east_vc0_fifo/fifo_mem_reg[0][vc_id]_0_3_1_1/SP/WE
-0.524,22,4,1,inter,u_mesh/GEN_R[4].r/u_datapath/west_vc0_fifo/rd_ptr_reg[0]/C,u_mesh/GEN_R[1].r/u_datapath/south_vc2_fifo/fifo_mem_reg[0][vc_id]_0_3_0_0/DP/WE
-0.524,22,4,1,inter,u_mesh/GEN_R[4].r/u_datapath/west_vc0_fifo/rd_ptr_reg[0]/C,u_mesh/GEN_R[1].r/u_datapath/south_vc2_fifo/fifo_mem_reg[0][vc_id]_0_3_0_0/SP/WE
-0.524,22,4,1,inter,u_mesh/GEN_R[4].r/u_datapath/west_vc0_fifo/rd_ptr_reg[0]/C,u_mesh/GEN_R[1].r/u_datapath/south_vc2_fifo/fifo_mem_reg[0][vc_id]_0_3_1_1/DP/WE
-0.524,22,4,1,inter,u_mesh/GEN_R[4].r/u_datapath/west_vc0_fifo/rd_ptr_reg[0]/C,u_mesh/GEN_R[1].r/u_datapath/south_vc2_fifo/fifo_mem_reg[0][vc_id]_0_3_1_1/SP/WE
-0.524,22,4,5,inter,u_mesh/GEN_R[4].r/u_datapath/west_vc0_fifo/rd_ptr_reg[0]/C,u_mesh/GEN_R[5].r/u_datapath/west_vc2_fifo/fifo_mem_reg[0][flit_data]_0_3_12_17/RAMA/WE
-0.524,22,4,5,inter,u_mesh/GEN_R[4].r/u_datapath/west_vc0_fifo/rd_ptr_reg[0]/C,u_mesh/GEN_R[5].r/u_datapath/west_vc2_fifo/fifo_mem_reg[0][flit_data]_0_3_12_17/RAMA_D1/WE
-0.524,22,4,5,inter,u_mesh/GEN_R[4].r/u_datapath/west_vc0_fifo/rd_ptr_reg[0]/C,u_mesh/GEN_R[5].r/u_datapath/west_vc2_fifo/fifo_mem_reg[0][flit_data]_0_3_12_17/RAMB/WE
-0.524,22,4,5,inter,u_mesh/GEN_R[4].r/u_datapath/west_vc0_fifo/rd_ptr_reg[0]/C,u_mesh/GEN_R[5].r/u_datapath/west_vc2_fifo/fifo_mem_reg[0][flit_data]_0_3_12_17/RAMB_D1/WE
-0.524,22,4,5,inter,u_mesh/GEN_R[4].r/u_datapath/west_vc0_fifo/rd_ptr_reg[0]/C,u_mesh/GEN_R[5].r/u_datapath/west_vc2_fifo/fifo_mem_reg[0][flit_data]_0_3_12_17/RAMC/WE
-0.524,22,4,5,inter,u_mesh/GEN_R[4].r/u_datapath/west_vc0_fifo/rd_ptr_reg[0]/C,u_mesh/GEN_R[5].r/u_datapath/west_vc2_fifo/fifo_mem_reg[0][flit_data]_0_3_12_17/RAMC_D1/WE
-0.524,22,4,5,inter,u_mesh/GEN_R[4].r/u_datapath/west_vc0_fifo/rd_ptr_reg[0]/C,u_mesh/GEN_R[5].r/u_datapath/west_vc2_fifo/fifo_mem_reg[0][flit_data]_0_3_12_17/RAMD/WE
-0.524,22,4,5,inter,u_mesh/GEN_R[4].r/u_datapath/west_vc0_fifo/rd_ptr_reg[0]/C,u_mesh/GEN_R[5].r/u_datapath/west_vc2_fifo/fifo_mem_reg[0][flit_data]_0_3_12_17/RAMD_D1/WE
-0.522,21,0,1,inter,u_mesh/GEN_R[0].r/u_datapath/east_vc1_fifo/rd_ptr_reg[0]/C,u_mesh/GEN_R[1].r/u_datapath/west_vc2_fifo/fifo_mem_reg[0][flit_data]_0_3_24_29/RAMA/WE
-0.522,21,0,1,inter,u_mesh/GEN_R[0].r/u_datapath/east_vc1_fifo/rd_ptr_reg[0]/C,u_mesh/GEN_R[1].r/u_datapath/west_vc2_fifo/fifo_mem_reg[0][flit_data]_0_3_24_29/RAMA_D1/WE
-0.522,21,0,1,inter,u_mesh/GEN_R[0].r/u_datapath/east_vc1_fifo/rd_ptr_reg[0]/C,u_mesh/GEN_R[1].r/u_datapath/west_vc2_fifo/fifo_mem_reg[0][flit_data]_0_3_24_29/RAMB/WE
-0.522,21,0,1,inter,u_mesh/GEN_R[0].r/u_datapath/east_vc1_fifo/rd_ptr_reg[0]/C,u_mesh/GEN_R[1].r/u_datapath/west_vc2_fifo/fifo_mem_reg[0][flit_data]_0_3_24_29/RAMB_D1/WE
-0.522,21,0,1,inter,u_mesh/GEN_R[0].r/u_datapath/east_vc1_fifo/rd_ptr_reg[0]/C,u_mesh/GEN_R[1].r/u_datapath/west_vc2_fifo/fifo_mem_reg[0][flit_data]_0_3_24_29/RAMC/WE
-0.522,21,0,1,inter,u_mesh/GEN_R[0].r/u_datapath/east_vc1_fifo/rd_ptr_reg[0]/C,u_mesh/GEN_R[1].r/u_datapath/west_vc2_fifo/fifo_mem_reg[0][flit_data]_0_3_24_29/RAMC_D1/WE
-0.522,21,0,1,inter,u_mesh/GEN_R[0].r/u_datapath/east_vc1_fifo/rd_ptr_reg[0]/C,u_mesh/GEN_R[1].r/u_datapath/west_vc2_fifo/fifo_mem_reg[0][flit_data]_0_3_24_29/RAMD/WE
-0.522,21,0,1,inter,u_mesh/GEN_R[0].r/u_datapath/east_vc1_fifo/rd_ptr_reg[0]/C,u_mesh/GEN_R[1].r/u_datapath/west_vc2_fifo/fifo_mem_reg[0][flit_data]_0_3_24_29/RAMD_D1/WE
-0.518,22,1,4,inter,u_mesh/GEN_R[1].r/u_datapath/local_vc0_fifo/rd_ptr_reg[0]/C,u_mesh/GEN_R[4].r/u_datapath/north_vc2_fifo/fifo_mem_reg[0][flit_data]_0_3_18_23/RAMA/WE
-0.518,22,1,4,inter,u_mesh/GEN_R[1].r/u_datapath/local_vc0_fifo/rd_ptr_reg[0]/C,u_mesh/GEN_R[4].r/u_datapath/north_vc2_fifo/fifo_mem_reg[0][flit_data]_0_3_18_23/RAMA_D1/WE
-0.518,22,1,4,inter,u_mesh/GEN_R[1].r/u_datapath/local_vc0_fifo/rd_ptr_reg[0]/C,u_mesh/GEN_R[4].r/u_datapath/north_vc2_fifo/fifo_mem_reg[0][flit_data]_0_3_18_23/RAMB/WE
-0.518,22,1,4,inter,u_mesh/GEN_R[1].r/u_datapath/local_vc0_fifo/rd_ptr_reg[0]/C,u_mesh/GEN_R[4].r/u_datapath/north_vc2_fifo/fifo_mem_reg[0][flit_data]_0_3_18_23/RAMB_D1/WE
-0.518,22,1,4,inter,u_mesh/GEN_R[1].r/u_datapath/local_vc0_fifo/rd_ptr_reg[0]/C,u_mesh/GEN_R[4].r/u_datapath/north_vc2_fifo/fifo_mem_reg[0][flit_data]_0_3_18_23/RAMC/WE
-0.518,22,1,4,inter,u_mesh/GEN_R[1].r/u_datapath/local_vc0_fifo/rd_ptr_reg[0]/C,u_mesh/GEN_R[4].r/u_datapath/north_vc2_fifo/fifo_mem_reg[0][flit_data]_0_3_18_23/RAMC_D1/WE
-0.518,22,1,4,inter,u_mesh/GEN_R[1].r/u_datapath/local_vc0_fifo/rd_ptr_reg[0]/C,u_mesh/GEN_R[4].r/u_datapath/north_vc2_fifo/fifo_mem_reg[0][flit_data]_0_3_18_23/RAMD/WE
-0.518,22,1,4,inter,u_mesh/GEN_R[1].r/u_datapath/local_vc0_fifo/rd_ptr_reg[0]/C,u_mesh/GEN_R[4].r/u_datapath/north_vc2_fifo/fifo_mem_reg[0][flit_data]_0_3_18_23/RAMD_D1/WE
-0.517,22,4,5,inter,u_mesh/GEN_R[4].r/u_datapath/west_vc0_fifo/rd_ptr_reg[0]/C,u_mesh/GEN_R[5].r/u_datapath/west_vc2_fifo/fifo_mem_reg[0][flit_data]_0_3_18_23/RAMA/WE
-0.517,22,4,5,inter,u_mesh/GEN_R[4].r/u_datapath/west_vc0_fifo/rd_ptr_reg[0]/C,u_mesh/GEN_R[5].r/u_datapath/west_vc2_fifo/fifo_mem_reg[0][flit_data]_0_3_18_23/RAMA_D1/WE
-0.517,22,4,5,inter,u_mesh/GEN_R[4].r/u_datapath/west_vc0_fifo/rd_ptr_reg[0]/C,u_mesh/GEN_R[5].r/u_datapath/west_vc2_fifo/fifo_mem_reg[0][flit_data]_0_3_18_23/RAMB/WE
-0.517,22,4,5,inter,u_mesh/GEN_R[4].r/u_datapath/west_vc0_fifo/rd_ptr_reg[0]/C,u_mesh/GEN_R[5].r/u_datapath/west_vc2_fifo/fifo_mem_reg[0][flit_data]_0_3_18_23/RAMB_D1/WE
-0.517,22,4,5,inter,u_mesh/GEN_R[4].r/u_datapath/west_vc0_fifo/rd_ptr_reg[0]/C,u_mesh/GEN_R[5].r/u_datapath/west_vc2_fifo/fifo_mem_reg[0][flit_data]_0_3_18_23/RAMC/WE
-0.517,22,4,5,inter,u_mesh/GEN_R[4].r/u_datapath/west_vc0_fifo/rd_ptr_reg[0]/C,u_mesh/GEN_R[5].r/u_datapath/west_vc2_fifo/fifo_mem_reg[0][flit_data]_0_3_18_23/RAMC_D1/WE
-0.517,22,4,5,inter,u_mesh/GEN_R[4].r/u_datapath/west_vc0_fifo/rd_ptr_reg[0]/C,u_mesh/GEN_R[5].r/u_datapath/west_vc2_fifo/fifo_mem_reg[0][flit_data]_0_3_18_23/RAMD/WE
-0.517,22,4,5,inter,u_mesh/GEN_R[4].r/u_datapath/west_vc0_fifo/rd_ptr_reg[0]/C,u_mesh/GEN_R[5].r/u_datapath/west_vc2_fifo/fifo_mem_reg[0][flit_data]_0_3_18_23/RAMD_D1/WE
-0.514,21,5,2,inter,u_mesh/GEN_R[5].r/u_datapath/local_vc1_fifo/rd_ptr_reg[0]/C,u_mesh/GEN_R[2].r/u_datapath/south_vc2_fifo/fifo_mem_reg[0][flit_data]_0_3_0_5/RAMA/WE
-0.514,21,5,2,inter,u_mesh/GEN_R[5].r/u_datapath/local_vc1_fifo/rd_ptr_reg[0]/C,u_mesh/GEN_R[2].r/u_datapath/south_vc2_fifo/fifo_mem_reg[0][flit_data]_0_3_0_5/RAMA_D1/WE
-0.514,21,5,2,inter,u_mesh/GEN_R[5].r/u_datapath/local_vc1_fifo/rd_ptr_reg[0]/C,u_mesh/GEN_R[2].r/u_datapath/south_vc2_fifo/fifo_mem_reg[0][flit_data]_0_3_0_5/RAMB/WE
-0.514,21,5,2,inter,u_mesh/GEN_R[5].r/u_datapath/local_vc1_fifo/rd_ptr_reg[0]/C,u_mesh/GEN_R[2].r/u_datapath/south_vc2_fifo/fifo_mem_reg[0][flit_data]_0_3_0_5/RAMB_D1/WE
-0.514,21,5,2,inter,u_mesh/GEN_R[5].r/u_datapath/local_vc1_fifo/rd_ptr_reg[0]/C,u_mesh/GEN_R[2].r/u_datapath/south_vc2_fifo/fifo_mem_reg[0][flit_data]_0_3_0_5/RAMC/WE
-0.514,21,5,2,inter,u_mesh/GEN_R[5].r/u_datapath/local_vc1_fifo/rd_ptr_reg[0]/C,u_mesh/GEN_R[2].r/u_datapath/south_vc2_fifo/fifo_mem_reg[0][flit_data]_0_3_0_5/RAMC_D1/WE
-0.514,21,5,2,inter,u_mesh/GEN_R[5].r/u_datapath/local_vc1_fifo/rd_ptr_reg[0]/C,u_mesh/GEN_R[2].r/u_datapath/south_vc2_fifo/fifo_mem_reg[0][flit_data]_0_3_0_5/RAMD/WE
-0.514,21,5,2,inter,u_mesh/GEN_R[5].r/u_datapath/local_vc1_fifo/rd_ptr_reg[0]/C,u_mesh/GEN_R[2].r/u_datapath/south_vc2_fifo/fifo_mem_reg[0][flit_data]_0_3_0_5/RAMD_D1/WE
-0.514,22,1,4,inter,u_mesh/GEN_R[1].r/u_datapath/local_vc0_fifo/rd_ptr_reg[0]/C,u_mesh/GEN_R[4].r/u_datapath/north_vc2_fifo/fifo_mem_reg[0][vc_id]_0_3_0_0/DP/WE
-0.514,22,1,4,inter,u_mesh/GEN_R[1].r/u_datapath/local_vc0_fifo/rd_ptr_reg[0]/C,u_mesh/GEN_R[4].r/u_datapath/north_vc2_fifo/fifo_mem_reg[0][vc_id]_0_3_0_0/SP/WE
-0.514,22,1,4,inter,u_mesh/GEN_R[1].r/u_datapath/local_vc0_fifo/rd_ptr_reg[0]/C,u_mesh/GEN_R[4].r/u_datapath/north_vc2_fifo/fifo_mem_reg[0][vc_id]_0_3_1_1/DP/WE
-0.514,22,1,4,inter,u_mesh/GEN_R[1].r/u_datapath/local_vc0_fifo/rd_ptr_reg[0]/C,u_mesh/GEN_R[4].r/u_datapath/north_vc2_fifo/fifo_mem_reg[0][vc_id]_0_3_1_1/SP/WE
-0.514,20,4,3,inter,u_mesh/GEN_R[4].r/u_datapath/west_vc0_fifo/rd_ptr_reg[0]/C,u_mesh/GEN_R[3].r/u_datapath/east_vc0_fifo/fifo_mem_reg[0][flit_data]_0_3_24_29/RAMB_D1/I
-0.513,21,0,1,inter,u_mesh/GEN_R[0].r/u_datapath/east_vc1_fifo/rd_ptr_reg[0]/C,u_mesh/GEN_R[1].r/u_datapath/west_vc2_fifo/fifo_mem_reg[0][flit_data]_0_3_0_5/RAMA/WE
-0.513,21,0,1,inter,u_mesh/GEN_R[0].r/u_datapath/east_vc1_fifo/rd_ptr_reg[0]/C,u_mesh/GEN_R[1].r/u_datapath/west_vc2_fifo/fifo_mem_reg[0][flit_data]_0_3_0_5/RAMA_D1/WE
-0.513,21,0,1,inter,u_mesh/GEN_R[0].r/u_datapath/east_vc1_fifo/rd_ptr_reg[0]/C,u_mesh/GEN_R[1].r/u_datapath/west_vc2_fifo/fifo_mem_reg[0][flit_data]_0_3_0_5/RAMB/WE
-0.513,21,0,1,inter,u_mesh/GEN_R[0].r/u_datapath/east_vc1_fifo/rd_ptr_reg[0]/C,u_mesh/GEN_R[1].r/u_datapath/west_vc2_fifo/fifo_mem_reg[0][flit_data]_0_3_0_5/RAMB_D1/WE
-0.513,21,0,1,inter,u_mesh/GEN_R[0].r/u_datapath/east_vc1_fifo/rd_ptr_reg[0]/C,u_mesh/GEN_R[1].r/u_datapath/west_vc2_fifo/fifo_mem_reg[0][flit_data]_0_3_0_5/RAMC/WE
-0.513,21,0,1,inter,u_mesh/GEN_R[0].r/u_datapath/east_vc1_fifo/rd_ptr_reg[0]/C,u_mesh/GEN_R[1].r/u_datapath/west_vc2_fifo/fifo_mem_reg[0][flit_data]_0_3_0_5/RAMC_D1/WE
-0.513,21,0,1,inter,u_mesh/GEN_R[0].r/u_datapath/east_vc1_fifo/rd_ptr_reg[0]/C,u_mesh/GEN_R[1].r/u_datapath/west_vc2_fifo/fifo_mem_reg[0][flit_data]_0_3_0_5/RAMD/WE
-0.513,21,0,1,inter,u_mesh/GEN_R[0].r/u_datapath/east_vc1_fifo/rd_ptr_reg[0]/C,u_mesh/GEN_R[1].r/u_datapath/west_vc2_fifo/fifo_mem_reg[0][flit_data]_0_3_0_5/RAMD_D1/WE
-0.510,22,1,0,inter,u_mesh/GEN_R[1].r/u_datapath/west_vc2_fifo/rd_ptr_reg[1]/C,u_mesh/GEN_R[0].r/u_datapath/east_vc1_fifo/fifo_mem_reg[0][flit_data]_0_3_24_29/RAMA/WE
-0.510,22,1,0,inter,u_mesh/GEN_R[1].r/u_datapath/west_vc2_fifo/rd_ptr_reg[1]/C,u_mesh/GEN_R[0].r/u_datapath/east_vc1_fifo/fifo_mem_reg[0][flit_data]_0_3_24_29/RAMA_D1/WE
-0.510,22,1,0,inter,u_mesh/GEN_R[1].r/u_datapath/west_vc2_fifo/rd_ptr_reg[1]/C,u_mesh/GEN_R[0].r/u_datapath/east_vc1_fifo/fifo_mem_reg[0][flit_data]_0_3_24_29/RAMB/WE
-0.510,22,1,0,inter,u_mesh/GEN_R[1].r/u_datapath/west_vc2_fifo/rd_ptr_reg[1]/C,u_mesh/GEN_R[0].r/u_datapath/east_vc1_fifo/fifo_mem_reg[0][flit_data]_0_3_24_29/RAMB_D1/WE
-0.510,22,1,0,inter,u_mesh/GEN_R[1].r/u_datapath/west_vc2_fifo/rd_ptr_reg[1]/C,u_mesh/GEN_R[0].r/u_datapath/east_vc1_fifo/fifo_mem_reg[0][flit_data]_0_3_24_29/RAMC/WE
-0.510,22,1,0,inter,u_mesh/GEN_R[1].r/u_datapath/west_vc2_fifo/rd_ptr_reg[1]/C,u_mesh/GEN_R[0].r/u_datapath/east_vc1_fifo/fifo_mem_reg[0][flit_data]_0_3_24_29/RAMC_D1/WE
-0.510,22,1,0,inter,u_mesh/GEN_R[1].r/u_datapath/west_vc2_fifo/rd_ptr_reg[1]/C,u_mesh/GEN_R[0].r/u_datapath/east_vc1_fifo/fifo_mem_reg[0][flit_data]_0_3_24_29/RAMD/WE
-0.510,22,1,0,inter,u_mesh/GEN_R[1].r/u_datapath/west_vc2_fifo/rd_ptr_reg[1]/C,u_mesh/GEN_R[0].r/u_datapath/east_vc1_fifo/fifo_mem_reg[0][flit_data]_0_3_24_29/RAMD_D1/WE
-0.508,21,0,1,inter,u_mesh/GEN_R[0].r/u_datapath/east_vc1_fifo/rd_ptr_reg[0]/C,u_mesh/GEN_R[1].r/u_datapath/west_vc2_fifo/fifo_mem_reg[0][flit_data]_0_3_30_31/DP/WE
-0.508,21,0,1,inter,u_mesh/GEN_R[0].r/u_datapath/east_vc1_fifo/rd_ptr_reg[0]/C,u_mesh/GEN_R[1].r/u_datapath/west_vc2_fifo/fifo_mem_reg[0][flit_data]_0_3_30_31/SP/WE
-0.508,21,0,1,inter,u_mesh/GEN_R[0].r/u_datapath/east_vc1_fifo/rd_ptr_reg[0]/C,u_mesh/GEN_R[1].r/u_datapath/west_vc2_fifo/fifo_mem_reg[0][flit_data]_0_3_30_31__0/DP/WE
-0.508,21,0,1,inter,u_mesh/GEN_R[0].r/u_datapath/east_vc1_fifo/rd_ptr_reg[0]/C,u_mesh/GEN_R[1].r/u_datapath/west_vc2_fifo/fifo_mem_reg[0][flit_data]_0_3_30_31__0/SP/WE
-0.508,21,0,1,inter,u_mesh/GEN_R[0].r/u_datapath/east_vc1_fifo/rd_ptr_reg[0]/C,u_mesh/GEN_R[1].r/u_datapath/west_vc2_fifo/fifo_mem_reg[0][flit_type]_0_3_0_0/DP/WE
-0.508,21,0,1,inter,u_mesh/GEN_R[0].r/u_datapath/east_vc1_fifo/rd_ptr_reg[0]/C,u_mesh/GEN_R[1].r/u_datapath/west_vc2_fifo/fifo_mem_reg[0][flit_type]_0_3_0_0/SP/WE
-0.508,21,0,1,inter,u_mesh/GEN_R[0].r/u_datapath/east_vc1_fifo/rd_ptr_reg[0]/C,u_mesh/GEN_R[1].r/u_datapath/west_vc2_fifo/fifo_mem_reg[0][flit_type]_0_3_1_1/DP/WE
-0.508,21,0,1,inter,u_mesh/GEN_R[0].r/u_datapath/east_vc1_fifo/rd_ptr_reg[0]/C,u_mesh/GEN_R[1].r/u_datapath/west_vc2_fifo/fifo_mem_reg[0][flit_type]_0_3_1_1/SP/WE
-0.503,20,4,3,inter,u_mesh/GEN_R[4].r/u_datapath/west_vc0_fifo/rd_ptr_reg[0]/C,u_mesh/GEN_R[3].r/u_datapath/east_vc1_fifo/fifo_mem_reg[0][flit_data]_0_3_18_23/RAMA_D1/I
-0.500,22,4,3,inter,u_mesh/GEN_R[4].r/u_datapath/local_vc2_fifo/rd_ptr_reg[0]_replica/C,u_mesh/GEN_R[3].r/u_datapath/east_vc0_fifo/count_reg[1]/D
-0.498,22,5,2,inter,u_mesh/GEN_R[5].r/u_datapath/local_vc1_fifo/rd_ptr_reg[0]/C,u_mesh/GEN_R[2].r/u_datapath/south_vc1_fifo/fifo_mem_reg[0][flit_data]_0_3_0_5/RAMA/WE
-0.498,22,5,2,inter,u_mesh/GEN_R[5].r/u_datapath/local_vc1_fifo/rd_ptr_reg[0]/C,u_mesh/GEN_R[2].r/u_datapath/south_vc1_fifo/fifo_mem_reg[0][flit_data]_0_3_0_5/RAMA_D1/WE
-0.498,22,5,2,inter,u_mesh/GEN_R[5].r/u_datapath/local_vc1_fifo/rd_ptr_reg[0]/C,u_mesh/GEN_R[2].r/u_datapath/south_vc1_fifo/fifo_mem_reg[0][flit_data]_0_3_0_5/RAMB/WE
-0.498,22,5,2,inter,u_mesh/GEN_R[5].r/u_datapath/local_vc1_fifo/rd_ptr_reg[0]/C,u_mesh/GEN_R[2].r/u_datapath/south_vc1_fifo/fifo_mem_reg[0][flit_data]_0_3_0_5/RAMB_D1/WE
-0.498,22,5,2,inter,u_mesh/GEN_R[5].r/u_datapath/local_vc1_fifo/rd_ptr_reg[0]/C,u_mesh/GEN_R[2].r/u_datapath/south_vc1_fifo/fifo_mem_reg[0][flit_data]_0_3_0_5/RAMC/WE
-0.498,22,5,2,inter,u_mesh/GEN_R[5].r/u_datapath/local_vc1_fifo/rd_ptr_reg[0]/C,u_mesh/GEN_R[2].r/u_datapath/south_vc1_fifo/fifo_mem_reg[0][flit_data]_0_3_0_5/RAMC_D1/WE
-0.498,22,5,2,inter,u_mesh/GEN_R[5].r/u_datapath/local_vc1_fifo/rd_ptr_reg[0]/C,u_mesh/GEN_R[2].r/u_datapath/south_vc1_fifo/fifo_mem_reg[0][flit_data]_0_3_0_5/RAMD/WE
-0.498,22,5,2,inter,u_mesh/GEN_R[5].r/u_datapath/local_vc1_fifo/rd_ptr_reg[0]/C,u_mesh/GEN_R[2].r/u_datapath/south_vc1_fifo/fifo_mem_reg[0][flit_data]_0_3_0_5/RAMD_D1/WE
-0.495,20,4,3,inter,u_mesh/GEN_R[4].r/u_datapath/west_vc0_fifo/rd_ptr_reg[0]/C,u_mesh/GEN_R[3].r/u_datapath/east_vc1_fifo/fifo_mem_reg[0][flit_data]_0_3_6_11/RAMB_D1/I
-0.494,20,4,3,inter,u_mesh/GEN_R[4].r/u_datapath/west_vc0_fifo/rd_ptr_reg[0]/C,u_mesh/GEN_R[3].r/u_datapath/east_vc2_fifo/fifo_mem_reg[0][flit_data]_0_3_0_5/RAMC/I
-0.494,21,2,5,inter,u_mesh/GEN_R[2].r/u_datapath/local_vc2_fifo/rd_ptr_reg[1]/C,u_mesh/GEN_R[5].r/u_datapath/north_vc1_fifo/fifo_mem_reg[0][flit_data]_0_3_24_29/RAMA/WE
-0.494,21,2,5,inter,u_mesh/GEN_R[2].r/u_datapath/local_vc2_fifo/rd_ptr_reg[1]/C,u_mesh/GEN_R[5].r/u_datapath/north_vc1_fifo/fifo_mem_reg[0][flit_data]_0_3_24_29/RAMA_D1/WE
-0.494,21,2,5,inter,u_mesh/GEN_R[2].r/u_datapath/local_vc2_fifo/rd_ptr_reg[1]/C,u_mesh/GEN_R[5].r/u_datapath/north_vc1_fifo/fifo_mem_reg[0][flit_data]_0_3_24_29/RAMB/WE
-0.494,21,2,5,inter,u_mesh/GEN_R[2].r/u_datapath/local_vc2_fifo/rd_ptr_reg[1]/C,u_mesh/GEN_R[5].r/u_datapath/north_vc1_fifo/fifo_mem_reg[0][flit_data]_0_3_24_29/RAMB_D1/WE
-0.494,21,2,5,inter,u_mesh/GEN_R[2].r/u_datapath/local_vc2_fifo/rd_ptr_reg[1]/C,u_mesh/GEN_R[5].r/u_datapath/north_vc1_fifo/fifo_mem_reg[0][flit_data]_0_3_24_29/RAMC/WE
-0.494,21,2,5,inter,u_mesh/GEN_R[2].r/u_datapath/local_vc2_fifo/rd_ptr_reg[1]/C,u_mesh/GEN_R[5].r/u_datapath/north_vc1_fifo/fifo_mem_reg[0][flit_data]_0_3_24_29/RAMC_D1/WE
-0.494,21,2,5,inter,u_mesh/GEN_R[2].r/u_datapath/local_vc2_fifo/rd_ptr_reg[1]/C,u_mesh/GEN_R[5].r/u_datapath/north_vc1_fifo/fifo_mem_reg[0][flit_data]_0_3_24_29/RAMD/WE
-0.494,21,2,5,inter,u_mesh/GEN_R[2].r/u_datapath/local_vc2_fifo/rd_ptr_reg[1]/C,u_mesh/GEN_R[5].r/u_datapath/north_vc1_fifo/fifo_mem_reg[0][flit_data]_0_3_24_29/RAMD_D1/WE
-0.490,20,4,1,inter,u_mesh/GEN_R[4].r/u_datapath/west_vc0_fifo/rd_ptr_reg[0]/C,u_mesh/GEN_R[1].r/u_datapath/south_vc1_fifo/fifo_mem_reg[0][flit_data]_0_3_18_23/RAMA_D1/I
-0.490,21,2,5,inter,u_mesh/GEN_R[2].r/u_datapath/local_vc2_fifo/rd_ptr_reg[1]/C,u_mesh/GEN_R[5].r/u_datapath/north_vc1_fifo/fifo_mem_reg[0][flit_data]_0_3_18_23/RAMA/WE
-0.490,21,2,5,inter,u_mesh/GEN_R[2].r/u_datapath/local_vc2_fifo/rd_ptr_reg[1]/C,u_mesh/GEN_R[5].r/u_datapath/north_vc1_fifo/fifo_mem_reg[0][flit_data]_0_3_18_23/RAMA_D1/WE
-0.490,21,2,5,inter,u_mesh/GEN_R[2].r/u_datapath/local_vc2_fifo/rd_ptr_reg[1]/C,u_mesh/GEN_R[5].r/u_datapath/north_vc1_fifo/fifo_mem_reg[0][flit_data]_0_3_18_23/RAMB/WE
-0.490,21,2,5,inter,u_mesh/GEN_R[2].r/u_datapath/local_vc2_fifo/rd_ptr_reg[1]/C,u_mesh/GEN_R[5].r/u_datapath/north_vc1_fifo/fifo_mem_reg[0][flit_data]_0_3_18_23/RAMB_D1/WE
-0.490,21,2,5,inter,u_mesh/GEN_R[2].r/u_datapath/local_vc2_fifo/rd_ptr_reg[1]/C,u_mesh/GEN_R[5].r/u_datapath/north_vc1_fifo/fifo_mem_reg[0][flit_data]_0_3_18_23/RAMC/WE
-0.490,21,2,5,inter,u_mesh/GEN_R[2].r/u_datapath/local_vc2_fifo/rd_ptr_reg[1]/C,u_mesh/GEN_R[5].r/u_datapath/north_vc1_fifo/fifo_mem_reg[0][flit_data]_0_3_18_23/RAMC_D1/WE
-0.490,21,2,5,inter,u_mesh/GEN_R[2].r/u_datapath/local_vc2_fifo/rd_ptr_reg[1]/C,u_mesh/GEN_R[5].r/u_datapath/north_vc1_fifo/fifo_mem_reg[0][flit_data]_0_3_18_23/RAMD/WE
-0.490,21,2,5,inter,u_mesh/GEN_R[2].r/u_datapath/local_vc2_fifo/rd_ptr_reg[1]/C,u_mesh/GEN_R[5].r/u_datapath/north_vc1_fifo/fifo_mem_reg[0][flit_data]_0_3_18_23/RAMD_D1/WE
-0.489,20,4,3,inter,u_mesh/GEN_R[4].r/u_datapath/west_vc0_fifo/rd_ptr_reg[0]/C,u_mesh/GEN_R[3].r/u_datapath/east_vc0_fifo/fifo_mem_reg[0][flit_data]_0_3_0_5/RAMB/I
-0.487,21,2,5,inter,u_mesh/GEN_R[2].r/u_datapath/local_vc2_fifo/rd_ptr_reg[1]/C,u_mesh/GEN_R[5].r/u_datapath/north_vc1_fifo/fifo_mem_reg[0][flit_data]_0_3_6_11/RAMA/WE
-0.487,21,2,5,inter,u_mesh/GEN_R[2].r/u_datapath/local_vc2_fifo/rd_ptr_reg[1]/C,u_mesh/GEN_R[5].r/u_datapath/north_vc1_fifo/fifo_mem_reg[0][flit_data]_0_3_6_11/RAMA_D1/WE
-0.487,21,2,5,inter,u_mesh/GEN_R[2].r/u_datapath/local_vc2_fifo/rd_ptr_reg[1]/C,u_mesh/GEN_R[5].r/u_datapath/north_vc1_fifo/fifo_mem_reg[0][flit_data]_0_3_6_11/RAMB/WE
-0.487,21,2,5,inter,u_mesh/GEN_R[2].r/u_datapath/local_vc2_fifo/rd_ptr_reg[1]/C,u_mesh/GEN_R[5].r/u_datapath/north_vc1_fifo/fifo_mem_reg[0][flit_data]_0_3_6_11/RAMB_D1/WE
-0.487,21,2,5,inter,u_mesh/GEN_R[2].r/u_datapath/local_vc2_fifo/rd_ptr_reg[1]/C,u_mesh/GEN_R[5].r/u_datapath/north_vc1_fifo/fifo_mem_reg[0][flit_data]_0_3_6_11/RAMC/WE
-0.487,21,2,5,inter,u_mesh/GEN_R[2].r/u_datapath/local_vc2_fifo/rd_ptr_reg[1]/C,u_mesh/GEN_R[5].r/u_datapath/north_vc1_fifo/fifo_mem_reg[0][flit_data]_0_3_6_11/RAMC_D1/WE
-0.487,21,2,5,inter,u_mesh/GEN_R[2].r/u_datapath/local_vc2_fifo/rd_ptr_reg[1]/C,u_mesh/GEN_R[5].r/u_datapath/north_vc1_fifo/fifo_mem_reg[0][flit_data]_0_3_6_11/RAMD/WE
-0.487,21,2,5,inter,u_mesh/GEN_R[2].r/u_datapath/local_vc2_fifo/rd_ptr_reg[1]/C,u_mesh/GEN_R[5].r/u_datapath/north_vc1_fifo/fifo_mem_reg[0][flit_data]_0_3_6_11/RAMD_D1/WE
-0.483,20,4,1,inter,u_mesh/GEN_R[4].r/u_datapath/west_vc0_fifo/rd_ptr_reg[0]/C,u_mesh/GEN_R[1].r/u_datapath/south_vc1_fifo/fifo_mem_reg[0][flit_data]_0_3_12_17/RAMC/I
-0.480,21,2,5,inter,u_mesh/GEN_R[2].r/u_datapath/local_vc2_fifo/rd_ptr_reg[1]/C,u_mesh/GEN_R[5].r/u_datapath/north_vc1_fifo/fifo_mem_reg[0][flit_data]_0_3_12_17/RAMA/WE
-0.480,21,2,5,inter,u_mesh/GEN_R[2].r/u_datapath/local_vc2_fifo/rd_ptr_reg[1]/C,u_mesh/GEN_R[5].r/u_datapath/north_vc1_fifo/fifo_mem_reg[0][flit_data]_0_3_12_17/RAMA_D1/WE
-0.480,21,2,5,inter,u_mesh/GEN_R[2].r/u_datapath/local_vc2_fifo/rd_ptr_reg[1]/C,u_mesh/GEN_R[5].r/u_datapath/north_vc1_fifo/fifo_mem_reg[0][flit_data]_0_3_12_17/RAMB/WE
-0.480,21,2,5,inter,u_mesh/GEN_R[2].r/u_datapath/local_vc2_fifo/rd_ptr_reg[1]/C,u_mesh/GEN_R[5].r/u_datapath/north_vc1_fifo/fifo_mem_reg[0][flit_data]_0_3_12_17/RAMB_D1/WE
-0.480,21,2,5,inter,u_mesh/GEN_R[2].r/u_datapath/local_vc2_fifo/rd_ptr_reg[1]/C,u_mesh/GEN_R[5].r/u_datapath/north_vc1_fifo/fifo_mem_reg[0][flit_data]_0_3_12_17/RAMC/WE
-0.480,21,2,5,inter,u_mesh/GEN_R[2].r/u_datapath/local_vc2_fifo/rd_ptr_reg[1]/C,u_mesh/GEN_R[5].r/u_datapath/north_vc1_fifo/fifo_mem_reg[0][flit_data]_0_3_12_17/RAMC_D1/WE
-0.480,21,2,5,inter,u_mesh/GEN_R[2].r/u_datapath/local_vc2_fifo/rd_ptr_reg[1]/C,u_mesh/GEN_R[5].r/u_datapath/north_vc1_fifo/fifo_mem_reg[0][flit_data]_0_3_12_17/RAMD/WE
-0.480,21,2,5,inter,u_mesh/GEN_R[2].r/u_datapath/local_vc2_fifo/rd_ptr_reg[1]/C,u_mesh/GEN_R[5].r/u_datapath/north_vc1_fifo/fifo_mem_reg[0][flit_data]_0_3_12_17/RAMD_D1/WE
-0.478,21,0,1,inter,u_mesh/GEN_R[0].r/u_datapath/east_vc1_fifo/rd_ptr_reg[0]/C,u_mesh/GEN_R[1].r/u_datapath/west_vc1_fifo/fifo_mem_reg[0][flit_data]_0_3_12_17/RAMA/WE
-0.478,21,0,1,inter,u_mesh/GEN_R[0].r/u_datapath/east_vc1_fifo/rd_ptr_reg[0]/C,u_mesh/GEN_R[1].r/u_datapath/west_vc1_fifo/fifo_mem_reg[0][flit_data]_0_3_12_17/RAMA_D1/WE
-0.478,21,0,1,inter,u_mesh/GEN_R[0].r/u_datapath/east_vc1_fifo/rd_ptr_reg[0]/C,u_mesh/GEN_R[1].r/u_datapath/west_vc1_fifo/fifo_mem_reg[0][flit_data]_0_3_12_17/RAMB/WE
-0.478,21,0,1,inter,u_mesh/GEN_R[0].r/u_datapath/east_vc1_fifo/rd_ptr_reg[0]/C,u_mesh/GEN_R[1].r/u_datapath/west_vc1_fifo/fifo_mem_reg[0][flit_data]_0_3_12_17/RAMB_D1/WE
-0.478,21,0,1,inter,u_mesh/GEN_R[0].r/u_datapath/east_vc1_fifo/rd_ptr_reg[0]/C,u_mesh/GEN_R[1].r/u_datapath/west_vc1_fifo/fifo_mem_reg[0][flit_data]_0_3_12_17/RAMC/WE
-0.478,21,0,1,inter,u_mesh/GEN_R[0].r/u_datapath/east_vc1_fifo/rd_ptr_reg[0]/C,u_mesh/GEN_R[1].r/u_datapath/west_vc1_fifo/fifo_mem_reg[0][flit_data]_0_3_12_17/RAMC_D1/WE
-0.478,21,0,1,inter,u_mesh/GEN_R[0].r/u_datapath/east_vc1_fifo/rd_ptr_reg[0]/C,u_mesh/GEN_R[1].r/u_datapath/west_vc1_fifo/fifo_mem_reg[0][flit_data]_0_3_12_17/RAMD/WE
-0.478,21,0,1,inter,u_mesh/GEN_R[0].r/u_datapath/east_vc1_fifo/rd_ptr_reg[0]/C,u_mesh/GEN_R[1].r/u_datapath/west_vc1_fifo/fifo_mem_reg[0][flit_data]_0_3_12_17/RAMD_D1/WE
-0.476,20,4,3,inter,u_mesh/GEN_R[4].r/u_datapath/west_vc0_fifo/rd_ptr_reg[0]/C,u_mesh/GEN_R[3].r/u_datapath/east_vc1_fifo/fifo_mem_reg[0][flit_data]_0_3_24_29/RAMA/I
-0.473,20,4,3,inter,u_mesh/GEN_R[4].r/u_datapath/west_vc0_fifo/rd_ptr_reg[0]/C,u_mesh/GEN_R[3].r/u_datapath/east_vc2_fifo/fifo_mem_reg[0][flit_data]_0_3_12_17/RAMC_D1/I
-0.470,21,5,2,inter,u_mesh/GEN_R[5].r/u_datapath/local_vc1_fifo/rd_ptr_reg[0]/C,u_mesh/GEN_R[2].r/u_datapath/south_vc2_fifo/fifo_mem_reg[0][flit_data]_0_3_24_29/RAMA/WE
-0.470,21,5,2,inter,u_mesh/GEN_R[5].r/u_datapath/local_vc1_fifo/rd_ptr_reg[0]/C,u_mesh/GEN_R[2].r/u_datapath/south_vc2_fifo/fifo_mem_reg[0][flit_data]_0_3_24_29/RAMA_D1/WE
-0.470,21,5,2,inter,u_mesh/GEN_R[5].r/u_datapath/local_vc1_fifo/rd_ptr_reg[0]/C,u_mesh/GEN_R[2].r/u_datapath/south_vc2_fifo/fifo_mem_reg[0][flit_data]_0_3_24_29/RAMB/WE
-0.470,21,5,2,inter,u_mesh/GEN_R[5].r/u_datapath/local_vc1_fifo/rd_ptr_reg[0]/C,u_mesh/GEN_R[2].r/u_datapath/south_vc2_fifo/fifo_mem_reg[0][flit_data]_0_3_24_29/RAMB_D1/WE
-0.470,21,5,2,inter,u_mesh/GEN_R[5].r/u_datapath/local_vc1_fifo/rd_ptr_reg[0]/C,u_mesh/GEN_R[2].r/u_datapath/south_vc2_fifo/fifo_mem_reg[0][flit_data]_0_3_24_29/RAMC/WE
-0.470,21,5,2,inter,u_mesh/GEN_R[5].r/u_datapath/local_vc1_fifo/rd_ptr_reg[0]/C,u_mesh/GEN_R[2].r/u_datapath/south_vc2_fifo/fifo_mem_reg[0][flit_data]_0_3_24_29/RAMC_D1/WE
-0.470,21,5,2,inter,u_mesh/GEN_R[5].r/u_datapath/local_vc1_fifo/rd_ptr_reg[0]/C,u_mesh/GEN_R[2].r/u_datapath/south_vc2_fifo/fifo_mem_reg[0][flit_data]_0_3_24_29/RAMD/WE
-0.470,21,5,2,inter,u_mesh/GEN_R[5].r/u_datapath/local_vc1_fifo/rd_ptr_reg[0]/C,u_mesh/GEN_R[2].r/u_datapath/south_vc2_fifo/fifo_mem_reg[0][flit_data]_0_3_24_29/RAMD_D1/WE
-0.468,21,2,5,inter,u_mesh/GEN_R[2].r/u_datapath/local_vc2_fifo/rd_ptr_reg[1]/C,u_mesh/GEN_R[5].r/u_datapath/north_vc0_fifo/fifo_mem_reg[0][flit_data]_0_3_30_31/DP/WE
-0.468,21,2,5,inter,u_mesh/GEN_R[2].r/u_datapath/local_vc2_fifo/rd_ptr_reg[1]/C,u_mesh/GEN_R[5].r/u_datapath/north_vc0_fifo/fifo_mem_reg[0][flit_data]_0_3_30_31/SP/WE
-0.468,21,2,5,inter,u_mesh/GEN_R[2].r/u_datapath/local_vc2_fifo/rd_ptr_reg[1]/C,u_mesh/GEN_R[5].r/u_datapath/north_vc0_fifo/fifo_mem_reg[0][flit_data]_0_3_30_31__0/DP/WE
-0.468,21,2,5,inter,u_mesh/GEN_R[2].r/u_datapath/local_vc2_fifo/rd_ptr_reg[1]/C,u_mesh/GEN_R[5].r/u_datapath/north_vc0_fifo/fifo_mem_reg[0][flit_data]_0_3_30_31__0/SP/WE
-0.468,21,2,5,inter,u_mesh/GEN_R[2].r/u_datapath/local_vc2_fifo/rd_ptr_reg[1]/C,u_mesh/GEN_R[5].r/u_datapath/north_vc0_fifo/fifo_mem_reg[0][flit_type]_0_3_0_0/DP/WE
-0.468,21,2,5,inter,u_mesh/GEN_R[2].r/u_datapath/local_vc2_fifo/rd_ptr_reg[1]/C,u_mesh/GEN_R[5].r/u_datapath/north_vc0_fifo/fifo_mem_reg[0][flit_type]_0_3_0_0/SP/WE
-0.468,21,2,5,inter,u_mesh/GEN_R[2].r/u_datapath/local_vc2_fifo/rd_ptr_reg[1]/C,u_mesh/GEN_R[5].r/u_datapath/north_vc0_fifo/fifo_mem_reg[0][flit_type]_0_3_1_1/DP/WE
-0.468,21,2,5,inter,u_mesh/GEN_R[2].r/u_datapath/local_vc2_fifo/rd_ptr_reg[1]/C,u_mesh/GEN_R[5].r/u_datapath/north_vc0_fifo/fifo_mem_reg[0][flit_type]_0_3_1_1/SP/WE
-0.468,21,1,4,inter,u_mesh/GEN_R[1].r/u_datapath/west_vc2_fifo/rd_ptr_reg[1]/C,u_mesh/GEN_R[4].r/u_datapath/north_vc0_fifo/fifo_mem_reg[0][vc_id]_0_3_0_0/DP/WE
-0.468,21,1,4,inter,u_mesh/GEN_R[1].r/u_datapath/west_vc2_fifo/rd_ptr_reg[1]/C,u_mesh/GEN_R[4].r/u_datapath/north_vc0_fifo/fifo_mem_reg[0][vc_id]_0_3_0_0/SP/WE
-0.468,21,1,4,inter,u_mesh/GEN_R[1].r/u_datapath/west_vc2_fifo/rd_ptr_reg[1]/C,u_mesh/GEN_R[4].r/u_datapath/north_vc0_fifo/fifo_mem_reg[0][vc_id]_0_3_1_1/DP/WE
-0.468,21,1,4,inter,u_mesh/GEN_R[1].r/u_datapath/west_vc2_fifo/rd_ptr_reg[1]/C,u_mesh/GEN_R[4].r/u_datapath/north_vc0_fifo/fifo_mem_reg[0][vc_id]_0_3_1_1/SP/WE
-0.466,22,5,2,inter,u_mesh/GEN_R[5].r/u_datapath/local_vc1_fifo/rd_ptr_reg[0]/C,u_mesh/GEN_R[2].r/u_datapath/south_vc0_fifo/fifo_mem_reg[0][flit_data]_0_3_0_5/RAMA/WE
-0.466,22,5,2,inter,u_mesh/GEN_R[5].r/u_datapath/local_vc1_fifo/rd_ptr_reg[0]/C,u_mesh/GEN_R[2].r/u_datapath/south_vc0_fifo/fifo_mem_reg[0][flit_data]_0_3_0_5/RAMA_D1/WE
-0.466,22,5,2,inter,u_mesh/GEN_R[5].r/u_datapath/local_vc1_fifo/rd_ptr_reg[0]/C,u_mesh/GEN_R[2].r/u_datapath/south_vc0_fifo/fifo_mem_reg[0][flit_data]_0_3_0_5/RAMB/WE
-0.466,22,5,2,inter,u_mesh/GEN_R[5].r/u_datapath/local_vc1_fifo/rd_ptr_reg[0]/C,u_mesh/GEN_R[2].r/u_datapath/south_vc0_fifo/fifo_mem_reg[0][flit_data]_0_3_0_5/RAMB_D1/WE
-0.466,22,5,2,inter,u_mesh/GEN_R[5].r/u_datapath/local_vc1_fifo/rd_ptr_reg[0]/C,u_mesh/GEN_R[2].r/u_datapath/south_vc0_fifo/fifo_mem_reg[0][flit_data]_0_3_0_5/RAMC/WE
-0.466,22,5,2,inter,u_mesh/GEN_R[5].r/u_datapath/local_vc1_fifo/rd_ptr_reg[0]/C,u_mesh/GEN_R[2].r/u_datapath/south_vc0_fifo/fifo_mem_reg[0][flit_data]_0_3_0_5/RAMC_D1/WE
-0.466,22,5,2,inter,u_mesh/GEN_R[5].r/u_datapath/local_vc1_fifo/rd_ptr_reg[0]/C,u_mesh/GEN_R[2].r/u_datapath/south_vc0_fifo/fifo_mem_reg[0][flit_data]_0_3_0_5/RAMD/WE
-0.466,22,5,2,inter,u_mesh/GEN_R[5].r/u_datapath/local_vc1_fifo/rd_ptr_reg[0]/C,u_mesh/GEN_R[2].r/u_datapath/south_vc0_fifo/fifo_mem_reg[0][flit_data]_0_3_0_5/RAMD_D1/WE
-0.465,21,1,4,inter,u_mesh/GEN_R[1].r/u_datapath/west_vc2_fifo/rd_ptr_reg[1]/C,u_mesh/GEN_R[4].r/u_datapath/north_vc0_fifo/fifo_mem_reg[0][flit_data]_0_3_0_5/RAMA/WE
-0.465,21,1,4,inter,u_mesh/GEN_R[1].r/u_datapath/west_vc2_fifo/rd_ptr_reg[1]/C,u_mesh/GEN_R[4].r/u_datapath/north_vc0_fifo/fifo_mem_reg[0][flit_data]_0_3_0_5/RAMA_D1/WE
-0.465,21,1,4,inter,u_mesh/GEN_R[1].r/u_datapath/west_vc2_fifo/rd_ptr_reg[1]/C,u_mesh/GEN_R[4].r/u_datapath/north_vc0_fifo/fifo_mem_reg[0][flit_data]_0_3_0_5/RAMB/WE
-0.465,21,1,4,inter,u_mesh/GEN_R[1].r/u_datapath/west_vc2_fifo/rd_ptr_reg[1]/C,u_mesh/GEN_R[4].r/u_datapath/north_vc0_fifo/fifo_mem_reg[0][flit_data]_0_3_0_5/RAMB_D1/WE
-0.465,21,1,4,inter,u_mesh/GEN_R[1].r/u_datapath/west_vc2_fifo/rd_ptr_reg[1]/C,u_mesh/GEN_R[4].r/u_datapath/north_vc0_fifo/fifo_mem_reg[0][flit_data]_0_3_0_5/RAMC/WE
-0.465,21,1,4,inter,u_mesh/GEN_R[1].r/u_datapath/west_vc2_fifo/rd_ptr_reg[1]/C,u_mesh/GEN_R[4].r/u_datapath/north_vc0_fifo/fifo_mem_reg[0][flit_data]_0_3_0_5/RAMC_D1/WE
-0.465,21,1,4,inter,u_mesh/GEN_R[1].r/u_datapath/west_vc2_fifo/rd_ptr_reg[1]/C,u_mesh/GEN_R[4].r/u_datapath/north_vc0_fifo/fifo_mem_reg[0][flit_data]_0_3_0_5/RAMD/WE
-0.465,21,1,4,inter,u_mesh/GEN_R[1].r/u_datapath/west_vc2_fifo/rd_ptr_reg[1]/C,u_mesh/GEN_R[4].r/u_datapath/north_vc0_fifo/fifo_mem_reg[0][flit_data]_0_3_0_5/RAMD_D1/WE
-0.465,22,0,3,inter,u_mesh/GEN_R[0].r/u_datapath/east_vc1_fifo/rd_ptr_reg[0]/C,u_mesh/GEN_R[3].r/u_datapath/north_vc1_fifo/fifo_mem_reg[0][flit_data]_0_3_30_31/DP/WE
-0.465,22,0,3,inter,u_mesh/GEN_R[0].r/u_datapath/east_vc1_fifo/rd_ptr_reg[0]/C,u_mesh/GEN_R[3].r/u_datapath/north_vc1_fifo/fifo_mem_reg[0][flit_data]_0_3_30_31/SP/WE
-0.465,22,0,3,inter,u_mesh/GEN_R[0].r/u_datapath/east_vc1_fifo/rd_ptr_reg[0]/C,u_mesh/GEN_R[3].r/u_datapath/north_vc1_fifo/fifo_mem_reg[0][flit_data]_0_3_30_31__0/DP/WE
-0.465,22,0,3,inter,u_mesh/GEN_R[0].r/u_datapath/east_vc1_fifo/rd_ptr_reg[0]/C,u_mesh/GEN_R[3].r/u_datapath/north_vc1_fifo/fifo_mem_reg[0][flit_data]_0_3_30_31__0/SP/WE
-0.465,22,0,3,inter,u_mesh/GEN_R[0].r/u_datapath/east_vc1_fifo/rd_ptr_reg[0]/C,u_mesh/GEN_R[3].r/u_datapath/north_vc1_fifo/fifo_mem_reg[0][flit_type]_0_3_0_0/DP/WE
-0.465,22,0,3,inter,u_mesh/GEN_R[0].r/u_datapath/east_vc1_fifo/rd_ptr_reg[0]/C,u_mesh/GEN_R[3].r/u_datapath/north_vc1_fifo/fifo_mem_reg[0][flit_type]_0_3_0_0/SP/WE
-0.465,22,0,3,inter,u_mesh/GEN_R[0].r/u_datapath/east_vc1_fifo/rd_ptr_reg[0]/C,u_mesh/GEN_R[3].r/u_datapath/north_vc1_fifo/fifo_mem_reg[0][flit_type]_0_3_1_1/DP/WE
-0.465,22,0,3,inter,u_mesh/GEN_R[0].r/u_datapath/east_vc1_fifo/rd_ptr_reg[0]/C,u_mesh/GEN_R[3].r/u_datapath/north_vc1_fifo/fifo_mem_reg[0][flit_type]_0_3_1_1/SP/WE
-0.463,22,5,2,inter,u_mesh/GEN_R[5].r/u_datapath/local_vc1_fifo/rd_ptr_reg[0]/C,u_mesh/GEN_R[2].r/u_datapath/south_vc0_fifo/fifo_mem_reg[0][flit_data]_0_3_30_31/DP/WE
-0.463,22,5,2,inter,u_mesh/GEN_R[5].r/u_datapath/local_vc1_fifo/rd_ptr_reg[0]/C,u_mesh/GEN_R[2].r/u_datapath/south_vc0_fifo/fifo_mem_reg[0][flit_data]_0_3_30_31/SP/WE
-0.463,22,5,2,inter,u_mesh/GEN_R[5].r/u_datapath/local_vc1_fifo/rd_ptr_reg[0]/C,u_mesh/GEN_R[2].r/u_datapath/south_vc0_fifo/fifo_mem_reg[0][flit_data]_0_3_30_31__0/DP/WE
-0.463,22,5,2,inter,u_mesh/GEN_R[5].r/u_datapath/local_vc1_fifo/rd_ptr_reg[0]/C,u_mesh/GEN_R[2].r/u_datapath/south_vc0_fifo/fifo_mem_reg[0][flit_data]_0_3_30_31__0/SP/WE
-0.463,22,5,2,inter,u_mesh/GEN_R[5].r/u_datapath/local_vc1_fifo/rd_ptr_reg[0]/C,u_mesh/GEN_R[2].r/u_datapath/south_vc0_fifo/fifo_mem_reg[0][flit_type]_0_3_0_0/DP/WE
-0.463,22,5,2,inter,u_mesh/GEN_R[5].r/u_datapath/local_vc1_fifo/rd_ptr_reg[0]/C,u_mesh/GEN_R[2].r/u_datapath/south_vc0_fifo/fifo_mem_reg[0][flit_type]_0_3_0_0/SP/WE
-0.463,22,5,2,inter,u_mesh/GEN_R[5].r/u_datapath/local_vc1_fifo/rd_ptr_reg[0]/C,u_mesh/GEN_R[2].r/u_datapath/south_vc0_fifo/fifo_mem_reg[0][flit_type]_0_3_1_1/DP/WE
-0.463,22,5,2,inter,u_mesh/GEN_R[5].r/u_datapath/local_vc1_fifo/rd_ptr_reg[0]/C,u_mesh/GEN_R[2].r/u_datapath/south_vc0_fifo/fifo_mem_reg[0][flit_type]_0_3_1_1/SP/WE
-0.462,21,2,5,inter,u_mesh/GEN_R[2].r/u_datapath/local_vc2_fifo/rd_ptr_reg[1]/C,u_mesh/GEN_R[5].r/u_datapath/north_vc0_fifo/fifo_mem_reg[0][vc_id]_0_3_0_0/DP/WE
-0.462,21,2,5,inter,u_mesh/GEN_R[2].r/u_datapath/local_vc2_fifo/rd_ptr_reg[1]/C,u_mesh/GEN_R[5].r/u_datapath/north_vc0_fifo/fifo_mem_reg[0][vc_id]_0_3_0_0/SP/WE
-0.462,21,2,5,inter,u_mesh/GEN_R[2].r/u_datapath/local_vc2_fifo/rd_ptr_reg[1]/C,u_mesh/GEN_R[5].r/u_datapath/north_vc0_fifo/fifo_mem_reg[0][vc_id]_0_3_1_1/DP/WE
-0.462,21,2,5,inter,u_mesh/GEN_R[2].r/u_datapath/local_vc2_fifo/rd_ptr_reg[1]/C,u_mesh/GEN_R[5].r/u_datapath/north_vc0_fifo/fifo_mem_reg[0][vc_id]_0_3_1_1/SP/WE
-0.461,20,4,5,inter,u_mesh/GEN_R[4].r/u_datapath/west_vc0_fifo/rd_ptr_reg[0]/C,u_mesh/GEN_R[5].r/u_datapath/west_vc0_fifo/fifo_mem_reg[0][flit_data]_0_3_0_5/RAMB/I
-0.459,20,4,1,inter,u_mesh/GEN_R[4].r/u_datapath/west_vc0_fifo/rd_ptr_reg[0]/C,u_mesh/GEN_R[1].r/u_datapath/south_vc2_fifo/fifo_mem_reg[0][flit_data]_0_3_12_17/RAMA/I
-0.457,20,4,3,inter,u_mesh/GEN_R[4].r/u_datapath/west_vc0_fifo/rd_ptr_reg[0]/C,u_mesh/GEN_R[3].r/u_datapath/east_vc1_fifo/fifo_mem_reg[0][flit_data]_0_3_12_17/RAMA/I
-0.455,21,5,4,inter,u_mesh/GEN_R[5].r/u_datapath/local_vc1_fifo/rd_ptr_reg[0]/C,u_mesh/GEN_R[4].r/u_datapath/east_vc0_fifo/fifo_mem_reg[0][flit_data]_0_3_0_5/RAMA/WE
-0.455,21,5,4,inter,u_mesh/GEN_R[5].r/u_datapath/local_vc1_fifo/rd_ptr_reg[0]/C,u_mesh/GEN_R[4].r/u_datapath/east_vc0_fifo/fifo_mem_reg[0][flit_data]_0_3_0_5/RAMA_D1/WE
-0.455,21,5,4,inter,u_mesh/GEN_R[5].r/u_datapath/local_vc1_fifo/rd_ptr_reg[0]/C,u_mesh/GEN_R[4].r/u_datapath/east_vc0_fifo/fifo_mem_reg[0][flit_data]_0_3_0_5/RAMB/WE
-0.455,21,5,4,inter,u_mesh/GEN_R[5].r/u_datapath/local_vc1_fifo/rd_ptr_reg[0]/C,u_mesh/GEN_R[4].r/u_datapath/east_vc0_fifo/fifo_mem_reg[0][flit_data]_0_3_0_5/RAMB_D1/WE
-0.455,21,5,4,inter,u_mesh/GEN_R[5].r/u_datapath/local_vc1_fifo/rd_ptr_reg[0]/C,u_mesh/GEN_R[4].r/u_datapath/east_vc0_fifo/fifo_mem_reg[0][flit_data]_0_3_0_5/RAMC/WE
-0.455,21,5,4,inter,u_mesh/GEN_R[5].r/u_datapath/local_vc1_fifo/rd_ptr_reg[0]/C,u_mesh/GEN_R[4].r/u_datapath/east_vc0_fifo/fifo_mem_reg[0][flit_data]_0_3_0_5/RAMC_D1/WE
-0.455,21,5,4,inter,u_mesh/GEN_R[5].r/u_datapath/local_vc1_fifo/rd_ptr_reg[0]/C,u_mesh/GEN_R[4].r/u_datapath/east_vc0_fifo/fifo_mem_reg[0][flit_data]_0_3_0_5/RAMD/WE
-0.455,21,5,4,inter,u_mesh/GEN_R[5].r/u_datapath/local_vc1_fifo/rd_ptr_reg[0]/C,u_mesh/GEN_R[4].r/u_datapath/east_vc0_fifo/fifo_mem_reg[0][flit_data]_0_3_0_5/RAMD_D1/WE
-0.447,20,4,3,inter,u_mesh/GEN_R[4].r/u_datapath/west_vc0_fifo/rd_ptr_reg[0]/C,u_mesh/GEN_R[3].r/u_datapath/east_vc2_fifo/fifo_mem_reg[0][flit_data]_0_3_24_29/RAMB_D1/I
-0.445,21,5,4,inter,u_mesh/GEN_R[5].r/u_datapath/local_vc1_fifo/rd_ptr_reg[0]/C,u_mesh/GEN_R[4].r/u_datapath/east_vc0_fifo/fifo_mem_reg[0][flit_data]_0_3_24_29/RAMA/WE
-0.445,21,5,4,inter,u_mesh/GEN_R[5].r/u_datapath/local_vc1_fifo/rd_ptr_reg[0]/C,u_mesh/GEN_R[4].r/u_datapath/east_vc0_fifo/fifo_mem_reg[0][flit_data]_0_3_24_29/RAMA_D1/WE
-0.445,21,5,4,inter,u_mesh/GEN_R[5].r/u_datapath/local_vc1_fifo/rd_ptr_reg[0]/C,u_mesh/GEN_R[4].r/u_datapath/east_vc0_fifo/fifo_mem_reg[0][flit_data]_0_3_24_29/RAMB/WE
-0.445,21,5,4,inter,u_mesh/GEN_R[5].r/u_datapath/local_vc1_fifo/rd_ptr_reg[0]/C,u_mesh/GEN_R[4].r/u_datapath/east_vc0_fifo/fifo_mem_reg[0][flit_data]_0_3_24_29/RAMB_D1/WE
-0.445,21,5,4,inter,u_mesh/GEN_R[5].r/u_datapath/local_vc1_fifo/rd_ptr_reg[0]/C,u_mesh/GEN_R[4].r/u_datapath/east_vc0_fifo/fifo_mem_reg[0][flit_data]_0_3_24_29/RAMC/WE
-0.445,21,5,4,inter,u_mesh/GEN_R[5].r/u_datapath/local_vc1_fifo/rd_ptr_reg[0]/C,u_mesh/GEN_R[4].r/u_datapath/east_vc0_fifo/fifo_mem_reg[0][flit_data]_0_3_24_29/RAMC_D1/WE
-0.445,21,5,4,inter,u_mesh/GEN_R[5].r/u_datapath/local_vc1_fifo/rd_ptr_reg[0]/C,u_mesh/GEN_R[4].r/u_datapath/east_vc0_fifo/fifo_mem_reg[0][flit_data]_0_3_24_29/RAMD/WE
-0.445,21,5,4,inter,u_mesh/GEN_R[5].r/u_datapath/local_vc1_fifo/rd_ptr_reg[0]/C,u_mesh/GEN_R[4].r/u_datapath/east_vc0_fifo/fifo_mem_reg[0][flit_data]_0_3_24_29/RAMD_D1/WE
-0.445,22,1,0,inter,u_mesh/GEN_R[1].r/u_datapath/west_vc2_fifo/rd_ptr_reg[1]/C,u_mesh/GEN_R[0].r/u_datapath/east_vc0_fifo/fifo_mem_reg[0][flit_data]_0_3_30_31/DP/WE
-0.445,22,1,0,inter,u_mesh/GEN_R[1].r/u_datapath/west_vc2_fifo/rd_ptr_reg[1]/C,u_mesh/GEN_R[0].r/u_datapath/east_vc0_fifo/fifo_mem_reg[0][flit_data]_0_3_30_31/SP/WE
-0.445,22,1,0,inter,u_mesh/GEN_R[1].r/u_datapath/west_vc2_fifo/rd_ptr_reg[1]/C,u_mesh/GEN_R[0].r/u_datapath/east_vc0_fifo/fifo_mem_reg[0][flit_data]_0_3_30_31__0/DP/WE
-0.445,22,1,0,inter,u_mesh/GEN_R[1].r/u_datapath/west_vc2_fifo/rd_ptr_reg[1]/C,u_mesh/GEN_R[0].r/u_datapath/east_vc0_fifo/fifo_mem_reg[0][flit_data]_0_3_30_31__0/SP/WE
-0.445,22,1,0,inter,u_mesh/GEN_R[1].r/u_datapath/west_vc2_fifo/rd_ptr_reg[1]/C,u_mesh/GEN_R[0].r/u_datapath/east_vc0_fifo/fifo_mem_reg[0][flit_type]_0_3_0_0/DP/WE
-0.445,22,1,0,inter,u_mesh/GEN_R[1].r/u_datapath/west_vc2_fifo/rd_ptr_reg[1]/C,u_mesh/GEN_R[0].r/u_datapath/east_vc0_fifo/fifo_mem_reg[0][flit_type]_0_3_0_0/SP/WE
-0.445,22,1,0,inter,u_mesh/GEN_R[1].r/u_datapath/west_vc2_fifo/rd_ptr_reg[1]/C,u_mesh/GEN_R[0].r/u_datapath/east_vc0_fifo/fifo_mem_reg[0][flit_type]_0_3_1_1/DP/WE
-0.445,22,1,0,inter,u_mesh/GEN_R[1].r/u_datapath/west_vc2_fifo/rd_ptr_reg[1]/C,u_mesh/GEN_R[0].r/u_datapath/east_vc0_fifo/fifo_mem_reg[0][flit_type]_0_3_1_1/SP/WE
-0.442,21,5,4,inter,u_mesh/GEN_R[5].r/u_datapath/local_vc1_fifo/rd_ptr_reg[0]/C,u_mesh/GEN_R[4].r/u_datapath/east_vc2_fifo/fifo_mem_reg[0][flit_data]_0_3_12_17/RAMA/WE
-0.442,21,5,4,inter,u_mesh/GEN_R[5].r/u_datapath/local_vc1_fifo/rd_ptr_reg[0]/C,u_mesh/GEN_R[4].r/u_datapath/east_vc2_fifo/fifo_mem_reg[0][flit_data]_0_3_12_17/RAMA_D1/WE
-0.442,21,5,4,inter,u_mesh/GEN_R[5].r/u_datapath/local_vc1_fifo/rd_ptr_reg[0]/C,u_mesh/GEN_R[4].r/u_datapath/east_vc2_fifo/fifo_mem_reg[0][flit_data]_0_3_12_17/RAMB/WE
-0.442,21,5,4,inter,u_mesh/GEN_R[5].r/u_datapath/local_vc1_fifo/rd_ptr_reg[0]/C,u_mesh/GEN_R[4].r/u_datapath/east_vc2_fifo/fifo_mem_reg[0][flit_data]_0_3_12_17/RAMB_D1/WE
-0.442,21,5,4,inter,u_mesh/GEN_R[5].r/u_datapath/local_vc1_fifo/rd_ptr_reg[0]/C,u_mesh/GEN_R[4].r/u_datapath/east_vc2_fifo/fifo_mem_reg[0][flit_data]_0_3_12_17/RAMC/WE
-0.442,21,5,4,inter,u_mesh/GEN_R[5].r/u_datapath/local_vc1_fifo/rd_ptr_reg[0]/C,u_mesh/GEN_R[4].r/u_datapath/east_vc2_fifo/fifo_mem_reg[0][flit_data]_0_3_12_17/RAMC_D1/WE
-0.442,21,5,4,inter,u_mesh/GEN_R[5].r/u_datapath/local_vc1_fifo/rd_ptr_reg[0]/C,u_mesh/GEN_R[4].r/u_datapath/east_vc2_fifo/fifo_mem_reg[0][flit_data]_0_3_12_17/RAMD/WE
-0.442,21,5,4,inter,u_mesh/GEN_R[5].r/u_datapath/local_vc1_fifo/rd_ptr_reg[0]/C,u_mesh/GEN_R[4].r/u_datapath/east_vc2_fifo/fifo_mem_reg[0][flit_data]_0_3_12_17/RAMD_D1/WE
-0.439,22,1,2,inter,u_mesh/GEN_R[1].r/u_datapath/west_vc2_fifo/rd_ptr_reg[1]/C,u_mesh/GEN_R[2].r/u_datapath/west_vc0_fifo/fifo_mem_reg[0][flit_data]_0_3_30_31/DP/WE
-0.439,22,1,2,inter,u_mesh/GEN_R[1].r/u_datapath/west_vc2_fifo/rd_ptr_reg[1]/C,u_mesh/GEN_R[2].r/u_datapath/west_vc0_fifo/fifo_mem_reg[0][flit_data]_0_3_30_31/SP/WE
-0.439,22,1,2,inter,u_mesh/GEN_R[1].r/u_datapath/west_vc2_fifo/rd_ptr_reg[1]/C,u_mesh/GEN_R[2].r/u_datapath/west_vc0_fifo/fifo_mem_reg[0][flit_data]_0_3_30_31__0/DP/WE
-0.439,22,1,2,inter,u_mesh/GEN_R[1].r/u_datapath/west_vc2_fifo/rd_ptr_reg[1]/C,u_mesh/GEN_R[2].r/u_datapath/west_vc0_fifo/fifo_mem_reg[0][flit_data]_0_3_30_31__0/SP/WE
-0.439,22,1,2,inter,u_mesh/GEN_R[1].r/u_datapath/west_vc2_fifo/rd_ptr_reg[1]/C,u_mesh/GEN_R[2].r/u_datapath/west_vc0_fifo/fifo_mem_reg[0][flit_type]_0_3_0_0/DP/WE
-0.439,22,1,2,inter,u_mesh/GEN_R[1].r/u_datapath/west_vc2_fifo/rd_ptr_reg[1]/C,u_mesh/GEN_R[2].r/u_datapath/west_vc0_fifo/fifo_mem_reg[0][flit_type]_0_3_0_0/SP/WE
-0.439,22,1,2,inter,u_mesh/GEN_R[1].r/u_datapath/west_vc2_fifo/rd_ptr_reg[1]/C,u_mesh/GEN_R[2].r/u_datapath/west_vc0_fifo/fifo_mem_reg[0][flit_type]_0_3_1_1/DP/WE
-0.439,22,1,2,inter,u_mesh/GEN_R[1].r/u_datapath/west_vc2_fifo/rd_ptr_reg[1]/C,u_mesh/GEN_R[2].r/u_datapath/west_vc0_fifo/fifo_mem_reg[0][flit_type]_0_3_1_1/SP/WE
-0.438,20,4,1,inter,u_mesh/GEN_R[4].r/u_datapath/west_vc0_fifo/rd_ptr_reg[0]/C,u_mesh/GEN_R[1].r/u_datapath/south_vc1_fifo/fifo_mem_reg[0][flit_data]_0_3_12_17/RAMA/I
-0.437,20,4,3,inter,u_mesh/GEN_R[4].r/u_datapath/west_vc0_fifo/rd_ptr_reg[0]/C,u_mesh/GEN_R[3].r/u_datapath/east_vc0_fifo/fifo_mem_reg[0][flit_data]_0_3_18_23/RAMC/I
-0.436,21,5,4,inter,u_mesh/GEN_R[5].r/u_datapath/local_vc1_fifo/rd_ptr_reg[0]/C,u_mesh/GEN_R[4].r/u_datapath/east_vc2_fifo/fifo_mem_reg[0][flit_data]_0_3_0_5/RAMA/WE
-0.436,21,5,4,inter,u_mesh/GEN_R[5].r/u_datapath/local_vc1_fifo/rd_ptr_reg[0]/C,u_mesh/GEN_R[4].r/u_datapath/east_vc2_fifo/fifo_mem_reg[0][flit_data]_0_3_0_5/RAMA_D1/WE
-0.436,21,5,4,inter,u_mesh/GEN_R[5].r/u_datapath/local_vc1_fifo/rd_ptr_reg[0]/C,u_mesh/GEN_R[4].r/u_datapath/east_vc2_fifo/fifo_mem_reg[0][flit_data]_0_3_0_5/RAMB/WE
-0.436,21,5,4,inter,u_mesh/GEN_R[5].r/u_datapath/local_vc1_fifo/rd_ptr_reg[0]/C,u_mesh/GEN_R[4].r/u_datapath/east_vc2_fifo/fifo_mem_reg[0][flit_data]_0_3_0_5/RAMB_D1/WE
-0.436,21,5,4,inter,u_mesh/GEN_R[5].r/u_datapath/local_vc1_fifo/rd_ptr_reg[0]/C,u_mesh/GEN_R[4].r/u_datapath/east_vc2_fifo/fifo_mem_reg[0][flit_data]_0_3_0_5/RAMC/WE
-0.436,21,5,4,inter,u_mesh/GEN_R[5].r/u_datapath/local_vc1_fifo/rd_ptr_reg[0]/C,u_mesh/GEN_R[4].r/u_datapath/east_vc2_fifo/fifo_mem_reg[0][flit_data]_0_3_0_5/RAMC_D1/WE
-0.436,21,5,4,inter,u_mesh/GEN_R[5].r/u_datapath/local_vc1_fifo/rd_ptr_reg[0]/C,u_mesh/GEN_R[4].r/u_datapath/east_vc2_fifo/fifo_mem_reg[0][flit_data]_0_3_0_5/RAMD/WE
-0.436,21,5,4,inter,u_mesh/GEN_R[5].r/u_datapath/local_vc1_fifo/rd_ptr_reg[0]/C,u_mesh/GEN_R[4].r/u_datapath/east_vc2_fifo/fifo_mem_reg[0][flit_data]_0_3_0_5/RAMD_D1/WE
-0.434,22,1,2,inter,u_mesh/GEN_R[1].r/u_datapath/west_vc2_fifo/rd_ptr_reg[1]/C,u_mesh/GEN_R[2].r/u_datapath/west_vc0_fifo/fifo_mem_reg[0][flit_data]_0_3_12_17/RAMA/WE
-0.434,22,1,2,inter,u_mesh/GEN_R[1].r/u_datapath/west_vc2_fifo/rd_ptr_reg[1]/C,u_mesh/GEN_R[2].r/u_datapath/west_vc0_fifo/fifo_mem_reg[0][flit_data]_0_3_12_17/RAMA_D1/WE
-0.434,22,1,2,inter,u_mesh/GEN_R[1].r/u_datapath/west_vc2_fifo/rd_ptr_reg[1]/C,u_mesh/GEN_R[2].r/u_datapath/west_vc0_fifo/fifo_mem_reg[0][flit_data]_0_3_12_17/RAMB/WE
-0.434,22,1,2,inter,u_mesh/GEN_R[1].r/u_datapath/west_vc2_fifo/rd_ptr_reg[1]/C,u_mesh/GEN_R[2].r/u_datapath/west_vc0_fifo/fifo_mem_reg[0][flit_data]_0_3_12_17/RAMB_D1/WE
-0.434,22,1,2,inter,u_mesh/GEN_R[1].r/u_datapath/west_vc2_fifo/rd_ptr_reg[1]/C,u_mesh/GEN_R[2].r/u_datapath/west_vc0_fifo/fifo_mem_reg[0][flit_data]_0_3_12_17/RAMC/WE
-0.434,22,1,2,inter,u_mesh/GEN_R[1].r/u_datapath/west_vc2_fifo/rd_ptr_reg[1]/C,u_mesh/GEN_R[2].r/u_datapath/west_vc0_fifo/fifo_mem_reg[0][flit_data]_0_3_12_17/RAMC_D1/WE
-0.434,22,1,2,inter,u_mesh/GEN_R[1].r/u_datapath/west_vc2_fifo/rd_ptr_reg[1]/C,u_mesh/GEN_R[2].r/u_datapath/west_vc0_fifo/fifo_mem_reg[0][flit_data]_0_3_12_17/RAMD/WE
-0.434,22,1,2,inter,u_mesh/GEN_R[1].r/u_datapath/west_vc2_fifo/rd_ptr_reg[1]/C,u_mesh/GEN_R[2].r/u_datapath/west_vc0_fifo/fifo_mem_reg[0][flit_data]_0_3_12_17/RAMD_D1/WE
-0.433,22,1,2,inter,u_mesh/GEN_R[1].r/u_datapath/west_vc2_fifo/rd_ptr_reg[1]/C,u_mesh/GEN_R[2].r/u_datapath/west_vc0_fifo/fifo_mem_reg[0][vc_id]_0_3_0_0/DP/WE
-0.433,22,1,2,inter,u_mesh/GEN_R[1].r/u_datapath/west_vc2_fifo/rd_ptr_reg[1]/C,u_mesh/GEN_R[2].r/u_datapath/west_vc0_fifo/fifo_mem_reg[0][vc_id]_0_3_0_0/SP/WE
-0.433,22,1,2,inter,u_mesh/GEN_R[1].r/u_datapath/west_vc2_fifo/rd_ptr_reg[1]/C,u_mesh/GEN_R[2].r/u_datapath/west_vc0_fifo/fifo_mem_reg[0][vc_id]_0_3_1_1/DP/WE
-0.433,22,1,2,inter,u_mesh/GEN_R[1].r/u_datapath/west_vc2_fifo/rd_ptr_reg[1]/C,u_mesh/GEN_R[2].r/u_datapath/west_vc0_fifo/fifo_mem_reg[0][vc_id]_0_3_1_1/SP/WE
-0.430,22,1,2,inter,u_mesh/GEN_R[1].r/u_datapath/west_vc2_fifo/rd_ptr_reg[1]/C,u_mesh/GEN_R[2].r/u_datapath/west_vc0_fifo/fifo_mem_reg[0][flit_data]_0_3_18_23/RAMA/WE
-0.430,22,1,2,inter,u_mesh/GEN_R[1].r/u_datapath/west_vc2_fifo/rd_ptr_reg[1]/C,u_mesh/GEN_R[2].r/u_datapath/west_vc0_fifo/fifo_mem_reg[0][flit_data]_0_3_18_23/RAMA_D1/WE
-0.430,22,1,2,inter,u_mesh/GEN_R[1].r/u_datapath/west_vc2_fifo/rd_ptr_reg[1]/C,u_mesh/GEN_R[2].r/u_datapath/west_vc0_fifo/fifo_mem_reg[0][flit_data]_0_3_18_23/RAMB/WE
-0.430,22,1,2,inter,u_mesh/GEN_R[1].r/u_datapath/west_vc2_fifo/rd_ptr_reg[1]/C,u_mesh/GEN_R[2].r/u_datapath/west_vc0_fifo/fifo_mem_reg[0][flit_data]_0_3_18_23/RAMB_D1/WE
-0.430,22,1,2,inter,u_mesh/GEN_R[1].r/u_datapath/west_vc2_fifo/rd_ptr_reg[1]/C,u_mesh/GEN_R[2].r/u_datapath/west_vc0_fifo/fifo_mem_reg[0][flit_data]_0_3_18_23/RAMC/WE
-0.430,22,1,2,inter,u_mesh/GEN_R[1].r/u_datapath/west_vc2_fifo/rd_ptr_reg[1]/C,u_mesh/GEN_R[2].r/u_datapath/west_vc0_fifo/fifo_mem_reg[0][flit_data]_0_3_18_23/RAMC_D1/WE
-0.430,22,1,2,inter,u_mesh/GEN_R[1].r/u_datapath/west_vc2_fifo/rd_ptr_reg[1]/C,u_mesh/GEN_R[2].r/u_datapath/west_vc0_fifo/fifo_mem_reg[0][flit_data]_0_3_18_23/RAMD/WE
-0.430,22,1,2,inter,u_mesh/GEN_R[1].r/u_datapath/west_vc2_fifo/rd_ptr_reg[1]/C,u_mesh/GEN_R[2].r/u_datapath/west_vc0_fifo/fifo_mem_reg[0][flit_data]_0_3_18_23/RAMD_D1/WE
-0.428,20,4,3,inter,u_mesh/GEN_R[4].r/u_datapath/west_vc0_fifo/rd_ptr_reg[0]/C,u_mesh/GEN_R[3].r/u_datapath/east_vc1_fifo/fifo_mem_reg[0][flit_data]_0_3_18_23/RAMC/I
-0.428,20,4,3,inter,u_mesh/GEN_R[4].r/u_datapath/west_vc0_fifo/rd_ptr_reg[0]/C,u_mesh/GEN_R[3].r/u_datapath/east_vc0_fifo/fifo_mem_reg[0][flit_data]_0_3_12_17/RAMA/I
-0.422,22,1,0,inter,u_mesh/GEN_R[1].r/u_datapath/west_vc2_fifo/rd_ptr_reg[1]/C,u_mesh/GEN_R[0].r/u_datapath/east_vc0_fifo/fifo_mem_reg[0][flit_data]_0_3_18_23/RAMA/WE
-0.422,22,1,0,inter,u_mesh/GEN_R[1].r/u_datapath/west_vc2_fifo/rd_ptr_reg[1]/C,u_mesh/GEN_R[0].r/u_datapath/east_vc0_fifo/fifo_mem_reg[0][flit_data]_0_3_18_23/RAMA_D1/WE
-0.422,22,1,0,inter,u_mesh/GEN_R[1].r/u_datapath/west_vc2_fifo/rd_ptr_reg[1]/C,u_mesh/GEN_R[0].r/u_datapath/east_vc0_fifo/fifo_mem_reg[0][flit_data]_0_3_18_23/RAMB/WE
-0.422,22,1,0,inter,u_mesh/GEN_R[1].r/u_datapath/west_vc2_fifo/rd_ptr_reg[1]/C,u_mesh/GEN_R[0].r/u_datapath/east_vc0_fifo/fifo_mem_reg[0][flit_data]_0_3_18_23/RAMB_D1/WE
-0.422,22,1,0,inter,u_mesh/GEN_R[1].r/u_datapath/west_vc2_fifo/rd_ptr_reg[1]/C,u_mesh/GEN_R[0].r/u_datapath/east_vc0_fifo/fifo_mem_reg[0][flit_data]_0_3_18_23/RAMC/WE
-0.422,22,1,0,inter,u_mesh/GEN_R[1].r/u_datapath/west_vc2_fifo/rd_ptr_reg[1]/C,u_mesh/GEN_R[0].r/u_datapath/east_vc0_fifo/fifo_mem_reg[0][flit_data]_0_3_18_23/RAMC_D1/WE
-0.422,22,1,0,inter,u_mesh/GEN_R[1].r/u_datapath/west_vc2_fifo/rd_ptr_reg[1]/C,u_mesh/GEN_R[0].r/u_datapath/east_vc0_fifo/fifo_mem_reg[0][flit_data]_0_3_18_23/RAMD/WE
-0.422,22,1,0,inter,u_mesh/GEN_R[1].r/u_datapath/west_vc2_fifo/rd_ptr_reg[1]/C,u_mesh/GEN_R[0].r/u_datapath/east_vc0_fifo/fifo_mem_reg[0][flit_data]_0_3_18_23/RAMD_D1/WE
-0.422,21,2,5,inter,u_mesh/GEN_R[2].r/u_datapath/local_vc2_fifo/rd_ptr_reg[1]/C,u_mesh/GEN_R[5].r/u_datapath/north_vc2_fifo/fifo_mem_reg[0][flit_data]_0_3_24_29/RAMA/WE
-0.422,21,2,5,inter,u_mesh/GEN_R[2].r/u_datapath/local_vc2_fifo/rd_ptr_reg[1]/C,u_mesh/GEN_R[5].r/u_datapath/north_vc2_fifo/fifo_mem_reg[0][flit_data]_0_3_24_29/RAMA_D1/WE
-0.422,21,2,5,inter,u_mesh/GEN_R[2].r/u_datapath/local_vc2_fifo/rd_ptr_reg[1]/C,u_mesh/GEN_R[5].r/u_datapath/north_vc2_fifo/fifo_mem_reg[0][flit_data]_0_3_24_29/RAMB/WE
-0.422,21,2,5,inter,u_mesh/GEN_R[2].r/u_datapath/local_vc2_fifo/rd_ptr_reg[1]/C,u_mesh/GEN_R[5].r/u_datapath/north_vc2_fifo/fifo_mem_reg[0][flit_data]_0_3_24_29/RAMB_D1/WE
-0.422,21,2,5,inter,u_mesh/GEN_R[2].r/u_datapath/local_vc2_fifo/rd_ptr_reg[1]/C,u_mesh/GEN_R[5].r/u_datapath/north_vc2_fifo/fifo_mem_reg[0][flit_data]_0_3_24_29/RAMC/WE
-0.422,21,2,5,inter,u_mesh/GEN_R[2].r/u_datapath/local_vc2_fifo/rd_ptr_reg[1]/C,u_mesh/GEN_R[5].r/u_datapath/north_vc2_fifo/fifo_mem_reg[0][flit_data]_0_3_24_29/RAMC_D1/WE
-0.422,21,2,5,inter,u_mesh/GEN_R[2].r/u_datapath/local_vc2_fifo/rd_ptr_reg[1]/C,u_mesh/GEN_R[5].r/u_datapath/north_vc2_fifo/fifo_mem_reg[0][flit_data]_0_3_24_29/RAMD/WE
-0.422,21,2,5,inter,u_mesh/GEN_R[2].r/u_datapath/local_vc2_fifo/rd_ptr_reg[1]/C,u_mesh/GEN_R[5].r/u_datapath/north_vc2_fifo/fifo_mem_reg[0][flit_data]_0_3_24_29/RAMD_D1/WE
-0.422,21,2,5,inter,u_mesh/GEN_R[2].r/u_datapath/local_vc2_fifo/rd_ptr_reg[1]/C,u_mesh/GEN_R[5].r/u_datapath/north_vc2_fifo/fifo_mem_reg[0][flit_data]_0_3_30_31/DP/WE
-0.422,21,2,5,inter,u_mesh/GEN_R[2].r/u_datapath/local_vc2_fifo/rd_ptr_reg[1]/C,u_mesh/GEN_R[5].r/u_datapath/north_vc2_fifo/fifo_mem_reg[0][flit_data]_0_3_30_31/SP/WE
-0.422,21,2,5,inter,u_mesh/GEN_R[2].r/u_datapath/local_vc2_fifo/rd_ptr_reg[1]/C,u_mesh/GEN_R[5].r/u_datapath/north_vc2_fifo/fifo_mem_reg[0][flit_data]_0_3_30_31__0/DP/WE
-0.422,21,2,5,inter,u_mesh/GEN_R[2].r/u_datapath/local_vc2_fifo/rd_ptr_reg[1]/C,u_mesh/GEN_R[5].r/u_datapath/north_vc2_fifo/fifo_mem_reg[0][flit_data]_0_3_30_31__0/SP/WE
-0.422,21,2,5,inter,u_mesh/GEN_R[2].r/u_datapath/local_vc2_fifo/rd_ptr_reg[1]/C,u_mesh/GEN_R[5].r/u_datapath/north_vc2_fifo/fifo_mem_reg[0][flit_type]_0_3_0_0/DP/WE
-0.422,21,2,5,inter,u_mesh/GEN_R[2].r/u_datapath/local_vc2_fifo/rd_ptr_reg[1]/C,u_mesh/GEN_R[5].r/u_datapath/north_vc2_fifo/fifo_mem_reg[0][flit_type]_0_3_0_0/SP/WE
-0.422,21,2,5,inter,u_mesh/GEN_R[2].r/u_datapath/local_vc2_fifo/rd_ptr_reg[1]/C,u_mesh/GEN_R[5].r/u_datapath/north_vc2_fifo/fifo_mem_reg[0][flit_type]_0_3_1_1/DP/WE
-0.422,21,2,5,inter,u_mesh/GEN_R[2].r/u_datapath/local_vc2_fifo/rd_ptr_reg[1]/C,u_mesh/GEN_R[5].r/u_datapath/north_vc2_fifo/fifo_mem_reg[0][flit_type]_0_3_1_1/SP/WE
-0.422,20,4,3,inter,u_mesh/GEN_R[4].r/u_datapath/west_vc0_fifo/rd_ptr_reg[0]/C,u_mesh/GEN_R[3].r/u_datapath/east_vc2_fifo/fifo_mem_reg[0][flit_data]_0_3_6_11/RAMB/I
-0.417,20,4,1,inter,u_mesh/GEN_R[4].r/u_datapath/west_vc0_fifo/rd_ptr_reg[0]/C,u_mesh/GEN_R[1].r/u_datapath/south_vc2_fifo/fifo_mem_reg[0][flit_data]_0_3_18_23/RAMC/I
-0.416,22,4,1,inter,u_mesh/GEN_R[4].r/u_datapath/west_vc0_fifo/rd_ptr_reg[0]/C,u_mesh/GEN_R[1].r/u_datapath/south_vc2_fifo/fifo_mem_reg[0][flit_data]_0_3_12_17/RAMA/WE
-0.416,22,4,1,inter,u_mesh/GEN_R[4].r/u_datapath/west_vc0_fifo/rd_ptr_reg[0]/C,u_mesh/GEN_R[1].r/u_datapath/south_vc2_fifo/fifo_mem_reg[0][flit_data]_0_3_12_17/RAMA_D1/WE
-0.416,22,4,1,inter,u_mesh/GEN_R[4].r/u_datapath/west_vc0_fifo/rd_ptr_reg[0]/C,u_mesh/GEN_R[1].r/u_datapath/south_vc2_fifo/fifo_mem_reg[0][flit_data]_0_3_12_17/RAMB/WE
-0.416,22,4,1,inter,u_mesh/GEN_R[4].r/u_datapath/west_vc0_fifo/rd_ptr_reg[0]/C,u_mesh/GEN_R[1].r/u_datapath/south_vc2_fifo/fifo_mem_reg[0][flit_data]_0_3_12_17/RAMB_D1/WE
-0.416,22,4,1,inter,u_mesh/GEN_R[4].r/u_datapath/west_vc0_fifo/rd_ptr_reg[0]/C,u_mesh/GEN_R[1].r/u_datapath/south_vc2_fifo/fifo_mem_reg[0][flit_data]_0_3_12_17/RAMC/WE
-0.416,22,4,1,inter,u_mesh/GEN_R[4].r/u_datapath/west_vc0_fifo/rd_ptr_reg[0]/C,u_mesh/GEN_R[1].r/u_datapath/south_vc2_fifo/fifo_mem_reg[0][flit_data]_0_3_12_17/RAMC_D1/WE
-0.416,22,4,1,inter,u_mesh/GEN_R[4].r/u_datapath/west_vc0_fifo/rd_ptr_reg[0]/C,u_mesh/GEN_R[1].r/u_datapath/south_vc2_fifo/fifo_mem_reg[0][flit_data]_0_3_12_17/RAMD/WE
-0.416,22,4,1,inter,u_mesh/GEN_R[4].r/u_datapath/west_vc0_fifo/rd_ptr_reg[0]/C,u_mesh/GEN_R[1].r/u_datapath/south_vc2_fifo/fifo_mem_reg[0][flit_data]_0_3_12_17/RAMD_D1/WE
-0.415,22,5,2,inter,u_mesh/GEN_R[5].r/u_datapath/local_vc1_fifo/rd_ptr_reg[0]/C,u_mesh/GEN_R[2].r/u_datapath/south_vc0_fifo/fifo_mem_reg[0][flit_data]_0_3_12_17/RAMA/WE
-0.415,22,5,2,inter,u_mesh/GEN_R[5].r/u_datapath/local_vc1_fifo/rd_ptr_reg[0]/C,u_mesh/GEN_R[2].r/u_datapath/south_vc0_fifo/fifo_mem_reg[0][flit_data]_0_3_12_17/RAMA_D1/WE
-0.415,22,5,2,inter,u_mesh/GEN_R[5].r/u_datapath/local_vc1_fifo/rd_ptr_reg[0]/C,u_mesh/GEN_R[2].r/u_datapath/south_vc0_fifo/fifo_mem_reg[0][flit_data]_0_3_12_17/RAMB/WE
-0.415,22,5,2,inter,u_mesh/GEN_R[5].r/u_datapath/local_vc1_fifo/rd_ptr_reg[0]/C,u_mesh/GEN_R[2].r/u_datapath/south_vc0_fifo/fifo_mem_reg[0][flit_data]_0_3_12_17/RAMB_D1/WE
-0.415,22,5,2,inter,u_mesh/GEN_R[5].r/u_datapath/local_vc1_fifo/rd_ptr_reg[0]/C,u_mesh/GEN_R[2].r/u_datapath/south_vc0_fifo/fifo_mem_reg[0][flit_data]_0_3_12_17/RAMC/WE
-0.415,22,5,2,inter,u_mesh/GEN_R[5].r/u_datapath/local_vc1_fifo/rd_ptr_reg[0]/C,u_mesh/GEN_R[2].r/u_datapath/south_vc0_fifo/fifo_mem_reg[0][flit_data]_0_3_12_17/RAMC_D1/WE
-0.415,22,5,2,inter,u_mesh/GEN_R[5].r/u_datapath/local_vc1_fifo/rd_ptr_reg[0]/C,u_mesh/GEN_R[2].r/u_datapath/south_vc0_fifo/fifo_mem_reg[0][flit_data]_0_3_12_17/RAMD/WE
-0.415,22,5,2,inter,u_mesh/GEN_R[5].r/u_datapath/local_vc1_fifo/rd_ptr_reg[0]/C,u_mesh/GEN_R[2].r/u_datapath/south_vc0_fifo/fifo_mem_reg[0][flit_data]_0_3_12_17/RAMD_D1/WE
-0.415,20,4,3,inter,u_mesh/GEN_R[4].r/u_datapath/west_vc0_fifo/rd_ptr_reg[0]/C,u_mesh/GEN_R[3].r/u_datapath/east_vc1_fifo/fifo_mem_reg[0][flit_data]_0_3_12_17/RAMC_D1/I
-0.414,21,5,2,inter,u_mesh/GEN_R[5].r/u_datapath/local_vc1_fifo/rd_ptr_reg[0]/C,u_mesh/GEN_R[2].r/u_datapath/south_vc2_fifo/fifo_mem_reg[0][vc_id]_0_3_0_0/DP/WE
-0.414,21,5,2,inter,u_mesh/GEN_R[5].r/u_datapath/local_vc1_fifo/rd_ptr_reg[0]/C,u_mesh/GEN_R[2].r/u_datapath/south_vc2_fifo/fifo_mem_reg[0][vc_id]_0_3_0_0/SP/WE
-0.414,21,5,2,inter,u_mesh/GEN_R[5].r/u_datapath/local_vc1_fifo/rd_ptr_reg[0]/C,u_mesh/GEN_R[2].r/u_datapath/south_vc2_fifo/fifo_mem_reg[0][vc_id]_0_3_1_1/DP/WE
-0.414,21,5,2,inter,u_mesh/GEN_R[5].r/u_datapath/local_vc1_fifo/rd_ptr_reg[0]/C,u_mesh/GEN_R[2].r/u_datapath/south_vc2_fifo/fifo_mem_reg[0][vc_id]_0_3_1_1/SP/WE
-0.413,22,4,1,inter,u_mesh/GEN_R[4].r/u_datapath/west_vc0_fifo/rd_ptr_reg[0]/C,u_mesh/GEN_R[1].r/u_datapath/south_vc1_fifo/count_reg[2]/D
-0.412,21,5,4,inter,u_mesh/GEN_R[5].r/u_datapath/local_vc1_fifo/rd_ptr_reg[0]/C,u_mesh/GEN_R[4].r/u_datapath/east_vc0_fifo/fifo_mem_reg[0][flit_data]_0_3_6_11/RAMA/WE
-0.412,21,5,4,inter,u_mesh/GEN_R[5].r/u_datapath/local_vc1_fifo/rd_ptr_reg[0]/C,u_mesh/GEN_R[4].r/u_datapath/east_vc0_fifo/fifo_mem_reg[0][flit_data]_0_3_6_11/RAMA_D1/WE
-0.412,21,5,4,inter,u_mesh/GEN_R[5].r/u_datapath/local_vc1_fifo/rd_ptr_reg[0]/C,u_mesh/GEN_R[4].r/u_datapath/east_vc0_fifo/fifo_mem_reg[0][flit_data]_0_3_6_11/RAMB/WE
-0.412,21,5,4,inter,u_mesh/GEN_R[5].r/u_datapath/local_vc1_fifo/rd_ptr_reg[0]/C,u_mesh/GEN_R[4].r/u_datapath/east_vc0_fifo/fifo_mem_reg[0][flit_data]_0_3_6_11/RAMB_D1/WE
-0.412,21,5,4,inter,u_mesh/GEN_R[5].r/u_datapath/local_vc1_fifo/rd_ptr_reg[0]/C,u_mesh/GEN_R[4].r/u_datapath/east_vc0_fifo/fifo_mem_reg[0][flit_data]_0_3_6_11/RAMC/WE
-0.412,21,5,4,inter,u_mesh/GEN_R[5].r/u_datapath/local_vc1_fifo/rd_ptr_reg[0]/C,u_mesh/GEN_R[4].r/u_datapath/east_vc0_fifo/fifo_mem_reg[0][flit_data]_0_3_6_11/RAMC_D1/WE
-0.412,21,5,4,inter,u_mesh/GEN_R[5].r/u_datapath/local_vc1_fifo/rd_ptr_reg[0]/C,u_mesh/GEN_R[4].r/u_datapath/east_vc0_fifo/fifo_mem_reg[0][flit_data]_0_3_6_11/RAMD/WE
-0.412,21,5,4,inter,u_mesh/GEN_R[5].r/u_datapath/local_vc1_fifo/rd_ptr_reg[0]/C,u_mesh/GEN_R[4].r/u_datapath/east_vc0_fifo/fifo_mem_reg[0][flit_data]_0_3_6_11/RAMD_D1/WE
-0.411,22,4,1,inter,u_mesh/GEN_R[4].r/u_datapath/west_vc0_fifo/rd_ptr_reg[0]/C,u_mesh/GEN_R[1].r/u_datapath/south_vc1_fifo/count_reg[0]/D
-0.409,21,3,0,inter,u_mesh/GEN_R[3].r/u_datapath/east_vc1_fifo/rd_ptr_reg[1]_replica/C,u_mesh/GEN_R[0].r/u_datapath/south_vc2_fifo/fifo_mem_reg[0][flit_data]_0_3_30_31/DP/WE
-0.409,21,3,0,inter,u_mesh/GEN_R[3].r/u_datapath/east_vc1_fifo/rd_ptr_reg[1]_replica/C,u_mesh/GEN_R[0].r/u_datapath/south_vc2_fifo/fifo_mem_reg[0][flit_data]_0_3_30_31/SP/WE
-0.409,21,3,0,inter,u_mesh/GEN_R[3].r/u_datapath/east_vc1_fifo/rd_ptr_reg[1]_replica/C,u_mesh/GEN_R[0].r/u_datapath/south_vc2_fifo/fifo_mem_reg[0][flit_data]_0_3_30_31__0/DP/WE
-0.409,21,3,0,inter,u_mesh/GEN_R[3].r/u_datapath/east_vc1_fifo/rd_ptr_reg[1]_replica/C,u_mesh/GEN_R[0].r/u_datapath/south_vc2_fifo/fifo_mem_reg[0][flit_data]_0_3_30_31__0/SP/WE
-0.409,21,3,0,inter,u_mesh/GEN_R[3].r/u_datapath/east_vc1_fifo/rd_ptr_reg[1]_replica/C,u_mesh/GEN_R[0].r/u_datapath/south_vc2_fifo/fifo_mem_reg[0][flit_type]_0_3_0_0/DP/WE
-0.409,21,3,0,inter,u_mesh/GEN_R[3].r/u_datapath/east_vc1_fifo/rd_ptr_reg[1]_replica/C,u_mesh/GEN_R[0].r/u_datapath/south_vc2_fifo/fifo_mem_reg[0][flit_type]_0_3_0_0/SP/WE
-0.409,21,3,0,inter,u_mesh/GEN_R[3].r/u_datapath/east_vc1_fifo/rd_ptr_reg[1]_replica/C,u_mesh/GEN_R[0].r/u_datapath/south_vc2_fifo/fifo_mem_reg[0][flit_type]_0_3_1_1/DP/WE
-0.409,21,3,0,inter,u_mesh/GEN_R[3].r/u_datapath/east_vc1_fifo/rd_ptr_reg[1]_replica/C,u_mesh/GEN_R[0].r/u_datapath/south_vc2_fifo/fifo_mem_reg[0][flit_type]_0_3_1_1/SP/WE
-0.404,21,5,4,inter,u_mesh/GEN_R[5].r/u_datapath/local_vc1_fifo/rd_ptr_reg[0]/C,u_mesh/GEN_R[4].r/u_datapath/east_vc1_fifo/fifo_mem_reg[0][flit_data]_0_3_12_17/RAMA/WE
-0.404,21,5,4,inter,u_mesh/GEN_R[5].r/u_datapath/local_vc1_fifo/rd_ptr_reg[0]/C,u_mesh/GEN_R[4].r/u_datapath/east_vc1_fifo/fifo_mem_reg[0][flit_data]_0_3_12_17/RAMA_D1/WE
-0.404,21,5,4,inter,u_mesh/GEN_R[5].r/u_datapath/local_vc1_fifo/rd_ptr_reg[0]/C,u_mesh/GEN_R[4].r/u_datapath/east_vc1_fifo/fifo_mem_reg[0][flit_data]_0_3_12_17/RAMB/WE
-0.404,21,5,4,inter,u_mesh/GEN_R[5].r/u_datapath/local_vc1_fifo/rd_ptr_reg[0]/C,u_mesh/GEN_R[4].r/u_datapath/east_vc1_fifo/fifo_mem_reg[0][flit_data]_0_3_12_17/RAMB_D1/WE
-0.404,21,5,4,inter,u_mesh/GEN_R[5].r/u_datapath/local_vc1_fifo/rd_ptr_reg[0]/C,u_mesh/GEN_R[4].r/u_datapath/east_vc1_fifo/fifo_mem_reg[0][flit_data]_0_3_12_17/RAMC/WE
-0.404,21,5,4,inter,u_mesh/GEN_R[5].r/u_datapath/local_vc1_fifo/rd_ptr_reg[0]/C,u_mesh/GEN_R[4].r/u_datapath/east_vc1_fifo/fifo_mem_reg[0][flit_data]_0_3_12_17/RAMC_D1/WE
-0.404,21,5,4,inter,u_mesh/GEN_R[5].r/u_datapath/local_vc1_fifo/rd_ptr_reg[0]/C,u_mesh/GEN_R[4].r/u_datapath/east_vc1_fifo/fifo_mem_reg[0][flit_data]_0_3_12_17/RAMD/WE
-0.404,21,5,4,inter,u_mesh/GEN_R[5].r/u_datapath/local_vc1_fifo/rd_ptr_reg[0]/C,u_mesh/GEN_R[4].r/u_datapath/east_vc1_fifo/fifo_mem_reg[0][flit_data]_0_3_12_17/RAMD_D1/WE
-0.404,21,2,5,inter,u_mesh/GEN_R[2].r/u_datapath/local_vc2_fifo/rd_ptr_reg[1]/C,u_mesh/GEN_R[5].r/u_datapath/north_vc2_fifo/fifo_mem_reg[0][flit_data]_0_3_0_5/RAMA/WE
-0.404,21,2,5,inter,u_mesh/GEN_R[2].r/u_datapath/local_vc2_fifo/rd_ptr_reg[1]/C,u_mesh/GEN_R[5].r/u_datapath/north_vc2_fifo/fifo_mem_reg[0][flit_data]_0_3_0_5/RAMA_D1/WE
-0.404,21,2,5,inter,u_mesh/GEN_R[2].r/u_datapath/local_vc2_fifo/rd_ptr_reg[1]/C,u_mesh/GEN_R[5].r/u_datapath/north_vc2_fifo/fifo_mem_reg[0][flit_data]_0_3_0_5/RAMB/WE
-0.404,21,2,5,inter,u_mesh/GEN_R[2].r/u_datapath/local_vc2_fifo/rd_ptr_reg[1]/C,u_mesh/GEN_R[5].r/u_datapath/north_vc2_fifo/fifo_mem_reg[0][flit_data]_0_3_0_5/RAMB_D1/WE
-0.404,21,2,5,inter,u_mesh/GEN_R[2].r/u_datapath/local_vc2_fifo/rd_ptr_reg[1]/C,u_mesh/GEN_R[5].r/u_datapath/north_vc2_fifo/fifo_mem_reg[0][flit_data]_0_3_0_5/RAMC/WE
-0.404,21,2,5,inter,u_mesh/GEN_R[2].r/u_datapath/local_vc2_fifo/rd_ptr_reg[1]/C,u_mesh/GEN_R[5].r/u_datapath/north_vc2_fifo/fifo_mem_reg[0][flit_data]_0_3_0_5/RAMC_D1/WE
-0.404,21,2,5,inter,u_mesh/GEN_R[2].r/u_datapath/local_vc2_fifo/rd_ptr_reg[1]/C,u_mesh/GEN_R[5].r/u_datapath/north_vc2_fifo/fifo_mem_reg[0][flit_data]_0_3_0_5/RAMD/WE
-0.404,21,2,5,inter,u_mesh/GEN_R[2].r/u_datapath/local_vc2_fifo/rd_ptr_reg[1]/C,u_mesh/GEN_R[5].r/u_datapath/north_vc2_fifo/fifo_mem_reg[0][flit_data]_0_3_0_5/RAMD_D1/WE
-0.403,21,2,5,inter,u_mesh/GEN_R[2].r/u_datapath/local_vc2_fifo/rd_ptr_reg[1]/C,u_mesh/GEN_R[5].r/u_datapath/north_vc2_fifo/fifo_mem_reg[0][flit_data]_0_3_6_11/RAMA/WE
-0.403,21,2,5,inter,u_mesh/GEN_R[2].r/u_datapath/local_vc2_fifo/rd_ptr_reg[1]/C,u_mesh/GEN_R[5].r/u_datapath/north_vc2_fifo/fifo_mem_reg[0][flit_data]_0_3_6_11/RAMA_D1/WE
-0.403,21,2,5,inter,u_mesh/GEN_R[2].r/u_datapath/local_vc2_fifo/rd_ptr_reg[1]/C,u_mesh/GEN_R[5].r/u_datapath/north_vc2_fifo/fifo_mem_reg[0][flit_data]_0_3_6_11/RAMB/WE
-0.403,21,2,5,inter,u_mesh/GEN_R[2].r/u_datapath/local_vc2_fifo/rd_ptr_reg[1]/C,u_mesh/GEN_R[5].r/u_datapath/north_vc2_fifo/fifo_mem_reg[0][flit_data]_0_3_6_11/RAMB_D1/WE
-0.403,21,2,5,inter,u_mesh/GEN_R[2].r/u_datapath/local_vc2_fifo/rd_ptr_reg[1]/C,u_mesh/GEN_R[5].r/u_datapath/north_vc2_fifo/fifo_mem_reg[0][flit_data]_0_3_6_11/RAMC/WE
-0.403,21,2,5,inter,u_mesh/GEN_R[2].r/u_datapath/local_vc2_fifo/rd_ptr_reg[1]/C,u_mesh/GEN_R[5].r/u_datapath/north_vc2_fifo/fifo_mem_reg[0][flit_data]_0_3_6_11/RAMC_D1/WE
-0.403,21,2,5,inter,u_mesh/GEN_R[2].r/u_datapath/local_vc2_fifo/rd_ptr_reg[1]/C,u_mesh/GEN_R[5].r/u_datapath/north_vc2_fifo/fifo_mem_reg[0][flit_data]_0_3_6_11/RAMD/WE
-0.403,21,2,5,inter,u_mesh/GEN_R[2].r/u_datapath/local_vc2_fifo/rd_ptr_reg[1]/C,u_mesh/GEN_R[5].r/u_datapath/north_vc2_fifo/fifo_mem_reg[0][flit_data]_0_3_6_11/RAMD_D1/WE
-0.402,22,1,0,inter,u_mesh/GEN_R[1].r/u_datapath/west_vc2_fifo/rd_ptr_reg[1]/C,u_mesh/GEN_R[0].r/u_datapath/east_vc1_fifo/fifo_mem_reg[0][flit_data]_0_3_30_31/DP/WE
-0.402,22,1,0,inter,u_mesh/GEN_R[1].r/u_datapath/west_vc2_fifo/rd_ptr_reg[1]/C,u_mesh/GEN_R[0].r/u_datapath/east_vc1_fifo/fifo_mem_reg[0][flit_data]_0_3_30_31/SP/WE
-0.402,22,1,0,inter,u_mesh/GEN_R[1].r/u_datapath/west_vc2_fifo/rd_ptr_reg[1]/C,u_mesh/GEN_R[0].r/u_datapath/east_vc1_fifo/fifo_mem_reg[0][flit_data]_0_3_30_31__0/DP/WE
-0.402,22,1,0,inter,u_mesh/GEN_R[1].r/u_datapath/west_vc2_fifo/rd_ptr_reg[1]/C,u_mesh/GEN_R[0].r/u_datapath/east_vc1_fifo/fifo_mem_reg[0][flit_data]_0_3_30_31__0/SP/WE
-0.402,22,1,0,inter,u_mesh/GEN_R[1].r/u_datapath/west_vc2_fifo/rd_ptr_reg[1]/C,u_mesh/GEN_R[0].r/u_datapath/east_vc1_fifo/fifo_mem_reg[0][flit_type]_0_3_0_0/DP/WE
-0.402,22,1,0,inter,u_mesh/GEN_R[1].r/u_datapath/west_vc2_fifo/rd_ptr_reg[1]/C,u_mesh/GEN_R[0].r/u_datapath/east_vc1_fifo/fifo_mem_reg[0][flit_type]_0_3_0_0/SP/WE
-0.402,22,1,0,inter,u_mesh/GEN_R[1].r/u_datapath/west_vc2_fifo/rd_ptr_reg[1]/C,u_mesh/GEN_R[0].r/u_datapath/east_vc1_fifo/fifo_mem_reg[0][flit_type]_0_3_1_1/DP/WE
-0.402,22,1,0,inter,u_mesh/GEN_R[1].r/u_datapath/west_vc2_fifo/rd_ptr_reg[1]/C,u_mesh/GEN_R[0].r/u_datapath/east_vc1_fifo/fifo_mem_reg[0][flit_type]_0_3_1_1/SP/WE
-0.401,20,4,3,inter,u_mesh/GEN_R[4].r/u_datapath/west_vc0_fifo/rd_ptr_reg[0]/C,u_mesh/GEN_R[3].r/u_datapath/east_vc1_fifo/fifo_mem_reg[0][flit_data]_0_3_18_23/RAMB_D1/I
-0.393,21,2,5,inter,u_mesh/GEN_R[2].r/u_datapath/local_vc2_fifo/rd_ptr_reg[1]/C,u_mesh/GEN_R[5].r/u_datapath/north_vc0_fifo/fifo_mem_reg[0][flit_data]_0_3_12_17/RAMA/WE
-0.393,21,2,5,inter,u_mesh/GEN_R[2].r/u_datapath/local_vc2_fifo/rd_ptr_reg[1]/C,u_mesh/GEN_R[5].r/u_datapath/north_vc0_fifo/fifo_mem_reg[0][flit_data]_0_3_12_17/RAMA_D1/WE
-0.393,21,2,5,inter,u_mesh/GEN_R[2].r/u_datapath/local_vc2_fifo/rd_ptr_reg[1]/C,u_mesh/GEN_R[5].r/u_datapath/north_vc0_fifo/fifo_mem_reg[0][flit_data]_0_3_12_17/RAMB/WE
-0.393,21,2,5,inter,u_mesh/GEN_R[2].r/u_datapath/local_vc2_fifo/rd_ptr_reg[1]/C,u_mesh/GEN_R[5].r/u_datapath/north_vc0_fifo/fifo_mem_reg[0][flit_data]_0_3_12_17/RAMB_D1/WE
-0.393,21,2,5,inter,u_mesh/GEN_R[2].r/u_datapath/local_vc2_fifo/rd_ptr_reg[1]/C,u_mesh/GEN_R[5].r/u_datapath/north_vc0_fifo/fifo_mem_reg[0][flit_data]_0_3_12_17/RAMC/WE
-0.393,21,2,5,inter,u_mesh/GEN_R[2].r/u_datapath/local_vc2_fifo/rd_ptr_reg[1]/C,u_mesh/GEN_R[5].r/u_datapath/north_vc0_fifo/fifo_mem_reg[0][flit_data]_0_3_12_17/RAMC_D1/WE
-0.393,21,2,5,inter,u_mesh/GEN_R[2].r/u_datapath/local_vc2_fifo/rd_ptr_reg[1]/C,u_mesh/GEN_R[5].r/u_datapath/north_vc0_fifo/fifo_mem_reg[0][flit_data]_0_3_12_17/RAMD/WE
-0.393,21,2,5,inter,u_mesh/GEN_R[2].r/u_datapath/local_vc2_fifo/rd_ptr_reg[1]/C,u_mesh/GEN_R[5].r/u_datapath/north_vc0_fifo/fifo_mem_reg[0][flit_data]_0_3_12_17/RAMD_D1/WE
-0.392,21,3,4,inter,u_mesh/GEN_R[3].r/u_datapath/east_vc1_fifo/rd_ptr_reg[1]_replica/C,u_mesh/GEN_R[4].r/u_datapath/west_vc0_fifo/fifo_mem_reg[0][flit_data]_0_3_6_11/RAMA/WE
-0.392,21,3,4,inter,u_mesh/GEN_R[3].r/u_datapath/east_vc1_fifo/rd_ptr_reg[1]_replica/C,u_mesh/GEN_R[4].r/u_datapath/west_vc0_fifo/fifo_mem_reg[0][flit_data]_0_3_6_11/RAMA_D1/WE
-0.392,21,3,4,inter,u_mesh/GEN_R[3].r/u_datapath/east_vc1_fifo/rd_ptr_reg[1]_replica/C,u_mesh/GEN_R[4].r/u_datapath/west_vc0_fifo/fifo_mem_reg[0][flit_data]_0_3_6_11/RAMB/WE
-0.392,21,3,4,inter,u_mesh/GEN_R[3].r/u_datapath/east_vc1_fifo/rd_ptr_reg[1]_replica/C,u_mesh/GEN_R[4].r/u_datapath/west_vc0_fifo/fifo_mem_reg[0][flit_data]_0_3_6_11/RAMB_D1/WE
-0.392,21,3,4,inter,u_mesh/GEN_R[3].r/u_datapath/east_vc1_fifo/rd_ptr_reg[1]_replica/C,u_mesh/GEN_R[4].r/u_datapath/west_vc0_fifo/fifo_mem_reg[0][flit_data]_0_3_6_11/RAMC/WE
-0.392,21,3,4,inter,u_mesh/GEN_R[3].r/u_datapath/east_vc1_fifo/rd_ptr_reg[1]_replica/C,u_mesh/GEN_R[4].r/u_datapath/west_vc0_fifo/fifo_mem_reg[0][flit_data]_0_3_6_11/RAMC_D1/WE
-0.392,21,3,4,inter,u_mesh/GEN_R[3].r/u_datapath/east_vc1_fifo/rd_ptr_reg[1]_replica/C,u_mesh/GEN_R[4].r/u_datapath/west_vc0_fifo/fifo_mem_reg[0][flit_data]_0_3_6_11/RAMD/WE
-0.392,21,3,4,inter,u_mesh/GEN_R[3].r/u_datapath/east_vc1_fifo/rd_ptr_reg[1]_replica/C,u_mesh/GEN_R[4].r/u_datapath/west_vc0_fifo/fifo_mem_reg[0][flit_data]_0_3_6_11/RAMD_D1/WE
-0.392,20,4,5,inter,u_mesh/GEN_R[4].r/u_datapath/west_vc0_fifo/rd_ptr_reg[0]/C,u_mesh/GEN_R[5].r/u_datapath/west_vc2_fifo/fifo_mem_reg[0][flit_data]_0_3_6_11/RAMC/I
-0.391,20,1,0,inter,u_mesh/GEN_R[1].r/u_datapath/west_vc2_fifo/rd_ptr_reg[1]/C,u_mesh/GEN_R[0].r/u_datapath/east_vc1_fifo/fifo_mem_reg[0][flit_data]_0_3_12_17/RAMC/I
-0.389,21,3,4,inter,u_mesh/GEN_R[3].r/u_datapath/east_vc1_fifo/rd_ptr_reg[1]_replica/C,u_mesh/GEN_R[4].r/u_datapath/west_vc1_fifo/fifo_mem_reg[0][flit_data]_0_3_6_11/RAMA/WE
-0.389,21,3,4,inter,u_mesh/GEN_R[3].r/u_datapath/east_vc1_fifo/rd_ptr_reg[1]_replica/C,u_mesh/GEN_R[4].r/u_datapath/west_vc1_fifo/fifo_mem_reg[0][flit_data]_0_3_6_11/RAMA_D1/WE
-0.389,21,3,4,inter,u_mesh/GEN_R[3].r/u_datapath/east_vc1_fifo/rd_ptr_reg[1]_replica/C,u_mesh/GEN_R[4].r/u_datapath/west_vc1_fifo/fifo_mem_reg[0][flit_data]_0_3_6_11/RAMB/WE
-0.389,21,3,4,inter,u_mesh/GEN_R[3].r/u_datapath/east_vc1_fifo/rd_ptr_reg[1]_replica/C,u_mesh/GEN_R[4].r/u_datapath/west_vc1_fifo/fifo_mem_reg[0][flit_data]_0_3_6_11/RAMB_D1/WE
-0.389,21,3,4,inter,u_mesh/GEN_R[3].r/u_datapath/east_vc1_fifo/rd_ptr_reg[1]_replica/C,u_mesh/GEN_R[4].r/u_datapath/west_vc1_fifo/fifo_mem_reg[0][flit_data]_0_3_6_11/RAMC/WE
-0.389,21,3,4,inter,u_mesh/GEN_R[3].r/u_datapath/east_vc1_fifo/rd_ptr_reg[1]_replica/C,u_mesh/GEN_R[4].r/u_datapath/west_vc1_fifo/fifo_mem_reg[0][flit_data]_0_3_6_11/RAMC_D1/WE
-0.389,21,3,4,inter,u_mesh/GEN_R[3].r/u_datapath/east_vc1_fifo/rd_ptr_reg[1]_replica/C,u_mesh/GEN_R[4].r/u_datapath/west_vc1_fifo/fifo_mem_reg[0][flit_data]_0_3_6_11/RAMD/WE
-0.389,21,3,4,inter,u_mesh/GEN_R[3].r/u_datapath/east_vc1_fifo/rd_ptr_reg[1]_replica/C,u_mesh/GEN_R[4].r/u_datapath/west_vc1_fifo/fifo_mem_reg[0][flit_data]_0_3_6_11/RAMD_D1/WE
-0.388,21,3,4,inter,u_mesh/GEN_R[3].r/u_datapath/east_vc1_fifo/rd_ptr_reg[1]_replica/C,u_mesh/GEN_R[4].r/u_datapath/west_vc0_fifo/fifo_mem_reg[0][vc_id]_0_3_0_0/DP/WE
-0.388,21,3,4,inter,u_mesh/GEN_R[3].r/u_datapath/east_vc1_fifo/rd_ptr_reg[1]_replica/C,u_mesh/GEN_R[4].r/u_datapath/west_vc0_fifo/fifo_mem_reg[0][vc_id]_0_3_0_0/SP/WE
-0.388,21,3,4,inter,u_mesh/GEN_R[3].r/u_datapath/east_vc1_fifo/rd_ptr_reg[1]_replica/C,u_mesh/GEN_R[4].r/u_datapath/west_vc0_fifo/fifo_mem_reg[0][vc_id]_0_3_1_1/DP/WE
-0.388,21,3,4,inter,u_mesh/GEN_R[3].r/u_datapath/east_vc1_fifo/rd_ptr_reg[1]_replica/C,u_mesh/GEN_R[4].r/u_datapath/west_vc0_fifo/fifo_mem_reg[0][vc_id]_0_3_1_1/SP/WE
-0.385,20,4,5,inter,u_mesh/GEN_R[4].r/u_datapath/west_vc0_fifo/rd_ptr_reg[0]/C,u_mesh/GEN_R[5].r/u_datapath/west_vc1_fifo/fifo_mem_reg[0][flit_data]_0_3_6_11/RAMA_D1/I
-0.376,20,4,3,inter,u_mesh/GEN_R[4].r/u_datapath/west_vc0_fifo/rd_ptr_reg[0]/C,u_mesh/GEN_R[3].r/u_datapath/east_vc0_fifo/fifo_mem_reg[0][flit_data]_0_3_30_31__0/DP/I
-0.374,20,4,5,inter,u_mesh/GEN_R[4].r/u_datapath/west_vc0_fifo/rd_ptr_reg[0]/C,u_mesh/GEN_R[5].r/u_datapath/west_vc2_fifo/fifo_mem_reg[0][flit_data]_0_3_6_11/RAMC_D1/I
-0.374,21,3,4,inter,u_mesh/GEN_R[3].r/u_datapath/east_vc1_fifo/rd_ptr_reg[1]_replica/C,u_mesh/GEN_R[4].r/u_datapath/west_vc0_fifo/fifo_mem_reg[0][flit_data]_0_3_12_17/RAMA/WE
-0.374,21,3,4,inter,u_mesh/GEN_R[3].r/u_datapath/east_vc1_fifo/rd_ptr_reg[1]_replica/C,u_mesh/GEN_R[4].r/u_datapath/west_vc0_fifo/fifo_mem_reg[0][flit_data]_0_3_12_17/RAMA_D1/WE
-0.374,21,3,4,inter,u_mesh/GEN_R[3].r/u_datapath/east_vc1_fifo/rd_ptr_reg[1]_replica/C,u_mesh/GEN_R[4].r/u_datapath/west_vc0_fifo/fifo_mem_reg[0][flit_data]_0_3_12_17/RAMB/WE
-0.374,21,3,4,inter,u_mesh/GEN_R[3].r/u_datapath/east_vc1_fifo/rd_ptr_reg[1]_replica/C,u_mesh/GEN_R[4].r/u_datapath/west_vc0_fifo/fifo_mem_reg[0][flit_data]_0_3_12_17/RAMB_D1/WE
-0.374,21,3,4,inter,u_mesh/GEN_R[3].r/u_datapath/east_vc1_fifo/rd_ptr_reg[1]_replica/C,u_mesh/GEN_R[4].r/u_datapath/west_vc0_fifo/fifo_mem_reg[0][flit_data]_0_3_12_17/RAMC/WE
-0.374,21,3,4,inter,u_mesh/GEN_R[3].r/u_datapath/east_vc1_fifo/rd_ptr_reg[1]_replica/C,u_mesh/GEN_R[4].r/u_datapath/west_vc0_fifo/fifo_mem_reg[0][flit_data]_0_3_12_17/RAMC_D1/WE
-0.374,21,3,4,inter,u_mesh/GEN_R[3].r/u_datapath/east_vc1_fifo/rd_ptr_reg[1]_replica/C,u_mesh/GEN_R[4].r/u_datapath/west_vc0_fifo/fifo_mem_reg[0][flit_data]_0_3_12_17/RAMD/WE
-0.374,21,3,4,inter,u_mesh/GEN_R[3].r/u_datapath/east_vc1_fifo/rd_ptr_reg[1]_replica/C,u_mesh/GEN_R[4].r/u_datapath/west_vc0_fifo/fifo_mem_reg[0][flit_data]_0_3_12_17/RAMD_D1/WE
-0.372,20,4,5,inter,u_mesh/GEN_R[4].r/u_datapath/west_vc0_fifo/rd_ptr_reg[0]/C,u_mesh/GEN_R[5].r/u_datapath/west_vc0_fifo/fifo_mem_reg[0][flit_data]_0_3_24_29/RAMB_D1/I
-0.372,20,4,1,inter,u_mesh/GEN_R[4].r/u_datapath/local_vc2_fifo/rd_ptr_reg[0]_replica/C,u_mesh/GEN_R[1].r/u_datapath/south_vc2_fifo/fifo_mem_reg[0][flit_data]_0_3_30_31__0/DP/I
-0.371,20,4,3,inter,u_mesh/GEN_R[4].r/u_datapath/west_vc0_fifo/rd_ptr_reg[0]/C,u_mesh/GEN_R[3].r/u_datapath/east_vc1_fifo/fifo_mem_reg[0][flit_data]_0_3_24_29/RAMB_D1/I
-0.367,20,2,5,inter,u_mesh/GEN_R[2].r/u_datapath/local_vc2_fifo/rd_ptr_reg[1]/C,u_mesh/GEN_R[5].r/u_datapath/north_vc1_fifo/fifo_mem_reg[0][flit_data]_0_3_24_29/RAMA_D1/I
-0.367,20,4,3,inter,u_mesh/GEN_R[4].r/u_datapath/west_vc0_fifo/rd_ptr_reg[0]/C,u_mesh/GEN_R[3].r/u_datapath/east_vc0_fifo/fifo_mem_reg[0][flit_type]_0_3_1_1/SP/I
-0.365,22,5,2,inter,u_mesh/GEN_R[5].r/u_datapath/local_vc1_fifo/rd_ptr_reg[0]/C,u_mesh/GEN_R[2].r/u_datapath/south_vc0_fifo/fifo_mem_reg[0][flit_data]_0_3_18_23/RAMA/WE
-0.365,22,5,2,inter,u_mesh/GEN_R[5].r/u_datapath/local_vc1_fifo/rd_ptr_reg[0]/C,u_mesh/GEN_R[2].r/u_datapath/south_vc0_fifo/fifo_mem_reg[0][flit_data]_0_3_18_23/RAMA_D1/WE
-0.365,22,5,2,inter,u_mesh/GEN_R[5].r/u_datapath/local_vc1_fifo/rd_ptr_reg[0]/C,u_mesh/GEN_R[2].r/u_datapath/south_vc0_fifo/fifo_mem_reg[0][flit_data]_0_3_18_23/RAMB/WE
-0.365,22,5,2,inter,u_mesh/GEN_R[5].r/u_datapath/local_vc1_fifo/rd_ptr_reg[0]/C,u_mesh/GEN_R[2].r/u_datapath/south_vc0_fifo/fifo_mem_reg[0][flit_data]_0_3_18_23/RAMB_D1/WE
-0.365,22,5,2,inter,u_mesh/GEN_R[5].r/u_datapath/local_vc1_fifo/rd_ptr_reg[0]/C,u_mesh/GEN_R[2].r/u_datapath/south_vc0_fifo/fifo_mem_reg[0][flit_data]_0_3_18_23/RAMC/WE
-0.365,22,5,2,inter,u_mesh/GEN_R[5].r/u_datapath/local_vc1_fifo/rd_ptr_reg[0]/C,u_mesh/GEN_R[2].r/u_datapath/south_vc0_fifo/fifo_mem_reg[0][flit_data]_0_3_18_23/RAMC_D1/WE
-0.365,22,5,2,inter,u_mesh/GEN_R[5].r/u_datapath/local_vc1_fifo/rd_ptr_reg[0]/C,u_mesh/GEN_R[2].r/u_datapath/south_vc0_fifo/fifo_mem_reg[0][flit_data]_0_3_18_23/RAMD/WE
-0.365,22,5,2,inter,u_mesh/GEN_R[5].r/u_datapath/local_vc1_fifo/rd_ptr_reg[0]/C,u_mesh/GEN_R[2].r/u_datapath/south_vc0_fifo/fifo_mem_reg[0][flit_data]_0_3_18_23/RAMD_D1/WE
-0.363,22,1,0,inter,u_mesh/GEN_R[1].r/u_datapath/west_vc2_fifo/rd_ptr_reg[1]/C,u_mesh/GEN_R[0].r/u_datapath/east_vc1_fifo/fifo_mem_reg[0][flit_data]_0_3_18_23/RAMA/WE
-0.363,22,1,0,inter,u_mesh/GEN_R[1].r/u_datapath/west_vc2_fifo/rd_ptr_reg[1]/C,u_mesh/GEN_R[0].r/u_datapath/east_vc1_fifo/fifo_mem_reg[0][flit_data]_0_3_18_23/RAMA_D1/WE
-0.363,22,1,0,inter,u_mesh/GEN_R[1].r/u_datapath/west_vc2_fifo/rd_ptr_reg[1]/C,u_mesh/GEN_R[0].r/u_datapath/east_vc1_fifo/fifo_mem_reg[0][flit_data]_0_3_18_23/RAMB/WE
-0.363,22,1,0,inter,u_mesh/GEN_R[1].r/u_datapath/west_vc2_fifo/rd_ptr_reg[1]/C,u_mesh/GEN_R[0].r/u_datapath/east_vc1_fifo/fifo_mem_reg[0][flit_data]_0_3_18_23/RAMB_D1/WE
-0.363,22,1,0,inter,u_mesh/GEN_R[1].r/u_datapath/west_vc2_fifo/rd_ptr_reg[1]/C,u_mesh/GEN_R[0].r/u_datapath/east_vc1_fifo/fifo_mem_reg[0][flit_data]_0_3_18_23/RAMC/WE
-0.363,22,1,0,inter,u_mesh/GEN_R[1].r/u_datapath/west_vc2_fifo/rd_ptr_reg[1]/C,u_mesh/GEN_R[0].r/u_datapath/east_vc1_fifo/fifo_mem_reg[0][flit_data]_0_3_18_23/RAMC_D1/WE
-0.363,22,1,0,inter,u_mesh/GEN_R[1].r/u_datapath/west_vc2_fifo/rd_ptr_reg[1]/C,u_mesh/GEN_R[0].r/u_datapath/east_vc1_fifo/fifo_mem_reg[0][flit_data]_0_3_18_23/RAMD/WE
-0.363,22,1,0,inter,u_mesh/GEN_R[1].r/u_datapath/west_vc2_fifo/rd_ptr_reg[1]/C,u_mesh/GEN_R[0].r/u_datapath/east_vc1_fifo/fifo_mem_reg[0][flit_data]_0_3_18_23/RAMD_D1/WE
-0.363,20,4,1,inter,u_mesh/GEN_R[4].r/u_datapath/west_vc0_fifo/rd_ptr_reg[0]/C,u_mesh/GEN_R[1].r/u_datapath/south_vc1_fifo/fifo_mem_reg[0][flit_data]_0_3_6_11/RAMB/I
-0.363,22,4,1,inter,u_mesh/GEN_R[4].r/u_datapath/west_vc0_fifo/rd_ptr_reg[0]/C,u_mesh/GEN_R[1].r/u_datapath/south_vc1_fifo/count_reg[1]/D
-0.363,20,4,5,inter,u_mesh/GEN_R[4].r/u_datapath/west_vc0_fifo/rd_ptr_reg[0]/C,u_mesh/GEN_R[5].r/u_datapath/west_vc2_fifo/fifo_mem_reg[0][flit_data]_0_3_24_29/RAMB_D1/I
-0.363,22,5,2,inter,u_mesh/GEN_R[5].r/u_datapath/local_vc1_fifo/rd_ptr_reg[0]/C,u_mesh/GEN_R[2].r/u_datapath/south_vc1_fifo/fifo_mem_reg[0][flit_data]_0_3_6_11/RAMA/WE
-0.363,22,5,2,inter,u_mesh/GEN_R[5].r/u_datapath/local_vc1_fifo/rd_ptr_reg[0]/C,u_mesh/GEN_R[2].r/u_datapath/south_vc1_fifo/fifo_mem_reg[0][flit_data]_0_3_6_11/RAMA_D1/WE
-0.363,22,5,2,inter,u_mesh/GEN_R[5].r/u_datapath/local_vc1_fifo/rd_ptr_reg[0]/C,u_mesh/GEN_R[2].r/u_datapath/south_vc1_fifo/fifo_mem_reg[0][flit_data]_0_3_6_11/RAMB/WE
-0.363,22,5,2,inter,u_mesh/GEN_R[5].r/u_datapath/local_vc1_fifo/rd_ptr_reg[0]/C,u_mesh/GEN_R[2].r/u_datapath/south_vc1_fifo/fifo_mem_reg[0][flit_data]_0_3_6_11/RAMB_D1/WE
-0.363,22,5,2,inter,u_mesh/GEN_R[5].r/u_datapath/local_vc1_fifo/rd_ptr_reg[0]/C,u_mesh/GEN_R[2].r/u_datapath/south_vc1_fifo/fifo_mem_reg[0][flit_data]_0_3_6_11/RAMC/WE
-0.363,22,5,2,inter,u_mesh/GEN_R[5].r/u_datapath/local_vc1_fifo/rd_ptr_reg[0]/C,u_mesh/GEN_R[2].r/u_datapath/south_vc1_fifo/fifo_mem_reg[0][flit_data]_0_3_6_11/RAMC_D1/WE
-0.363,22,5,2,inter,u_mesh/GEN_R[5].r/u_datapath/local_vc1_fifo/rd_ptr_reg[0]/C,u_mesh/GEN_R[2].r/u_datapath/south_vc1_fifo/fifo_mem_reg[0][flit_data]_0_3_6_11/RAMD/WE
-0.363,22,5,2,inter,u_mesh/GEN_R[5].r/u_datapath/local_vc1_fifo/rd_ptr_reg[0]/C,u_mesh/GEN_R[2].r/u_datapath/south_vc1_fifo/fifo_mem_reg[0][flit_data]_0_3_6_11/RAMD_D1/WE
-0.360,20,4,5,inter,u_mesh/GEN_R[4].r/u_datapath/west_vc0_fifo/rd_ptr_reg[0]/C,u_mesh/GEN_R[5].r/u_datapath/west_vc1_fifo/fifo_mem_reg[0][flit_data]_0_3_12_17/RAMC_D1/I
-0.358,20,4,1,inter,u_mesh/GEN_R[4].r/u_datapath/west_vc0_fifo/rd_ptr_reg[0]/C,u_mesh/GEN_R[1].r/u_datapath/south_vc2_fifo/fifo_mem_reg[0][flit_data]_0_3_12_17/RAMC/I
-0.358,20,1,0,inter,u_mesh/GEN_R[1].r/u_datapath/west_vc2_fifo/rd_ptr_reg[1]/C,u_mesh/GEN_R[0].r/u_datapath/east_vc1_fifo/fifo_mem_reg[0][flit_data]_0_3_18_23/RAMC/I
-0.358,20,4,3,inter,u_mesh/GEN_R[4].r/u_datapath/west_vc0_fifo/rd_ptr_reg[0]/C,u_mesh/GEN_R[3].r/u_datapath/east_vc0_fifo/fifo_mem_reg[0][flit_data]_0_3_18_23/RAMA_D1/I
-0.355,21,2,5,inter,u_mesh/GEN_R[2].r/u_datapath/local_vc2_fifo/rd_ptr_reg[1]/C,u_mesh/GEN_R[5].r/u_datapath/north_vc1_fifo/fifo_mem_reg[0][flit_data]_0_3_30_31/DP/WE
-0.355,21,2,5,inter,u_mesh/GEN_R[2].r/u_datapath/local_vc2_fifo/rd_ptr_reg[1]/C,u_mesh/GEN_R[5].r/u_datapath/north_vc1_fifo/fifo_mem_reg[0][flit_data]_0_3_30_31/SP/WE
-0.355,21,2,5,inter,u_mesh/GEN_R[2].r/u_datapath/local_vc2_fifo/rd_ptr_reg[1]/C,u_mesh/GEN_R[5].r/u_datapath/north_vc1_fifo/fifo_mem_reg[0][flit_data]_0_3_30_31__0/DP/WE
-0.355,21,2,5,inter,u_mesh/GEN_R[2].r/u_datapath/local_vc2_fifo/rd_ptr_reg[1]/C,u_mesh/GEN_R[5].r/u_datapath/north_vc1_fifo/fifo_mem_reg[0][flit_data]_0_3_30_31__0/SP/WE
-0.355,21,2,5,inter,u_mesh/GEN_R[2].r/u_datapath/local_vc2_fifo/rd_ptr_reg[1]/C,u_mesh/GEN_R[5].r/u_datapath/north_vc1_fifo/fifo_mem_reg[0][flit_type]_0_3_0_0/DP/WE
-0.355,21,2,5,inter,u_mesh/GEN_R[2].r/u_datapath/local_vc2_fifo/rd_ptr_reg[1]/C,u_mesh/GEN_R[5].r/u_datapath/north_vc1_fifo/fifo_mem_reg[0][flit_type]_0_3_0_0/SP/WE
-0.355,21,2,5,inter,u_mesh/GEN_R[2].r/u_datapath/local_vc2_fifo/rd_ptr_reg[1]/C,u_mesh/GEN_R[5].r/u_datapath/north_vc1_fifo/fifo_mem_reg[0][flit_type]_0_3_1_1/DP/WE
-0.355,21,2,5,inter,u_mesh/GEN_R[2].r/u_datapath/local_vc2_fifo/rd_ptr_reg[1]/C,u_mesh/GEN_R[5].r/u_datapath/north_vc1_fifo/fifo_mem_reg[0][flit_type]_0_3_1_1/SP/WE
-0.354,22,2,1,inter,u_mesh/GEN_R[2].r/u_datapath/local_vc2_fifo/rd_ptr_reg[1]/C,u_mesh/GEN_R[1].r/u_datapath/east_vc0_fifo/fifo_mem_reg[0][flit_data]_0_3_30_31/DP/WE
-0.354,22,2,1,inter,u_mesh/GEN_R[2].r/u_datapath/local_vc2_fifo/rd_ptr_reg[1]/C,u_mesh/GEN_R[1].r/u_datapath/east_vc0_fifo/fifo_mem_reg[0][flit_data]_0_3_30_31/SP/WE
-0.354,22,2,1,inter,u_mesh/GEN_R[2].r/u_datapath/local_vc2_fifo/rd_ptr_reg[1]/C,u_mesh/GEN_R[1].r/u_datapath/east_vc0_fifo/fifo_mem_reg[0][flit_data]_0_3_30_31__0/DP/WE
-0.354,22,2,1,inter,u_mesh/GEN_R[2].r/u_datapath/local_vc2_fifo/rd_ptr_reg[1]/C,u_mesh/GEN_R[1].r/u_datapath/east_vc0_fifo/fifo_mem_reg[0][flit_data]_0_3_30_31__0/SP/WE
-0.354,22,2,1,inter,u_mesh/GEN_R[2].r/u_datapath/local_vc2_fifo/rd_ptr_reg[1]/C,u_mesh/GEN_R[1].r/u_datapath/east_vc0_fifo/fifo_mem_reg[0][flit_type]_0_3_0_0/DP/WE
-0.354,22,2,1,inter,u_mesh/GEN_R[2].r/u_datapath/local_vc2_fifo/rd_ptr_reg[1]/C,u_mesh/GEN_R[1].r/u_datapath/east_vc0_fifo/fifo_mem_reg[0][flit_type]_0_3_0_0/SP/WE
-0.354,22,2,1,inter,u_mesh/GEN_R[2].r/u_datapath/local_vc2_fifo/rd_ptr_reg[1]/C,u_mesh/GEN_R[1].r/u_datapath/east_vc0_fifo/fifo_mem_reg[0][flit_type]_0_3_1_1/DP/WE
-0.354,22,2,1,inter,u_mesh/GEN_R[2].r/u_datapath/local_vc2_fifo/rd_ptr_reg[1]/C,u_mesh/GEN_R[1].r/u_datapath/east_vc0_fifo/fifo_mem_reg[0][flit_type]_0_3_1_1/SP/WE
-0.353,20,4,3,inter,u_mesh/GEN_R[4].r/u_datapath/west_vc0_fifo/rd_ptr_reg[0]/C,u_mesh/GEN_R[3].r/u_datapath/east_vc0_fifo/fifo_mem_reg[0][flit_data]_0_3_6_11/RAMB_D1/I
-0.351,20,4,1,inter,u_mesh/GEN_R[4].r/u_datapath/west_vc0_fifo/rd_ptr_reg[0]/C,u_mesh/GEN_R[1].r/u_datapath/south_vc2_fifo/fifo_mem_reg[0][flit_data]_0_3_18_23/RAMA_D1/I
-0.349,20,1,0,inter,u_mesh/GEN_R[1].r/u_datapath/west_vc2_fifo/rd_ptr_reg[1]/C,u_mesh/GEN_R[0].r/u_datapath/east_vc2_fifo/fifo_mem_reg[0][flit_data]_0_3_12_17/RAMC/I
-0.347,21,2,5,inter,u_mesh/GEN_R[2].r/u_datapath/local_vc2_fifo/rd_ptr_reg[1]/C,u_mesh/GEN_R[5].r/u_datapath/north_vc0_fifo/fifo_mem_reg[0][flit_data]_0_3_0_5/RAMA/WE
-0.347,21,2,5,inter,u_mesh/GEN_R[2].r/u_datapath/local_vc2_fifo/rd_ptr_reg[1]/C,u_mesh/GEN_R[5].r/u_datapath/north_vc0_fifo/fifo_mem_reg[0][flit_data]_0_3_0_5/RAMA_D1/WE
-0.347,21,2,5,inter,u_mesh/GEN_R[2].r/u_datapath/local_vc2_fifo/rd_ptr_reg[1]/C,u_mesh/GEN_R[5].r/u_datapath/north_vc0_fifo/fifo_mem_reg[0][flit_data]_0_3_0_5/RAMB/WE
-0.347,21,2,5,inter,u_mesh/GEN_R[2].r/u_datapath/local_vc2_fifo/rd_ptr_reg[1]/C,u_mesh/GEN_R[5].r/u_datapath/north_vc0_fifo/fifo_mem_reg[0][flit_data]_0_3_0_5/RAMB_D1/WE
-0.347,21,2,5,inter,u_mesh/GEN_R[2].r/u_datapath/local_vc2_fifo/rd_ptr_reg[1]/C,u_mesh/GEN_R[5].r/u_datapath/north_vc0_fifo/fifo_mem_reg[0][flit_data]_0_3_0_5/RAMC/WE
-0.347,21,2,5,inter,u_mesh/GEN_R[2].r/u_datapath/local_vc2_fifo/rd_ptr_reg[1]/C,u_mesh/GEN_R[5].r/u_datapath/north_vc0_fifo/fifo_mem_reg[0][flit_data]_0_3_0_5/RAMC_D1/WE
-0.347,21,2,5,inter,u_mesh/GEN_R[2].r/u_datapath/local_vc2_fifo/rd_ptr_reg[1]/C,u_mesh/GEN_R[5].r/u_datapath/north_vc0_fifo/fifo_mem_reg[0][flit_data]_0_3_0_5/RAMD/WE
-0.347,21,2,5,inter,u_mesh/GEN_R[2].r/u_datapath/local_vc2_fifo/rd_ptr_reg[1]/C,u_mesh/GEN_R[5].r/u_datapath/north_vc0_fifo/fifo_mem_reg[0][flit_data]_0_3_0_5/RAMD_D1/WE
-0.344,20,4,1,inter,u_mesh/GEN_R[4].r/u_datapath/west_vc0_fifo/rd_ptr_reg[0]/C,u_mesh/GEN_R[1].r/u_datapath/south_vc0_fifo/fifo_mem_reg[0][flit_data]_0_3_12_17/RAMC/I
-0.344,21,0,1,inter,u_mesh/GEN_R[0].r/u_datapath/east_vc1_fifo/rd_ptr_reg[0]/C,u_mesh/GEN_R[1].r/u_datapath/west_vc2_fifo/fifo_mem_reg[0][flit_data]_0_3_6_11/RAMA/WE
-0.344,21,0,1,inter,u_mesh/GEN_R[0].r/u_datapath/east_vc1_fifo/rd_ptr_reg[0]/C,u_mesh/GEN_R[1].r/u_datapath/west_vc2_fifo/fifo_mem_reg[0][flit_data]_0_3_6_11/RAMA_D1/WE
-0.344,21,0,1,inter,u_mesh/GEN_R[0].r/u_datapath/east_vc1_fifo/rd_ptr_reg[0]/C,u_mesh/GEN_R[1].r/u_datapath/west_vc2_fifo/fifo_mem_reg[0][flit_data]_0_3_6_11/RAMB/WE
-0.344,21,0,1,inter,u_mesh/GEN_R[0].r/u_datapath/east_vc1_fifo/rd_ptr_reg[0]/C,u_mesh/GEN_R[1].r/u_datapath/west_vc2_fifo/fifo_mem_reg[0][flit_data]_0_3_6_11/RAMB_D1/WE
-0.344,21,0,1,inter,u_mesh/GEN_R[0].r/u_datapath/east_vc1_fifo/rd_ptr_reg[0]/C,u_mesh/GEN_R[1].r/u_datapath/west_vc2_fifo/fifo_mem_reg[0][flit_data]_0_3_6_11/RAMC/WE
-0.344,21,0,1,inter,u_mesh/GEN_R[0].r/u_datapath/east_vc1_fifo/rd_ptr_reg[0]/C,u_mesh/GEN_R[1].r/u_datapath/west_vc2_fifo/fifo_mem_reg[0][flit_data]_0_3_6_11/RAMC_D1/WE
-0.344,21,0,1,inter,u_mesh/GEN_R[0].r/u_datapath/east_vc1_fifo/rd_ptr_reg[0]/C,u_mesh/GEN_R[1].r/u_datapath/west_vc2_fifo/fifo_mem_reg[0][flit_data]_0_3_6_11/RAMD/WE
-0.344,21,0,1,inter,u_mesh/GEN_R[0].r/u_datapath/east_vc1_fifo/rd_ptr_reg[0]/C,u_mesh/GEN_R[1].r/u_datapath/west_vc2_fifo/fifo_mem_reg[0][flit_data]_0_3_6_11/RAMD_D1/WE
-0.343,20,4,4,intra,u_mesh/GEN_R[4].r/u_datapath/west_vc0_fifo/rd_ptr_reg[0]/C,u_mesh/GEN_R[4].r/u_eject_fifo/fifo_mem_reg[0][flit_data]_0_15_6_11/RAMB/I
-0.342,20,4,5,inter,u_mesh/GEN_R[4].r/u_datapath/west_vc0_fifo/rd_ptr_reg[0]/C,u_mesh/GEN_R[5].r/u_datapath/west_vc1_fifo/fifo_mem_reg[0][flit_data]_0_3_0_5/RAMA_D1/I
-0.340,22,4,3,inter,u_mesh/GEN_R[4].r/u_datapath/local_vc2_fifo/rd_ptr_reg[0]_replica/C,u_mesh/GEN_R[3].r/u_datapath/east_vc0_fifo/wr_ptr_reg[1]/D
-0.338,20,4,1,inter,u_mesh/GEN_R[4].r/u_datapath/local_vc2_fifo/rd_ptr_reg[0]_replica/C,u_mesh/GEN_R[1].r/u_datapath/south_vc0_fifo/fifo_mem_reg[0][flit_data]_0_3_12_17/RAMB_D1/I
-0.337,21,2,5,inter,u_mesh/GEN_R[2].r/u_datapath/local_vc2_fifo/rd_ptr_reg[1]/C,u_mesh/GEN_R[5].r/u_datapath/north_vc1_fifo/fifo_mem_reg[0][vc_id]_0_3_0_0/DP/WE
-0.337,21,2,5,inter,u_mesh/GEN_R[2].r/u_datapath/local_vc2_fifo/rd_ptr_reg[1]/C,u_mesh/GEN_R[5].r/u_datapath/north_vc1_fifo/fifo_mem_reg[0][vc_id]_0_3_0_0/SP/WE
-0.337,21,2,5,inter,u_mesh/GEN_R[2].r/u_datapath/local_vc2_fifo/rd_ptr_reg[1]/C,u_mesh/GEN_R[5].r/u_datapath/north_vc1_fifo/fifo_mem_reg[0][vc_id]_0_3_1_1/DP/WE
-0.337,21,2,5,inter,u_mesh/GEN_R[2].r/u_datapath/local_vc2_fifo/rd_ptr_reg[1]/C,u_mesh/GEN_R[5].r/u_datapath/north_vc1_fifo/fifo_mem_reg[0][vc_id]_0_3_1_1/SP/WE
-0.337,21,3,0,inter,u_mesh/GEN_R[3].r/u_datapath/east_vc1_fifo/rd_ptr_reg[1]_replica/C,u_mesh/GEN_R[0].r/u_datapath/south_vc0_fifo/fifo_mem_reg[0][flit_data]_0_3_12_17/RAMA/WE
-0.337,21,3,0,inter,u_mesh/GEN_R[3].r/u_datapath/east_vc1_fifo/rd_ptr_reg[1]_replica/C,u_mesh/GEN_R[0].r/u_datapath/south_vc0_fifo/fifo_mem_reg[0][flit_data]_0_3_12_17/RAMA_D1/WE
-0.337,21,3,0,inter,u_mesh/GEN_R[3].r/u_datapath/east_vc1_fifo/rd_ptr_reg[1]_replica/C,u_mesh/GEN_R[0].r/u_datapath/south_vc0_fifo/fifo_mem_reg[0][flit_data]_0_3_12_17/RAMB/WE
-0.337,21,3,0,inter,u_mesh/GEN_R[3].r/u_datapath/east_vc1_fifo/rd_ptr_reg[1]_replica/C,u_mesh/GEN_R[0].r/u_datapath/south_vc0_fifo/fifo_mem_reg[0][flit_data]_0_3_12_17/RAMB_D1/WE
-0.337,21,3,0,inter,u_mesh/GEN_R[3].r/u_datapath/east_vc1_fifo/rd_ptr_reg[1]_replica/C,u_mesh/GEN_R[0].r/u_datapath/south_vc0_fifo/fifo_mem_reg[0][flit_data]_0_3_12_17/RAMC/WE
-0.337,21,3,0,inter,u_mesh/GEN_R[3].r/u_datapath/east_vc1_fifo/rd_ptr_reg[1]_replica/C,u_mesh/GEN_R[0].r/u_datapath/south_vc0_fifo/fifo_mem_reg[0][flit_data]_0_3_12_17/RAMC_D1/WE
-0.337,21,3,0,inter,u_mesh/GEN_R[3].r/u_datapath/east_vc1_fifo/rd_ptr_reg[1]_replica/C,u_mesh/GEN_R[0].r/u_datapath/south_vc0_fifo/fifo_mem_reg[0][flit_data]_0_3_12_17/RAMD/WE
-0.337,21,3,0,inter,u_mesh/GEN_R[3].r/u_datapath/east_vc1_fifo/rd_ptr_reg[1]_replica/C,u_mesh/GEN_R[0].r/u_datapath/south_vc0_fifo/fifo_mem_reg[0][flit_data]_0_3_12_17/RAMD_D1/WE
-0.336,21,2,5,inter,u_mesh/GEN_R[2].r/u_datapath/local_vc2_fifo/rd_ptr_reg[1]/C,u_mesh/GEN_R[5].r/u_datapath/north_vc0_fifo/fifo_mem_reg[0][flit_data]_0_3_24_29/RAMA/WE
-0.336,21,2,5,inter,u_mesh/GEN_R[2].r/u_datapath/local_vc2_fifo/rd_ptr_reg[1]/C,u_mesh/GEN_R[5].r/u_datapath/north_vc0_fifo/fifo_mem_reg[0][flit_data]_0_3_24_29/RAMA_D1/WE
-0.336,21,2,5,inter,u_mesh/GEN_R[2].r/u_datapath/local_vc2_fifo/rd_ptr_reg[1]/C,u_mesh/GEN_R[5].r/u_datapath/north_vc0_fifo/fifo_mem_reg[0][flit_data]_0_3_24_29/RAMB/WE
-0.336,21,2,5,inter,u_mesh/GEN_R[2].r/u_datapath/local_vc2_fifo/rd_ptr_reg[1]/C,u_mesh/GEN_R[5].r/u_datapath/north_vc0_fifo/fifo_mem_reg[0][flit_data]_0_3_24_29/RAMB_D1/WE
-0.336,21,2,5,inter,u_mesh/GEN_R[2].r/u_datapath/local_vc2_fifo/rd_ptr_reg[1]/C,u_mesh/GEN_R[5].r/u_datapath/north_vc0_fifo/fifo_mem_reg[0][flit_data]_0_3_24_29/RAMC/WE
-0.336,21,2,5,inter,u_mesh/GEN_R[2].r/u_datapath/local_vc2_fifo/rd_ptr_reg[1]/C,u_mesh/GEN_R[5].r/u_datapath/north_vc0_fifo/fifo_mem_reg[0][flit_data]_0_3_24_29/RAMC_D1/WE
-0.336,21,2,5,inter,u_mesh/GEN_R[2].r/u_datapath/local_vc2_fifo/rd_ptr_reg[1]/C,u_mesh/GEN_R[5].r/u_datapath/north_vc0_fifo/fifo_mem_reg[0][flit_data]_0_3_24_29/RAMD/WE
-0.336,21,2,5,inter,u_mesh/GEN_R[2].r/u_datapath/local_vc2_fifo/rd_ptr_reg[1]/C,u_mesh/GEN_R[5].r/u_datapath/north_vc0_fifo/fifo_mem_reg[0][flit_data]_0_3_24_29/RAMD_D1/WE
-0.335,20,4,1,inter,u_mesh/GEN_R[4].r/u_datapath/west_vc0_fifo/rd_ptr_reg[0]/C,u_mesh/GEN_R[1].r/u_datapath/south_vc1_fifo/fifo_mem_reg[0][flit_data]_0_3_6_11/RAMC_D1/I
-0.333,20,4,5,inter,u_mesh/GEN_R[4].r/u_datapath/west_vc0_fifo/rd_ptr_reg[0]/C,u_mesh/GEN_R[5].r/u_datapath/west_vc0_fifo/fifo_mem_reg[0][flit_data]_0_3_0_5/RAMA_D1/I
-0.333,20,1,0,inter,u_mesh/GEN_R[1].r/u_datapath/west_vc2_fifo/rd_ptr_reg[1]/C,u_mesh/GEN_R[0].r/u_datapath/east_vc1_fifo/fifo_mem_reg[0][flit_data]_0_3_30_31/DP/I
-0.330,20,4,3,inter,u_mesh/GEN_R[4].r/u_datapath/west_vc0_fifo/rd_ptr_reg[0]/C,u_mesh/GEN_R[3].r/u_datapath/east_vc2_fifo/fifo_mem_reg[0][flit_data]_0_3_6_11/RAMA_D1/I
-0.326,22,5,2,inter,u_mesh/GEN_R[5].r/u_datapath/local_vc1_fifo/rd_ptr_reg[0]/C,u_mesh/GEN_R[2].r/u_datapath/south_vc1_fifo/fifo_mem_reg[0][flit_data]_0_3_12_17/RAMA/WE
-0.326,22,5,2,inter,u_mesh/GEN_R[5].r/u_datapath/local_vc1_fifo/rd_ptr_reg[0]/C,u_mesh/GEN_R[2].r/u_datapath/south_vc1_fifo/fifo_mem_reg[0][flit_data]_0_3_12_17/RAMA_D1/WE
-0.326,22,5,2,inter,u_mesh/GEN_R[5].r/u_datapath/local_vc1_fifo/rd_ptr_reg[0]/C,u_mesh/GEN_R[2].r/u_datapath/south_vc1_fifo/fifo_mem_reg[0][flit_data]_0_3_12_17/RAMB/WE
-0.326,22,5,2,inter,u_mesh/GEN_R[5].r/u_datapath/local_vc1_fifo/rd_ptr_reg[0]/C,u_mesh/GEN_R[2].r/u_datapath/south_vc1_fifo/fifo_mem_reg[0][flit_data]_0_3_12_17/RAMB_D1/WE
-0.326,22,5,2,inter,u_mesh/GEN_R[5].r/u_datapath/local_vc1_fifo/rd_ptr_reg[0]/C,u_mesh/GEN_R[2].r/u_datapath/south_vc1_fifo/fifo_mem_reg[0][flit_data]_0_3_12_17/RAMC/WE
-0.326,22,5,2,inter,u_mesh/GEN_R[5].r/u_datapath/local_vc1_fifo/rd_ptr_reg[0]/C,u_mesh/GEN_R[2].r/u_datapath/south_vc1_fifo/fifo_mem_reg[0][flit_data]_0_3_12_17/RAMC_D1/WE
-0.326,22,5,2,inter,u_mesh/GEN_R[5].r/u_datapath/local_vc1_fifo/rd_ptr_reg[0]/C,u_mesh/GEN_R[2].r/u_datapath/south_vc1_fifo/fifo_mem_reg[0][flit_data]_0_3_12_17/RAMD/WE
-0.326,22,5,2,inter,u_mesh/GEN_R[5].r/u_datapath/local_vc1_fifo/rd_ptr_reg[0]/C,u_mesh/GEN_R[2].r/u_datapath/south_vc1_fifo/fifo_mem_reg[0][flit_data]_0_3_12_17/RAMD_D1/WE
-0.320,20,4,5,inter,u_mesh/GEN_R[4].r/u_datapath/west_vc0_fifo/rd_ptr_reg[0]/C,u_mesh/GEN_R[5].r/u_datapath/west_vc1_fifo/fifo_mem_reg[0][flit_data]_0_3_0_5/RAMB/I
-0.318,20,1,0,inter,u_mesh/GEN_R[1].r/u_datapath/west_vc2_fifo/rd_ptr_reg[1]/C,u_mesh/GEN_R[0].r/u_datapath/east_vc1_fifo/fifo_mem_reg[0][flit_data]_0_3_30_31/SP/I
-0.317,21,1,4,inter,u_mesh/GEN_R[1].r/u_datapath/west_vc2_fifo/rd_ptr_reg[1]/C,u_mesh/GEN_R[4].r/u_datapath/north_vc0_fifo/fifo_mem_reg[0][flit_data]_0_3_6_11/RAMA/WE
-0.317,21,1,4,inter,u_mesh/GEN_R[1].r/u_datapath/west_vc2_fifo/rd_ptr_reg[1]/C,u_mesh/GEN_R[4].r/u_datapath/north_vc0_fifo/fifo_mem_reg[0][flit_data]_0_3_6_11/RAMA_D1/WE
-0.317,21,1,4,inter,u_mesh/GEN_R[1].r/u_datapath/west_vc2_fifo/rd_ptr_reg[1]/C,u_mesh/GEN_R[4].r/u_datapath/north_vc0_fifo/fifo_mem_reg[0][flit_data]_0_3_6_11/RAMB/WE
-0.317,21,1,4,inter,u_mesh/GEN_R[1].r/u_datapath/west_vc2_fifo/rd_ptr_reg[1]/C,u_mesh/GEN_R[4].r/u_datapath/north_vc0_fifo/fifo_mem_reg[0][flit_data]_0_3_6_11/RAMB_D1/WE
-0.317,21,1,4,inter,u_mesh/GEN_R[1].r/u_datapath/west_vc2_fifo/rd_ptr_reg[1]/C,u_mesh/GEN_R[4].r/u_datapath/north_vc0_fifo/fifo_mem_reg[0][flit_data]_0_3_6_11/RAMC/WE
-0.317,21,1,4,inter,u_mesh/GEN_R[1].r/u_datapath/west_vc2_fifo/rd_ptr_reg[1]/C,u_mesh/GEN_R[4].r/u_datapath/north_vc0_fifo/fifo_mem_reg[0][flit_data]_0_3_6_11/RAMC_D1/WE
-0.317,21,1,4,inter,u_mesh/GEN_R[1].r/u_datapath/west_vc2_fifo/rd_ptr_reg[1]/C,u_mesh/GEN_R[4].r/u_datapath/north_vc0_fifo/fifo_mem_reg[0][flit_data]_0_3_6_11/RAMD/WE
-0.317,21,1,4,inter,u_mesh/GEN_R[1].r/u_datapath/west_vc2_fifo/rd_ptr_reg[1]/C,u_mesh/GEN_R[4].r/u_datapath/north_vc0_fifo/fifo_mem_reg[0][flit_data]_0_3_6_11/RAMD_D1/WE
-0.316,20,4,3,inter,u_mesh/GEN_R[4].r/u_datapath/west_vc0_fifo/rd_ptr_reg[0]/C,u_mesh/GEN_R[3].r/u_datapath/east_vc1_fifo/fifo_mem_reg[0][flit_data]_0_3_0_5/RAMC/I
-0.316,20,4,5,inter,u_mesh/GEN_R[4].r/u_datapath/west_vc0_fifo/rd_ptr_reg[0]/C,u_mesh/GEN_R[5].r/u_datapath/west_vc2_fifo/fifo_mem_reg[0][flit_data]_0_3_18_23/RAMA_D1/I
-0.316,22,5,2,inter,u_mesh/GEN_R[5].r/u_datapath/local_vc1_fifo/rd_ptr_reg[0]/C,u_mesh/GEN_R[2].r/u_datapath/south_vc0_fifo/fifo_mem_reg[0][vc_id]_0_3_0_0/DP/WE
-0.316,22,5,2,inter,u_mesh/GEN_R[5].r/u_datapath/local_vc1_fifo/rd_ptr_reg[0]/C,u_mesh/GEN_R[2].r/u_datapath/south_vc0_fifo/fifo_mem_reg[0][vc_id]_0_3_0_0/SP/WE
-0.316,22,5,2,inter,u_mesh/GEN_R[5].r/u_datapath/local_vc1_fifo/rd_ptr_reg[0]/C,u_mesh/GEN_R[2].r/u_datapath/south_vc0_fifo/fifo_mem_reg[0][vc_id]_0_3_1_1/DP/WE
-0.316,22,5,2,inter,u_mesh/GEN_R[5].r/u_datapath/local_vc1_fifo/rd_ptr_reg[0]/C,u_mesh/GEN_R[2].r/u_datapath/south_vc0_fifo/fifo_mem_reg[0][vc_id]_0_3_1_1/SP/WE
-0.316,22,5,2,inter,u_mesh/GEN_R[5].r/u_datapath/local_vc1_fifo/rd_ptr_reg[0]/C,u_mesh/GEN_R[2].r/u_datapath/south_vc0_fifo/fifo_mem_reg[0][flit_data]_0_3_24_29/RAMA/WE
-0.316,22,5,2,inter,u_mesh/GEN_R[5].r/u_datapath/local_vc1_fifo/rd_ptr_reg[0]/C,u_mesh/GEN_R[2].r/u_datapath/south_vc0_fifo/fifo_mem_reg[0][flit_data]_0_3_24_29/RAMA_D1/WE
-0.316,22,5,2,inter,u_mesh/GEN_R[5].r/u_datapath/local_vc1_fifo/rd_ptr_reg[0]/C,u_mesh/GEN_R[2].r/u_datapath/south_vc0_fifo/fifo_mem_reg[0][flit_data]_0_3_24_29/RAMB/WE
-0.316,22,5,2,inter,u_mesh/GEN_R[5].r/u_datapath/local_vc1_fifo/rd_ptr_reg[0]/C,u_mesh/GEN_R[2].r/u_datapath/south_vc0_fifo/fifo_mem_reg[0][flit_data]_0_3_24_29/RAMB_D1/WE
-0.316,22,5,2,inter,u_mesh/GEN_R[5].r/u_datapath/local_vc1_fifo/rd_ptr_reg[0]/C,u_mesh/GEN_R[2].r/u_datapath/south_vc0_fifo/fifo_mem_reg[0][flit_data]_0_3_24_29/RAMC/WE
-0.316,22,5,2,inter,u_mesh/GEN_R[5].r/u_datapath/local_vc1_fifo/rd_ptr_reg[0]/C,u_mesh/GEN_R[2].r/u_datapath/south_vc0_fifo/fifo_mem_reg[0][flit_data]_0_3_24_29/RAMC_D1/WE
-0.316,22,5,2,inter,u_mesh/GEN_R[5].r/u_datapath/local_vc1_fifo/rd_ptr_reg[0]/C,u_mesh/GEN_R[2].r/u_datapath/south_vc0_fifo/fifo_mem_reg[0][flit_data]_0_3_24_29/RAMD/WE
-0.316,22,5,2,inter,u_mesh/GEN_R[5].r/u_datapath/local_vc1_fifo/rd_ptr_reg[0]/C,u_mesh/GEN_R[2].r/u_datapath/south_vc0_fifo/fifo_mem_reg[0][flit_data]_0_3_24_29/RAMD_D1/WE
-0.313,20,4,5,inter,u_mesh/GEN_R[4].r/u_datapath/west_vc0_fifo/rd_ptr_reg[0]/C,u_mesh/GEN_R[5].r/u_datapath/west_vc2_fifo/fifo_mem_reg[0][flit_data]_0_3_0_5/RAMB/I
-0.308,21,3,0,inter,u_mesh/GEN_R[3].r/u_datapath/east_vc1_fifo/rd_ptr_reg[1]_replica/C,u_mesh/GEN_R[0].r/u_datapath/south_vc0_fifo/fifo_mem_reg[0][vc_id]_0_3_0_0/DP/WE
-0.308,21,3,0,inter,u_mesh/GEN_R[3].r/u_datapath/east_vc1_fifo/rd_ptr_reg[1]_replica/C,u_mesh/GEN_R[0].r/u_datapath/south_vc0_fifo/fifo_mem_reg[0][vc_id]_0_3_0_0/SP/WE
-0.308,21,3,0,inter,u_mesh/GEN_R[3].r/u_datapath/east_vc1_fifo/rd_ptr_reg[1]_replica/C,u_mesh/GEN_R[0].r/u_datapath/south_vc0_fifo/fifo_mem_reg[0][vc_id]_0_3_1_1/DP/WE
-0.308,21,3,0,inter,u_mesh/GEN_R[3].r/u_datapath/east_vc1_fifo/rd_ptr_reg[1]_replica/C,u_mesh/GEN_R[0].r/u_datapath/south_vc0_fifo/fifo_mem_reg[0][vc_id]_0_3_1_1/SP/WE
-0.305,20,4,1,inter,u_mesh/GEN_R[4].r/u_datapath/west_vc0_fifo/rd_ptr_reg[0]/C,u_mesh/GEN_R[1].r/u_datapath/south_vc2_fifo/fifo_mem_reg[0][flit_data]_0_3_6_11/RAMB/I
-0.305,20,4,5,inter,u_mesh/GEN_R[4].r/u_datapath/west_vc0_fifo/rd_ptr_reg[0]/C,u_mesh/GEN_R[5].r/u_datapath/west_vc1_fifo/fifo_mem_reg[0][flit_data]_0_3_6_11/RAMC_D1/I
-0.305,20,4,4,intra,u_mesh/GEN_R[4].r/u_datapath/west_vc0_fifo/rd_ptr_reg[0]/C,u_mesh/GEN_R[4].r/u_eject_fifo/fifo_mem_reg[0][flit_data]_0_15_6_11/RAMC_D1/I
-0.301,20,4,5,inter,u_mesh/GEN_R[4].r/u_datapath/local_vc2_fifo/rd_ptr_reg[0]_replica/C,u_mesh/GEN_R[5].r/u_datapath/west_vc2_fifo/fifo_mem_reg[0][flit_data]_0_3_30_31/DP/I
-0.301,21,3,0,inter,u_mesh/GEN_R[3].r/u_datapath/east_vc1_fifo/rd_ptr_reg[1]_replica/C,u_mesh/GEN_R[0].r/u_datapath/south_vc0_fifo/fifo_mem_reg[0][flit_data]_0_3_6_11/RAMA/WE
-0.301,21,3,0,inter,u_mesh/GEN_R[3].r/u_datapath/east_vc1_fifo/rd_ptr_reg[1]_replica/C,u_mesh/GEN_R[0].r/u_datapath/south_vc0_fifo/fifo_mem_reg[0][flit_data]_0_3_6_11/RAMA_D1/WE
-0.301,21,3,0,inter,u_mesh/GEN_R[3].r/u_datapath/east_vc1_fifo/rd_ptr_reg[1]_replica/C,u_mesh/GEN_R[0].r/u_datapath/south_vc0_fifo/fifo_mem_reg[0][flit_data]_0_3_6_11/RAMB/WE
-0.301,21,3,0,inter,u_mesh/GEN_R[3].r/u_datapath/east_vc1_fifo/rd_ptr_reg[1]_replica/C,u_mesh/GEN_R[0].r/u_datapath/south_vc0_fifo/fifo_mem_reg[0][flit_data]_0_3_6_11/RAMB_D1/WE
-0.301,21,3,0,inter,u_mesh/GEN_R[3].r/u_datapath/east_vc1_fifo/rd_ptr_reg[1]_replica/C,u_mesh/GEN_R[0].r/u_datapath/south_vc0_fifo/fifo_mem_reg[0][flit_data]_0_3_6_11/RAMC/WE
-0.301,21,3,0,inter,u_mesh/GEN_R[3].r/u_datapath/east_vc1_fifo/rd_ptr_reg[1]_replica/C,u_mesh/GEN_R[0].r/u_datapath/south_vc0_fifo/fifo_mem_reg[0][flit_data]_0_3_6_11/RAMC_D1/WE
-0.301,21,3,0,inter,u_mesh/GEN_R[3].r/u_datapath/east_vc1_fifo/rd_ptr_reg[1]_replica/C,u_mesh/GEN_R[0].r/u_datapath/south_vc0_fifo/fifo_mem_reg[0][flit_data]_0_3_6_11/RAMD/WE
-0.301,21,3,0,inter,u_mesh/GEN_R[3].r/u_datapath/east_vc1_fifo/rd_ptr_reg[1]_replica/C,u_mesh/GEN_R[0].r/u_datapath/south_vc0_fifo/fifo_mem_reg[0][flit_data]_0_3_6_11/RAMD_D1/WE
-0.301,20,4,1,inter,u_mesh/GEN_R[4].r/u_datapath/local_vc2_fifo/rd_ptr_reg[0]_replica/C,u_mesh/GEN_R[1].r/u_datapath/south_vc1_fifo/fifo_mem_reg[0][flit_data]_0_3_0_5/RAMB_D1/I
-0.298,21,5,2,inter,u_mesh/GEN_R[5].r/u_datapath/local_vc1_fifo/rd_ptr_reg[0]/C,u_mesh/GEN_R[2].r/u_datapath/south_vc2_fifo/fifo_mem_reg[0][flit_data]_0_3_18_23/RAMA/WE
-0.298,21,5,2,inter,u_mesh/GEN_R[5].r/u_datapath/local_vc1_fifo/rd_ptr_reg[0]/C,u_mesh/GEN_R[2].r/u_datapath/south_vc2_fifo/fifo_mem_reg[0][flit_data]_0_3_18_23/RAMA_D1/WE
-0.298,21,5,2,inter,u_mesh/GEN_R[5].r/u_datapath/local_vc1_fifo/rd_ptr_reg[0]/C,u_mesh/GEN_R[2].r/u_datapath/south_vc2_fifo/fifo_mem_reg[0][flit_data]_0_3_18_23/RAMB/WE
-0.298,21,5,2,inter,u_mesh/GEN_R[5].r/u_datapath/local_vc1_fifo/rd_ptr_reg[0]/C,u_mesh/GEN_R[2].r/u_datapath/south_vc2_fifo/fifo_mem_reg[0][flit_data]_0_3_18_23/RAMB_D1/WE
-0.298,21,5,2,inter,u_mesh/GEN_R[5].r/u_datapath/local_vc1_fifo/rd_ptr_reg[0]/C,u_mesh/GEN_R[2].r/u_datapath/south_vc2_fifo/fifo_mem_reg[0][flit_data]_0_3_18_23/RAMC/WE
-0.298,21,5,2,inter,u_mesh/GEN_R[5].r/u_datapath/local_vc1_fifo/rd_ptr_reg[0]/C,u_mesh/GEN_R[2].r/u_datapath/south_vc2_fifo/fifo_mem_reg[0][flit_data]_0_3_18_23/RAMC_D1/WE
-0.298,21,5,2,inter,u_mesh/GEN_R[5].r/u_datapath/local_vc1_fifo/rd_ptr_reg[0]/C,u_mesh/GEN_R[2].r/u_datapath/south_vc2_fifo/fifo_mem_reg[0][flit_data]_0_3_18_23/RAMD/WE
-0.298,21,5,2,inter,u_mesh/GEN_R[5].r/u_datapath/local_vc1_fifo/rd_ptr_reg[0]/C,u_mesh/GEN_R[2].r/u_datapath/south_vc2_fifo/fifo_mem_reg[0][flit_data]_0_3_18_23/RAMD_D1/WE
-0.296,20,4,5,inter,u_mesh/GEN_R[4].r/u_datapath/west_vc0_fifo/rd_ptr_reg[0]/C,u_mesh/GEN_R[5].r/u_datapath/west_vc2_fifo/fifo_mem_reg[0][flit_data]_0_3_6_11/RAMA_D1/I
-0.296,20,4,3,inter,u_mesh/GEN_R[4].r/u_datapath/west_vc0_fifo/rd_ptr_reg[0]/C,u_mesh/GEN_R[3].r/u_datapath/east_vc2_fifo/fifo_mem_reg[0][flit_data]_0_3_24_29/RAMA/I
-0.295,20,4,3,inter,u_mesh/GEN_R[4].r/u_datapath/west_vc0_fifo/rd_ptr_reg[0]/C,u_mesh/GEN_R[3].r/u_datapath/east_vc2_fifo/fifo_mem_reg[0][flit_data]_0_3_6_11/RAMB_D1/I
-0.295,20,4,5,inter,u_mesh/GEN_R[4].r/u_datapath/west_vc0_fifo/rd_ptr_reg[0]/C,u_mesh/GEN_R[5].r/u_datapath/west_vc1_fifo/fifo_mem_reg[0][flit_data]_0_3_12_17/RAMC/I
-0.291,20,4,3,inter,u_mesh/GEN_R[4].r/u_datapath/west_vc0_fifo/rd_ptr_reg[0]/C,u_mesh/GEN_R[3].r/u_datapath/east_vc1_fifo/fifo_mem_reg[0][flit_data]_0_3_6_11/RAMA_D1/I
-0.291,21,5,4,inter,u_mesh/GEN_R[5].r/u_datapath/local_vc1_fifo/rd_ptr_reg[0]/C,u_mesh/GEN_R[4].r/u_datapath/east_vc1_fifo/fifo_mem_reg[0][flit_data]_0_3_0_5/RAMA/WE
-0.291,21,5,4,inter,u_mesh/GEN_R[5].r/u_datapath/local_vc1_fifo/rd_ptr_reg[0]/C,u_mesh/GEN_R[4].r/u_datapath/east_vc1_fifo/fifo_mem_reg[0][flit_data]_0_3_0_5/RAMA_D1/WE
-0.291,21,5,4,inter,u_mesh/GEN_R[5].r/u_datapath/local_vc1_fifo/rd_ptr_reg[0]/C,u_mesh/GEN_R[4].r/u_datapath/east_vc1_fifo/fifo_mem_reg[0][flit_data]_0_3_0_5/RAMB/WE
-0.291,21,5,4,inter,u_mesh/GEN_R[5].r/u_datapath/local_vc1_fifo/rd_ptr_reg[0]/C,u_mesh/GEN_R[4].r/u_datapath/east_vc1_fifo/fifo_mem_reg[0][flit_data]_0_3_0_5/RAMB_D1/WE
-0.291,21,5,4,inter,u_mesh/GEN_R[5].r/u_datapath/local_vc1_fifo/rd_ptr_reg[0]/C,u_mesh/GEN_R[4].r/u_datapath/east_vc1_fifo/fifo_mem_reg[0][flit_data]_0_3_0_5/RAMC/WE
-0.291,21,5,4,inter,u_mesh/GEN_R[5].r/u_datapath/local_vc1_fifo/rd_ptr_reg[0]/C,u_mesh/GEN_R[4].r/u_datapath/east_vc1_fifo/fifo_mem_reg[0][flit_data]_0_3_0_5/RAMC_D1/WE
-0.291,21,5,4,inter,u_mesh/GEN_R[5].r/u_datapath/local_vc1_fifo/rd_ptr_reg[0]/C,u_mesh/GEN_R[4].r/u_datapath/east_vc1_fifo/fifo_mem_reg[0][flit_data]_0_3_0_5/RAMD/WE
-0.291,21,5,4,inter,u_mesh/GEN_R[5].r/u_datapath/local_vc1_fifo/rd_ptr_reg[0]/C,u_mesh/GEN_R[4].r/u_datapath/east_vc1_fifo/fifo_mem_reg[0][flit_data]_0_3_0_5/RAMD_D1/WE
-0.290,21,5,4,inter,u_mesh/GEN_R[5].r/u_datapath/local_vc1_fifo/rd_ptr_reg[0]/C,u_mesh/GEN_R[4].r/u_datapath/east_vc1_fifo/fifo_mem_reg[0][flit_data]_0_3_30_31/DP/WE
-0.290,21,5,4,inter,u_mesh/GEN_R[5].r/u_datapath/local_vc1_fifo/rd_ptr_reg[0]/C,u_mesh/GEN_R[4].r/u_datapath/east_vc1_fifo/fifo_mem_reg[0][flit_data]_0_3_30_31/SP/WE
-0.290,21,5,4,inter,u_mesh/GEN_R[5].r/u_datapath/local_vc1_fifo/rd_ptr_reg[0]/C,u_mesh/GEN_R[4].r/u_datapath/east_vc1_fifo/fifo_mem_reg[0][flit_data]_0_3_30_31__0/DP/WE
-0.290,21,5,4,inter,u_mesh/GEN_R[5].r/u_datapath/local_vc1_fifo/rd_ptr_reg[0]/C,u_mesh/GEN_R[4].r/u_datapath/east_vc1_fifo/fifo_mem_reg[0][flit_data]_0_3_30_31__0/SP/WE
-0.290,21,5,4,inter,u_mesh/GEN_R[5].r/u_datapath/local_vc1_fifo/rd_ptr_reg[0]/C,u_mesh/GEN_R[4].r/u_datapath/east_vc1_fifo/fifo_mem_reg[0][flit_type]_0_3_0_0/DP/WE
-0.290,21,5,4,inter,u_mesh/GEN_R[5].r/u_datapath/local_vc1_fifo/rd_ptr_reg[0]/C,u_mesh/GEN_R[4].r/u_datapath/east_vc1_fifo/fifo_mem_reg[0][flit_type]_0_3_0_0/SP/WE
-0.290,21,5,4,inter,u_mesh/GEN_R[5].r/u_datapath/local_vc1_fifo/rd_ptr_reg[0]/C,u_mesh/GEN_R[4].r/u_datapath/east_vc1_fifo/fifo_mem_reg[0][flit_type]_0_3_1_1/DP/WE
-0.290,21,5,4,inter,u_mesh/GEN_R[5].r/u_datapath/local_vc1_fifo/rd_ptr_reg[0]/C,u_mesh/GEN_R[4].r/u_datapath/east_vc1_fifo/fifo_mem_reg[0][flit_type]_0_3_1_1/SP/WE
-0.290,22,5,2,inter,u_mesh/GEN_R[5].r/u_datapath/local_vc1_fifo/rd_ptr_reg[0]/C,u_mesh/GEN_R[2].r/u_datapath/south_vc0_fifo/fifo_mem_reg[0][flit_data]_0_3_6_11/RAMA/WE
-0.290,22,5,2,inter,u_mesh/GEN_R[5].r/u_datapath/local_vc1_fifo/rd_ptr_reg[0]/C,u_mesh/GEN_R[2].r/u_datapath/south_vc0_fifo/fifo_mem_reg[0][flit_data]_0_3_6_11/RAMA_D1/WE
-0.290,22,5,2,inter,u_mesh/GEN_R[5].r/u_datapath/local_vc1_fifo/rd_ptr_reg[0]/C,u_mesh/GEN_R[2].r/u_datapath/south_vc0_fifo/fifo_mem_reg[0][flit_data]_0_3_6_11/RAMB/WE
-0.290,22,5,2,inter,u_mesh/GEN_R[5].r/u_datapath/local_vc1_fifo/rd_ptr_reg[0]/C,u_mesh/GEN_R[2].r/u_datapath/south_vc0_fifo/fifo_mem_reg[0][flit_data]_0_3_6_11/RAMB_D1/WE
-0.290,22,5,2,inter,u_mesh/GEN_R[5].r/u_datapath/local_vc1_fifo/rd_ptr_reg[0]/C,u_mesh/GEN_R[2].r/u_datapath/south_vc0_fifo/fifo_mem_reg[0][flit_data]_0_3_6_11/RAMC/WE
-0.290,22,5,2,inter,u_mesh/GEN_R[5].r/u_datapath/local_vc1_fifo/rd_ptr_reg[0]/C,u_mesh/GEN_R[2].r/u_datapath/south_vc0_fifo/fifo_mem_reg[0][flit_data]_0_3_6_11/RAMC_D1/WE
-0.290,22,5,2,inter,u_mesh/GEN_R[5].r/u_datapath/local_vc1_fifo/rd_ptr_reg[0]/C,u_mesh/GEN_R[2].r/u_datapath/south_vc0_fifo/fifo_mem_reg[0][flit_data]_0_3_6_11/RAMD/WE
-0.290,22,5,2,inter,u_mesh/GEN_R[5].r/u_datapath/local_vc1_fifo/rd_ptr_reg[0]/C,u_mesh/GEN_R[2].r/u_datapath/south_vc0_fifo/fifo_mem_reg[0][flit_data]_0_3_6_11/RAMD_D1/WE
-0.288,20,4,1,inter,u_mesh/GEN_R[4].r/u_datapath/west_vc0_fifo/rd_ptr_reg[0]/C,u_mesh/GEN_R[1].r/u_datapath/south_vc0_fifo/fifo_mem_reg[0][flit_data]_0_3_12_17/RAMA/I
-0.283,20,4,1,inter,u_mesh/GEN_R[4].r/u_datapath/local_vc2_fifo/rd_ptr_reg[0]_replica/C,u_mesh/GEN_R[1].r/u_datapath/south_vc0_fifo/fifo_mem_reg[0][flit_data]_0_3_0_5/RAMB_D1/I
-0.282,20,4,1,inter,u_mesh/GEN_R[4].r/u_datapath/west_vc0_fifo/rd_ptr_reg[0]/C,u_mesh/GEN_R[1].r/u_datapath/south_vc2_fifo/fifo_mem_reg[0][flit_type]_0_3_1_1/SP/I
-0.282,21,2,5,inter,u_mesh/GEN_R[2].r/u_datapath/local_vc2_fifo/rd_ptr_reg[1]/C,u_mesh/GEN_R[5].r/u_datapath/north_vc0_fifo/fifo_mem_reg[0][flit_data]_0_3_18_23/RAMA/WE
-0.282,21,2,5,inter,u_mesh/GEN_R[2].r/u_datapath/local_vc2_fifo/rd_ptr_reg[1]/C,u_mesh/GEN_R[5].r/u_datapath/north_vc0_fifo/fifo_mem_reg[0][flit_data]_0_3_18_23/RAMA_D1/WE
-0.282,21,2,5,inter,u_mesh/GEN_R[2].r/u_datapath/local_vc2_fifo/rd_ptr_reg[1]/C,u_mesh/GEN_R[5].r/u_datapath/north_vc0_fifo/fifo_mem_reg[0][flit_data]_0_3_18_23/RAMB/WE
-0.282,21,2,5,inter,u_mesh/GEN_R[2].r/u_datapath/local_vc2_fifo/rd_ptr_reg[1]/C,u_mesh/GEN_R[5].r/u_datapath/north_vc0_fifo/fifo_mem_reg[0][flit_data]_0_3_18_23/RAMB_D1/WE
-0.282,21,2,5,inter,u_mesh/GEN_R[2].r/u_datapath/local_vc2_fifo/rd_ptr_reg[1]/C,u_mesh/GEN_R[5].r/u_datapath/north_vc0_fifo/fifo_mem_reg[0][flit_data]_0_3_18_23/RAMC/WE
-0.282,21,2,5,inter,u_mesh/GEN_R[2].r/u_datapath/local_vc2_fifo/rd_ptr_reg[1]/C,u_mesh/GEN_R[5].r/u_datapath/north_vc0_fifo/fifo_mem_reg[0][flit_data]_0_3_18_23/RAMC_D1/WE
-0.282,21,2,5,inter,u_mesh/GEN_R[2].r/u_datapath/local_vc2_fifo/rd_ptr_reg[1]/C,u_mesh/GEN_R[5].r/u_datapath/north_vc0_fifo/fifo_mem_reg[0][flit_data]_0_3_18_23/RAMD/WE
-0.282,21,2,5,inter,u_mesh/GEN_R[2].r/u_datapath/local_vc2_fifo/rd_ptr_reg[1]/C,u_mesh/GEN_R[5].r/u_datapath/north_vc0_fifo/fifo_mem_reg[0][flit_data]_0_3_18_23/RAMD_D1/WE
-0.281,20,4,3,inter,u_mesh/GEN_R[4].r/u_datapath/west_vc0_fifo/rd_ptr_reg[0]/C,u_mesh/GEN_R[3].r/u_datapath/east_vc1_fifo/fifo_mem_reg[0][flit_data]_0_3_6_11/RAMB/I
-0.281,20,4,5,inter,u_mesh/GEN_R[4].r/u_datapath/west_vc0_fifo/rd_ptr_reg[0]/C,u_mesh/GEN_R[5].r/u_datapath/west_vc0_fifo/fifo_mem_reg[0][flit_data]_0_3_12_17/RAMB_D1/I
-0.281,20,4,3,inter,u_mesh/GEN_R[4].r/u_datapath/west_vc0_fifo/rd_ptr_reg[0]/C,u_mesh/GEN_R[3].r/u_datapath/east_vc0_fifo/fifo_mem_reg[0][flit_data]_0_3_0_5/RAMA/I
-0.278,20,4,1,inter,u_mesh/GEN_R[4].r/u_datapath/west_vc0_fifo/rd_ptr_reg[0]/C,u_mesh/GEN_R[1].r/u_datapath/south_vc2_fifo/fifo_mem_reg[0][flit_data]_0_3_0_5/RAMA_D1/I
-0.278,20,4,1,inter,u_mesh/GEN_R[4].r/u_datapath/west_vc0_fifo/rd_ptr_reg[0]/C,u_mesh/GEN_R[1].r/u_datapath/south_vc2_fifo/fifo_mem_reg[0][flit_data]_0_3_12_17/RAMC_D1/I
-0.277,20,4,5,inter,u_mesh/GEN_R[4].r/u_datapath/west_vc0_fifo/rd_ptr_reg[0]/C,u_mesh/GEN_R[5].r/u_datapath/west_vc2_fifo/fifo_mem_reg[0][flit_data]_0_3_12_17/RAMC/I
-0.276,20,4,1,inter,u_mesh/GEN_R[4].r/u_datapath/west_vc0_fifo/rd_ptr_reg[0]/C,u_mesh/GEN_R[1].r/u_datapath/south_vc1_fifo/fifo_mem_reg[0][flit_data]_0_3_18_23/RAMC/I
-0.272,21,5,2,inter,u_mesh/GEN_R[5].r/u_datapath/local_vc1_fifo/rd_ptr_reg[0]/C,u_mesh/GEN_R[2].r/u_datapath/south_vc2_fifo/fifo_mem_reg[0][flit_data]_0_3_30_31/DP/WE
-0.272,21,5,2,inter,u_mesh/GEN_R[5].r/u_datapath/local_vc1_fifo/rd_ptr_reg[0]/C,u_mesh/GEN_R[2].r/u_datapath/south_vc2_fifo/fifo_mem_reg[0][flit_data]_0_3_30_31/SP/WE
-0.272,21,5,2,inter,u_mesh/GEN_R[5].r/u_datapath/local_vc1_fifo/rd_ptr_reg[0]/C,u_mesh/GEN_R[2].r/u_datapath/south_vc2_fifo/fifo_mem_reg[0][flit_data]_0_3_30_31__0/DP/WE
-0.272,21,5,2,inter,u_mesh/GEN_R[5].r/u_datapath/local_vc1_fifo/rd_ptr_reg[0]/C,u_mesh/GEN_R[2].r/u_datapath/south_vc2_fifo/fifo_mem_reg[0][flit_data]_0_3_30_31__0/SP/WE
-0.272,21,5,2,inter,u_mesh/GEN_R[5].r/u_datapath/local_vc1_fifo/rd_ptr_reg[0]/C,u_mesh/GEN_R[2].r/u_datapath/south_vc2_fifo/fifo_mem_reg[0][flit_type]_0_3_0_0/DP/WE
-0.272,21,5,2,inter,u_mesh/GEN_R[5].r/u_datapath/local_vc1_fifo/rd_ptr_reg[0]/C,u_mesh/GEN_R[2].r/u_datapath/south_vc2_fifo/fifo_mem_reg[0][flit_type]_0_3_0_0/SP/WE
-0.272,21,5,2,inter,u_mesh/GEN_R[5].r/u_datapath/local_vc1_fifo/rd_ptr_reg[0]/C,u_mesh/GEN_R[2].r/u_datapath/south_vc2_fifo/fifo_mem_reg[0][flit_type]_0_3_1_1/DP/WE
-0.272,21,5,2,inter,u_mesh/GEN_R[5].r/u_datapath/local_vc1_fifo/rd_ptr_reg[0]/C,u_mesh/GEN_R[2].r/u_datapath/south_vc2_fifo/fifo_mem_reg[0][flit_type]_0_3_1_1/SP/WE
-0.270,20,4,5,inter,u_mesh/GEN_R[4].r/u_datapath/local_vc2_fifo/rd_ptr_reg[0]_replica/C,u_mesh/GEN_R[5].r/u_datapath/west_vc0_fifo/fifo_mem_reg[0][flit_data]_0_3_30_31__0/DP/I
-0.269,21,3,4,inter,u_mesh/GEN_R[3].r/u_datapath/east_vc1_fifo/rd_ptr_reg[1]_replica/C,u_mesh/GEN_R[4].r/u_datapath/west_vc0_fifo/fifo_mem_reg[0][flit_data]_0_3_0_5/RAMA/WE
-0.269,21,3,4,inter,u_mesh/GEN_R[3].r/u_datapath/east_vc1_fifo/rd_ptr_reg[1]_replica/C,u_mesh/GEN_R[4].r/u_datapath/west_vc0_fifo/fifo_mem_reg[0][flit_data]_0_3_0_5/RAMA_D1/WE
-0.269,21,3,4,inter,u_mesh/GEN_R[3].r/u_datapath/east_vc1_fifo/rd_ptr_reg[1]_replica/C,u_mesh/GEN_R[4].r/u_datapath/west_vc0_fifo/fifo_mem_reg[0][flit_data]_0_3_0_5/RAMB/WE
-0.269,21,3,4,inter,u_mesh/GEN_R[3].r/u_datapath/east_vc1_fifo/rd_ptr_reg[1]_replica/C,u_mesh/GEN_R[4].r/u_datapath/west_vc0_fifo/fifo_mem_reg[0][flit_data]_0_3_0_5/RAMB_D1/WE
-0.269,21,3,4,inter,u_mesh/GEN_R[3].r/u_datapath/east_vc1_fifo/rd_ptr_reg[1]_replica/C,u_mesh/GEN_R[4].r/u_datapath/west_vc0_fifo/fifo_mem_reg[0][flit_data]_0_3_0_5/RAMC/WE
-0.269,21,3,4,inter,u_mesh/GEN_R[3].r/u_datapath/east_vc1_fifo/rd_ptr_reg[1]_replica/C,u_mesh/GEN_R[4].r/u_datapath/west_vc0_fifo/fifo_mem_reg[0][flit_data]_0_3_0_5/RAMC_D1/WE
-0.269,21,3,4,inter,u_mesh/GEN_R[3].r/u_datapath/east_vc1_fifo/rd_ptr_reg[1]_replica/C,u_mesh/GEN_R[4].r/u_datapath/west_vc0_fifo/fifo_mem_reg[0][flit_data]_0_3_0_5/RAMD/WE
-0.269,21,3,4,inter,u_mesh/GEN_R[3].r/u_datapath/east_vc1_fifo/rd_ptr_reg[1]_replica/C,u_mesh/GEN_R[4].r/u_datapath/west_vc0_fifo/fifo_mem_reg[0][flit_data]_0_3_0_5/RAMD_D1/WE
-0.269,20,4,1,inter,u_mesh/GEN_R[4].r/u_datapath/west_vc0_fifo/rd_ptr_reg[0]/C,u_mesh/GEN_R[1].r/u_datapath/south_vc0_fifo/fifo_mem_reg[0][flit_data]_0_3_12_17/RAMB/I
-0.266,20,4,3,inter,u_mesh/GEN_R[4].r/u_datapath/west_vc0_fifo/rd_ptr_reg[0]/C,u_mesh/GEN_R[3].r/u_datapath/east_vc0_fifo/fifo_mem_reg[0][flit_data]_0_3_12_17/RAMC_D1/I
-0.264,21,1,4,inter,u_mesh/GEN_R[1].r/u_datapath/local_vc0_fifo/rd_ptr_reg[0]/C,u_mesh/GEN_R[4].r/u_datapath/north_vc0_fifo/fifo_mem_reg[0][flit_data]_0_3_12_17/RAMA/WE
-0.264,21,1,4,inter,u_mesh/GEN_R[1].r/u_datapath/local_vc0_fifo/rd_ptr_reg[0]/C,u_mesh/GEN_R[4].r/u_datapath/north_vc0_fifo/fifo_mem_reg[0][flit_data]_0_3_12_17/RAMA_D1/WE
-0.264,21,1,4,inter,u_mesh/GEN_R[1].r/u_datapath/local_vc0_fifo/rd_ptr_reg[0]/C,u_mesh/GEN_R[4].r/u_datapath/north_vc0_fifo/fifo_mem_reg[0][flit_data]_0_3_12_17/RAMB/WE
-0.264,21,1,4,inter,u_mesh/GEN_R[1].r/u_datapath/local_vc0_fifo/rd_ptr_reg[0]/C,u_mesh/GEN_R[4].r/u_datapath/north_vc0_fifo/fifo_mem_reg[0][flit_data]_0_3_12_17/RAMB_D1/WE
-0.264,21,1,4,inter,u_mesh/GEN_R[1].r/u_datapath/local_vc0_fifo/rd_ptr_reg[0]/C,u_mesh/GEN_R[4].r/u_datapath/north_vc0_fifo/fifo_mem_reg[0][flit_data]_0_3_12_17/RAMC/WE
-0.264,21,1,4,inter,u_mesh/GEN_R[1].r/u_datapath/local_vc0_fifo/rd_ptr_reg[0]/C,u_mesh/GEN_R[4].r/u_datapath/north_vc0_fifo/fifo_mem_reg[0][flit_data]_0_3_12_17/RAMC_D1/WE
-0.264,21,1,4,inter,u_mesh/GEN_R[1].r/u_datapath/local_vc0_fifo/rd_ptr_reg[0]/C,u_mesh/GEN_R[4].r/u_datapath/north_vc0_fifo/fifo_mem_reg[0][flit_data]_0_3_12_17/RAMD/WE
-0.264,21,1,4,inter,u_mesh/GEN_R[1].r/u_datapath/local_vc0_fifo/rd_ptr_reg[0]/C,u_mesh/GEN_R[4].r/u_datapath/north_vc0_fifo/fifo_mem_reg[0][flit_data]_0_3_12_17/RAMD_D1/WE
-0.264,20,4,4,intra,u_mesh/GEN_R[4].r/u_datapath/west_vc0_fifo/rd_ptr_reg[0]/C,u_mesh/GEN_R[4].r/u_eject_fifo/fifo_mem_reg[0][flit_data]_0_15_6_11/RAMA_D1/I
-0.263,20,4,3,inter,u_mesh/GEN_R[4].r/u_datapath/west_vc0_fifo/rd_ptr_reg[0]/C,u_mesh/GEN_R[3].r/u_datapath/east_vc2_fifo/fifo_mem_reg[0][flit_data]_0_3_0_5/RAMA/I
-0.262,21,2,5,inter,u_mesh/GEN_R[2].r/u_datapath/local_vc2_fifo/rd_ptr_reg[1]/C,u_mesh/GEN_R[5].r/u_datapath/north_vc2_fifo/fifo_mem_reg[0][flit_data]_0_3_18_23/RAMA/WE
-0.262,21,2,5,inter,u_mesh/GEN_R[2].r/u_datapath/local_vc2_fifo/rd_ptr_reg[1]/C,u_mesh/GEN_R[5].r/u_datapath/north_vc2_fifo/fifo_mem_reg[0][flit_data]_0_3_18_23/RAMA_D1/WE
-0.262,21,2,5,inter,u_mesh/GEN_R[2].r/u_datapath/local_vc2_fifo/rd_ptr_reg[1]/C,u_mesh/GEN_R[5].r/u_datapath/north_vc2_fifo/fifo_mem_reg[0][flit_data]_0_3_18_23/RAMB/WE
-0.262,21,2,5,inter,u_mesh/GEN_R[2].r/u_datapath/local_vc2_fifo/rd_ptr_reg[1]/C,u_mesh/GEN_R[5].r/u_datapath/north_vc2_fifo/fifo_mem_reg[0][flit_data]_0_3_18_23/RAMB_D1/WE
-0.262,21,2,5,inter,u_mesh/GEN_R[2].r/u_datapath/local_vc2_fifo/rd_ptr_reg[1]/C,u_mesh/GEN_R[5].r/u_datapath/north_vc2_fifo/fifo_mem_reg[0][flit_data]_0_3_18_23/RAMC/WE
-0.262,21,2,5,inter,u_mesh/GEN_R[2].r/u_datapath/local_vc2_fifo/rd_ptr_reg[1]/C,u_mesh/GEN_R[5].r/u_datapath/north_vc2_fifo/fifo_mem_reg[0][flit_data]_0_3_18_23/RAMC_D1/WE
-0.262,21,2,5,inter,u_mesh/GEN_R[2].r/u_datapath/local_vc2_fifo/rd_ptr_reg[1]/C,u_mesh/GEN_R[5].r/u_datapath/north_vc2_fifo/fifo_mem_reg[0][flit_data]_0_3_18_23/RAMD/WE
-0.262,21,2,5,inter,u_mesh/GEN_R[2].r/u_datapath/local_vc2_fifo/rd_ptr_reg[1]/C,u_mesh/GEN_R[5].r/u_datapath/north_vc2_fifo/fifo_mem_reg[0][flit_data]_0_3_18_23/RAMD_D1/WE
-0.261,20,4,4,intra,u_mesh/GEN_R[4].r/u_datapath/west_vc0_fifo/rd_ptr_reg[0]/C,u_mesh/GEN_R[4].r/u_eject_fifo/fifo_mem_reg[0][flit_data]_0_15_12_17/RAMC/I
-0.261,20,4,3,inter,u_mesh/GEN_R[4].r/u_datapath/west_vc0_fifo/rd_ptr_reg[0]/C,u_mesh/GEN_R[3].r/u_datapath/east_vc1_fifo/fifo_mem_reg[0][flit_data]_0_3_0_5/RAMA/I
-0.260,20,4,1,inter,u_mesh/GEN_R[4].r/u_datapath/west_vc0_fifo/rd_ptr_reg[0]/C,u_mesh/GEN_R[1].r/u_datapath/south_vc2_fifo/fifo_mem_reg[0][vc_id]_0_3_0_0/DP/I
-0.258,20,4,1,inter,u_mesh/GEN_R[4].r/u_datapath/west_vc0_fifo/rd_ptr_reg[0]/C,u_mesh/GEN_R[1].r/u_datapath/south_vc0_fifo/fifo_mem_reg[0][flit_data]_0_3_18_23/RAMC/I
-0.257,21,3,4,inter,u_mesh/GEN_R[3].r/u_datapath/east_vc1_fifo/rd_ptr_reg[1]_replica/C,u_mesh/GEN_R[4].r/u_datapath/west_vc0_fifo/fifo_mem_reg[0][flit_data]_0_3_24_29/RAMA/WE
-0.257,21,3,4,inter,u_mesh/GEN_R[3].r/u_datapath/east_vc1_fifo/rd_ptr_reg[1]_replica/C,u_mesh/GEN_R[4].r/u_datapath/west_vc0_fifo/fifo_mem_reg[0][flit_data]_0_3_24_29/RAMA_D1/WE
-0.257,21,3,4,inter,u_mesh/GEN_R[3].r/u_datapath/east_vc1_fifo/rd_ptr_reg[1]_replica/C,u_mesh/GEN_R[4].r/u_datapath/west_vc0_fifo/fifo_mem_reg[0][flit_data]_0_3_24_29/RAMB/WE
-0.257,21,3,4,inter,u_mesh/GEN_R[3].r/u_datapath/east_vc1_fifo/rd_ptr_reg[1]_replica/C,u_mesh/GEN_R[4].r/u_datapath/west_vc0_fifo/fifo_mem_reg[0][flit_data]_0_3_24_29/RAMB_D1/WE
-0.257,21,3,4,inter,u_mesh/GEN_R[3].r/u_datapath/east_vc1_fifo/rd_ptr_reg[1]_replica/C,u_mesh/GEN_R[4].r/u_datapath/west_vc0_fifo/fifo_mem_reg[0][flit_data]_0_3_24_29/RAMC/WE
-0.257,21,3,4,inter,u_mesh/GEN_R[3].r/u_datapath/east_vc1_fifo/rd_ptr_reg[1]_replica/C,u_mesh/GEN_R[4].r/u_datapath/west_vc0_fifo/fifo_mem_reg[0][flit_data]_0_3_24_29/RAMC_D1/WE
-0.257,21,3,4,inter,u_mesh/GEN_R[3].r/u_datapath/east_vc1_fifo/rd_ptr_reg[1]_replica/C,u_mesh/GEN_R[4].r/u_datapath/west_vc0_fifo/fifo_mem_reg[0][flit_data]_0_3_24_29/RAMD/WE
-0.257,21,3,4,inter,u_mesh/GEN_R[3].r/u_datapath/east_vc1_fifo/rd_ptr_reg[1]_replica/C,u_mesh/GEN_R[4].r/u_datapath/west_vc0_fifo/fifo_mem_reg[0][flit_data]_0_3_24_29/RAMD_D1/WE
-0.255,22,4,3,inter,u_mesh/GEN_R[4].r/u_datapath/west_vc0_fifo/rd_ptr_reg[0]/C,u_mesh/GEN_R[3].r/u_datapath/east_vc1_fifo/count_reg[2]/D
-0.252,21,2,5,inter,u_mesh/GEN_R[2].r/u_datapath/local_vc2_fifo/rd_ptr_reg[1]/C,u_mesh/GEN_R[5].r/u_datapath/north_vc2_fifo/fifo_mem_reg[0][vc_id]_0_3_0_0/DP/WE
-0.252,21,2,5,inter,u_mesh/GEN_R[2].r/u_datapath/local_vc2_fifo/rd_ptr_reg[1]/C,u_mesh/GEN_R[5].r/u_datapath/north_vc2_fifo/fifo_mem_reg[0][vc_id]_0_3_0_0/SP/WE
-0.252,21,2,5,inter,u_mesh/GEN_R[2].r/u_datapath/local_vc2_fifo/rd_ptr_reg[1]/C,u_mesh/GEN_R[5].r/u_datapath/north_vc2_fifo/fifo_mem_reg[0][vc_id]_0_3_1_1/DP/WE
-0.252,21,2,5,inter,u_mesh/GEN_R[2].r/u_datapath/local_vc2_fifo/rd_ptr_reg[1]/C,u_mesh/GEN_R[5].r/u_datapath/north_vc2_fifo/fifo_mem_reg[0][vc_id]_0_3_1_1/SP/WE
-0.252,20,4,4,intra,u_mesh/GEN_R[4].r/u_datapath/west_vc0_fifo/rd_ptr_reg[0]/C,u_mesh/GEN_R[4].r/u_eject_fifo/fifo_mem_reg[0][flit_data]_0_15_0_5/RAMC_D1/I
-0.248,20,4,5,inter,u_mesh/GEN_R[4].r/u_datapath/local_vc2_fifo/rd_ptr_reg[0]_replica/C,u_mesh/GEN_R[5].r/u_datapath/west_vc1_fifo/fifo_mem_reg[0][flit_data]_0_3_0_5/RAMB_D1/I
-0.247,20,4,3,inter,u_mesh/GEN_R[4].r/u_datapath/west_vc0_fifo/rd_ptr_reg[0]/C,u_mesh/GEN_R[3].r/u_datapath/east_vc1_fifo/fifo_mem_reg[0][flit_data]_0_3_24_29/RAMB/I
-0.247,20,4,1,inter,u_mesh/GEN_R[4].r/u_datapath/west_vc0_fifo/rd_ptr_reg[0]/C,u_mesh/GEN_R[1].r/u_datapath/south_vc0_fifo/fifo_mem_reg[0][flit_data]_0_3_24_29/RAMC_D1/I
-0.245,20,4,3,inter,u_mesh/GEN_R[4].r/u_datapath/west_vc0_fifo/rd_ptr_reg[0]/C,u_mesh/GEN_R[3].r/u_datapath/east_vc1_fifo/fifo_mem_reg[0][flit_data]_0_3_12_17/RAMA_D1/I
-0.243,20,4,4,intra,u_mesh/GEN_R[4].r/u_datapath/west_vc0_fifo/rd_ptr_reg[0]/C,u_mesh/GEN_R[4].r/u_eject_fifo/fifo_mem_reg[0][flit_data]_0_15_30_31/DP/WE
-0.243,20,4,4,intra,u_mesh/GEN_R[4].r/u_datapath/west_vc0_fifo/rd_ptr_reg[0]/C,u_mesh/GEN_R[4].r/u_eject_fifo/fifo_mem_reg[0][flit_data]_0_15_30_31/SP/WE
-0.243,20,4,4,intra,u_mesh/GEN_R[4].r/u_datapath/west_vc0_fifo/rd_ptr_reg[0]/C,u_mesh/GEN_R[4].r/u_eject_fifo/fifo_mem_reg[0][flit_data]_0_15_30_31__0/DP/WE
-0.243,20,4,4,intra,u_mesh/GEN_R[4].r/u_datapath/west_vc0_fifo/rd_ptr_reg[0]/C,u_mesh/GEN_R[4].r/u_eject_fifo/fifo_mem_reg[0][flit_data]_0_15_30_31__0/SP/WE
-0.243,20,4,4,intra,u_mesh/GEN_R[4].r/u_datapath/west_vc0_fifo/rd_ptr_reg[0]/C,u_mesh/GEN_R[4].r/u_eject_fifo/fifo_mem_reg[0][flit_type]_0_15_0_0/DP/WE
-0.243,20,4,4,intra,u_mesh/GEN_R[4].r/u_datapath/west_vc0_fifo/rd_ptr_reg[0]/C,u_mesh/GEN_R[4].r/u_eject_fifo/fifo_mem_reg[0][flit_type]_0_15_0_0/SP/WE
-0.243,20,4,4,intra,u_mesh/GEN_R[4].r/u_datapath/west_vc0_fifo/rd_ptr_reg[0]/C,u_mesh/GEN_R[4].r/u_eject_fifo/fifo_mem_reg[0][flit_type]_0_15_1_1/DP/WE
-0.243,20,4,4,intra,u_mesh/GEN_R[4].r/u_datapath/west_vc0_fifo/rd_ptr_reg[0]/C,u_mesh/GEN_R[4].r/u_eject_fifo/fifo_mem_reg[0][flit_type]_0_15_1_1/SP/WE
-0.242,22,4,3,inter,u_mesh/GEN_R[4].r/u_datapath/west_vc0_fifo/rd_ptr_reg[0]/C,u_mesh/GEN_R[3].r/u_datapath/east_vc1_fifo/count_reg[0]/D
-0.241,20,4,3,inter,u_mesh/GEN_R[4].r/u_datapath/west_vc0_fifo/rd_ptr_reg[0]/C,u_mesh/GEN_R[3].r/u_datapath/east_vc0_fifo/fifo_mem_reg[0][flit_data]_0_3_12_17/RAMA_D1/I
-0.240,20,4,5,inter,u_mesh/GEN_R[4].r/u_datapath/west_vc0_fifo/rd_ptr_reg[0]/C,u_mesh/GEN_R[5].r/u_datapath/west_vc1_fifo/fifo_mem_reg[0][flit_data]_0_3_0_5/RAMC/I
-0.239,20,2,5,inter,u_mesh/GEN_R[2].r/u_datapath/local_vc2_fifo/rd_ptr_reg[1]/C,u_mesh/GEN_R[5].r/u_datapath/north_vc2_fifo/fifo_mem_reg[0][flit_data]_0_3_0_5/RAMA/I
-0.238,20,2,5,inter,u_mesh/GEN_R[2].r/u_datapath/local_vc2_fifo/rd_ptr_reg[1]/C,u_mesh/GEN_R[5].r/u_datapath/north_vc2_fifo/fifo_mem_reg[0][flit_data]_0_3_24_29/RAMA_D1/I
-0.237,20,4,3,inter,u_mesh/GEN_R[4].r/u_datapath/west_vc0_fifo/rd_ptr_reg[0]/C,u_mesh/GEN_R[3].r/u_datapath/east_vc0_fifo/fifo_mem_reg[0][flit_data]_0_3_12_17/RAMB/I
-0.236,20,4,4,intra,u_mesh/GEN_R[4].r/u_datapath/west_vc0_fifo/rd_ptr_reg[0]/C,u_mesh/GEN_R[4].r/u_eject_fifo/fifo_mem_reg[0][flit_data]_0_15_6_11/RAMA/I
-0.235,20,4,5,inter,u_mesh/GEN_R[4].r/u_datapath/west_vc0_fifo/rd_ptr_reg[0]/C,u_mesh/GEN_R[5].r/u_datapath/west_vc2_fifo/fifo_mem_reg[0][flit_data]_0_3_12_17/RAMB_D1/I
-0.233,20,2,5,inter,u_mesh/GEN_R[2].r/u_datapath/local_vc2_fifo/rd_ptr_reg[1]/C,u_mesh/GEN_R[5].r/u_datapath/north_vc1_fifo/fifo_mem_reg[0][flit_data]_0_3_0_5/RAMA/I
-0.233,20,4,4,intra,u_mesh/GEN_R[4].r/u_datapath/west_vc0_fifo/rd_ptr_reg[0]/C,u_mesh/GEN_R[4].r/u_eject_fifo/fifo_mem_reg[0][flit_data]_0_15_12_17/RAMC_D1/I
-0.232,20,4,5,inter,u_mesh/GEN_R[4].r/u_datapath/west_vc0_fifo/rd_ptr_reg[0]/C,u_mesh/GEN_R[5].r/u_datapath/west_vc2_fifo/fifo_mem_reg[0][flit_data]_0_3_6_11/RAMB/I
-0.231,20,4,3,inter,u_mesh/GEN_R[4].r/u_datapath/west_vc0_fifo/rd_ptr_reg[0]/C,u_mesh/GEN_R[3].r/u_datapath/east_vc2_fifo/fifo_mem_reg[0][flit_data]_0_3_12_17/RAMC/I
-0.230,20,4,1,inter,u_mesh/GEN_R[4].r/u_datapath/west_vc0_fifo/rd_ptr_reg[0]/C,u_mesh/GEN_R[1].r/u_datapath/south_vc2_fifo/fifo_mem_reg[0][flit_data]_0_3_6_11/RAMC_D1/I
-0.230,20,4,5,inter,u_mesh/GEN_R[4].r/u_datapath/west_vc0_fifo/rd_ptr_reg[0]/C,u_mesh/GEN_R[5].r/u_datapath/west_vc1_fifo/fifo_mem_reg[0][flit_data]_0_3_0_5/RAMC_D1/I
-0.229,20,4,5,inter,u_mesh/GEN_R[4].r/u_datapath/west_vc0_fifo/rd_ptr_reg[0]/C,u_mesh/GEN_R[5].r/u_datapath/west_vc2_fifo/fifo_mem_reg[0][flit_data]_0_3_12_17/RAMC_D1/I
-0.228,20,4,1,inter,u_mesh/GEN_R[4].r/u_datapath/west_vc0_fifo/rd_ptr_reg[0]/C,u_mesh/GEN_R[1].r/u_datapath/south_vc0_fifo/fifo_mem_reg[0][flit_type]_0_3_1_1/DP/I
-0.228,20,4,5,inter,u_mesh/GEN_R[4].r/u_datapath/west_vc0_fifo/rd_ptr_reg[0]/C,u_mesh/GEN_R[5].r/u_datapath/west_vc1_fifo/fifo_mem_reg[0][flit_data]_0_3_24_29/RAMB_D1/I
-0.225,20,4,1,inter,u_mesh/GEN_R[4].r/u_datapath/west_vc0_fifo/rd_ptr_reg[0]/C,u_mesh/GEN_R[1].r/u_datapath/south_vc2_fifo/fifo_mem_reg[0][flit_data]_0_3_0_5/RAMC_D1/I
-0.223,20,2,1,inter,u_mesh/GEN_R[2].r/u_datapath/local_vc2_fifo/rd_ptr_reg[1]/C,u_mesh/GEN_R[1].r/u_datapath/east_vc2_fifo/fifo_mem_reg[0][flit_data]_0_3_24_29/RAMA/I
-0.218,20,1,0,inter,u_mesh/GEN_R[1].r/u_datapath/west_vc2_fifo/rd_ptr_reg[1]/C,u_mesh/GEN_R[0].r/u_datapath/east_vc2_fifo/fifo_mem_reg[0][flit_data]_0_3_18_23/RAMC/I
-0.217,22,4,3,inter,u_mesh/GEN_R[4].r/u_datapath/local_vc2_fifo/rd_ptr_reg[0]_replica/C,u_mesh/GEN_R[3].r/u_datapath/east_vc0_fifo/wr_ptr_reg[0]/D
-0.216,22,5,2,inter,u_mesh/GEN_R[5].r/u_datapath/local_vc1_fifo/rd_ptr_reg[0]/C,u_mesh/GEN_R[2].r/u_datapath/south_vc1_fifo/fifo_mem_reg[0][flit_data]_0_3_30_31/DP/WE
-0.216,22,5,2,inter,u_mesh/GEN_R[5].r/u_datapath/local_vc1_fifo/rd_ptr_reg[0]/C,u_mesh/GEN_R[2].r/u_datapath/south_vc1_fifo/fifo_mem_reg[0][flit_data]_0_3_30_31/SP/WE
-0.216,22,5,2,inter,u_mesh/GEN_R[5].r/u_datapath/local_vc1_fifo/rd_ptr_reg[0]/C,u_mesh/GEN_R[2].r/u_datapath/south_vc1_fifo/fifo_mem_reg[0][flit_data]_0_3_30_31__0/DP/WE
-0.216,22,5,2,inter,u_mesh/GEN_R[5].r/u_datapath/local_vc1_fifo/rd_ptr_reg[0]/C,u_mesh/GEN_R[2].r/u_datapath/south_vc1_fifo/fifo_mem_reg[0][flit_data]_0_3_30_31__0/SP/WE
-0.216,22,5,2,inter,u_mesh/GEN_R[5].r/u_datapath/local_vc1_fifo/rd_ptr_reg[0]/C,u_mesh/GEN_R[2].r/u_datapath/south_vc1_fifo/fifo_mem_reg[0][flit_type]_0_3_0_0/DP/WE
-0.216,22,5,2,inter,u_mesh/GEN_R[5].r/u_datapath/local_vc1_fifo/rd_ptr_reg[0]/C,u_mesh/GEN_R[2].r/u_datapath/south_vc1_fifo/fifo_mem_reg[0][flit_type]_0_3_0_0/SP/WE
-0.216,22,5,2,inter,u_mesh/GEN_R[5].r/u_datapath/local_vc1_fifo/rd_ptr_reg[0]/C,u_mesh/GEN_R[2].r/u_datapath/south_vc1_fifo/fifo_mem_reg[0][flit_type]_0_3_1_1/DP/WE
-0.216,22,5,2,inter,u_mesh/GEN_R[5].r/u_datapath/local_vc1_fifo/rd_ptr_reg[0]/C,u_mesh/GEN_R[2].r/u_datapath/south_vc1_fifo/fifo_mem_reg[0][flit_type]_0_3_1_1/SP/WE
-0.215,20,1,0,inter,u_mesh/GEN_R[1].r/u_datapath/west_vc2_fifo/rd_ptr_reg[1]/C,u_mesh/GEN_R[0].r/u_datapath/east_vc0_fifo/fifo_mem_reg[0][flit_data]_0_3_30_31/DP/I
-0.215,20,4,5,inter,u_mesh/GEN_R[4].r/u_datapath/west_vc0_fifo/rd_ptr_reg[0]/C,u_mesh/GEN_R[5].r/u_datapath/west_vc2_fifo/fifo_mem_reg[0][flit_data]_0_3_0_5/RAMA_D1/I
-0.214,20,4,1,inter,u_mesh/GEN_R[4].r/u_datapath/local_vc2_fifo/rd_ptr_reg[0]_replica/C,u_mesh/GEN_R[1].r/u_datapath/south_vc1_fifo/fifo_mem_reg[0][flit_data]_0_3_12_17/RAMB_D1/I
-0.210,20,4,3,inter,u_mesh/GEN_R[4].r/u_datapath/west_vc0_fifo/rd_ptr_reg[0]/C,u_mesh/GEN_R[3].r/u_datapath/east_vc1_fifo/fifo_mem_reg[0][flit_data]_0_3_0_5/RAMC_D1/I
-0.208,20,4,3,inter,u_mesh/GEN_R[4].r/u_datapath/west_vc0_fifo/rd_ptr_reg[0]/C,u_mesh/GEN_R[3].r/u_datapath/east_vc0_fifo/fifo_mem_reg[0][flit_type]_0_3_1_1/DP/I
-0.206,20,2,1,inter,u_mesh/GEN_R[2].r/u_datapath/local_vc2_fifo/rd_ptr_reg[1]/C,u_mesh/GEN_R[1].r/u_datapath/east_vc1_fifo/fifo_mem_reg[0][flit_data]_0_3_24_29/RAMA/I
-0.205,20,4,3,inter,u_mesh/GEN_R[4].r/u_datapath/west_vc0_fifo/rd_ptr_reg[0]/C,u_mesh/GEN_R[3].r/u_datapath/east_vc1_fifo/fifo_mem_reg[0][flit_data]_0_3_24_29/RAMC/I
-0.205,21,3,4,inter,u_mesh/GEN_R[3].r/u_datapath/east_vc1_fifo/rd_ptr_reg[1]_replica/C,u_mesh/GEN_R[4].r/u_datapath/west_vc0_fifo/fifo_mem_reg[0][flit_data]_0_3_30_31/DP/WE
-0.205,21,3,4,inter,u_mesh/GEN_R[3].r/u_datapath/east_vc1_fifo/rd_ptr_reg[1]_replica/C,u_mesh/GEN_R[4].r/u_datapath/west_vc0_fifo/fifo_mem_reg[0][flit_data]_0_3_30_31/SP/WE
-0.205,21,3,4,inter,u_mesh/GEN_R[3].r/u_datapath/east_vc1_fifo/rd_ptr_reg[1]_replica/C,u_mesh/GEN_R[4].r/u_datapath/west_vc0_fifo/fifo_mem_reg[0][flit_data]_0_3_30_31__0/DP/WE
-0.205,21,3,4,inter,u_mesh/GEN_R[3].r/u_datapath/east_vc1_fifo/rd_ptr_reg[1]_replica/C,u_mesh/GEN_R[4].r/u_datapath/west_vc0_fifo/fifo_mem_reg[0][flit_data]_0_3_30_31__0/SP/WE
-0.205,21,3,4,inter,u_mesh/GEN_R[3].r/u_datapath/east_vc1_fifo/rd_ptr_reg[1]_replica/C,u_mesh/GEN_R[4].r/u_datapath/west_vc0_fifo/fifo_mem_reg[0][flit_type]_0_3_0_0/DP/WE
-0.205,21,3,4,inter,u_mesh/GEN_R[3].r/u_datapath/east_vc1_fifo/rd_ptr_reg[1]_replica/C,u_mesh/GEN_R[4].r/u_datapath/west_vc0_fifo/fifo_mem_reg[0][flit_type]_0_3_0_0/SP/WE
-0.205,21,3,4,inter,u_mesh/GEN_R[3].r/u_datapath/east_vc1_fifo/rd_ptr_reg[1]_replica/C,u_mesh/GEN_R[4].r/u_datapath/west_vc0_fifo/fifo_mem_reg[0][flit_type]_0_3_1_1/DP/WE
-0.205,21,3,4,inter,u_mesh/GEN_R[3].r/u_datapath/east_vc1_fifo/rd_ptr_reg[1]_replica/C,u_mesh/GEN_R[4].r/u_datapath/west_vc0_fifo/fifo_mem_reg[0][flit_type]_0_3_1_1/SP/WE
-0.204,20,1,1,intra,u_mesh/GEN_R[1].r/u_datapath/local_vc0_fifo/rd_ptr_reg[0]/C,u_mesh/GEN_R[1].r/u_eject_fifo/fifo_mem_reg[0][flit_data]_0_15_24_29/RAMA/WE
-0.204,20,1,1,intra,u_mesh/GEN_R[1].r/u_datapath/local_vc0_fifo/rd_ptr_reg[0]/C,u_mesh/GEN_R[1].r/u_eject_fifo/fifo_mem_reg[0][flit_data]_0_15_24_29/RAMA_D1/WE
-0.204,20,1,1,intra,u_mesh/GEN_R[1].r/u_datapath/local_vc0_fifo/rd_ptr_reg[0]/C,u_mesh/GEN_R[1].r/u_eject_fifo/fifo_mem_reg[0][flit_data]_0_15_24_29/RAMB/WE
-0.204,20,1,1,intra,u_mesh/GEN_R[1].r/u_datapath/local_vc0_fifo/rd_ptr_reg[0]/C,u_mesh/GEN_R[1].r/u_eject_fifo/fifo_mem_reg[0][flit_data]_0_15_24_29/RAMB_D1/WE
-0.204,20,1,1,intra,u_mesh/GEN_R[1].r/u_datapath/local_vc0_fifo/rd_ptr_reg[0]/C,u_mesh/GEN_R[1].r/u_eject_fifo/fifo_mem_reg[0][flit_data]_0_15_24_29/RAMC/WE
-0.204,20,1,1,intra,u_mesh/GEN_R[1].r/u_datapath/local_vc0_fifo/rd_ptr_reg[0]/C,u_mesh/GEN_R[1].r/u_eject_fifo/fifo_mem_reg[0][flit_data]_0_15_24_29/RAMC_D1/WE
-0.204,20,1,1,intra,u_mesh/GEN_R[1].r/u_datapath/local_vc0_fifo/rd_ptr_reg[0]/C,u_mesh/GEN_R[1].r/u_eject_fifo/fifo_mem_reg[0][flit_data]_0_15_24_29/RAMD/WE
-0.204,20,1,1,intra,u_mesh/GEN_R[1].r/u_datapath/local_vc0_fifo/rd_ptr_reg[0]/C,u_mesh/GEN_R[1].r/u_eject_fifo/fifo_mem_reg[0][flit_data]_0_15_24_29/RAMD_D1/WE
-0.204,20,4,5,inter,u_mesh/GEN_R[4].r/u_datapath/west_vc0_fifo/rd_ptr_reg[0]/C,u_mesh/GEN_R[5].r/u_datapath/west_vc1_fifo/fifo_mem_reg[0][flit_data]_0_3_18_23/RAMA/I
-0.203,20,4,1,inter,u_mesh/GEN_R[4].r/u_datapath/west_vc0_fifo/rd_ptr_reg[0]/C,u_mesh/GEN_R[1].r/u_datapath/south_vc0_fifo/fifo_mem_reg[0][flit_data]_0_3_18_23/RAMA_D1/I
-0.201,20,4,1,inter,u_mesh/GEN_R[4].r/u_datapath/west_vc0_fifo/rd_ptr_reg[0]/C,u_mesh/GEN_R[1].r/u_datapath/south_vc1_fifo/fifo_mem_reg[0][flit_type]_0_3_1_1/SP/I
-0.201,20,1,0,inter,u_mesh/GEN_R[1].r/u_datapath/west_vc2_fifo/rd_ptr_reg[1]/C,u_mesh/GEN_R[0].r/u_datapath/east_vc2_fifo/fifo_mem_reg[0][flit_data]_0_3_12_17/RAMB_D1/I
-0.198,20,4,1,inter,u_mesh/GEN_R[4].r/u_datapath/west_vc0_fifo/rd_ptr_reg[0]/C,u_mesh/GEN_R[1].r/u_datapath/south_vc0_fifo/fifo_mem_reg[0][flit_type]_0_3_1_1/SP/I
-0.198,20,2,1,inter,u_mesh/GEN_R[2].r/u_datapath/local_vc2_fifo/rd_ptr_reg[1]/C,u_mesh/GEN_R[1].r/u_datapath/east_vc1_fifo/fifo_mem_reg[0][flit_data]_0_3_0_5/RAMA/I
-0.197,20,4,4,intra,u_mesh/GEN_R[4].r/u_datapath/west_vc0_fifo/rd_ptr_reg[0]/C,u_mesh/GEN_R[4].r/u_eject_fifo/fifo_mem_reg[0][flit_type]_0_15_0_0/DP/I
-0.194,20,1,0,inter,u_mesh/GEN_R[1].r/u_datapath/west_vc2_fifo/rd_ptr_reg[1]/C,u_mesh/GEN_R[0].r/u_datapath/east_vc2_fifo/fifo_mem_reg[0][flit_data]_0_3_24_29/RAMB/I
-0.192,20,4,1,inter,u_mesh/GEN_R[4].r/u_datapath/local_vc2_fifo/rd_ptr_reg[0]_replica/C,u_mesh/GEN_R[1].r/u_datapath/south_vc1_fifo/fifo_mem_reg[0][flit_data]_0_3_30_31__0/DP/I
-0.191,22,5,2,inter,u_mesh/GEN_R[5].r/u_datapath/local_vc1_fifo/rd_ptr_reg[0]/C,u_mesh/GEN_R[2].r/u_datapath/south_vc1_fifo/fifo_mem_reg[0][flit_data]_0_3_18_23/RAMA/WE
-0.191,22,5,2,inter,u_mesh/GEN_R[5].r/u_datapath/local_vc1_fifo/rd_ptr_reg[0]/C,u_mesh/GEN_R[2].r/u_datapath/south_vc1_fifo/fifo_mem_reg[0][flit_data]_0_3_18_23/RAMA_D1/WE
-0.191,22,5,2,inter,u_mesh/GEN_R[5].r/u_datapath/local_vc1_fifo/rd_ptr_reg[0]/C,u_mesh/GEN_R[2].r/u_datapath/south_vc1_fifo/fifo_mem_reg[0][flit_data]_0_3_18_23/RAMB/WE
-0.191,22,5,2,inter,u_mesh/GEN_R[5].r/u_datapath/local_vc1_fifo/rd_ptr_reg[0]/C,u_mesh/GEN_R[2].r/u_datapath/south_vc1_fifo/fifo_mem_reg[0][flit_data]_0_3_18_23/RAMB_D1/WE
-0.191,22,5,2,inter,u_mesh/GEN_R[5].r/u_datapath/local_vc1_fifo/rd_ptr_reg[0]/C,u_mesh/GEN_R[2].r/u_datapath/south_vc1_fifo/fifo_mem_reg[0][flit_data]_0_3_18_23/RAMC/WE
-0.191,22,5,2,inter,u_mesh/GEN_R[5].r/u_datapath/local_vc1_fifo/rd_ptr_reg[0]/C,u_mesh/GEN_R[2].r/u_datapath/south_vc1_fifo/fifo_mem_reg[0][flit_data]_0_3_18_23/RAMC_D1/WE
-0.191,22,5,2,inter,u_mesh/GEN_R[5].r/u_datapath/local_vc1_fifo/rd_ptr_reg[0]/C,u_mesh/GEN_R[2].r/u_datapath/south_vc1_fifo/fifo_mem_reg[0][flit_data]_0_3_18_23/RAMD/WE
-0.191,22,5,2,inter,u_mesh/GEN_R[5].r/u_datapath/local_vc1_fifo/rd_ptr_reg[0]/C,u_mesh/GEN_R[2].r/u_datapath/south_vc1_fifo/fifo_mem_reg[0][flit_data]_0_3_18_23/RAMD_D1/WE
-0.191,20,4,5,inter,u_mesh/GEN_R[4].r/u_datapath/local_vc2_fifo/rd_ptr_reg[0]_replica/C,u_mesh/GEN_R[5].r/u_datapath/west_vc2_fifo/fifo_mem_reg[0][flit_data]_0_3_30_31/SP/I
-0.190,22,4,3,inter,u_mesh/GEN_R[4].r/u_datapath/west_vc0_fifo/rd_ptr_reg[0]/C,u_mesh/GEN_R[3].r/u_datapath/east_vc1_fifo/count_reg[1]/D
-0.189,20,4,1,inter,u_mesh/GEN_R[4].r/u_datapath/west_vc0_fifo/rd_ptr_reg[0]/C,u_mesh/GEN_R[1].r/u_datapath/south_vc0_fifo/fifo_mem_reg[0][flit_data]_0_3_12_17/RAMC_D1/I
-0.189,20,4,3,inter,u_mesh/GEN_R[4].r/u_datapath/west_vc0_fifo/rd_ptr_reg[0]/C,u_mesh/GEN_R[3].r/u_datapath/east_vc2_fifo/fifo_mem_reg[0][flit_data]_0_3_12_17/RAMA/I
-0.185,20,4,1,inter,u_mesh/GEN_R[4].r/u_datapath/local_vc2_fifo/rd_ptr_reg[0]_replica/C,u_mesh/GEN_R[1].r/u_datapath/south_vc2_fifo/fifo_mem_reg[0][flit_data]_0_3_12_17/RAMB_D1/I
-0.183,20,1,0,inter,u_mesh/GEN_R[1].r/u_datapath/west_vc2_fifo/rd_ptr_reg[1]/C,u_mesh/GEN_R[0].r/u_datapath/east_vc1_fifo/fifo_mem_reg[0][flit_data]_0_3_12_17/RAMA_D1/I
-0.183,20,2,1,inter,u_mesh/GEN_R[2].r/u_datapath/local_vc2_fifo/rd_ptr_reg[1]/C,u_mesh/GEN_R[1].r/u_datapath/east_vc0_fifo/fifo_mem_reg[0][flit_data]_0_3_24_29/RAMC/I
-0.183,22,1,4,inter,u_mesh/GEN_R[1].r/u_datapath/west_vc2_fifo/rd_ptr_reg[1]/C,u_mesh/GEN_R[4].r/u_datapath/north_vc1_fifo/count_reg[0]/D
-0.182,20,4,5,inter,u_mesh/GEN_R[4].r/u_datapath/west_vc0_fifo/rd_ptr_reg[0]/C,u_mesh/GEN_R[5].r/u_datapath/west_vc0_fifo/fifo_mem_reg[0][flit_data]_0_3_18_23/RAMA_D1/I
-0.182,20,1,0,inter,u_mesh/GEN_R[1].r/u_datapath/west_vc2_fifo/rd_ptr_reg[1]/C,u_mesh/GEN_R[0].r/u_datapath/east_vc1_fifo/fifo_mem_reg[0][flit_data]_0_3_6_11/RAMA_D1/I
-0.181,20,1,0,inter,u_mesh/GEN_R[1].r/u_datapath/west_vc2_fifo/rd_ptr_reg[1]/C,u_mesh/GEN_R[0].r/u_datapath/east_vc0_fifo/fifo_mem_reg[0][flit_data]_0_3_18_23/RAMC/I
-0.180,20,4,5,inter,u_mesh/GEN_R[4].r/u_datapath/west_vc0_fifo/rd_ptr_reg[0]/C,u_mesh/GEN_R[5].r/u_datapath/west_vc0_fifo/fifo_mem_reg[0][flit_data]_0_3_24_29/RAMA_D1/I
-0.177,20,2,1,inter,u_mesh/GEN_R[2].r/u_datapath/local_vc2_fifo/rd_ptr_reg[1]/C,u_mesh/GEN_R[1].r/u_datapath/east_vc1_fifo/fifo_mem_reg[0][flit_data]_0_3_24_29/RAMC/I
-0.176,20,4,3,inter,u_mesh/GEN_R[4].r/u_datapath/west_vc0_fifo/rd_ptr_reg[0]/C,u_mesh/GEN_R[3].r/u_datapath/east_vc0_fifo/fifo_mem_reg[0][flit_type]_0_3_0_0/DP/I
-0.176,20,4,1,inter,u_mesh/GEN_R[4].r/u_datapath/west_vc0_fifo/rd_ptr_reg[0]/C,u_mesh/GEN_R[1].r/u_datapath/south_vc2_fifo/fifo_mem_reg[0][flit_type]_0_3_1_1/DP/I
-0.174,20,1,0,inter,u_mesh/GEN_R[1].r/u_datapath/west_vc2_fifo/rd_ptr_reg[1]/C,u_mesh/GEN_R[0].r/u_datapath/east_vc0_fifo/fifo_mem_reg[0][flit_data]_0_3_30_31/SP/I
-0.173,20,4,1,inter,u_mesh/GEN_R[4].r/u_datapath/west_vc0_fifo/rd_ptr_reg[0]/C,u_mesh/GEN_R[1].r/u_datapath/south_vc0_fifo/fifo_mem_reg[0][vc_id]_0_3_0_0/DP/I
-0.169,20,4,5,inter,u_mesh/GEN_R[4].r/u_datapath/west_vc0_fifo/rd_ptr_reg[0]/C,u_mesh/GEN_R[5].r/u_datapath/west_vc0_fifo/fifo_mem_reg[0][flit_data]_0_3_12_17/RAMC_D1/I
-0.168,20,1,0,inter,u_mesh/GEN_R[1].r/u_datapath/west_vc2_fifo/rd_ptr_reg[1]/C,u_mesh/GEN_R[0].r/u_datapath/east_vc2_fifo/fifo_mem_reg[0][flit_data]_0_3_18_23/RAMB/I
-0.167,20,1,0,inter,u_mesh/GEN_R[1].r/u_datapath/west_vc2_fifo/rd_ptr_reg[1]/C,u_mesh/GEN_R[0].r/u_datapath/east_vc2_fifo/fifo_mem_reg[0][flit_data]_0_3_18_23/RAMA/I
-0.165,20,2,5,inter,u_mesh/GEN_R[2].r/u_datapath/local_vc2_fifo/rd_ptr_reg[1]/C,u_mesh/GEN_R[5].r/u_datapath/north_vc1_fifo/fifo_mem_reg[0][flit_data]_0_3_24_29/RAMC/I
-0.165,20,1,0,inter,u_mesh/GEN_R[1].r/u_datapath/west_vc2_fifo/rd_ptr_reg[1]/C,u_mesh/GEN_R[0].r/u_datapath/east_vc1_fifo/fifo_mem_reg[0][flit_data]_0_3_18_23/RAMB/I
-0.164,20,1,0,inter,u_mesh/GEN_R[1].r/u_datapath/west_vc2_fifo/rd_ptr_reg[1]/C,u_mesh/GEN_R[0].r/u_datapath/east_vc2_fifo/fifo_mem_reg[0][flit_data]_0_3_12_17/RAMA/I
-0.164,20,2,1,inter,u_mesh/GEN_R[2].r/u_datapath/local_vc2_fifo/rd_ptr_reg[1]/C,u_mesh/GEN_R[1].r/u_datapath/east_vc2_fifo/fifo_mem_reg[0][flit_data]_0_3_0_5/RAMA/I
-0.163,20,4,5,inter,u_mesh/GEN_R[4].r/u_datapath/west_vc0_fifo/rd_ptr_reg[0]/C,u_mesh/GEN_R[5].r/u_datapath/west_vc1_fifo/fifo_mem_reg[0][flit_data]_0_3_12_17/RAMB_D1/I
-0.163,20,4,5,inter,u_mesh/GEN_R[4].r/u_datapath/west_vc0_fifo/rd_ptr_reg[0]/C,u_mesh/GEN_R[5].r/u_datapath/west_vc1_fifo/fifo_mem_reg[0][flit_data]_0_3_24_29/RAMA_D1/I
-0.160,20,1,1,intra,u_mesh/GEN_R[1].r/u_datapath/local_vc0_fifo/rd_ptr_reg[0]/C,u_mesh/GEN_R[1].r/u_eject_fifo/fifo_mem_reg[0][flit_data]_0_15_30_31/DP/WE
-0.160,20,1,1,intra,u_mesh/GEN_R[1].r/u_datapath/local_vc0_fifo/rd_ptr_reg[0]/C,u_mesh/GEN_R[1].r/u_eject_fifo/fifo_mem_reg[0][flit_data]_0_15_30_31/SP/WE
-0.160,20,1,1,intra,u_mesh/GEN_R[1].r/u_datapath/local_vc0_fifo/rd_ptr_reg[0]/C,u_mesh/GEN_R[1].r/u_eject_fifo/fifo_mem_reg[0][flit_data]_0_15_30_31__0/DP/WE
-0.160,20,1,1,intra,u_mesh/GEN_R[1].r/u_datapath/local_vc0_fifo/rd_ptr_reg[0]/C,u_mesh/GEN_R[1].r/u_eject_fifo/fifo_mem_reg[0][flit_data]_0_15_30_31__0/SP/WE
-0.160,20,1,1,intra,u_mesh/GEN_R[1].r/u_datapath/local_vc0_fifo/rd_ptr_reg[0]/C,u_mesh/GEN_R[1].r/u_eject_fifo/fifo_mem_reg[0][flit_type]_0_15_0_0/DP/WE
-0.160,20,1,1,intra,u_mesh/GEN_R[1].r/u_datapath/local_vc0_fifo/rd_ptr_reg[0]/C,u_mesh/GEN_R[1].r/u_eject_fifo/fifo_mem_reg[0][flit_type]_0_15_0_0/SP/WE
-0.160,20,1,1,intra,u_mesh/GEN_R[1].r/u_datapath/local_vc0_fifo/rd_ptr_reg[0]/C,u_mesh/GEN_R[1].r/u_eject_fifo/fifo_mem_reg[0][flit_type]_0_15_1_1/DP/WE
-0.160,20,1,1,intra,u_mesh/GEN_R[1].r/u_datapath/local_vc0_fifo/rd_ptr_reg[0]/C,u_mesh/GEN_R[1].r/u_eject_fifo/fifo_mem_reg[0][flit_type]_0_15_1_1/SP/WE
-0.160,21,3,0,inter,u_mesh/GEN_R[3].r/u_datapath/east_vc1_fifo/rd_ptr_reg[1]_replica/C,u_mesh/GEN_R[0].r/u_datapath/south_vc0_fifo/fifo_mem_reg[0][flit_data]_0_3_0_5/RAMA/WE
-0.160,21,3,0,inter,u_mesh/GEN_R[3].r/u_datapath/east_vc1_fifo/rd_ptr_reg[1]_replica/C,u_mesh/GEN_R[0].r/u_datapath/south_vc0_fifo/fifo_mem_reg[0][flit_data]_0_3_0_5/RAMA_D1/WE
-0.160,21,3,0,inter,u_mesh/GEN_R[3].r/u_datapath/east_vc1_fifo/rd_ptr_reg[1]_replica/C,u_mesh/GEN_R[0].r/u_datapath/south_vc0_fifo/fifo_mem_reg[0][flit_data]_0_3_0_5/RAMB/WE
-0.160,21,3,0,inter,u_mesh/GEN_R[3].r/u_datapath/east_vc1_fifo/rd_ptr_reg[1]_replica/C,u_mesh/GEN_R[0].r/u_datapath/south_vc0_fifo/fifo_mem_reg[0][flit_data]_0_3_0_5/RAMB_D1/WE
-0.160,21,3,0,inter,u_mesh/GEN_R[3].r/u_datapath/east_vc1_fifo/rd_ptr_reg[1]_replica/C,u_mesh/GEN_R[0].r/u_datapath/south_vc0_fifo/fifo_mem_reg[0][flit_data]_0_3_0_5/RAMC/WE
-0.160,21,3,0,inter,u_mesh/GEN_R[3].r/u_datapath/east_vc1_fifo/rd_ptr_reg[1]_replica/C,u_mesh/GEN_R[0].r/u_datapath/south_vc0_fifo/fifo_mem_reg[0][flit_data]_0_3_0_5/RAMC_D1/WE
-0.160,21,3,0,inter,u_mesh/GEN_R[3].r/u_datapath/east_vc1_fifo/rd_ptr_reg[1]_replica/C,u_mesh/GEN_R[0].r/u_datapath/south_vc0_fifo/fifo_mem_reg[0][flit_data]_0_3_0_5/RAMD/WE
-0.160,21,3,0,inter,u_mesh/GEN_R[3].r/u_datapath/east_vc1_fifo/rd_ptr_reg[1]_replica/C,u_mesh/GEN_R[0].r/u_datapath/south_vc0_fifo/fifo_mem_reg[0][flit_data]_0_3_0_5/RAMD_D1/WE
-0.157,22,4,1,inter,u_mesh/GEN_R[4].r/u_datapath/west_vc0_fifo/rd_ptr_reg[0]/C,u_mesh/GEN_R[1].r/u_datapath/south_vc1_fifo/wr_ptr_reg[0]/D
-0.155,20,5,5,intra,u_mesh/GEN_R[5].r/u_datapath/local_vc1_fifo/rd_ptr_reg[0]/C,u_mesh/GEN_R[5].r/u_eject_fifo/fifo_mem_reg[0][flit_data]_0_15_12_17/RAMA/WE
-0.155,20,5,5,intra,u_mesh/GEN_R[5].r/u_datapath/local_vc1_fifo/rd_ptr_reg[0]/C,u_mesh/GEN_R[5].r/u_eject_fifo/fifo_mem_reg[0][flit_data]_0_15_12_17/RAMA_D1/WE
-0.155,20,5,5,intra,u_mesh/GEN_R[5].r/u_datapath/local_vc1_fifo/rd_ptr_reg[0]/C,u_mesh/GEN_R[5].r/u_eject_fifo/fifo_mem_reg[0][flit_data]_0_15_12_17/RAMB/WE
-0.155,20,5,5,intra,u_mesh/GEN_R[5].r/u_datapath/local_vc1_fifo/rd_ptr_reg[0]/C,u_mesh/GEN_R[5].r/u_eject_fifo/fifo_mem_reg[0][flit_data]_0_15_12_17/RAMB_D1/WE
-0.155,20,5,5,intra,u_mesh/GEN_R[5].r/u_datapath/local_vc1_fifo/rd_ptr_reg[0]/C,u_mesh/GEN_R[5].r/u_eject_fifo/fifo_mem_reg[0][flit_data]_0_15_12_17/RAMC/WE
-0.155,20,5,5,intra,u_mesh/GEN_R[5].r/u_datapath/local_vc1_fifo/rd_ptr_reg[0]/C,u_mesh/GEN_R[5].r/u_eject_fifo/fifo_mem_reg[0][flit_data]_0_15_12_17/RAMC_D1/WE
-0.155,20,5,5,intra,u_mesh/GEN_R[5].r/u_datapath/local_vc1_fifo/rd_ptr_reg[0]/C,u_mesh/GEN_R[5].r/u_eject_fifo/fifo_mem_reg[0][flit_data]_0_15_12_17/RAMD/WE
-0.155,20,5,5,intra,u_mesh/GEN_R[5].r/u_datapath/local_vc1_fifo/rd_ptr_reg[0]/C,u_mesh/GEN_R[5].r/u_eject_fifo/fifo_mem_reg[0][flit_data]_0_15_12_17/RAMD_D1/WE
-0.154,20,4,5,inter,u_mesh/GEN_R[4].r/u_datapath/local_vc2_fifo/rd_ptr_reg[0]_replica/C,u_mesh/GEN_R[5].r/u_datapath/west_vc2_fifo/fifo_mem_reg[0][flit_type]_0_3_1_1/SP/I
-0.151,20,4,3,inter,u_mesh/GEN_R[4].r/u_datapath/west_vc0_fifo/rd_ptr_reg[0]/C,u_mesh/GEN_R[3].r/u_datapath/east_vc0_fifo/fifo_mem_reg[0][flit_data]_0_3_12_17/RAMC/I
-0.149,20,4,3,inter,u_mesh/GEN_R[4].r/u_datapath/west_vc0_fifo/rd_ptr_reg[0]/C,u_mesh/GEN_R[3].r/u_datapath/east_vc0_fifo/fifo_mem_reg[0][flit_data]_0_3_30_31__0/SP/I
-0.148,20,4,1,inter,u_mesh/GEN_R[4].r/u_datapath/local_vc2_fifo/rd_ptr_reg[0]_replica/C,u_mesh/GEN_R[1].r/u_datapath/south_vc0_fifo/fifo_mem_reg[0][flit_data]_0_3_30_31/DP/I
-0.147,20,4,5,inter,u_mesh/GEN_R[4].r/u_datapath/west_vc0_fifo/rd_ptr_reg[0]/C,u_mesh/GEN_R[5].r/u_datapath/west_vc2_fifo/fifo_mem_reg[0][flit_data]_0_3_24_29/RAMC/I
-0.147,21,5,4,inter,u_mesh/GEN_R[5].r/u_datapath/local_vc1_fifo/rd_ptr_reg[0]/C,u_mesh/GEN_R[4].r/u_datapath/east_vc1_fifo/fifo_mem_reg[0][vc_id]_0_3_0_0/DP/WE
-0.147,21,5,4,inter,u_mesh/GEN_R[5].r/u_datapath/local_vc1_fifo/rd_ptr_reg[0]/C,u_mesh/GEN_R[4].r/u_datapath/east_vc1_fifo/fifo_mem_reg[0][vc_id]_0_3_0_0/SP/WE
-0.147,21,5,4,inter,u_mesh/GEN_R[5].r/u_datapath/local_vc1_fifo/rd_ptr_reg[0]/C,u_mesh/GEN_R[4].r/u_datapath/east_vc1_fifo/fifo_mem_reg[0][vc_id]_0_3_1_1/DP/WE
-0.147,21,5,4,inter,u_mesh/GEN_R[5].r/u_datapath/local_vc1_fifo/rd_ptr_reg[0]/C,u_mesh/GEN_R[4].r/u_datapath/east_vc1_fifo/fifo_mem_reg[0][vc_id]_0_3_1_1/SP/WE
-0.146,22,4,5,inter,u_mesh/GEN_R[4].r/u_datapath/west_vc0_fifo/rd_ptr_reg[0]/C,u_mesh/GEN_R[5].r/u_datapath/west_vc0_fifo/count_reg[2]/D
-0.145,20,4,3,inter,u_mesh/GEN_R[4].r/u_datapath/west_vc0_fifo/rd_ptr_reg[0]/C,u_mesh/GEN_R[3].r/u_datapath/east_vc1_fifo/fifo_mem_reg[0][flit_data]_0_3_12_17/RAMC/I
-0.145,20,4,1,inter,u_mesh/GEN_R[4].r/u_datapath/local_vc2_fifo/rd_ptr_reg[0]_replica/C,u_mesh/GEN_R[1].r/u_datapath/south_vc2_fifo/fifo_mem_reg[0][flit_data]_0_3_30_31__0/SP/I
-0.145,20,4,1,inter,u_mesh/GEN_R[4].r/u_datapath/west_vc0_fifo/rd_ptr_reg[0]/C,u_mesh/GEN_R[1].r/u_datapath/south_vc2_fifo/fifo_mem_reg[0][flit_data]_0_3_18_23/RAMB/I
-0.144,21,5,4,inter,u_mesh/GEN_R[5].r/u_datapath/local_vc1_fifo/rd_ptr_reg[0]/C,u_mesh/GEN_R[4].r/u_datapath/east_vc0_fifo/fifo_mem_reg[0][vc_id]_0_3_0_0/DP/WE
-0.144,21,5,4,inter,u_mesh/GEN_R[5].r/u_datapath/local_vc1_fifo/rd_ptr_reg[0]/C,u_mesh/GEN_R[4].r/u_datapath/east_vc0_fifo/fifo_mem_reg[0][vc_id]_0_3_0_0/SP/WE
-0.144,21,5,4,inter,u_mesh/GEN_R[5].r/u_datapath/local_vc1_fifo/rd_ptr_reg[0]/C,u_mesh/GEN_R[4].r/u_datapath/east_vc0_fifo/fifo_mem_reg[0][vc_id]_0_3_1_1/DP/WE
-0.144,21,5,4,inter,u_mesh/GEN_R[5].r/u_datapath/local_vc1_fifo/rd_ptr_reg[0]/C,u_mesh/GEN_R[4].r/u_datapath/east_vc0_fifo/fifo_mem_reg[0][vc_id]_0_3_1_1/SP/WE
-0.142,20,4,3,inter,u_mesh/GEN_R[4].r/u_datapath/west_vc0_fifo/rd_ptr_reg[0]/C,u_mesh/GEN_R[3].r/u_datapath/east_vc0_fifo/fifo_mem_reg[0][flit_data]_0_3_0_5/RAMC/I
-0.142,20,4,3,inter,u_mesh/GEN_R[4].r/u_datapath/west_vc0_fifo/rd_ptr_reg[0]/C,u_mesh/GEN_R[3].r/u_datapath/east_vc1_fifo/fifo_mem_reg[0][flit_data]_0_3_12_17/RAMB_D1/I
-0.140,20,1,0,inter,u_mesh/GEN_R[1].r/u_datapath/west_vc2_fifo/rd_ptr_reg[1]/C,u_mesh/GEN_R[0].r/u_datapath/east_vc1_fifo/fifo_mem_reg[0][flit_data]_0_3_12_17/RAMA/I
-0.140,20,4,5,inter,u_mesh/GEN_R[4].r/u_datapath/west_vc0_fifo/rd_ptr_reg[0]/C,u_mesh/GEN_R[5].r/u_datapath/west_vc1_fifo/fifo_mem_reg[0][flit_data]_0_3_24_29/RAMA/I
-0.139,21,3,0,inter,u_mesh/GEN_R[3].r/u_datapath/east_vc1_fifo/rd_ptr_reg[1]_replica/C,u_mesh/GEN_R[0].r/u_datapath/south_vc0_fifo/fifo_mem_reg[0][flit_data]_0_3_24_29/RAMA/WE
-0.139,21,3,0,inter,u_mesh/GEN_R[3].r/u_datapath/east_vc1_fifo/rd_ptr_reg[1]_replica/C,u_mesh/GEN_R[0].r/u_datapath/south_vc0_fifo/fifo_mem_reg[0][flit_data]_0_3_24_29/RAMA_D1/WE
-0.139,21,3,0,inter,u_mesh/GEN_R[3].r/u_datapath/east_vc1_fifo/rd_ptr_reg[1]_replica/C,u_mesh/GEN_R[0].r/u_datapath/south_vc0_fifo/fifo_mem_reg[0][flit_data]_0_3_24_29/RAMB/WE
-0.139,21,3,0,inter,u_mesh/GEN_R[3].r/u_datapath/east_vc1_fifo/rd_ptr_reg[1]_replica/C,u_mesh/GEN_R[0].r/u_datapath/south_vc0_fifo/fifo_mem_reg[0][flit_data]_0_3_24_29/RAMB_D1/WE
-0.139,21,3,0,inter,u_mesh/GEN_R[3].r/u_datapath/east_vc1_fifo/rd_ptr_reg[1]_replica/C,u_mesh/GEN_R[0].r/u_datapath/south_vc0_fifo/fifo_mem_reg[0][flit_data]_0_3_24_29/RAMC/WE
-0.139,21,3,0,inter,u_mesh/GEN_R[3].r/u_datapath/east_vc1_fifo/rd_ptr_reg[1]_replica/C,u_mesh/GEN_R[0].r/u_datapath/south_vc0_fifo/fifo_mem_reg[0][flit_data]_0_3_24_29/RAMC_D1/WE
-0.139,21,3,0,inter,u_mesh/GEN_R[3].r/u_datapath/east_vc1_fifo/rd_ptr_reg[1]_replica/C,u_mesh/GEN_R[0].r/u_datapath/south_vc0_fifo/fifo_mem_reg[0][flit_data]_0_3_24_29/RAMD/WE
-0.139,21,3,0,inter,u_mesh/GEN_R[3].r/u_datapath/east_vc1_fifo/rd_ptr_reg[1]_replica/C,u_mesh/GEN_R[0].r/u_datapath/south_vc0_fifo/fifo_mem_reg[0][flit_data]_0_3_24_29/RAMD_D1/WE
-0.138,20,2,5,inter,u_mesh/GEN_R[2].r/u_datapath/local_vc2_fifo/rd_ptr_reg[1]/C,u_mesh/GEN_R[5].r/u_datapath/north_vc1_fifo/fifo_mem_reg[0][flit_data]_0_3_24_29/RAMA/I
-0.137,20,4,1,inter,u_mesh/GEN_R[4].r/u_datapath/local_vc2_fifo/rd_ptr_reg[0]_replica/C,u_mesh/GEN_R[1].r/u_datapath/south_vc2_fifo/fifo_mem_reg[0][flit_data]_0_3_0_5/RAMB_D1/I
-0.137,20,1,0,inter,u_mesh/GEN_R[1].r/u_datapath/west_vc2_fifo/rd_ptr_reg[1]/C,u_mesh/GEN_R[0].r/u_datapath/east_vc2_fifo/fifo_mem_reg[0][flit_data]_0_3_30_31/DP/I
-0.137,21,3,0,inter,u_mesh/GEN_R[3].r/u_datapath/east_vc1_fifo/rd_ptr_reg[1]_replica/C,u_mesh/GEN_R[0].r/u_datapath/south_vc0_fifo/fifo_mem_reg[0][flit_data]_0_3_30_31/DP/WE
-0.137,21,3,0,inter,u_mesh/GEN_R[3].r/u_datapath/east_vc1_fifo/rd_ptr_reg[1]_replica/C,u_mesh/GEN_R[0].r/u_datapath/south_vc0_fifo/fifo_mem_reg[0][flit_data]_0_3_30_31/SP/WE
-0.137,21,3,0,inter,u_mesh/GEN_R[3].r/u_datapath/east_vc1_fifo/rd_ptr_reg[1]_replica/C,u_mesh/GEN_R[0].r/u_datapath/south_vc0_fifo/fifo_mem_reg[0][flit_data]_0_3_30_31__0/DP/WE
-0.137,21,3,0,inter,u_mesh/GEN_R[3].r/u_datapath/east_vc1_fifo/rd_ptr_reg[1]_replica/C,u_mesh/GEN_R[0].r/u_datapath/south_vc0_fifo/fifo_mem_reg[0][flit_data]_0_3_30_31__0/SP/WE
-0.137,21,3,0,inter,u_mesh/GEN_R[3].r/u_datapath/east_vc1_fifo/rd_ptr_reg[1]_replica/C,u_mesh/GEN_R[0].r/u_datapath/south_vc0_fifo/fifo_mem_reg[0][flit_type]_0_3_0_0/DP/WE
-0.137,21,3,0,inter,u_mesh/GEN_R[3].r/u_datapath/east_vc1_fifo/rd_ptr_reg[1]_replica/C,u_mesh/GEN_R[0].r/u_datapath/south_vc0_fifo/fifo_mem_reg[0][flit_type]_0_3_0_0/SP/WE
-0.137,21,3,0,inter,u_mesh/GEN_R[3].r/u_datapath/east_vc1_fifo/rd_ptr_reg[1]_replica/C,u_mesh/GEN_R[0].r/u_datapath/south_vc0_fifo/fifo_mem_reg[0][flit_type]_0_3_1_1/DP/WE
-0.137,21,3,0,inter,u_mesh/GEN_R[3].r/u_datapath/east_vc1_fifo/rd_ptr_reg[1]_replica/C,u_mesh/GEN_R[0].r/u_datapath/south_vc0_fifo/fifo_mem_reg[0][flit_type]_0_3_1_1/SP/WE
-0.136,20,4,3,inter,u_mesh/GEN_R[4].r/u_datapath/west_vc0_fifo/rd_ptr_reg[0]/C,u_mesh/GEN_R[3].r/u_datapath/east_vc2_fifo/fifo_mem_reg[0][flit_data]_0_3_30_31__0/DP/I
-0.136,20,1,0,inter,u_mesh/GEN_R[1].r/u_datapath/west_vc2_fifo/rd_ptr_reg[1]/C,u_mesh/GEN_R[0].r/u_datapath/east_vc2_fifo/fifo_mem_reg[0][flit_data]_0_3_18_23/RAMA_D1/I
-0.134,20,4,3,inter,u_mesh/GEN_R[4].r/u_datapath/west_vc0_fifo/rd_ptr_reg[0]/C,u_mesh/GEN_R[3].r/u_datapath/east_vc1_fifo/fifo_mem_reg[0][flit_data]_0_3_24_29/RAMA_D1/I
-0.132,20,4,3,inter,u_mesh/GEN_R[4].r/u_datapath/west_vc0_fifo/rd_ptr_reg[0]/C,u_mesh/GEN_R[3].r/u_datapath/east_vc2_fifo/fifo_mem_reg[0][flit_data]_0_3_18_23/RAMA/I
-0.132,20,2,1,inter,u_mesh/GEN_R[2].r/u_datapath/local_vc2_fifo/rd_ptr_reg[1]/C,u_mesh/GEN_R[1].r/u_datapath/east_vc0_fifo/fifo_mem_reg[0][flit_data]_0_3_24_29/RAMA/I
-0.131,22,4,5,inter,u_mesh/GEN_R[4].r/u_datapath/west_vc0_fifo/rd_ptr_reg[0]/C,u_mesh/GEN_R[5].r/u_datapath/west_vc0_fifo/count_reg[0]/D
-0.131,22,1,4,inter,u_mesh/GEN_R[1].r/u_datapath/west_vc2_fifo/rd_ptr_reg[1]/C,u_mesh/GEN_R[4].r/u_datapath/north_vc1_fifo/count_reg[1]/D
-0.128,20,4,1,inter,u_mesh/GEN_R[4].r/u_datapath/local_vc2_fifo/rd_ptr_reg[0]_replica/C,u_mesh/GEN_R[1].r/u_datapath/south_vc2_fifo/fifo_mem_reg[0][flit_type]_0_3_0_0/DP/I
-0.128,20,4,3,inter,u_mesh/GEN_R[4].r/u_datapath/west_vc0_fifo/rd_ptr_reg[0]/C,u_mesh/GEN_R[3].r/u_datapath/east_vc0_fifo/fifo_mem_reg[0][flit_data]_0_3_6_11/RAMB/I
-0.128,20,4,5,inter,u_mesh/GEN_R[4].r/u_datapath/west_vc0_fifo/rd_ptr_reg[0]/C,u_mesh/GEN_R[5].r/u_datapath/west_vc2_fifo/fifo_mem_reg[0][flit_data]_0_3_18_23/RAMC_D1/I
-0.127,20,4,1,inter,u_mesh/GEN_R[4].r/u_datapath/west_vc0_fifo/rd_ptr_reg[0]/C,u_mesh/GEN_R[1].r/u_datapath/south_vc1_fifo/fifo_mem_reg[0][flit_data]_0_3_6_11/RAMA/I
-0.125,20,4,1,inter,u_mesh/GEN_R[4].r/u_datapath/west_vc0_fifo/rd_ptr_reg[0]/C,u_mesh/GEN_R[1].r/u_datapath/south_vc1_fifo/fifo_mem_reg[0][flit_data]_0_3_12_17/RAMB/I
-0.124,20,4,5,inter,u_mesh/GEN_R[4].r/u_datapath/local_vc2_fifo/rd_ptr_reg[0]_replica/C,u_mesh/GEN_R[5].r/u_datapath/west_vc2_fifo/fifo_mem_reg[0][flit_data]_0_3_30_31__0/DP/I
-0.124,20,4,3,inter,u_mesh/GEN_R[4].r/u_datapath/west_vc0_fifo/rd_ptr_reg[0]/C,u_mesh/GEN_R[3].r/u_datapath/east_vc2_fifo/fifo_mem_reg[0][flit_data]_0_3_24_29/RAMC/I
-0.124,22,5,2,inter,u_mesh/GEN_R[5].r/u_datapath/local_vc1_fifo/rd_ptr_reg[0]/C,u_mesh/GEN_R[2].r/u_datapath/south_vc1_fifo/fifo_mem_reg[0][vc_id]_0_3_0_0/DP/WE
-0.124,22,5,2,inter,u_mesh/GEN_R[5].r/u_datapath/local_vc1_fifo/rd_ptr_reg[0]/C,u_mesh/GEN_R[2].r/u_datapath/south_vc1_fifo/fifo_mem_reg[0][vc_id]_0_3_0_0/SP/WE
-0.124,22,5,2,inter,u_mesh/GEN_R[5].r/u_datapath/local_vc1_fifo/rd_ptr_reg[0]/C,u_mesh/GEN_R[2].r/u_datapath/south_vc1_fifo/fifo_mem_reg[0][vc_id]_0_3_1_1/DP/WE
-0.124,22,5,2,inter,u_mesh/GEN_R[5].r/u_datapath/local_vc1_fifo/rd_ptr_reg[0]/C,u_mesh/GEN_R[2].r/u_datapath/south_vc1_fifo/fifo_mem_reg[0][vc_id]_0_3_1_1/SP/WE
-0.124,20,4,1,inter,u_mesh/GEN_R[4].r/u_datapath/west_vc0_fifo/rd_ptr_reg[0]/C,u_mesh/GEN_R[1].r/u_datapath/south_vc2_fifo/fifo_mem_reg[0][flit_data]_0_3_0_5/RAMC/I
-0.123,20,4,3,inter,u_mesh/GEN_R[4].r/u_datapath/west_vc0_fifo/rd_ptr_reg[0]/C,u_mesh/GEN_R[3].r/u_datapath/east_vc1_fifo/fifo_mem_reg[0][flit_data]_0_3_18_23/RAMC_D1/I
-0.122,20,2,1,inter,u_mesh/GEN_R[2].r/u_datapath/local_vc2_fifo/rd_ptr_reg[1]/C,u_mesh/GEN_R[1].r/u_datapath/east_vc1_fifo/fifo_mem_reg[0][flit_data]_0_3_24_29/RAMA_D1/I
-0.118,20,4,3,inter,u_mesh/GEN_R[4].r/u_datapath/west_vc0_fifo/rd_ptr_reg[0]/C,u_mesh/GEN_R[3].r/u_datapath/east_vc2_fifo/fifo_mem_reg[0][flit_type]_0_3_1_1/DP/I
-0.117,20,4,5,inter,u_mesh/GEN_R[4].r/u_datapath/local_vc2_fifo/rd_ptr_reg[0]_replica/C,u_mesh/GEN_R[5].r/u_datapath/west_vc1_fifo/fifo_mem_reg[0][flit_data]_0_3_30_31/SP/I
-0.116,19,3,0,inter,u_mesh/GEN_R[3].r/u_datapath/east_vc1_fifo/rd_ptr_reg[1]_replica/C,u_mesh/GEN_R[0].r/u_datapath/south_vc1_fifo/fifo_mem_reg[0][flit_data]_0_3_18_23/RAMA_D1/I
-0.116,20,2,1,inter,u_mesh/GEN_R[2].r/u_datapath/local_vc2_fifo/rd_ptr_reg[1]/C,u_mesh/GEN_R[1].r/u_datapath/east_vc2_fifo/fifo_mem_reg[0][flit_data]_0_3_24_29/RAMA_D1/I
-0.115,20,4,5,inter,u_mesh/GEN_R[4].r/u_datapath/local_vc2_fifo/rd_ptr_reg[0]_replica/C,u_mesh/GEN_R[5].r/u_datapath/west_vc2_fifo/fifo_mem_reg[0][flit_data]_0_3_0_5/RAMB_D1/I
-0.115,20,4,4,intra,u_mesh/GEN_R[4].r/u_datapath/west_vc0_fifo/rd_ptr_reg[0]/C,u_mesh/GEN_R[4].r/u_eject_fifo/fifo_mem_reg[0][flit_data]_0_15_0_5/RAMA_D1/I
-0.115,20,4,1,inter,u_mesh/GEN_R[4].r/u_datapath/west_vc0_fifo/rd_ptr_reg[0]/C,u_mesh/GEN_R[1].r/u_datapath/south_vc0_fifo/fifo_mem_reg[0][flit_data]_0_3_6_11/RAMC_D1/I
-0.112,20,1,2,inter,u_mesh/GEN_R[1].r/u_datapath/west_vc2_fifo/rd_ptr_reg[1]/C,u_mesh/GEN_R[2].r/u_datapath/west_vc1_fifo/fifo_mem_reg[0][flit_data]_0_3_18_23/RAMA_D1/I
-0.110,20,1,1,intra,u_mesh/GEN_R[1].r/u_datapath/west_vc2_fifo/rd_ptr_reg[1]/C,u_mesh/GEN_R[1].r/u_eject_fifo/fifo_mem_reg[0][flit_data]_0_15_0_5/RAMA/I
-0.109,20,4,3,inter,u_mesh/GEN_R[4].r/u_datapath/west_vc0_fifo/rd_ptr_reg[0]/C,u_mesh/GEN_R[3].r/u_datapath/east_vc0_fifo/fifo_mem_reg[0][flit_data]_0_3_18_23/RAMB/I
-0.109,20,1,2,inter,u_mesh/GEN_R[1].r/u_datapath/west_vc2_fifo/rd_ptr_reg[1]/C,u_mesh/GEN_R[2].r/u_datapath/west_vc2_fifo/fifo_mem_reg[0][flit_data]_0_3_18_23/RAMA_D1/I
-0.107,20,4,1,inter,u_mesh/GEN_R[4].r/u_datapath/local_vc2_fifo/rd_ptr_reg[0]_replica/C,u_mesh/GEN_R[1].r/u_datapath/south_vc0_fifo/fifo_mem_reg[0][flit_data]_0_3_30_31/SP/I
-0.103,20,4,5,inter,u_mesh/GEN_R[4].r/u_datapath/local_vc2_fifo/rd_ptr_reg[0]_replica/C,u_mesh/GEN_R[5].r/u_datapath/west_vc0_fifo/fifo_mem_reg[0][flit_data]_0_3_0_5/RAMB_D1/I
-0.103,20,4,1,inter,u_mesh/GEN_R[4].r/u_datapath/west_vc0_fifo/rd_ptr_reg[0]/C,u_mesh/GEN_R[1].r/u_datapath/south_vc0_fifo/fifo_mem_reg[0][flit_data]_0_3_6_11/RAMA/I
-0.103,20,4,5,inter,u_mesh/GEN_R[4].r/u_datapath/west_vc0_fifo/rd_ptr_reg[0]/C,u_mesh/GEN_R[5].r/u_datapath/west_vc0_fifo/fifo_mem_reg[0][flit_data]_0_3_0_5/RAMC/I
-0.102,20,4,3,inter,u_mesh/GEN_R[4].r/u_datapath/west_vc0_fifo/rd_ptr_reg[0]/C,u_mesh/GEN_R[3].r/u_datapath/east_vc0_fifo/fifo_mem_reg[0][flit_data]_0_3_6_11/RAMA_D1/I
-0.102,20,4,4,intra,u_mesh/GEN_R[4].r/u_datapath/west_vc0_fifo/rd_ptr_reg[0]/C,u_mesh/GEN_R[4].r/u_eject_fifo/fifo_mem_reg[0][flit_data]_0_15_0_5/RAMB_D1/I
-0.102,20,4,5,inter,u_mesh/GEN_R[4].r/u_datapath/west_vc0_fifo/rd_ptr_reg[0]/C,u_mesh/GEN_R[5].r/u_datapath/west_vc0_fifo/fifo_mem_reg[0][flit_data]_0_3_6_11/RAMA/I
-0.101,20,4,4,intra,u_mesh/GEN_R[4].r/u_datapath/west_vc0_fifo/rd_ptr_reg[0]/C,u_mesh/GEN_R[4].r/u_eject_fifo/fifo_mem_reg[0][flit_data]_0_15_24_29/RAMA/WE
-0.101,20,4,4,intra,u_mesh/GEN_R[4].r/u_datapath/west_vc0_fifo/rd_ptr_reg[0]/C,u_mesh/GEN_R[4].r/u_eject_fifo/fifo_mem_reg[0][flit_data]_0_15_24_29/RAMA_D1/WE
-0.101,20,4,4,intra,u_mesh/GEN_R[4].r/u_datapath/west_vc0_fifo/rd_ptr_reg[0]/C,u_mesh/GEN_R[4].r/u_eject_fifo/fifo_mem_reg[0][flit_data]_0_15_24_29/RAMB/WE
-0.101,20,4,4,intra,u_mesh/GEN_R[4].r/u_datapath/west_vc0_fifo/rd_ptr_reg[0]/C,u_mesh/GEN_R[4].r/u_eject_fifo/fifo_mem_reg[0][flit_data]_0_15_24_29/RAMB_D1/WE
-0.101,20,4,4,intra,u_mesh/GEN_R[4].r/u_datapath/west_vc0_fifo/rd_ptr_reg[0]/C,u_mesh/GEN_R[4].r/u_eject_fifo/fifo_mem_reg[0][flit_data]_0_15_24_29/RAMC/WE
-0.101,20,4,4,intra,u_mesh/GEN_R[4].r/u_datapath/west_vc0_fifo/rd_ptr_reg[0]/C,u_mesh/GEN_R[4].r/u_eject_fifo/fifo_mem_reg[0][flit_data]_0_15_24_29/RAMC_D1/WE
-0.101,20,4,4,intra,u_mesh/GEN_R[4].r/u_datapath/west_vc0_fifo/rd_ptr_reg[0]/C,u_mesh/GEN_R[4].r/u_eject_fifo/fifo_mem_reg[0][flit_data]_0_15_24_29/RAMD/WE
-0.101,20,4,4,intra,u_mesh/GEN_R[4].r/u_datapath/west_vc0_fifo/rd_ptr_reg[0]/C,u_mesh/GEN_R[4].r/u_eject_fifo/fifo_mem_reg[0][flit_data]_0_15_24_29/RAMD_D1/WE
-0.101,20,4,1,inter,u_mesh/GEN_R[4].r/u_datapath/west_vc0_fifo/rd_ptr_reg[0]/C,u_mesh/GEN_R[1].r/u_datapath/south_vc2_fifo/fifo_mem_reg[0][flit_data]_0_3_12_17/RAMB/I
-0.100,20,4,5,inter,u_mesh/GEN_R[4].r/u_datapath/west_vc0_fifo/rd_ptr_reg[0]/C,u_mesh/GEN_R[5].r/u_datapath/west_vc1_fifo/fifo_mem_reg[0][flit_data]_0_3_6_11/RAMC/I
-0.099,20,4,1,inter,u_mesh/GEN_R[4].r/u_datapath/west_vc0_fifo/rd_ptr_reg[0]/C,u_mesh/GEN_R[1].r/u_datapath/south_vc2_fifo/fifo_mem_reg[0][flit_data]_0_3_24_29/RAMA_D1/I
-0.098,20,2,2,intra,u_mesh/GEN_R[2].r/u_datapath/local_vc2_fifo/rd_ptr_reg[1]/C,u_mesh/GEN_R[2].r/u_eject_fifo/fifo_mem_reg[0][flit_data]_0_15_6_11/RAMB_D1/I
-0.097,20,1,0,inter,u_mesh/GEN_R[1].r/u_datapath/west_vc2_fifo/rd_ptr_reg[1]/C,u_mesh/GEN_R[0].r/u_datapath/east_vc0_fifo/fifo_mem_reg[0][flit_data]_0_3_12_17/RAMB_D1/I
-0.097,20,4,1,inter,u_mesh/GEN_R[4].r/u_datapath/west_vc0_fifo/rd_ptr_reg[0]/C,u_mesh/GEN_R[1].r/u_datapath/south_vc1_fifo/fifo_mem_reg[0][flit_data]_0_3_24_29/RAMA_D1/I
-0.096,20,1,0,inter,u_mesh/GEN_R[1].r/u_datapath/west_vc2_fifo/rd_ptr_reg[1]/C,u_mesh/GEN_R[0].r/u_datapath/east_vc2_fifo/fifo_mem_reg[0][flit_data]_0_3_30_31/SP/I
-0.096,21,4,5,inter,u_mesh/GEN_R[4].r/u_datapath/west_vc0_fifo/rd_ptr_reg[0]/C,u_mesh/GEN_R[5].r/u_datapath/west_vc1_fifo/count_reg[0]/D
-0.096,20,4,1,inter,u_mesh/GEN_R[4].r/u_datapath/west_vc0_fifo/rd_ptr_reg[0]/C,u_mesh/GEN_R[1].r/u_datapath/south_vc1_fifo/fifo_mem_reg[0][flit_data]_0_3_0_5/RAMC_D1/I
-0.095,20,4,5,inter,u_mesh/GEN_R[4].r/u_datapath/west_vc0_fifo/rd_ptr_reg[0]/C,u_mesh/GEN_R[5].r/u_datapath/west_vc0_fifo/fifo_mem_reg[0][flit_data]_0_3_12_17/RAMB/I
-0.095,20,5,5,intra,u_mesh/GEN_R[5].r/u_datapath/local_vc1_fifo/rd_ptr_reg[0]/C,u_mesh/GEN_R[5].r/u_eject_fifo/fifo_mem_reg[0][flit_data]_0_15_18_23/RAMA/WE
-0.095,20,5,5,intra,u_mesh/GEN_R[5].r/u_datapath/local_vc1_fifo/rd_ptr_reg[0]/C,u_mesh/GEN_R[5].r/u_eject_fifo/fifo_mem_reg[0][flit_data]_0_15_18_23/RAMA_D1/WE
-0.095,20,5,5,intra,u_mesh/GEN_R[5].r/u_datapath/local_vc1_fifo/rd_ptr_reg[0]/C,u_mesh/GEN_R[5].r/u_eject_fifo/fifo_mem_reg[0][flit_data]_0_15_18_23/RAMB/WE
-0.095,20,5,5,intra,u_mesh/GEN_R[5].r/u_datapath/local_vc1_fifo/rd_ptr_reg[0]/C,u_mesh/GEN_R[5].r/u_eject_fifo/fifo_mem_reg[0][flit_data]_0_15_18_23/RAMB_D1/WE
-0.095,20,5,5,intra,u_mesh/GEN_R[5].r/u_datapath/local_vc1_fifo/rd_ptr_reg[0]/C,u_mesh/GEN_R[5].r/u_eject_fifo/fifo_mem_reg[0][flit_data]_0_15_18_23/RAMC/WE
-0.095,20,5,5,intra,u_mesh/GEN_R[5].r/u_datapath/local_vc1_fifo/rd_ptr_reg[0]/C,u_mesh/GEN_R[5].r/u_eject_fifo/fifo_mem_reg[0][flit_data]_0_15_18_23/RAMC_D1/WE
-0.095,20,5,5,intra,u_mesh/GEN_R[5].r/u_datapath/local_vc1_fifo/rd_ptr_reg[0]/C,u_mesh/GEN_R[5].r/u_eject_fifo/fifo_mem_reg[0][flit_data]_0_15_18_23/RAMD/WE
-0.095,20,5,5,intra,u_mesh/GEN_R[5].r/u_datapath/local_vc1_fifo/rd_ptr_reg[0]/C,u_mesh/GEN_R[5].r/u_eject_fifo/fifo_mem_reg[0][flit_data]_0_15_18_23/RAMD_D1/WE
-0.095,20,4,5,inter,u_mesh/GEN_R[4].r/u_datapath/local_vc2_fifo/rd_ptr_reg[0]_replica/C,u_mesh/GEN_R[5].r/u_datapath/west_vc0_fifo/fifo_mem_reg[0][flit_data]_0_3_24_29/RAMB/I
-0.094,22,0,3,inter,u_mesh/GEN_R[0].r/u_datapath/east_vc1_fifo/rd_ptr_reg[0]/C,u_mesh/GEN_R[3].r/u_datapath/north_vc0_fifo/count_reg[0]/D
-0.093,20,4,5,inter,u_mesh/GEN_R[4].r/u_datapath/west_vc0_fifo/rd_ptr_reg[0]/C,u_mesh/GEN_R[5].r/u_datapath/west_vc2_fifo/fifo_mem_reg[0][flit_data]_0_3_18_23/RAMC/I
-0.093,20,4,5,inter,u_mesh/GEN_R[4].r/u_datapath/local_vc2_fifo/rd_ptr_reg[0]_replica/C,u_mesh/GEN_R[5].r/u_datapath/west_vc0_fifo/fifo_mem_reg[0][flit_data]_0_3_30_31/DP/I
-0.092,20,4,3,inter,u_mesh/GEN_R[4].r/u_datapath/west_vc0_fifo/rd_ptr_reg[0]/C,u_mesh/GEN_R[3].r/u_datapath/east_vc1_fifo/fifo_mem_reg[0][flit_data]_0_3_12_17/RAMB/I
-0.090,20,4,4,intra,u_mesh/GEN_R[4].r/u_datapath/west_vc0_fifo/rd_ptr_reg[0]/C,u_mesh/GEN_R[4].r/u_eject_fifo/fifo_mem_reg[0][flit_data]_0_15_6_11/RAMC/I
-0.090,20,4,1,inter,u_mesh/GEN_R[4].r/u_datapath/west_vc0_fifo/rd_ptr_reg[0]/C,u_mesh/GEN_R[1].r/u_datapath/south_vc0_fifo/fifo_mem_reg[0][flit_data]_0_3_0_5/RAMC_D1/I
-0.088,20,4,3,inter,u_mesh/GEN_R[4].r/u_datapath/west_vc0_fifo/rd_ptr_reg[0]/C,u_mesh/GEN_R[3].r/u_datapath/east_vc2_fifo/fifo_mem_reg[0][flit_type]_0_3_1_1/SP/I
-0.087,20,1,0,inter,u_mesh/GEN_R[1].r/u_datapath/west_vc2_fifo/rd_ptr_reg[1]/C,u_mesh/GEN_R[0].r/u_datapath/east_vc2_fifo/fifo_mem_reg[0][flit_data]_0_3_12_17/RAMA_D1/I
-0.086,20,4,4,intra,u_mesh/GEN_R[4].r/u_datapath/west_vc0_fifo/rd_ptr_reg[0]/C,u_mesh/GEN_R[4].r/u_eject_fifo/fifo_mem_reg[0][flit_data]_0_15_18_23/RAMA/WE
-0.086,20,4,4,intra,u_mesh/GEN_R[4].r/u_datapath/west_vc0_fifo/rd_ptr_reg[0]/C,u_mesh/GEN_R[4].r/u_eject_fifo/fifo_mem_reg[0][flit_data]_0_15_18_23/RAMA_D1/WE
-0.086,20,4,4,intra,u_mesh/GEN_R[4].r/u_datapath/west_vc0_fifo/rd_ptr_reg[0]/C,u_mesh/GEN_R[4].r/u_eject_fifo/fifo_mem_reg[0][flit_data]_0_15_18_23/RAMB/WE
-0.086,20,4,4,intra,u_mesh/GEN_R[4].r/u_datapath/west_vc0_fifo/rd_ptr_reg[0]/C,u_mesh/GEN_R[4].r/u_eject_fifo/fifo_mem_reg[0][flit_data]_0_15_18_23/RAMB_D1/WE
-0.086,20,4,4,intra,u_mesh/GEN_R[4].r/u_datapath/west_vc0_fifo/rd_ptr_reg[0]/C,u_mesh/GEN_R[4].r/u_eject_fifo/fifo_mem_reg[0][flit_data]_0_15_18_23/RAMC/WE
-0.086,20,4,4,intra,u_mesh/GEN_R[4].r/u_datapath/west_vc0_fifo/rd_ptr_reg[0]/C,u_mesh/GEN_R[4].r/u_eject_fifo/fifo_mem_reg[0][flit_data]_0_15_18_23/RAMC_D1/WE
-0.086,20,4,4,intra,u_mesh/GEN_R[4].r/u_datapath/west_vc0_fifo/rd_ptr_reg[0]/C,u_mesh/GEN_R[4].r/u_eject_fifo/fifo_mem_reg[0][flit_data]_0_15_18_23/RAMD/WE
-0.086,20,4,4,intra,u_mesh/GEN_R[4].r/u_datapath/west_vc0_fifo/rd_ptr_reg[0]/C,u_mesh/GEN_R[4].r/u_eject_fifo/fifo_mem_reg[0][flit_data]_0_15_18_23/RAMD_D1/WE
-0.085,21,3,4,inter,u_mesh/GEN_R[3].r/u_datapath/east_vc1_fifo/rd_ptr_reg[1]_replica/C,u_mesh/GEN_R[4].r/u_datapath/west_vc0_fifo/fifo_mem_reg[0][flit_data]_0_3_18_23/RAMA/WE
-0.085,21,3,4,inter,u_mesh/GEN_R[3].r/u_datapath/east_vc1_fifo/rd_ptr_reg[1]_replica/C,u_mesh/GEN_R[4].r/u_datapath/west_vc0_fifo/fifo_mem_reg[0][flit_data]_0_3_18_23/RAMA_D1/WE
-0.085,21,3,4,inter,u_mesh/GEN_R[3].r/u_datapath/east_vc1_fifo/rd_ptr_reg[1]_replica/C,u_mesh/GEN_R[4].r/u_datapath/west_vc0_fifo/fifo_mem_reg[0][flit_data]_0_3_18_23/RAMB/WE
-0.085,21,3,4,inter,u_mesh/GEN_R[3].r/u_datapath/east_vc1_fifo/rd_ptr_reg[1]_replica/C,u_mesh/GEN_R[4].r/u_datapath/west_vc0_fifo/fifo_mem_reg[0][flit_data]_0_3_18_23/RAMB_D1/WE
-0.085,21,3,4,inter,u_mesh/GEN_R[3].r/u_datapath/east_vc1_fifo/rd_ptr_reg[1]_replica/C,u_mesh/GEN_R[4].r/u_datapath/west_vc0_fifo/fifo_mem_reg[0][flit_data]_0_3_18_23/RAMC/WE
-0.085,21,3,4,inter,u_mesh/GEN_R[3].r/u_datapath/east_vc1_fifo/rd_ptr_reg[1]_replica/C,u_mesh/GEN_R[4].r/u_datapath/west_vc0_fifo/fifo_mem_reg[0][flit_data]_0_3_18_23/RAMC_D1/WE
-0.085,21,3,4,inter,u_mesh/GEN_R[3].r/u_datapath/east_vc1_fifo/rd_ptr_reg[1]_replica/C,u_mesh/GEN_R[4].r/u_datapath/west_vc0_fifo/fifo_mem_reg[0][flit_data]_0_3_18_23/RAMD/WE
-0.085,21,3,4,inter,u_mesh/GEN_R[3].r/u_datapath/east_vc1_fifo/rd_ptr_reg[1]_replica/C,u_mesh/GEN_R[4].r/u_datapath/west_vc0_fifo/fifo_mem_reg[0][flit_data]_0_3_18_23/RAMD_D1/WE
-0.084,20,4,3,inter,u_mesh/GEN_R[4].r/u_datapath/west_vc0_fifo/rd_ptr_reg[0]/C,u_mesh/GEN_R[3].r/u_datapath/east_vc0_fifo/fifo_mem_reg[0][flit_data]_0_3_18_23/RAMC_D1/I
-0.084,20,2,5,inter,u_mesh/GEN_R[2].r/u_datapath/local_vc2_fifo/rd_ptr_reg[1]/C,u_mesh/GEN_R[5].r/u_datapath/north_vc0_fifo/fifo_mem_reg[0][flit_data]_0_3_0_5/RAMA/I
-0.084,20,4,1,inter,u_mesh/GEN_R[4].r/u_datapath/local_vc2_fifo/rd_ptr_reg[0]_replica/C,u_mesh/GEN_R[1].r/u_datapath/south_vc0_fifo/fifo_mem_reg[0][flit_data]_0_3_30_31__0/DP/I
-0.083,20,2,1,inter,u_mesh/GEN_R[2].r/u_datapath/local_vc2_fifo/rd_ptr_reg[1]/C,u_mesh/GEN_R[1].r/u_datapath/east_vc0_fifo/fifo_mem_reg[0][flit_data]_0_3_18_23/RAMC/I
-0.083,20,4,4,intra,u_mesh/GEN_R[4].r/u_datapath/west_vc0_fifo/rd_ptr_reg[0]/C,u_mesh/GEN_R[4].r/u_eject_fifo/fifo_mem_reg[0][flit_data]_0_15_0_5/RAMC/I
-0.081,22,2,1,inter,u_mesh/GEN_R[2].r/u_datapath/local_vc2_fifo/rd_ptr_reg[1]/C,u_mesh/GEN_R[1].r/u_datapath/east_vc1_fifo/wr_ptr_reg[1]/D
-0.080,20,4,1,inter,u_mesh/GEN_R[4].r/u_datapath/west_vc0_fifo/rd_ptr_reg[0]/C,u_mesh/GEN_R[1].r/u_datapath/south_vc1_fifo/fifo_mem_reg[0][flit_data]_0_3_24_29/RAMC_D1/I
-0.080,20,1,0,inter,u_mesh/GEN_R[1].r/u_datapath/west_vc2_fifo/rd_ptr_reg[1]/C,u_mesh/GEN_R[0].r/u_datapath/east_vc0_fifo/fifo_mem_reg[0][flit_data]_0_3_12_17/RAMA_D1/I
-0.079,22,4,5,inter,u_mesh/GEN_R[4].r/u_datapath/west_vc0_fifo/rd_ptr_reg[0]/C,u_mesh/GEN_R[5].r/u_datapath/west_vc0_fifo/count_reg[1]/D
-0.079,20,4,5,inter,u_mesh/GEN_R[4].r/u_datapath/west_vc0_fifo/rd_ptr_reg[0]/C,u_mesh/GEN_R[5].r/u_datapath/west_vc1_fifo/fifo_mem_reg[0][flit_data]_0_3_6_11/RAMB/I
-0.079,20,4,5,inter,u_mesh/GEN_R[4].r/u_datapath/west_vc0_fifo/rd_ptr_reg[0]/C,u_mesh/GEN_R[5].r/u_datapath/west_vc0_fifo/fifo_mem_reg[0][flit_data]_0_3_0_5/RAMC_D1/I
-0.078,20,4,4,intra,u_mesh/GEN_R[4].r/u_datapath/west_vc0_fifo/rd_ptr_reg[0]/C,u_mesh/GEN_R[4].r/u_eject_fifo/fifo_mem_reg[0][vc_id]_0_15_0_0/DP/WE
-0.078,20,4,4,intra,u_mesh/GEN_R[4].r/u_datapath/west_vc0_fifo/rd_ptr_reg[0]/C,u_mesh/GEN_R[4].r/u_eject_fifo/fifo_mem_reg[0][vc_id]_0_15_0_0/SP/WE
-0.078,20,4,4,intra,u_mesh/GEN_R[4].r/u_datapath/west_vc0_fifo/rd_ptr_reg[0]/C,u_mesh/GEN_R[4].r/u_eject_fifo/fifo_mem_reg[0][vc_id]_0_15_1_1/DP/WE
-0.078,20,4,4,intra,u_mesh/GEN_R[4].r/u_datapath/west_vc0_fifo/rd_ptr_reg[0]/C,u_mesh/GEN_R[4].r/u_eject_fifo/fifo_mem_reg[0][vc_id]_0_15_1_1/SP/WE
-0.077,20,4,3,inter,u_mesh/GEN_R[4].r/u_datapath/west_vc0_fifo/rd_ptr_reg[0]/C,u_mesh/GEN_R[3].r/u_datapath/east_vc2_fifo/fifo_mem_reg[0][flit_data]_0_3_6_11/RAMC_D1/I
-0.077,22,5,2,inter,u_mesh/GEN_R[5].r/u_datapath/local_vc1_fifo/rd_ptr_reg[0]/C,u_mesh/GEN_R[2].r/u_datapath/south_vc1_fifo/fifo_mem_reg[0][flit_data]_0_3_24_29/RAMA/WE
-0.077,22,5,2,inter,u_mesh/GEN_R[5].r/u_datapath/local_vc1_fifo/rd_ptr_reg[0]/C,u_mesh/GEN_R[2].r/u_datapath/south_vc1_fifo/fifo_mem_reg[0][flit_data]_0_3_24_29/RAMA_D1/WE
-0.077,22,5,2,inter,u_mesh/GEN_R[5].r/u_datapath/local_vc1_fifo/rd_ptr_reg[0]/C,u_mesh/GEN_R[2].r/u_datapath/south_vc1_fifo/fifo_mem_reg[0][flit_data]_0_3_24_29/RAMB/WE
-0.077,22,5,2,inter,u_mesh/GEN_R[5].r/u_datapath/local_vc1_fifo/rd_ptr_reg[0]/C,u_mesh/GEN_R[2].r/u_datapath/south_vc1_fifo/fifo_mem_reg[0][flit_data]_0_3_24_29/RAMB_D1/WE
-0.077,22,5,2,inter,u_mesh/GEN_R[5].r/u_datapath/local_vc1_fifo/rd_ptr_reg[0]/C,u_mesh/GEN_R[2].r/u_datapath/south_vc1_fifo/fifo_mem_reg[0][flit_data]_0_3_24_29/RAMC/WE
-0.077,22,5,2,inter,u_mesh/GEN_R[5].r/u_datapath/local_vc1_fifo/rd_ptr_reg[0]/C,u_mesh/GEN_R[2].r/u_datapath/south_vc1_fifo/fifo_mem_reg[0][flit_data]_0_3_24_29/RAMC_D1/WE
-0.077,22,5,2,inter,u_mesh/GEN_R[5].r/u_datapath/local_vc1_fifo/rd_ptr_reg[0]/C,u_mesh/GEN_R[2].r/u_datapath/south_vc1_fifo/fifo_mem_reg[0][flit_data]_0_3_24_29/RAMD/WE
-0.077,22,5,2,inter,u_mesh/GEN_R[5].r/u_datapath/local_vc1_fifo/rd_ptr_reg[0]/C,u_mesh/GEN_R[2].r/u_datapath/south_vc1_fifo/fifo_mem_reg[0][flit_data]_0_3_24_29/RAMD_D1/WE
-0.076,20,4,3,inter,u_mesh/GEN_R[4].r/u_datapath/west_vc0_fifo/rd_ptr_reg[0]/C,u_mesh/GEN_R[3].r/u_datapath/east_vc0_fifo/fifo_mem_reg[0][flit_data]_0_3_6_11/RAMC_D1/I
-0.076,22,4,1,inter,u_mesh/GEN_R[4].r/u_datapath/west_vc0_fifo/rd_ptr_reg[0]/C,u_mesh/GEN_R[1].r/u_datapath/south_vc1_fifo/wr_ptr_reg[1]/D
-0.076,20,1,4,inter,u_mesh/GEN_R[1].r/u_datapath/west_vc2_fifo/rd_ptr_reg[1]/C,u_mesh/GEN_R[4].r/u_datapath/north_vc1_fifo/fifo_mem_reg[0][flit_data]_0_3_6_11/RAMB/I
-0.076,20,4,4,intra,u_mesh/GEN_R[4].r/u_datapath/west_vc0_fifo/rd_ptr_reg[0]/C,u_mesh/GEN_R[4].r/u_eject_fifo/fifo_mem_reg[0][flit_data]_0_15_18_23/RAMC_D1/I
-0.074,20,4,3,inter,u_mesh/GEN_R[4].r/u_datapath/west_vc0_fifo/rd_ptr_reg[0]/C,u_mesh/GEN_R[3].r/u_datapath/east_vc1_fifo/fifo_mem_reg[0][flit_data]_0_3_6_11/RAMC/I
-0.073,20,4,3,inter,u_mesh/GEN_R[4].r/u_datapath/west_vc0_fifo/rd_ptr_reg[0]/C,u_mesh/GEN_R[3].r/u_datapath/east_vc2_fifo/fifo_mem_reg[0][flit_data]_0_3_0_5/RAMC_D1/I
-0.072,20,1,2,inter,u_mesh/GEN_R[1].r/u_datapath/west_vc2_fifo/rd_ptr_reg[1]/C,u_mesh/GEN_R[2].r/u_datapath/west_vc1_fifo/fifo_mem_reg[0][flit_data]_0_3_6_11/RAMB/I
-0.067,20,1,0,inter,u_mesh/GEN_R[1].r/u_datapath/west_vc2_fifo/rd_ptr_reg[1]/C,u_mesh/GEN_R[0].r/u_datapath/east_vc0_fifo/fifo_mem_reg[0][flit_data]_0_3_12_17/RAMA/I
-0.067,20,4,3,inter,u_mesh/GEN_R[4].r/u_datapath/west_vc0_fifo/rd_ptr_reg[0]/C,u_mesh/GEN_R[3].r/u_datapath/east_vc2_fifo/fifo_mem_reg[0][flit_data]_0_3_6_11/RAMC/I
-0.067,22,0,3,inter,u_mesh/GEN_R[0].r/u_datapath/east_vc1_fifo/rd_ptr_reg[0]/C,u_mesh/GEN_R[3].r/u_datapath/north_vc0_fifo/count_reg[2]/D
-0.066,20,4,3,inter,u_mesh/GEN_R[4].r/u_datapath/west_vc0_fifo/rd_ptr_reg[0]/C,u_mesh/GEN_R[3].r/u_datapath/east_vc2_fifo/fifo_mem_reg[0][flit_data]_0_3_12_17/RAMB_D1/I
-0.066,20,4,4,intra,u_mesh/GEN_R[4].r/u_datapath/west_vc0_fifo/rd_ptr_reg[0]/C,u_mesh/GEN_R[4].r/u_eject_fifo/fifo_mem_reg[0][flit_data]_0_15_12_17/RAMA/WE
-0.066,20,4,4,intra,u_mesh/GEN_R[4].r/u_datapath/west_vc0_fifo/rd_ptr_reg[0]/C,u_mesh/GEN_R[4].r/u_eject_fifo/fifo_mem_reg[0][flit_data]_0_15_12_17/RAMA_D1/WE
-0.066,20,4,4,intra,u_mesh/GEN_R[4].r/u_datapath/west_vc0_fifo/rd_ptr_reg[0]/C,u_mesh/GEN_R[4].r/u_eject_fifo/fifo_mem_reg[0][flit_data]_0_15_12_17/RAMB/WE
-0.066,20,4,4,intra,u_mesh/GEN_R[4].r/u_datapath/west_vc0_fifo/rd_ptr_reg[0]/C,u_mesh/GEN_R[4].r/u_eject_fifo/fifo_mem_reg[0][flit_data]_0_15_12_17/RAMB_D1/WE
-0.066,20,4,4,intra,u_mesh/GEN_R[4].r/u_datapath/west_vc0_fifo/rd_ptr_reg[0]/C,u_mesh/GEN_R[4].r/u_eject_fifo/fifo_mem_reg[0][flit_data]_0_15_12_17/RAMC/WE
-0.066,20,4,4,intra,u_mesh/GEN_R[4].r/u_datapath/west_vc0_fifo/rd_ptr_reg[0]/C,u_mesh/GEN_R[4].r/u_eject_fifo/fifo_mem_reg[0][flit_data]_0_15_12_17/RAMC_D1/WE
-0.066,20,4,4,intra,u_mesh/GEN_R[4].r/u_datapath/west_vc0_fifo/rd_ptr_reg[0]/C,u_mesh/GEN_R[4].r/u_eject_fifo/fifo_mem_reg[0][flit_data]_0_15_12_17/RAMD/WE
-0.066,20,4,4,intra,u_mesh/GEN_R[4].r/u_datapath/west_vc0_fifo/rd_ptr_reg[0]/C,u_mesh/GEN_R[4].r/u_eject_fifo/fifo_mem_reg[0][flit_data]_0_15_12_17/RAMD_D1/WE
-0.065,20,1,4,inter,u_mesh/GEN_R[1].r/u_datapath/west_vc2_fifo/rd_ptr_reg[1]/C,u_mesh/GEN_R[4].r/u_datapath/north_vc1_fifo/fifo_mem_reg[0][flit_data]_0_3_18_23/RAMC/I
-0.065,20,4,1,inter,u_mesh/GEN_R[4].r/u_datapath/west_vc0_fifo/rd_ptr_reg[0]/C,u_mesh/GEN_R[1].r/u_datapath/south_vc1_fifo/fifo_mem_reg[0][flit_data]_0_3_6_11/RAMA_D1/I
-0.064,20,4,5,inter,u_mesh/GEN_R[4].r/u_datapath/west_vc0_fifo/rd_ptr_reg[0]/C,u_mesh/GEN_R[5].r/u_datapath/west_vc2_fifo/fifo_mem_reg[0][flit_data]_0_3_18_23/RAMA/I
-0.063,20,1,1,intra,u_mesh/GEN_R[1].r/u_datapath/local_vc0_fifo/rd_ptr_reg[0]/C,u_mesh/GEN_R[1].r/u_eject_fifo/fifo_mem_reg[0][flit_data]_0_15_18_23/RAMA/WE
-0.063,20,1,1,intra,u_mesh/GEN_R[1].r/u_datapath/local_vc0_fifo/rd_ptr_reg[0]/C,u_mesh/GEN_R[1].r/u_eject_fifo/fifo_mem_reg[0][flit_data]_0_15_18_23/RAMA_D1/WE
-0.063,20,1,1,intra,u_mesh/GEN_R[1].r/u_datapath/local_vc0_fifo/rd_ptr_reg[0]/C,u_mesh/GEN_R[1].r/u_eject_fifo/fifo_mem_reg[0][flit_data]_0_15_18_23/RAMB/WE
-0.063,20,1,1,intra,u_mesh/GEN_R[1].r/u_datapath/local_vc0_fifo/rd_ptr_reg[0]/C,u_mesh/GEN_R[1].r/u_eject_fifo/fifo_mem_reg[0][flit_data]_0_15_18_23/RAMB_D1/WE
-0.063,20,1,1,intra,u_mesh/GEN_R[1].r/u_datapath/local_vc0_fifo/rd_ptr_reg[0]/C,u_mesh/GEN_R[1].r/u_eject_fifo/fifo_mem_reg[0][flit_data]_0_15_18_23/RAMC/WE
-0.063,20,1,1,intra,u_mesh/GEN_R[1].r/u_datapath/local_vc0_fifo/rd_ptr_reg[0]/C,u_mesh/GEN_R[1].r/u_eject_fifo/fifo_mem_reg[0][flit_data]_0_15_18_23/RAMC_D1/WE
-0.063,20,1,1,intra,u_mesh/GEN_R[1].r/u_datapath/local_vc0_fifo/rd_ptr_reg[0]/C,u_mesh/GEN_R[1].r/u_eject_fifo/fifo_mem_reg[0][flit_data]_0_15_18_23/RAMD/WE
-0.063,20,1,1,intra,u_mesh/GEN_R[1].r/u_datapath/local_vc0_fifo/rd_ptr_reg[0]/C,u_mesh/GEN_R[1].r/u_eject_fifo/fifo_mem_reg[0][flit_data]_0_15_18_23/RAMD_D1/WE
-0.062,20,4,5,inter,u_mesh/GEN_R[4].r/u_datapath/local_vc2_fifo/rd_ptr_reg[0]_replica/C,u_mesh/GEN_R[5].r/u_datapath/west_vc1_fifo/fifo_mem_reg[0][flit_data]_0_3_24_29/RAMC_D1/I
-0.061,20,4,4,intra,u_mesh/GEN_R[4].r/u_datapath/west_vc0_fifo/rd_ptr_reg[0]/C,u_mesh/GEN_R[4].r/u_eject_fifo/fifo_mem_reg[0][flit_data]_0_15_12_17/RAMB_D1/I
-0.060,20,5,5,intra,u_mesh/GEN_R[5].r/u_datapath/local_vc1_fifo/rd_ptr_reg[0]/C,u_mesh/GEN_R[5].r/u_eject_fifo/fifo_mem_reg[0][flit_data]_0_15_24_29/RAMA/WE
-0.060,20,5,5,intra,u_mesh/GEN_R[5].r/u_datapath/local_vc1_fifo/rd_ptr_reg[0]/C,u_mesh/GEN_R[5].r/u_eject_fifo/fifo_mem_reg[0][flit_data]_0_15_24_29/RAMA_D1/WE
-0.060,20,5,5,intra,u_mesh/GEN_R[5].r/u_datapath/local_vc1_fifo/rd_ptr_reg[0]/C,u_mesh/GEN_R[5].r/u_eject_fifo/fifo_mem_reg[0][flit_data]_0_15_24_29/RAMB/WE
-0.060,20,5,5,intra,u_mesh/GEN_R[5].r/u_datapath/local_vc1_fifo/rd_ptr_reg[0]/C,u_mesh/GEN_R[5].r/u_eject_fifo/fifo_mem_reg[0][flit_data]_0_15_24_29/RAMB_D1/WE
-0.060,20,5,5,intra,u_mesh/GEN_R[5].r/u_datapath/local_vc1_fifo/rd_ptr_reg[0]/C,u_mesh/GEN_R[5].r/u_eject_fifo/fifo_mem_reg[0][flit_data]_0_15_24_29/RAMC/WE
-0.060,20,5,5,intra,u_mesh/GEN_R[5].r/u_datapath/local_vc1_fifo/rd_ptr_reg[0]/C,u_mesh/GEN_R[5].r/u_eject_fifo/fifo_mem_reg[0][flit_data]_0_15_24_29/RAMC_D1/WE
-0.060,20,5,5,intra,u_mesh/GEN_R[5].r/u_datapath/local_vc1_fifo/rd_ptr_reg[0]/C,u_mesh/GEN_R[5].r/u_eject_fifo/fifo_mem_reg[0][flit_data]_0_15_24_29/RAMD/WE
-0.060,20,5,5,intra,u_mesh/GEN_R[5].r/u_datapath/local_vc1_fifo/rd_ptr_reg[0]/C,u_mesh/GEN_R[5].r/u_eject_fifo/fifo_mem_reg[0][flit_data]_0_15_24_29/RAMD_D1/WE
-0.059,22,4,5,inter,u_mesh/GEN_R[4].r/u_datapath/west_vc0_fifo/rd_ptr_reg[0]/C,u_mesh/GEN_R[5].r/u_datapath/west_vc2_fifo/count_reg[2]/D
-0.059,20,1,0,inter,u_mesh/GEN_R[1].r/u_datapath/west_vc2_fifo/rd_ptr_reg[1]/C,u_mesh/GEN_R[0].r/u_datapath/east_vc0_fifo/fifo_mem_reg[0][flit_data]_0_3_12_17/RAMC/I
-0.059,20,4,1,inter,u_mesh/GEN_R[4].r/u_datapath/local_vc2_fifo/rd_ptr_reg[0]_replica/C,u_mesh/GEN_R[1].r/u_datapath/south_vc1_fifo/fifo_mem_reg[0][flit_data]_0_3_30_31/SP/I
-0.058,22,1,2,inter,u_mesh/GEN_R[1].r/u_datapath/west_vc2_fifo/rd_ptr_reg[1]/C,u_mesh/GEN_R[2].r/u_datapath/west_vc2_fifo/count_reg[2]/D
-0.058,20,4,5,inter,u_mesh/GEN_R[4].r/u_datapath/west_vc0_fifo/rd_ptr_reg[0]/C,u_mesh/GEN_R[5].r/u_datapath/west_vc1_fifo/fifo_mem_reg[0][flit_data]_0_3_12_17/RAMA/I
-0.058,20,4,3,inter,u_mesh/GEN_R[4].r/u_datapath/west_vc0_fifo/rd_ptr_reg[0]/C,u_mesh/GEN_R[3].r/u_datapath/east_vc0_fifo/fifo_mem_reg[0][flit_data]_0_3_24_29/RAMC/I
-0.057,21,2,5,inter,u_mesh/GEN_R[2].r/u_datapath/local_vc2_fifo/rd_ptr_reg[1]/C,u_mesh/GEN_R[5].r/u_datapath/north_vc0_fifo/fifo_mem_reg[0][flit_data]_0_3_6_11/RAMA/WE
-0.057,21,2,5,inter,u_mesh/GEN_R[2].r/u_datapath/local_vc2_fifo/rd_ptr_reg[1]/C,u_mesh/GEN_R[5].r/u_datapath/north_vc0_fifo/fifo_mem_reg[0][flit_data]_0_3_6_11/RAMA_D1/WE
-0.057,21,2,5,inter,u_mesh/GEN_R[2].r/u_datapath/local_vc2_fifo/rd_ptr_reg[1]/C,u_mesh/GEN_R[5].r/u_datapath/north_vc0_fifo/fifo_mem_reg[0][flit_data]_0_3_6_11/RAMB/WE
-0.057,21,2,5,inter,u_mesh/GEN_R[2].r/u_datapath/local_vc2_fifo/rd_ptr_reg[1]/C,u_mesh/GEN_R[5].r/u_datapath/north_vc0_fifo/fifo_mem_reg[0][flit_data]_0_3_6_11/RAMB_D1/WE
-0.057,21,2,5,inter,u_mesh/GEN_R[2].r/u_datapath/local_vc2_fifo/rd_ptr_reg[1]/C,u_mesh/GEN_R[5].r/u_datapath/north_vc0_fifo/fifo_mem_reg[0][flit_data]_0_3_6_11/RAMC/WE
-0.057,21,2,5,inter,u_mesh/GEN_R[2].r/u_datapath/local_vc2_fifo/rd_ptr_reg[1]/C,u_mesh/GEN_R[5].r/u_datapath/north_vc0_fifo/fifo_mem_reg[0][flit_data]_0_3_6_11/RAMC_D1/WE
-0.057,21,2,5,inter,u_mesh/GEN_R[2].r/u_datapath/local_vc2_fifo/rd_ptr_reg[1]/C,u_mesh/GEN_R[5].r/u_datapath/north_vc0_fifo/fifo_mem_reg[0][flit_data]_0_3_6_11/RAMD/WE
-0.057,21,2,5,inter,u_mesh/GEN_R[2].r/u_datapath/local_vc2_fifo/rd_ptr_reg[1]/C,u_mesh/GEN_R[5].r/u_datapath/north_vc0_fifo/fifo_mem_reg[0][flit_data]_0_3_6_11/RAMD_D1/WE
-0.055,20,4,5,inter,u_mesh/GEN_R[4].r/u_datapath/west_vc0_fifo/rd_ptr_reg[0]/C,u_mesh/GEN_R[5].r/u_datapath/west_vc0_fifo/fifo_mem_reg[0][flit_data]_0_3_18_23/RAMB_D1/I
-0.054,20,4,3,inter,u_mesh/GEN_R[4].r/u_datapath/west_vc0_fifo/rd_ptr_reg[0]/C,u_mesh/GEN_R[3].r/u_datapath/east_vc0_fifo/fifo_mem_reg[0][flit_data]_0_3_24_29/RAMB/I
-0.054,22,4,1,inter,u_mesh/GEN_R[4].r/u_datapath/west_vc0_fifo/rd_ptr_reg[0]/C,u_mesh/GEN_R[1].r/u_datapath/south_vc2_fifo/count_reg[0]/D
-0.053,20,4,4,intra,u_mesh/GEN_R[4].r/u_datapath/west_vc0_fifo/rd_ptr_reg[0]/C,u_mesh/GEN_R[4].r/u_eject_fifo/fifo_mem_reg[0][flit_data]_0_15_24_29/RAMB_D1/I
-0.052,20,4,5,inter,u_mesh/GEN_R[4].r/u_datapath/local_vc2_fifo/rd_ptr_reg[0]_replica/C,u_mesh/GEN_R[5].r/u_datapath/west_vc0_fifo/fifo_mem_reg[0][flit_data]_0_3_30_31/SP/I
-0.049,20,4,3,inter,u_mesh/GEN_R[4].r/u_datapath/west_vc0_fifo/rd_ptr_reg[0]/C,u_mesh/GEN_R[3].r/u_datapath/east_vc2_fifo/fifo_mem_reg[0][flit_data]_0_3_30_31/DP/I
-0.048,19,3,3,intra,u_mesh/GEN_R[3].r/u_datapath/east_vc1_fifo/rd_ptr_reg[1]_replica/C,u_mesh/GEN_R[3].r/u_eject_fifo/fifo_mem_reg[0][flit_data]_0_15_18_23/RAMC_D1/I
-0.048,20,1,4,inter,u_mesh/GEN_R[1].r/u_datapath/west_vc2_fifo/rd_ptr_reg[1]/C,u_mesh/GEN_R[4].r/u_datapath/north_vc1_fifo/fifo_mem_reg[0][flit_data]_0_3_18_23/RAMA_D1/I
-0.048,22,2,1,inter,u_mesh/GEN_R[2].r/u_datapath/local_vc2_fifo/rd_ptr_reg[1]/C,u_mesh/GEN_R[1].r/u_datapath/east_vc2_fifo/count_reg[2]/D
-0.047,20,4,5,inter,u_mesh/GEN_R[4].r/u_datapath/west_vc0_fifo/rd_ptr_reg[0]/C,u_mesh/GEN_R[5].r/u_datapath/west_vc0_fifo/fifo_mem_reg[0][flit_data]_0_3_6_11/RAMB/I
-0.045,20,4,1,inter,u_mesh/GEN_R[4].r/u_datapath/west_vc0_fifo/rd_ptr_reg[0]/C,u_mesh/GEN_R[1].r/u_datapath/south_vc1_fifo/fifo_mem_reg[0][flit_data]_0_3_18_23/RAMB/I
-0.045,20,4,4,intra,u_mesh/GEN_R[4].r/u_datapath/local_vc2_fifo/rd_ptr_reg[0]_replica/C,u_mesh/GEN_R[4].r/u_eject_fifo/fifo_mem_reg[0][flit_data]_0_15_24_29/RAMB/I
-0.045,22,2,1,inter,u_mesh/GEN_R[2].r/u_datapath/local_vc2_fifo/rd_ptr_reg[1]/C,u_mesh/GEN_R[1].r/u_datapath/east_vc1_fifo/count_reg[2]/D
-0.044,21,4,5,inter,u_mesh/GEN_R[4].r/u_datapath/west_vc0_fifo/rd_ptr_reg[0]/C,u_mesh/GEN_R[5].r/u_datapath/west_vc1_fifo/count_reg[1]/D
-0.044,20,1,0,inter,u_mesh/GEN_R[1].r/u_datapath/west_vc2_fifo/rd_ptr_reg[1]/C,u_mesh/GEN_R[0].r/u_datapath/east_vc0_fifo/fifo_mem_reg[0][flit_data]_0_3_24_29/RAMB/I
-0.043,20,4,4,intra,u_mesh/GEN_R[4].r/u_datapath/west_vc0_fifo/rd_ptr_reg[0]/C,u_mesh/GEN_R[4].r/u_eject_fifo/fifo_mem_reg[0][flit_data]_0_15_12_17/RAMA/I
-0.043,20,4,5,inter,u_mesh/GEN_R[4].r/u_datapath/local_vc2_fifo/rd_ptr_reg[0]_replica/C,u_mesh/GEN_R[5].r/u_datapath/west_vc0_fifo/fifo_mem_reg[0][flit_data]_0_3_30_31__0/SP/I
-0.043,22,2,1,inter,u_mesh/GEN_R[2].r/u_datapath/local_vc2_fifo/rd_ptr_reg[1]/C,u_mesh/GEN_R[1].r/u_datapath/east_vc1_fifo/count_reg[0]/D
-0.043,20,2,1,inter,u_mesh/GEN_R[2].r/u_datapath/local_vc2_fifo/rd_ptr_reg[1]/C,u_mesh/GEN_R[1].r/u_datapath/east_vc2_fifo/fifo_mem_reg[0][flit_data]_0_3_24_29/RAMC/I
-0.043,21,4,5,inter,u_mesh/GEN_R[4].r/u_datapath/west_vc0_fifo/rd_ptr_reg[0]/C,u_mesh/GEN_R[5].r/u_datapath/west_vc1_fifo/count_reg[2]/D
-0.042,22,0,3,inter,u_mesh/GEN_R[0].r/u_datapath/east_vc1_fifo/rd_ptr_reg[0]/C,u_mesh/GEN_R[3].r/u_datapath/north_vc0_fifo/count_reg[1]/D
-0.042,20,4,1,inter,u_mesh/GEN_R[4].r/u_datapath/west_vc0_fifo/rd_ptr_reg[0]/C,u_mesh/GEN_R[1].r/u_datapath/south_vc1_fifo/fifo_mem_reg[0][flit_type]_0_3_1_1/DP/I
-0.040,20,4,1,inter,u_mesh/GEN_R[4].r/u_datapath/west_vc0_fifo/rd_ptr_reg[0]/C,u_mesh/GEN_R[1].r/u_datapath/south_vc1_fifo/fifo_mem_reg[0][vc_id]_0_3_0_0/SP/I
-0.039,20,1,2,inter,u_mesh/GEN_R[1].r/u_datapath/west_vc2_fifo/rd_ptr_reg[1]/C,u_mesh/GEN_R[2].r/u_datapath/west_vc1_fifo/fifo_mem_reg[0][flit_data]_0_3_24_29/RAMB_D1/I
-0.038,22,4,5,inter,u_mesh/GEN_R[4].r/u_datapath/west_vc0_fifo/rd_ptr_reg[0]/C,u_mesh/GEN_R[5].r/u_datapath/west_vc2_fifo/count_reg[0]/D
-0.036,20,4,5,inter,u_mesh/GEN_R[4].r/u_datapath/west_vc0_fifo/rd_ptr_reg[0]/C,u_mesh/GEN_R[5].r/u_datapath/west_vc0_fifo/fifo_mem_reg[0][flit_data]_0_3_18_23/RAMC_D1/I
-0.036,22,4,3,inter,u_mesh/GEN_R[4].r/u_datapath/west_vc0_fifo/rd_ptr_reg[0]/C,u_mesh/GEN_R[3].r/u_datapath/east_vc1_fifo/wr_ptr_reg[0]/D
-0.035,20,4,1,inter,u_mesh/GEN_R[4].r/u_datapath/west_vc0_fifo/rd_ptr_reg[0]/C,u_mesh/GEN_R[1].r/u_datapath/south_vc0_fifo/fifo_mem_reg[0][flit_data]_0_3_24_29/RAMB_D1/I
-0.035,20,4,1,inter,u_mesh/GEN_R[4].r/u_datapath/west_vc0_fifo/rd_ptr_reg[0]/C,u_mesh/GEN_R[1].r/u_datapath/south_vc1_fifo/fifo_mem_reg[0][flit_data]_0_3_18_23/RAMB_D1/I
-0.034,20,4,1,inter,u_mesh/GEN_R[4].r/u_datapath/local_vc2_fifo/rd_ptr_reg[0]_replica/C,u_mesh/GEN_R[1].r/u_datapath/south_vc1_fifo/fifo_mem_reg[0][flit_type]_0_3_0_0/DP/I
-0.032,20,4,3,inter,u_mesh/GEN_R[4].r/u_datapath/west_vc0_fifo/rd_ptr_reg[0]/C,u_mesh/GEN_R[3].r/u_datapath/east_vc0_fifo/fifo_mem_reg[0][flit_data]_0_3_0_5/RAMB_D1/I
-0.031,20,4,5,inter,u_mesh/GEN_R[4].r/u_datapath/west_vc0_fifo/rd_ptr_reg[0]/C,u_mesh/GEN_R[5].r/u_datapath/west_vc0_fifo/fifo_mem_reg[0][flit_data]_0_3_6_11/RAMC/I
-0.030,20,4,3,inter,u_mesh/GEN_R[4].r/u_datapath/west_vc0_fifo/rd_ptr_reg[0]/C,u_mesh/GEN_R[3].r/u_datapath/east_vc2_fifo/fifo_mem_reg[0][flit_data]_0_3_0_5/RAMB_D1/I
-0.030,22,4,1,inter,u_mesh/GEN_R[4].r/u_datapath/west_vc0_fifo/rd_ptr_reg[0]/C,u_mesh/GEN_R[1].r/u_datapath/south_vc2_fifo/count_reg[2]/D
-0.030,22,1,2,inter,u_mesh/GEN_R[1].r/u_datapath/west_vc2_fifo/rd_ptr_reg[1]/C,u_mesh/GEN_R[2].r/u_datapath/west_vc0_fifo/count_reg[2]/D
-0.028,20,4,3,inter,u_mesh/GEN_R[4].r/u_datapath/west_vc0_fifo/rd_ptr_reg[0]/C,u_mesh/GEN_R[3].r/u_datapath/east_vc1_fifo/fifo_mem_reg[0][flit_data]_0_3_0_5/RAMB_D1/I
-0.027,20,1,0,inter,u_mesh/GEN_R[1].r/u_datapath/west_vc2_fifo/rd_ptr_reg[1]/C,u_mesh/GEN_R[0].r/u_datapath/east_vc0_fifo/fifo_mem_reg[0][flit_data]_0_3_6_11/RAMA_D1/I
-0.027,20,0,0,intra,u_mesh/GEN_R[0].r/u_datapath/south_vc1_fifo/rd_ptr_reg[1]/C,u_mesh/GEN_R[0].r/u_eject_fifo/fifo_mem_reg[0][flit_type]_0_15_1_1/SP/I
-0.027,20,2,5,inter,u_mesh/GEN_R[2].r/u_datapath/local_vc2_fifo/rd_ptr_reg[1]/C,u_mesh/GEN_R[5].r/u_datapath/north_vc2_fifo/fifo_mem_reg[0][flit_data]_0_3_24_29/RAMC/I
-0.026,20,1,0,inter,u_mesh/GEN_R[1].r/u_datapath/west_vc2_fifo/rd_ptr_reg[1]/C,u_mesh/GEN_R[0].r/u_datapath/east_vc1_fifo/fifo_mem_reg[0][flit_data]_0_3_18_23/RAMA/I
-0.025,20,4,1,inter,u_mesh/GEN_R[4].r/u_datapath/west_vc0_fifo/rd_ptr_reg[0]/C,u_mesh/GEN_R[1].r/u_datapath/south_vc0_fifo/fifo_mem_reg[0][flit_data]_0_3_0_5/RAMA/I
-0.025,22,1,0,inter,u_mesh/GEN_R[1].r/u_datapath/west_vc2_fifo/rd_ptr_reg[1]/C,u_mesh/GEN_R[0].r/u_datapath/east_vc2_fifo/count_reg[0]/D
-0.025,20,4,3,inter,u_mesh/GEN_R[4].r/u_datapath/west_vc0_fifo/rd_ptr_reg[0]/C,u_mesh/GEN_R[3].r/u_datapath/east_vc2_fifo/fifo_mem_reg[0][flit_type]_0_3_0_0/DP/I
-0.024,20,4,5,inter,u_mesh/GEN_R[4].r/u_datapath/west_vc0_fifo/rd_ptr_reg[0]/C,u_mesh/GEN_R[5].r/u_datapath/west_vc2_fifo/fifo_mem_reg[0][flit_data]_0_3_6_11/RAMB_D1/I
-0.024,20,0,0,intra,u_mesh/GEN_R[0].r/u_datapath/east_vc1_fifo/rd_ptr_reg[0]/C,u_mesh/GEN_R[0].r/u_eject_fifo/fifo_mem_reg[0][flit_data]_0_15_0_5/RAMA/WE
-0.024,20,0,0,intra,u_mesh/GEN_R[0].r/u_datapath/east_vc1_fifo/rd_ptr_reg[0]/C,u_mesh/GEN_R[0].r/u_eject_fifo/fifo_mem_reg[0][flit_data]_0_15_0_5/RAMA_D1/WE
-0.024,20,0,0,intra,u_mesh/GEN_R[0].r/u_datapath/east_vc1_fifo/rd_ptr_reg[0]/C,u_mesh/GEN_R[0].r/u_eject_fifo/fifo_mem_reg[0][flit_data]_0_15_0_5/RAMB/WE
-0.024,20,0,0,intra,u_mesh/GEN_R[0].r/u_datapath/east_vc1_fifo/rd_ptr_reg[0]/C,u_mesh/GEN_R[0].r/u_eject_fifo/fifo_mem_reg[0][flit_data]_0_15_0_5/RAMB_D1/WE
-0.024,20,0,0,intra,u_mesh/GEN_R[0].r/u_datapath/east_vc1_fifo/rd_ptr_reg[0]/C,u_mesh/GEN_R[0].r/u_eject_fifo/fifo_mem_reg[0][flit_data]_0_15_0_5/RAMC/WE
-0.024,20,0,0,intra,u_mesh/GEN_R[0].r/u_datapath/east_vc1_fifo/rd_ptr_reg[0]/C,u_mesh/GEN_R[0].r/u_eject_fifo/fifo_mem_reg[0][flit_data]_0_15_0_5/RAMC_D1/WE
-0.024,20,0,0,intra,u_mesh/GEN_R[0].r/u_datapath/east_vc1_fifo/rd_ptr_reg[0]/C,u_mesh/GEN_R[0].r/u_eject_fifo/fifo_mem_reg[0][flit_data]_0_15_0_5/RAMD/WE
-0.024,20,0,0,intra,u_mesh/GEN_R[0].r/u_datapath/east_vc1_fifo/rd_ptr_reg[0]/C,u_mesh/GEN_R[0].r/u_eject_fifo/fifo_mem_reg[0][flit_data]_0_15_0_5/RAMD_D1/WE
-0.023,20,4,5,inter,u_mesh/GEN_R[4].r/u_datapath/west_vc0_fifo/rd_ptr_reg[0]/C,u_mesh/GEN_R[5].r/u_datapath/west_vc2_fifo/fifo_mem_reg[0][flit_data]_0_3_12_17/RAMB/I
-0.022,20,4,5,inter,u_mesh/GEN_R[4].r/u_datapath/west_vc0_fifo/rd_ptr_reg[0]/C,u_mesh/GEN_R[5].r/u_datapath/west_vc2_fifo/fifo_mem_reg[0][flit_data]_0_3_24_29/RAMA_D1/I
-0.022,20,4,5,inter,u_mesh/GEN_R[4].r/u_datapath/west_vc0_fifo/rd_ptr_reg[0]/C,u_mesh/GEN_R[5].r/u_datapath/west_vc0_fifo/fifo_mem_reg[0][flit_data]_0_3_12_17/RAMC/I
-0.022,20,2,5,inter,u_mesh/GEN_R[2].r/u_datapath/local_vc2_fifo/rd_ptr_reg[1]/C,u_mesh/GEN_R[5].r/u_datapath/north_vc0_fifo/fifo_mem_reg[0][flit_data]_0_3_24_29/RAMA_D1/I
-0.022,20,5,5,intra,u_mesh/GEN_R[5].r/u_datapath/local_vc1_fifo/rd_ptr_reg[0]/C,u_mesh/GEN_R[5].r/u_eject_fifo/fifo_mem_reg[0][flit_data]_0_15_6_11/RAMA/WE
-0.022,20,5,5,intra,u_mesh/GEN_R[5].r/u_datapath/local_vc1_fifo/rd_ptr_reg[0]/C,u_mesh/GEN_R[5].r/u_eject_fifo/fifo_mem_reg[0][flit_data]_0_15_6_11/RAMA_D1/WE
-0.022,20,5,5,intra,u_mesh/GEN_R[5].r/u_datapath/local_vc1_fifo/rd_ptr_reg[0]/C,u_mesh/GEN_R[5].r/u_eject_fifo/fifo_mem_reg[0][flit_data]_0_15_6_11/RAMB/WE
-0.022,20,5,5,intra,u_mesh/GEN_R[5].r/u_datapath/local_vc1_fifo/rd_ptr_reg[0]/C,u_mesh/GEN_R[5].r/u_eject_fifo/fifo_mem_reg[0][flit_data]_0_15_6_11/RAMB_D1/WE
-0.022,20,5,5,intra,u_mesh/GEN_R[5].r/u_datapath/local_vc1_fifo/rd_ptr_reg[0]/C,u_mesh/GEN_R[5].r/u_eject_fifo/fifo_mem_reg[0][flit_data]_0_15_6_11/RAMC/WE
-0.022,20,5,5,intra,u_mesh/GEN_R[5].r/u_datapath/local_vc1_fifo/rd_ptr_reg[0]/C,u_mesh/GEN_R[5].r/u_eject_fifo/fifo_mem_reg[0][flit_data]_0_15_6_11/RAMC_D1/WE
-0.022,20,5,5,intra,u_mesh/GEN_R[5].r/u_datapath/local_vc1_fifo/rd_ptr_reg[0]/C,u_mesh/GEN_R[5].r/u_eject_fifo/fifo_mem_reg[0][flit_data]_0_15_6_11/RAMD/WE
-0.022,20,5,5,intra,u_mesh/GEN_R[5].r/u_datapath/local_vc1_fifo/rd_ptr_reg[0]/C,u_mesh/GEN_R[5].r/u_eject_fifo/fifo_mem_reg[0][flit_data]_0_15_6_11/RAMD_D1/WE
-0.021,20,2,1,inter,u_mesh/GEN_R[2].r/u_datapath/local_vc2_fifo/rd_ptr_reg[1]/C,u_mesh/GEN_R[1].r/u_datapath/east_vc2_fifo/fifo_mem_reg[0][flit_data]_0_3_12_17/RAMA/I
-0.021,20,1,1,intra,u_mesh/GEN_R[1].r/u_datapath/local_vc0_fifo/rd_ptr_reg[0]/C,u_mesh/GEN_R[1].r/u_eject_fifo/fifo_mem_reg[0][flit_data]_0_15_6_11/RAMA/WE
-0.021,20,1,1,intra,u_mesh/GEN_R[1].r/u_datapath/local_vc0_fifo/rd_ptr_reg[0]/C,u_mesh/GEN_R[1].r/u_eject_fifo/fifo_mem_reg[0][flit_data]_0_15_6_11/RAMA_D1/WE
-0.021,20,1,1,intra,u_mesh/GEN_R[1].r/u_datapath/local_vc0_fifo/rd_ptr_reg[0]/C,u_mesh/GEN_R[1].r/u_eject_fifo/fifo_mem_reg[0][flit_data]_0_15_6_11/RAMB/WE
-0.021,20,1,1,intra,u_mesh/GEN_R[1].r/u_datapath/local_vc0_fifo/rd_ptr_reg[0]/C,u_mesh/GEN_R[1].r/u_eject_fifo/fifo_mem_reg[0][flit_data]_0_15_6_11/RAMB_D1/WE
-0.021,20,1,1,intra,u_mesh/GEN_R[1].r/u_datapath/local_vc0_fifo/rd_ptr_reg[0]/C,u_mesh/GEN_R[1].r/u_eject_fifo/fifo_mem_reg[0][flit_data]_0_15_6_11/RAMC/WE
-0.021,20,1,1,intra,u_mesh/GEN_R[1].r/u_datapath/local_vc0_fifo/rd_ptr_reg[0]/C,u_mesh/GEN_R[1].r/u_eject_fifo/fifo_mem_reg[0][flit_data]_0_15_6_11/RAMC_D1/WE
-0.021,20,1,1,intra,u_mesh/GEN_R[1].r/u_datapath/local_vc0_fifo/rd_ptr_reg[0]/C,u_mesh/GEN_R[1].r/u_eject_fifo/fifo_mem_reg[0][flit_data]_0_15_6_11/RAMD/WE
-0.021,20,1,1,intra,u_mesh/GEN_R[1].r/u_datapath/local_vc0_fifo/rd_ptr_reg[0]/C,u_mesh/GEN_R[1].r/u_eject_fifo/fifo_mem_reg[0][flit_data]_0_15_6_11/RAMD_D1/WE
-0.020,20,4,3,inter,u_mesh/GEN_R[4].r/u_datapath/west_vc0_fifo/rd_ptr_reg[0]/C,u_mesh/GEN_R[3].r/u_datapath/east_vc0_fifo/fifo_mem_reg[0][flit_data]_0_3_24_29/RAMC_D1/I
-0.019,20,2,5,inter,u_mesh/GEN_R[2].r/u_datapath/local_vc2_fifo/rd_ptr_reg[1]/C,u_mesh/GEN_R[5].r/u_datapath/north_vc1_fifo/fifo_mem_reg[0][flit_data]_0_3_0_5/RAMB/I
-0.013,20,4,1,inter,u_mesh/GEN_R[4].r/u_datapath/west_vc0_fifo/rd_ptr_reg[0]/C,u_mesh/GEN_R[1].r/u_datapath/south_vc2_fifo/fifo_mem_reg[0][flit_data]_0_3_24_29/RAMB_D1/I
-0.012,20,4,3,inter,u_mesh/GEN_R[4].r/u_datapath/west_vc0_fifo/rd_ptr_reg[0]/C,u_mesh/GEN_R[3].r/u_datapath/east_vc1_fifo/fifo_mem_reg[0][flit_data]_0_3_30_31/DP/I
-0.011,20,4,1,inter,u_mesh/GEN_R[4].r/u_datapath/west_vc0_fifo/rd_ptr_reg[0]/C,u_mesh/GEN_R[1].r/u_datapath/south_vc1_fifo/fifo_mem_reg[0][flit_data]_0_3_24_29/RAMB_D1/I
-0.009,20,4,5,inter,u_mesh/GEN_R[4].r/u_datapath/west_vc0_fifo/rd_ptr_reg[0]/C,u_mesh/GEN_R[5].r/u_datapath/west_vc0_fifo/fifo_mem_reg[0][flit_data]_0_3_24_29/RAMC/I
-0.009,20,1,2,inter,u_mesh/GEN_R[1].r/u_datapath/west_vc2_fifo/rd_ptr_reg[1]/C,u_mesh/GEN_R[2].r/u_datapath/west_vc0_fifo/fifo_mem_reg[0][flit_data]_0_3_6_11/RAMB/I
-0.008,20,4,5,inter,u_mesh/GEN_R[4].r/u_datapath/west_vc0_fifo/rd_ptr_reg[0]/C,u_mesh/GEN_R[5].r/u_datapath/west_vc2_fifo/fifo_mem_reg[0][flit_data]_0_3_0_5/RAMC/I
-0.008,20,1,0,inter,u_mesh/GEN_R[1].r/u_datapath/west_vc2_fifo/rd_ptr_reg[1]/C,u_mesh/GEN_R[0].r/u_datapath/east_vc1_fifo/fifo_mem_reg[0][flit_data]_0_3_12_17/RAMB_D1/I
-0.008,20,4,4,intra,u_mesh/GEN_R[4].r/u_datapath/local_vc2_fifo/rd_ptr_reg[0]_replica/C,u_mesh/GEN_R[4].r/u_eject_fifo/fifo_mem_reg[0][flit_type]_0_15_1_1/SP/I
-0.008,20,4,3,inter,u_mesh/GEN_R[4].r/u_datapath/west_vc0_fifo/rd_ptr_reg[0]/C,u_mesh/GEN_R[3].r/u_datapath/east_vc2_fifo/fifo_mem_reg[0][flit_data]_0_3_30_31/SP/I
-0.007,20,1,0,inter,u_mesh/GEN_R[1].r/u_datapath/west_vc2_fifo/rd_ptr_reg[1]/C,u_mesh/GEN_R[0].r/u_datapath/east_vc1_fifo/fifo_mem_reg[0][flit_data]_0_3_18_23/RAMA_D1/I
-0.007,20,4,5,inter,u_mesh/GEN_R[4].r/u_datapath/west_vc0_fifo/rd_ptr_reg[0]/C,u_mesh/GEN_R[5].r/u_datapath/west_vc2_fifo/fifo_mem_reg[0][flit_data]_0_3_18_23/RAMB_D1/I
-0.007,20,4,5,inter,u_mesh/GEN_R[4].r/u_datapath/west_vc0_fifo/rd_ptr_reg[0]/C,u_mesh/GEN_R[5].r/u_datapath/west_vc1_fifo/fifo_mem_reg[0][flit_data]_0_3_24_29/RAMC/I
-0.006,20,0,0,intra,u_mesh/GEN_R[0].r/u_datapath/east_vc1_fifo/rd_ptr_reg[0]/C,u_mesh/GEN_R[0].r/u_eject_fifo/fifo_mem_reg[0][flit_data]_0_15_12_17/RAMA_D1/I
-0.006,20,4,1,inter,u_mesh/GEN_R[4].r/u_datapath/west_vc0_fifo/rd_ptr_reg[0]/C,u_mesh/GEN_R[1].r/u_datapath/south_vc0_fifo/fifo_mem_reg[0][flit_data]_0_3_18_23/RAMB/I
-0.006,20,4,1,inter,u_mesh/GEN_R[4].r/u_datapath/west_vc0_fifo/rd_ptr_reg[0]/C,u_mesh/GEN_R[1].r/u_datapath/south_vc0_fifo/fifo_mem_reg[0][flit_data]_0_3_6_11/RAMB/I
-0.005,20,1,2,inter,u_mesh/GEN_R[1].r/u_datapath/west_vc2_fifo/rd_ptr_reg[1]/C,u_mesh/GEN_R[2].r/u_datapath/west_vc0_fifo/fifo_mem_reg[0][flit_data]_0_3_18_23/RAMA_D1/I
-0.005,20,4,5,inter,u_mesh/GEN_R[4].r/u_datapath/west_vc0_fifo/rd_ptr_reg[0]/C,u_mesh/GEN_R[5].r/u_datapath/west_vc2_fifo/fifo_mem_reg[0][flit_data]_0_3_0_5/RAMC_D1/I
-0.003,20,2,2,intra,u_mesh/GEN_R[2].r/u_datapath/local_vc2_fifo/rd_ptr_reg[1]/C,u_mesh/GEN_R[2].r/u_eject_fifo/fifo_mem_reg[0][flit_data]_0_15_18_23/RAMA_D1/I
-0.003,20,4,1,inter,u_mesh/GEN_R[4].r/u_datapath/west_vc0_fifo/rd_ptr_reg[0]/C,u_mesh/GEN_R[1].r/u_datapath/south_vc2_fifo/fifo_mem_reg[0][flit_data]_0_3_6_11/RAMC/I
-0.002,22,4,1,inter,u_mesh/GEN_R[4].r/u_datapath/west_vc0_fifo/rd_ptr_reg[0]/C,u_mesh/GEN_R[1].r/u_datapath/south_vc2_fifo/count_reg[1]/D
0.001,22,4,1,inter,u_mesh/GEN_R[4].r/u_datapath/west_vc0_fifo/rd_ptr_reg[0]/C,u_mesh/GEN_R[1].r/u_datapath/south_vc0_fifo/count_reg[0]/D
0.002,20,2,5,inter,u_mesh/GEN_R[2].r/u_datapath/local_vc2_fifo/rd_ptr_reg[1]/C,u_mesh/GEN_R[5].r/u_datapath/north_vc2_fifo/fifo_mem_reg[0][flit_data]_0_3_24_29/RAMA/I
0.002,20,4,1,inter,u_mesh/GEN_R[4].r/u_datapath/west_vc0_fifo/rd_ptr_reg[0]/C,u_mesh/GEN_R[1].r/u_datapath/south_vc0_fifo/fifo_mem_reg[0][flit_data]_0_3_6_11/RAMC/I
0.002,20,4,3,inter,u_mesh/GEN_R[4].r/u_datapath/west_vc0_fifo/rd_ptr_reg[0]/C,u_mesh/GEN_R[3].r/u_datapath/east_vc0_fifo/fifo_mem_reg[0][flit_data]_0_3_12_17/RAMB_D1/I
0.003,20,2,1,inter,u_mesh/GEN_R[2].r/u_datapath/local_vc2_fifo/rd_ptr_reg[1]/C,u_mesh/GEN_R[1].r/u_datapath/east_vc1_fifo/fifo_mem_reg[0][flit_data]_0_3_12_17/RAMB/I
0.003,20,1,4,inter,u_mesh/GEN_R[1].r/u_datapath/west_vc2_fifo/rd_ptr_reg[1]/C,u_mesh/GEN_R[4].r/u_datapath/north_vc2_fifo/fifo_mem_reg[0][flit_data]_0_3_30_31/DP/I
0.003,20,4,3,inter,u_mesh/GEN_R[4].r/u_datapath/west_vc0_fifo/rd_ptr_reg[0]/C,u_mesh/GEN_R[3].r/u_datapath/east_vc0_fifo/fifo_mem_reg[0][flit_data]_0_3_0_5/RAMC_D1/I
0.003,19,3,0,inter,u_mesh/GEN_R[3].r/u_datapath/east_vc1_fifo/rd_ptr_reg[1]_replica/C,u_mesh/GEN_R[0].r/u_datapath/south_vc2_fifo/fifo_mem_reg[0][flit_data]_0_3_18_23/RAMA_D1/I
0.003,20,4,1,inter,u_mesh/GEN_R[4].r/u_datapath/west_vc0_fifo/rd_ptr_reg[0]/C,u_mesh/GEN_R[1].r/u_datapath/south_vc1_fifo/fifo_mem_reg[0][flit_data]_0_3_12_17/RAMC_D1/I
0.005,20,4,5,inter,u_mesh/GEN_R[4].r/u_datapath/local_vc2_fifo/rd_ptr_reg[0]_replica/C,u_mesh/GEN_R[5].r/u_datapath/west_vc2_fifo/fifo_mem_reg[0][flit_type]_0_3_1_1/DP/I
0.005,20,4,5,inter,u_mesh/GEN_R[4].r/u_datapath/local_vc2_fifo/rd_ptr_reg[0]_replica/C,u_mesh/GEN_R[5].r/u_datapath/west_vc1_fifo/fifo_mem_reg[0][flit_data]_0_3_30_31__0/DP/I
0.006,22,1,0,inter,u_mesh/GEN_R[1].r/u_datapath/west_vc2_fifo/rd_ptr_reg[1]/C,u_mesh/GEN_R[0].r/u_datapath/east_vc2_fifo/count_reg[2]/D
0.006,20,4,1,inter,u_mesh/GEN_R[4].r/u_datapath/west_vc0_fifo/rd_ptr_reg[0]/C,u_mesh/GEN_R[1].r/u_datapath/south_vc0_fifo/fifo_mem_reg[0][flit_data]_0_3_12_17/RAMA_D1/I
0.007,20,4,4,intra,u_mesh/GEN_R[4].r/u_datapath/west_vc0_fifo/rd_ptr_reg[0]/C,u_mesh/GEN_R[4].r/u_eject_fifo/fifo_mem_reg[0][flit_data]_0_15_18_23/RAMC/I
0.008,20,4,1,inter,u_mesh/GEN_R[4].r/u_datapath/local_vc2_fifo/rd_ptr_reg[0]_replica/C,u_mesh/GEN_R[1].r/u_datapath/south_vc2_fifo/fifo_mem_reg[0][flit_data]_0_3_18_23/RAMC_D1/I
0.009,20,4,5,inter,u_mesh/GEN_R[4].r/u_datapath/west_vc0_fifo/rd_ptr_reg[0]/C,u_mesh/GEN_R[5].r/u_datapath/west_vc0_fifo/fifo_mem_reg[0][flit_data]_0_3_18_23/RAMC/I
0.009,20,1,1,intra,u_mesh/GEN_R[1].r/u_datapath/west_vc2_fifo/rd_ptr_reg[1]/C,u_mesh/GEN_R[1].r/u_eject_fifo/fifo_mem_reg[0][flit_data]_0_15_24_29/RAMC_D1/I
0.009,22,2,1,inter,u_mesh/GEN_R[2].r/u_datapath/local_vc2_fifo/rd_ptr_reg[1]/C,u_mesh/GEN_R[1].r/u_datapath/east_vc1_fifo/count_reg[1]/D
0.009,20,4,1,inter,u_mesh/GEN_R[4].r/u_datapath/local_vc2_fifo/rd_ptr_reg[0]_replica/C,u_mesh/GEN_R[1].r/u_datapath/south_vc0_fifo/fifo_mem_reg[0][flit_type]_0_3_0_0/DP/I
0.011,22,1,2,inter,u_mesh/GEN_R[1].r/u_datapath/west_vc2_fifo/rd_ptr_reg[1]/C,u_mesh/GEN_R[2].r/u_datapath/west_vc1_fifo/count_reg[2]/D
0.011,20,4,3,inter,u_mesh/GEN_R[4].r/u_datapath/west_vc0_fifo/rd_ptr_reg[0]/C,u_mesh/GEN_R[3].r/u_datapath/east_vc2_fifo/fifo_mem_reg[0][flit_data]_0_3_12_17/RAMA_D1/I
0.011,22,4,5,inter,u_mesh/GEN_R[4].r/u_datapath/west_vc0_fifo/rd_ptr_reg[0]/C,u_mesh/GEN_R[5].r/u_datapath/west_vc2_fifo/count_reg[1]/D
0.011,20,2,1,inter,u_mesh/GEN_R[2].r/u_datapath/local_vc2_fifo/rd_ptr_reg[1]/C,u_mesh/GEN_R[1].r/u_datapath/east_vc1_fifo/fifo_mem_reg[0][flit_data]_0_3_24_29/RAMB_D1/I
0.011,20,4,3,inter,u_mesh/GEN_R[4].r/u_datapath/west_vc0_fifo/rd_ptr_reg[0]/C,u_mesh/GEN_R[3].r/u_datapath/east_vc2_fifo/fifo_mem_reg[0][flit_data]_0_3_12_17/RAMB/I
0.012,20,4,3,inter,u_mesh/GEN_R[4].r/u_datapath/west_vc0_fifo/rd_ptr_reg[0]/C,u_mesh/GEN_R[3].r/u_datapath/east_vc2_fifo/fifo_mem_reg[0][flit_data]_0_3_18_23/RAMC_D1/I
0.012,20,4,5,inter,u_mesh/GEN_R[4].r/u_datapath/west_vc0_fifo/rd_ptr_reg[0]/C,u_mesh/GEN_R[5].r/u_datapath/west_vc1_fifo/fifo_mem_reg[0][flit_data]_0_3_18_23/RAMC_D1/I
0.012,20,4,4,intra,u_mesh/GEN_R[4].r/u_datapath/local_vc2_fifo/rd_ptr_reg[0]_replica/C,u_mesh/GEN_R[4].r/u_eject_fifo/fifo_mem_reg[0][flit_type]_0_15_1_1/DP/I
0.014,20,1,0,inter,u_mesh/GEN_R[1].r/u_datapath/west_vc2_fifo/rd_ptr_reg[1]/C,u_mesh/GEN_R[0].r/u_datapath/east_vc0_fifo/fifo_mem_reg[0][flit_data]_0_3_24_29/RAMC_D1/I
0.016,20,1,0,inter,u_mesh/GEN_R[1].r/u_datapath/west_vc2_fifo/rd_ptr_reg[1]/C,u_mesh/GEN_R[0].r/u_datapath/east_vc0_fifo/fifo_mem_reg[0][flit_data]_0_3_18_23/RAMB/I
0.018,20,4,5,inter,u_mesh/GEN_R[4].r/u_datapath/west_vc0_fifo/rd_ptr_reg[0]/C,u_mesh/GEN_R[5].r/u_datapath/west_vc1_fifo/fifo_mem_reg[0][flit_type]_0_3_0_0/DP/I
0.019,20,2,1,inter,u_mesh/GEN_R[2].r/u_datapath/local_vc2_fifo/rd_ptr_reg[1]/C,u_mesh/GEN_R[1].r/u_datapath/east_vc1_fifo/fifo_mem_reg[0][flit_data]_0_3_12_17/RAMB_D1/I
0.019,22,4,1,inter,u_mesh/GEN_R[4].r/u_datapath/west_vc0_fifo/rd_ptr_reg[0]/C,u_mesh/GEN_R[1].r/u_datapath/south_vc2_fifo/wr_ptr_reg[1]/D
0.023,20,4,4,intra,u_mesh/GEN_R[4].r/u_datapath/west_vc0_fifo/rd_ptr_reg[0]/C,u_mesh/GEN_R[4].r/u_eject_fifo/fifo_mem_reg[0][flit_data]_0_15_24_29/RAMA/I
0.023,20,1,0,inter,u_mesh/GEN_R[1].r/u_datapath/west_vc2_fifo/rd_ptr_reg[1]/C,u_mesh/GEN_R[0].r/u_datapath/east_vc2_fifo/fifo_mem_reg[0][flit_data]_0_3_0_5/RAMC_D1/I
0.023,22,4,1,inter,u_mesh/GEN_R[4].r/u_datapath/west_vc0_fifo/rd_ptr_reg[0]/C,u_mesh/GEN_R[1].r/u_datapath/south_vc2_fifo/wr_ptr_reg[0]/D
0.024,22,1,0,inter,u_mesh/GEN_R[1].r/u_datapath/west_vc2_fifo/rd_ptr_reg[1]/C,u_mesh/GEN_R[0].r/u_datapath/east_vc2_fifo/count_reg[1]/D
0.024,20,2,1,inter,u_mesh/GEN_R[2].r/u_datapath/local_vc2_fifo/rd_ptr_reg[1]/C,u_mesh/GEN_R[1].r/u_datapath/east_vc0_fifo/fifo_mem_reg[0][flit_data]_0_3_24_29/RAMB_D1/I
0.025,20,4,5,inter,u_mesh/GEN_R[4].r/u_datapath/west_vc0_fifo/rd_ptr_reg[0]/C,u_mesh/GEN_R[5].r/u_datapath/west_vc2_fifo/fifo_mem_reg[0][flit_type]_0_3_0_0/DP/I
0.025,20,4,4,intra,u_mesh/GEN_R[4].r/u_datapath/west_vc0_fifo/rd_ptr_reg[0]/C,u_mesh/GEN_R[4].r/u_eject_fifo/fifo_mem_reg[0][flit_type]_0_15_0_0/SP/I
0.027,20,2,1,inter,u_mesh/GEN_R[2].r/u_datapath/local_vc2_fifo/rd_ptr_reg[1]/C,u_mesh/GEN_R[1].r/u_datapath/east_vc0_fifo/fifo_mem_reg[0][flit_data]_0_3_0_5/RAMA/I
0.027,20,2,1,inter,u_mesh/GEN_R[2].r/u_datapath/local_vc2_fifo/rd_ptr_reg[1]/C,u_mesh/GEN_R[1].r/u_datapath/east_vc2_fifo/fifo_mem_reg[0][flit_data]_0_3_18_23/RAMA_D1/I
0.029,20,2,1,inter,u_mesh/GEN_R[2].r/u_datapath/local_vc2_fifo/rd_ptr_reg[1]/C,u_mesh/GEN_R[1].r/u_datapath/east_vc0_fifo/fifo_mem_reg[0][flit_data]_0_3_24_29/RAMA_D1/I
0.031,20,4,3,inter,u_mesh/GEN_R[4].r/u_datapath/west_vc0_fifo/rd_ptr_reg[0]/C,u_mesh/GEN_R[3].r/u_datapath/east_vc0_fifo/fifo_mem_reg[0][vc_id]_0_3_0_0/DP/I
0.031,20,4,5,inter,u_mesh/GEN_R[4].r/u_datapath/local_vc2_fifo/rd_ptr_reg[0]_replica/C,u_mesh/GEN_R[5].r/u_datapath/west_vc1_fifo/fifo_mem_reg[0][flit_data]_0_3_30_31/DP/I
0.033,20,1,0,inter,u_mesh/GEN_R[1].r/u_datapath/west_vc2_fifo/rd_ptr_reg[1]/C,u_mesh/GEN_R[0].r/u_datapath/east_vc2_fifo/fifo_mem_reg[0][flit_data]_0_3_0_5/RAMA/I
0.035,20,2,2,intra,u_mesh/GEN_R[2].r/u_datapath/local_vc2_fifo/rd_ptr_reg[1]/C,u_mesh/GEN_R[2].r/u_eject_fifo/fifo_mem_reg[0][flit_data]_0_15_6_11/RAMA/I
0.035,20,4,1,inter,u_mesh/GEN_R[4].r/u_datapath/local_vc2_fifo/rd_ptr_reg[0]_replica/C,u_mesh/GEN_R[1].r/u_datapath/south_vc1_fifo/fifo_mem_reg[0][flit_data]_0_3_30_31__0/SP/I
0.039,20,2,1,inter,u_mesh/GEN_R[2].r/u_datapath/local_vc2_fifo/rd_ptr_reg[1]/C,u_mesh/GEN_R[1].r/u_datapath/east_vc2_fifo/fifo_mem_reg[0][flit_data]_0_3_24_29/RAMB_D1/I
0.041,20,4,5,inter,u_mesh/GEN_R[4].r/u_datapath/west_vc0_fifo/rd_ptr_reg[0]/C,u_mesh/GEN_R[5].r/u_datapath/west_vc1_fifo/fifo_mem_reg[0][flit_data]_0_3_18_23/RAMB_D1/I
0.041,20,1,4,inter,u_mesh/GEN_R[1].r/u_datapath/west_vc2_fifo/rd_ptr_reg[1]/C,u_mesh/GEN_R[4].r/u_datapath/north_vc1_fifo/fifo_mem_reg[0][flit_data]_0_3_24_29/RAMA_D1/I
0.041,21,0,1,inter,u_mesh/GEN_R[0].r/u_datapath/east_vc1_fifo/rd_ptr_reg[0]/C,u_mesh/GEN_R[1].r/u_datapath/west_vc2_fifo/count_reg[2]/D
0.042,20,4,5,inter,u_mesh/GEN_R[4].r/u_datapath/west_vc0_fifo/rd_ptr_reg[0]/C,u_mesh/GEN_R[5].r/u_datapath/west_vc2_fifo/fifo_mem_reg[0][flit_data]_0_3_0_5/RAMA/I
0.043,21,0,1,inter,u_mesh/GEN_R[0].r/u_datapath/east_vc1_fifo/rd_ptr_reg[0]/C,u_mesh/GEN_R[1].r/u_datapath/west_vc2_fifo/count_reg[0]/D
0.044,20,4,4,intra,u_mesh/GEN_R[4].r/u_datapath/west_vc0_fifo/rd_ptr_reg[0]/C,u_mesh/GEN_R[4].r/u_eject_fifo/fifo_mem_reg[0][flit_data]_0_15_18_23/RAMB_D1/I
0.044,20,1,4,inter,u_mesh/GEN_R[1].r/u_datapath/west_vc2_fifo/rd_ptr_reg[1]/C,u_mesh/GEN_R[4].r/u_datapath/north_vc2_fifo/fifo_mem_reg[0][flit_data]_0_3_30_31/SP/I
0.046,19,1,0,inter,u_mesh/GEN_R[1].r/u_datapath/south_vc1_fifo/rd_ptr_reg[1]_replica/C,u_mesh/GEN_R[0].r/u_datapath/east_vc2_fifo/fifo_mem_reg[0][flit_type]_0_3_1_1/SP/I
0.046,20,4,3,inter,u_mesh/GEN_R[4].r/u_datapath/west_vc0_fifo/rd_ptr_reg[0]/C,u_mesh/GEN_R[3].r/u_datapath/east_vc0_fifo/fifo_mem_reg[0][flit_type]_0_3_0_0/SP/I
0.048,20,4,5,inter,u_mesh/GEN_R[4].r/u_datapath/west_vc0_fifo/rd_ptr_reg[0]/C,u_mesh/GEN_R[5].r/u_datapath/west_vc0_fifo/fifo_mem_reg[0][flit_data]_0_3_0_5/RAMA/I
0.048,20,4,3,inter,u_mesh/GEN_R[4].r/u_datapath/west_vc0_fifo/rd_ptr_reg[0]/C,u_mesh/GEN_R[3].r/u_datapath/east_vc2_fifo/fifo_mem_reg[0][flit_data]_0_3_24_29/RAMB/I
0.048,20,4,1,inter,u_mesh/GEN_R[4].r/u_datapath/west_vc0_fifo/rd_ptr_reg[0]/C,u_mesh/GEN_R[1].r/u_datapath/south_vc1_fifo/fifo_mem_reg[0][flit_data]_0_3_0_5/RAMA/I
0.048,20,4,5,inter,u_mesh/GEN_R[4].r/u_datapath/west_vc0_fifo/rd_ptr_reg[0]/C,u_mesh/GEN_R[5].r/u_datapath/west_vc1_fifo/fifo_mem_reg[0][flit_data]_0_3_18_23/RAMC/I
0.048,20,4,5,inter,u_mesh/GEN_R[4].r/u_datapath/west_vc0_fifo/rd_ptr_reg[0]/C,u_mesh/GEN_R[5].r/u_datapath/west_vc0_fifo/fifo_mem_reg[0][flit_data]_0_3_24_29/RAMA/I
0.048,20,4,1,inter,u_mesh/GEN_R[4].r/u_datapath/local_vc2_fifo/rd_ptr_reg[0]_replica/C,u_mesh/GEN_R[1].r/u_datapath/south_vc2_fifo/fifo_mem_reg[0][flit_data]_0_3_30_31/DP/I
0.050,20,1,0,inter,u_mesh/GEN_R[1].r/u_datapath/west_vc2_fifo/rd_ptr_reg[1]/C,u_mesh/GEN_R[0].r/u_datapath/east_vc1_fifo/fifo_mem_reg[0][flit_data]_0_3_6_11/RAMC/I
0.051,20,4,3,inter,u_mesh/GEN_R[4].r/u_datapath/west_vc0_fifo/rd_ptr_reg[0]/C,u_mesh/GEN_R[3].r/u_datapath/east_vc0_fifo/fifo_mem_reg[0][flit_data]_0_3_24_29/RAMA_D1/I
0.052,20,4,1,inter,u_mesh/GEN_R[4].r/u_datapath/west_vc0_fifo/rd_ptr_reg[0]/C,u_mesh/GEN_R[1].r/u_datapath/south_vc2_fifo/fifo_mem_reg[0][flit_data]_0_3_6_11/RAMA/I
0.052,20,4,3,inter,u_mesh/GEN_R[4].r/u_datapath/west_vc0_fifo/rd_ptr_reg[0]/C,u_mesh/GEN_R[3].r/u_datapath/east_vc1_fifo/fifo_mem_reg[0][flit_data]_0_3_30_31__0/DP/I
0.053,22,4,1,inter,u_mesh/GEN_R[4].r/u_datapath/west_vc0_fifo/rd_ptr_reg[0]/C,u_mesh/GEN_R[1].r/u_datapath/south_vc0_fifo/count_reg[1]/D
0.053,20,2,1,inter,u_mesh/GEN_R[2].r/u_datapath/local_vc2_fifo/rd_ptr_reg[1]/C,u_mesh/GEN_R[1].r/u_datapath/east_vc2_fifo/fifo_mem_reg[0][flit_data]_0_3_18_23/RAMC/I
0.053,20,4,1,inter,u_mesh/GEN_R[4].r/u_datapath/west_vc0_fifo/rd_ptr_reg[0]/C,u_mesh/GEN_R[1].r/u_datapath/south_vc1_fifo/fifo_mem_reg[0][flit_data]_0_3_6_11/RAMB_D1/I
0.055,20,4,5,inter,u_mesh/GEN_R[4].r/u_datapath/local_vc2_fifo/rd_ptr_reg[0]_replica/C,u_mesh/GEN_R[5].r/u_datapath/west_vc1_fifo/fifo_mem_reg[0][flit_type]_0_3_1_1/SP/I
0.056,20,2,2,intra,u_mesh/GEN_R[2].r/u_datapath/local_vc2_fifo/rd_ptr_reg[1]/C,u_mesh/GEN_R[2].r/u_eject_fifo/fifo_mem_reg[0][flit_data]_0_15_0_5/RAMA_D1/I
0.056,19,3,4,inter,u_mesh/GEN_R[3].r/u_datapath/east_vc1_fifo/rd_ptr_reg[1]_replica/C,u_mesh/GEN_R[4].r/u_datapath/west_vc2_fifo/fifo_mem_reg[0][flit_data]_0_3_0_5/RAMC_D1/I
0.059,20,4,1,inter,u_mesh/GEN_R[4].r/u_datapath/west_vc0_fifo/rd_ptr_reg[0]/C,u_mesh/GEN_R[1].r/u_datapath/south_vc2_fifo/fifo_mem_reg[0][flit_data]_0_3_24_29/RAMC_D1/I
0.061,20,4,4,intra,u_mesh/GEN_R[4].r/u_datapath/west_vc0_fifo/rd_ptr_reg[0]/C,u_mesh/GEN_R[4].r/u_eject_fifo/fifo_mem_reg[0][flit_data]_0_15_0_5/RAMA/WE
0.061,20,4,4,intra,u_mesh/GEN_R[4].r/u_datapath/west_vc0_fifo/rd_ptr_reg[0]/C,u_mesh/GEN_R[4].r/u_eject_fifo/fifo_mem_reg[0][flit_data]_0_15_0_5/RAMA_D1/WE
0.061,20,4,4,intra,u_mesh/GEN_R[4].r/u_datapath/west_vc0_fifo/rd_ptr_reg[0]/C,u_mesh/GEN_R[4].r/u_eject_fifo/fifo_mem_reg[0][flit_data]_0_15_0_5/RAMB/WE
0.061,20,4,4,intra,u_mesh/GEN_R[4].r/u_datapath/west_vc0_fifo/rd_ptr_reg[0]/C,u_mesh/GEN_R[4].r/u_eject_fifo/fifo_mem_reg[0][flit_data]_0_15_0_5/RAMB_D1/WE
0.061,20,4,4,intra,u_mesh/GEN_R[4].r/u_datapath/west_vc0_fifo/rd_ptr_reg[0]/C,u_mesh/GEN_R[4].r/u_eject_fifo/fifo_mem_reg[0][flit_data]_0_15_0_5/RAMC/WE
0.061,20,4,4,intra,u_mesh/GEN_R[4].r/u_datapath/west_vc0_fifo/rd_ptr_reg[0]/C,u_mesh/GEN_R[4].r/u_eject_fifo/fifo_mem_reg[0][flit_data]_0_15_0_5/RAMC_D1/WE
0.061,20,4,4,intra,u_mesh/GEN_R[4].r/u_datapath/west_vc0_fifo/rd_ptr_reg[0]/C,u_mesh/GEN_R[4].r/u_eject_fifo/fifo_mem_reg[0][flit_data]_0_15_0_5/RAMD/WE
0.061,20,4,4,intra,u_mesh/GEN_R[4].r/u_datapath/west_vc0_fifo/rd_ptr_reg[0]/C,u_mesh/GEN_R[4].r/u_eject_fifo/fifo_mem_reg[0][flit_data]_0_15_0_5/RAMD_D1/WE
0.061,20,4,3,inter,u_mesh/GEN_R[4].r/u_datapath/west_vc0_fifo/rd_ptr_reg[0]/C,u_mesh/GEN_R[3].r/u_datapath/east_vc1_fifo/fifo_mem_reg[0][flit_data]_0_3_30_31/SP/I
0.061,20,1,4,inter,u_mesh/GEN_R[1].r/u_datapath/west_vc2_fifo/rd_ptr_reg[1]/C,u_mesh/GEN_R[4].r/u_datapath/north_vc0_fifo/fifo_mem_reg[0][flit_type]_0_3_1_1/DP/I
0.062,19,3,4,inter,u_mesh/GEN_R[3].r/u_datapath/east_vc1_fifo/rd_ptr_reg[1]_replica/C,u_mesh/GEN_R[4].r/u_datapath/west_vc1_fifo/fifo_mem_reg[0][flit_data]_0_3_0_5/RAMC_D1/I
0.063,20,4,3,inter,u_mesh/GEN_R[4].r/u_datapath/west_vc0_fifo/rd_ptr_reg[0]/C,u_mesh/GEN_R[3].r/u_datapath/east_vc1_fifo/fifo_mem_reg[0][flit_data]_0_3_6_11/RAMC_D1/I
0.063,20,2,5,inter,u_mesh/GEN_R[2].r/u_datapath/local_vc2_fifo/rd_ptr_reg[1]/C,u_mesh/GEN_R[5].r/u_datapath/north_vc1_fifo/fifo_mem_reg[0][flit_data]_0_3_12_17/RAMB/I
0.064,20,4,5,inter,u_mesh/GEN_R[4].r/u_datapath/west_vc0_fifo/rd_ptr_reg[0]/C,u_mesh/GEN_R[5].r/u_datapath/west_vc2_fifo/fifo_mem_reg[0][flit_data]_0_3_6_11/RAMA/I
0.065,20,2,1,inter,u_mesh/GEN_R[2].r/u_datapath/local_vc2_fifo/rd_ptr_reg[1]/C,u_mesh/GEN_R[1].r/u_datapath/east_vc1_fifo/fifo_mem_reg[0][flit_data]_0_3_18_23/RAMC/I
0.066,20,4,4,intra,u_mesh/GEN_R[4].r/u_datapath/west_vc0_fifo/rd_ptr_reg[0]/C,u_mesh/GEN_R[4].r/u_eject_fifo/fifo_mem_reg[0][flit_data]_0_15_6_11/RAMA/WE
0.066,20,4,4,intra,u_mesh/GEN_R[4].r/u_datapath/west_vc0_fifo/rd_ptr_reg[0]/C,u_mesh/GEN_R[4].r/u_eject_fifo/fifo_mem_reg[0][flit_data]_0_15_6_11/RAMA_D1/WE
0.066,20,4,4,intra,u_mesh/GEN_R[4].r/u_datapath/west_vc0_fifo/rd_ptr_reg[0]/C,u_mesh/GEN_R[4].r/u_eject_fifo/fifo_mem_reg[0][flit_data]_0_15_6_11/RAMB/WE
0.066,20,4,4,intra,u_mesh/GEN_R[4].r/u_datapath/west_vc0_fifo/rd_ptr_reg[0]/C,u_mesh/GEN_R[4].r/u_eject_fifo/fifo_mem_reg[0][flit_data]_0_15_6_11/RAMB_D1/WE
0.066,20,4,4,intra,u_mesh/GEN_R[4].r/u_datapath/west_vc0_fifo/rd_ptr_reg[0]/C,u_mesh/GEN_R[4].r/u_eject_fifo/fifo_mem_reg[0][flit_data]_0_15_6_11/RAMC/WE
0.066,20,4,4,intra,u_mesh/GEN_R[4].r/u_datapath/west_vc0_fifo/rd_ptr_reg[0]/C,u_mesh/GEN_R[4].r/u_eject_fifo/fifo_mem_reg[0][flit_data]_0_15_6_11/RAMC_D1/WE
0.066,20,4,4,intra,u_mesh/GEN_R[4].r/u_datapath/west_vc0_fifo/rd_ptr_reg[0]/C,u_mesh/GEN_R[4].r/u_eject_fifo/fifo_mem_reg[0][flit_data]_0_15_6_11/RAMD/WE
0.066,20,4,4,intra,u_mesh/GEN_R[4].r/u_datapath/west_vc0_fifo/rd_ptr_reg[0]/C,u_mesh/GEN_R[4].r/u_eject_fifo/fifo_mem_reg[0][flit_data]_0_15_6_11/RAMD_D1/WE
0.066,20,4,3,inter,u_mesh/GEN_R[4].r/u_datapath/west_vc0_fifo/rd_ptr_reg[0]/C,u_mesh/GEN_R[3].r/u_datapath/east_vc0_fifo/fifo_mem_reg[0][flit_data]_0_3_6_11/RAMC/I
0.068,20,1,0,inter,u_mesh/GEN_R[1].r/u_datapath/west_vc2_fifo/rd_ptr_reg[1]/C,u_mesh/GEN_R[0].r/u_datapath/east_vc2_fifo/fifo_mem_reg[0][flit_type]_0_3_0_0/DP/I
0.069,20,4,4,intra,u_mesh/GEN_R[4].r/u_datapath/west_vc0_fifo/rd_ptr_reg[0]/C,u_mesh/GEN_R[4].r/u_eject_fifo/fifo_mem_reg[0][flit_data]_0_15_0_5/RAMB/I
0.069,20,1,1,intra,u_mesh/GEN_R[1].r/u_datapath/west_vc2_fifo/rd_ptr_reg[1]/C,u_mesh/GEN_R[1].r/u_eject_fifo/fifo_mem_reg[0][flit_data]_0_15_12_17/RAMC/I
0.070,20,1,4,inter,u_mesh/GEN_R[1].r/u_datapath/west_vc2_fifo/rd_ptr_reg[1]/C,u_mesh/GEN_R[4].r/u_datapath/north_vc2_fifo/fifo_mem_reg[0][flit_data]_0_3_24_29/RAMA_D1/I
0.070,20,1,2,inter,u_mesh/GEN_R[1].r/u_datapath/west_vc2_fifo/rd_ptr_reg[1]/C,u_mesh/GEN_R[2].r/u_datapath/west_vc2_fifo/fifo_mem_reg[0][flit_data]_0_3_6_11/RAMB/I
0.070,20,4,1,inter,u_mesh/GEN_R[4].r/u_datapath/west_vc0_fifo/rd_ptr_reg[0]/C,u_mesh/GEN_R[1].r/u_datapath/south_vc0_fifo/fifo_mem_reg[0][flit_data]_0_3_6_11/RAMA_D1/I
0.071,20,4,5,inter,u_mesh/GEN_R[4].r/u_datapath/west_vc0_fifo/rd_ptr_reg[0]/C,u_mesh/GEN_R[5].r/u_datapath/west_vc0_fifo/fifo_mem_reg[0][flit_data]_0_3_6_11/RAMC_D1/I
0.072,20,4,3,inter,u_mesh/GEN_R[4].r/u_datapath/west_vc0_fifo/rd_ptr_reg[0]/C,u_mesh/GEN_R[3].r/u_datapath/east_vc0_fifo/fifo_mem_reg[0][vc_id]_0_3_0_0/SP/I
0.072,19,0,1,inter,u_mesh/GEN_R[0].r/u_datapath/south_vc1_fifo/rd_ptr_reg[1]/C,u_mesh/GEN_R[1].r/u_datapath/west_vc0_fifo/fifo_mem_reg[0][flit_data]_0_3_30_31/SP/I
0.073,20,4,1,inter,u_mesh/GEN_R[4].r/u_datapath/west_vc0_fifo/rd_ptr_reg[0]/C,u_mesh/GEN_R[1].r/u_datapath/south_vc1_fifo/fifo_mem_reg[0][vc_id]_0_3_0_0/DP/I
0.077,20,4,5,inter,u_mesh/GEN_R[4].r/u_datapath/west_vc0_fifo/rd_ptr_reg[0]/C,u_mesh/GEN_R[5].r/u_datapath/west_vc0_fifo/fifo_mem_reg[0][flit_data]_0_3_18_23/RAMA/I
0.077,22,2,1,inter,u_mesh/GEN_R[2].r/u_datapath/local_vc2_fifo/rd_ptr_reg[1]/C,u_mesh/GEN_R[1].r/u_datapath/east_vc1_fifo/wr_ptr_reg[0]/D
0.078,20,4,5,inter,u_mesh/GEN_R[4].r/u_datapath/local_vc2_fifo/rd_ptr_reg[0]_replica/C,u_mesh/GEN_R[5].r/u_datapath/west_vc1_fifo/fifo_mem_reg[0][flit_data]_0_3_24_29/RAMB/I
0.078,20,1,4,inter,u_mesh/GEN_R[1].r/u_datapath/west_vc2_fifo/rd_ptr_reg[1]/C,u_mesh/GEN_R[4].r/u_datapath/north_vc2_fifo/fifo_mem_reg[0][flit_data]_0_3_18_23/RAMC/I
0.078,20,4,4,intra,u_mesh/GEN_R[4].r/u_datapath/west_vc0_fifo/rd_ptr_reg[0]/C,u_mesh/GEN_R[4].r/u_eject_fifo/fifo_mem_reg[0][flit_data]_0_15_18_23/RAMA/I
0.078,20,1,0,inter,u_mesh/GEN_R[1].r/u_datapath/west_vc2_fifo/rd_ptr_reg[1]/C,u_mesh/GEN_R[0].r/u_datapath/east_vc2_fifo/fifo_mem_reg[0][flit_data]_0_3_24_29/RAMA/I
0.079,20,1,1,intra,u_mesh/GEN_R[1].r/u_datapath/west_vc2_fifo/rd_ptr_reg[1]/C,u_mesh/GEN_R[1].r/u_eject_fifo/fifo_mem_reg[0][flit_type]_0_15_0_0/DP/I
0.079,21,0,1,inter,u_mesh/GEN_R[0].r/u_datapath/east_vc1_fifo/rd_ptr_reg[0]/C,u_mesh/GEN_R[1].r/u_datapath/west_vc1_fifo/count_reg[0]/D
0.079,20,2,5,inter,u_mesh/GEN_R[2].r/u_datapath/local_vc2_fifo/rd_ptr_reg[1]/C,u_mesh/GEN_R[5].r/u_datapath/north_vc2_fifo/fifo_mem_reg[0][flit_data]_0_3_24_29/RAMB/I
0.079,20,1,0,inter,u_mesh/GEN_R[1].r/u_datapath/west_vc2_fifo/rd_ptr_reg[1]/C,u_mesh/GEN_R[0].r/u_datapath/east_vc2_fifo/fifo_mem_reg[0][flit_data]_0_3_0_5/RAMC/I
0.080,20,1,1,intra,u_mesh/GEN_R[1].r/u_datapath/west_vc2_fifo/rd_ptr_reg[1]/C,u_mesh/GEN_R[1].r/u_eject_fifo/fifo_mem_reg[0][flit_data]_0_15_30_31/DP/I
0.080,20,2,5,inter,u_mesh/GEN_R[2].r/u_datapath/local_vc2_fifo/rd_ptr_reg[1]/C,u_mesh/GEN_R[5].r/u_datapath/north_vc1_fifo/fifo_mem_reg[0][flit_data]_0_3_24_29/RAMB_D1/I
0.080,20,5,5,intra,u_mesh/GEN_R[5].r/u_datapath/local_vc1_fifo/rd_ptr_reg[0]/C,u_mesh/GEN_R[5].r/u_eject_fifo/fifo_mem_reg[0][flit_data]_0_15_30_31/DP/WE
0.080,20,5,5,intra,u_mesh/GEN_R[5].r/u_datapath/local_vc1_fifo/rd_ptr_reg[0]/C,u_mesh/GEN_R[5].r/u_eject_fifo/fifo_mem_reg[0][flit_data]_0_15_30_31/SP/WE
0.080,20,5,5,intra,u_mesh/GEN_R[5].r/u_datapath/local_vc1_fifo/rd_ptr_reg[0]/C,u_mesh/GEN_R[5].r/u_eject_fifo/fifo_mem_reg[0][flit_data]_0_15_30_31__0/DP/WE
0.080,20,5,5,intra,u_mesh/GEN_R[5].r/u_datapath/local_vc1_fifo/rd_ptr_reg[0]/C,u_mesh/GEN_R[5].r/u_eject_fifo/fifo_mem_reg[0][flit_data]_0_15_30_31__0/SP/WE
0.080,20,5,5,intra,u_mesh/GEN_R[5].r/u_datapath/local_vc1_fifo/rd_ptr_reg[0]/C,u_mesh/GEN_R[5].r/u_eject_fifo/fifo_mem_reg[0][flit_type]_0_15_0_0/DP/WE
0.080,20,5,5,intra,u_mesh/GEN_R[5].r/u_datapath/local_vc1_fifo/rd_ptr_reg[0]/C,u_mesh/GEN_R[5].r/u_eject_fifo/fifo_mem_reg[0][flit_type]_0_15_0_0/SP/WE
0.080,20,5,5,intra,u_mesh/GEN_R[5].r/u_datapath/local_vc1_fifo/rd_ptr_reg[0]/C,u_mesh/GEN_R[5].r/u_eject_fifo/fifo_mem_reg[0][flit_type]_0_15_1_1/DP/WE
0.080,20,5,5,intra,u_mesh/GEN_R[5].r/u_datapath/local_vc1_fifo/rd_ptr_reg[0]/C,u_mesh/GEN_R[5].r/u_eject_fifo/fifo_mem_reg[0][flit_type]_0_15_1_1/SP/WE
0.081,20,2,5,inter,u_mesh/GEN_R[2].r/u_datapath/local_vc2_fifo/rd_ptr_reg[1]/C,u_mesh/GEN_R[5].r/u_datapath/north_vc0_fifo/fifo_mem_reg[0][flit_data]_0_3_24_29/RAMC/I
0.081,19,1,0,inter,u_mesh/GEN_R[1].r/u_datapath/south_vc1_fifo/rd_ptr_reg[1]_replica/C,u_mesh/GEN_R[0].r/u_datapath/east_vc2_fifo/fifo_mem_reg[0][flit_type]_0_3_1_1/DP/I
0.082,22,1,2,inter,u_mesh/GEN_R[1].r/u_datapath/west_vc2_fifo/rd_ptr_reg[1]/C,u_mesh/GEN_R[2].r/u_datapath/west_vc2_fifo/count_reg[0]/D
0.083,20,1,4,inter,u_mesh/GEN_R[1].r/u_datapath/west_vc2_fifo/rd_ptr_reg[1]/C,u_mesh/GEN_R[4].r/u_datapath/north_vc0_fifo/fifo_mem_reg[0][flit_data]_0_3_24_29/RAMC/I
0.084,20,4,3,inter,u_mesh/GEN_R[4].r/u_datapath/west_vc0_fifo/rd_ptr_reg[0]/C,u_mesh/GEN_R[3].r/u_datapath/east_vc1_fifo/fifo_mem_reg[0][flit_type]_0_3_0_0/DP/I
0.086,21,0,3,inter,u_mesh/GEN_R[0].r/u_datapath/east_vc1_fifo/rd_ptr_reg[0]/C,u_mesh/GEN_R[3].r/u_datapath/north_vc2_fifo/count_reg[2]/D
0.088,20,4,5,inter,u_mesh/GEN_R[4].r/u_datapath/west_vc0_fifo/rd_ptr_reg[0]/C,u_mesh/GEN_R[5].r/u_datapath/west_vc2_fifo/fifo_mem_reg[0][flit_data]_0_3_12_17/RAMA/I
0.089,21,0,3,inter,u_mesh/GEN_R[0].r/u_datapath/east_vc1_fifo/rd_ptr_reg[0]/C,u_mesh/GEN_R[3].r/u_datapath/north_vc2_fifo/count_reg[0]/D
0.089,20,4,3,inter,u_mesh/GEN_R[4].r/u_datapath/west_vc0_fifo/rd_ptr_reg[0]/C,u_mesh/GEN_R[3].r/u_datapath/east_vc0_fifo/fifo_mem_reg[0][flit_data]_0_3_18_23/RAMA/I
0.089,20,4,1,inter,u_mesh/GEN_R[4].r/u_datapath/local_vc2_fifo/rd_ptr_reg[0]_replica/C,u_mesh/GEN_R[1].r/u_datapath/south_vc2_fifo/fifo_mem_reg[0][flit_data]_0_3_30_31/SP/I
0.089,20,4,1,inter,u_mesh/GEN_R[4].r/u_datapath/local_vc2_fifo/rd_ptr_reg[0]_replica/C,u_mesh/GEN_R[1].r/u_datapath/south_vc1_fifo/fifo_mem_reg[0][flit_data]_0_3_30_31/DP/I
0.090,20,0,0,intra,u_mesh/GEN_R[0].r/u_datapath/east_vc1_fifo/rd_ptr_reg[0]/C,u_mesh/GEN_R[0].r/u_eject_fifo/fifo_mem_reg[0][flit_data]_0_15_18_23/RAMC_D1/I
0.090,21,0,1,inter,u_mesh/GEN_R[0].r/u_datapath/east_vc1_fifo/rd_ptr_reg[0]/C,u_mesh/GEN_R[1].r/u_datapath/west_vc1_fifo/count_reg[2]/D
0.091,20,4,3,inter,u_mesh/GEN_R[4].r/u_datapath/west_vc0_fifo/rd_ptr_reg[0]/C,u_mesh/GEN_R[3].r/u_datapath/east_vc2_fifo/fifo_mem_reg[0][flit_data]_0_3_30_31__0/SP/I
0.091,20,1,4,inter,u_mesh/GEN_R[1].r/u_datapath/west_vc2_fifo/rd_ptr_reg[1]/C,u_mesh/GEN_R[4].r/u_datapath/north_vc0_fifo/fifo_mem_reg[0][flit_type]_0_3_1_1/SP/I
0.091,19,1,0,inter,u_mesh/GEN_R[1].r/u_datapath/south_vc1_fifo/rd_ptr_reg[1]_replica/C,u_mesh/GEN_R[0].r/u_datapath/east_vc1_fifo/fifo_mem_reg[0][flit_type]_0_3_1_1/SP/I
0.092,20,2,1,inter,u_mesh/GEN_R[2].r/u_datapath/local_vc2_fifo/rd_ptr_reg[1]/C,u_mesh/GEN_R[1].r/u_datapath/east_vc1_fifo/fifo_mem_reg[0][flit_data]_0_3_6_11/RAMB_D1/I
0.092,20,4,5,inter,u_mesh/GEN_R[4].r/u_datapath/west_vc0_fifo/rd_ptr_reg[0]/C,u_mesh/GEN_R[5].r/u_datapath/west_vc1_fifo/fifo_mem_reg[0][flit_data]_0_3_18_23/RAMB/I
0.093,20,1,0,inter,u_mesh/GEN_R[1].r/u_datapath/west_vc2_fifo/rd_ptr_reg[1]/C,u_mesh/GEN_R[0].r/u_datapath/east_vc2_fifo/fifo_mem_reg[0][flit_data]_0_3_24_29/RAMC/I
0.094,20,4,1,inter,u_mesh/GEN_R[4].r/u_datapath/local_vc2_fifo/rd_ptr_reg[0]_replica/C,u_mesh/GEN_R[1].r/u_datapath/south_vc2_fifo/fifo_mem_reg[0][flit_type]_0_3_0_0/SP/I
0.094,20,1,4,inter,u_mesh/GEN_R[1].r/u_datapath/west_vc2_fifo/rd_ptr_reg[1]/C,u_mesh/GEN_R[4].r/u_datapath/north_vc1_fifo/fifo_mem_reg[0][flit_type]_0_3_1_1/DP/I
0.094,20,2,5,inter,u_mesh/GEN_R[2].r/u_datapath/local_vc2_fifo/rd_ptr_reg[1]/C,u_mesh/GEN_R[5].r/u_datapath/north_vc0_fifo/fifo_mem_reg[0][flit_data]_0_3_24_29/RAMA/I
0.095,21,0,1,inter,u_mesh/GEN_R[0].r/u_datapath/east_vc1_fifo/rd_ptr_reg[0]/C,u_mesh/GEN_R[1].r/u_datapath/west_vc2_fifo/count_reg[1]/D
0.096,20,4,1,inter,u_mesh/GEN_R[4].r/u_datapath/west_vc0_fifo/rd_ptr_reg[0]/C,u_mesh/GEN_R[1].r/u_datapath/south_vc2_fifo/fifo_mem_reg[0][flit_data]_0_3_24_29/RAMC/I
0.096,20,4,3,inter,u_mesh/GEN_R[4].r/u_datapath/west_vc0_fifo/rd_ptr_reg[0]/C,u_mesh/GEN_R[3].r/u_datapath/east_vc1_fifo/fifo_mem_reg[0][flit_type]_0_3_1_1/DP/I
0.097,20,1,0,inter,u_mesh/GEN_R[1].r/u_datapath/west_vc2_fifo/rd_ptr_reg[1]/C,u_mesh/GEN_R[0].r/u_datapath/east_vc2_fifo/fifo_mem_reg[0][flit_data]_0_3_12_17/RAMB/I
0.097,20,2,1,inter,u_mesh/GEN_R[2].r/u_datapath/local_vc2_fifo/rd_ptr_reg[1]/C,u_mesh/GEN_R[1].r/u_datapath/east_vc2_fifo/fifo_mem_reg[0][flit_data]_0_3_12_17/RAMB/I
0.098,20,4,1,inter,u_mesh/GEN_R[4].r/u_datapath/west_vc0_fifo/rd_ptr_reg[0]/C,u_mesh/GEN_R[1].r/u_datapath/south_vc1_fifo/fifo_mem_reg[0][flit_data]_0_3_12_17/RAMA_D1/I
0.101,20,2,2,intra,u_mesh/GEN_R[2].r/u_datapath/local_vc2_fifo/rd_ptr_reg[1]/C,u_mesh/GEN_R[2].r/u_eject_fifo/fifo_mem_reg[0][flit_data]_0_15_0_5/RAMC_D1/I
0.103,20,4,5,inter,u_mesh/GEN_R[4].r/u_datapath/local_vc2_fifo/rd_ptr_reg[0]_replica/C,u_mesh/GEN_R[5].r/u_datapath/west_vc2_fifo/fifo_mem_reg[0][flit_data]_0_3_30_31__0/SP/I
0.103,20,0,3,inter,u_mesh/GEN_R[0].r/u_datapath/east_vc1_fifo/rd_ptr_reg[0]/C,u_mesh/GEN_R[3].r/u_datapath/north_vc2_fifo/fifo_mem_reg[0][flit_data]_0_3_0_5/RAMB/I
0.104,20,1,0,inter,u_mesh/GEN_R[1].r/u_datapath/west_vc2_fifo/rd_ptr_reg[1]/C,u_mesh/GEN_R[0].r/u_datapath/east_vc1_fifo/fifo_mem_reg[0][flit_data]_0_3_6_11/RAMB/I
0.105,20,4,3,inter,u_mesh/GEN_R[4].r/u_datapath/west_vc0_fifo/rd_ptr_reg[0]/C,u_mesh/GEN_R[3].r/u_datapath/east_vc1_fifo/fifo_mem_reg[0][vc_id]_0_3_0_0/DP/I
0.106,20,2,1,inter,u_mesh/GEN_R[2].r/u_datapath/local_vc2_fifo/rd_ptr_reg[1]/C,u_mesh/GEN_R[1].r/u_datapath/east_vc0_fifo/fifo_mem_reg[0][flit_data]_0_3_12_17/RAMB/I
0.106,20,4,1,inter,u_mesh/GEN_R[4].r/u_datapath/west_vc0_fifo/rd_ptr_reg[0]/C,u_mesh/GEN_R[1].r/u_datapath/south_vc0_fifo/fifo_mem_reg[0][flit_data]_0_3_18_23/RAMB_D1/I
0.107,20,4,1,inter,u_mesh/GEN_R[4].r/u_datapath/west_vc0_fifo/rd_ptr_reg[0]/C,u_mesh/GEN_R[1].r/u_datapath/south_vc2_fifo/fifo_mem_reg[0][vc_id]_0_3_0_0/SP/I
0.107,21,3,4,inter,u_mesh/GEN_R[3].r/u_datapath/east_vc1_fifo/rd_ptr_reg[1]_replica/C,u_mesh/GEN_R[4].r/u_datapath/west_vc2_fifo/count_reg[2]/D
0.108,20,4,3,inter,u_mesh/GEN_R[4].r/u_datapath/west_vc0_fifo/rd_ptr_reg[0]/C,u_mesh/GEN_R[3].r/u_datapath/east_vc2_fifo/fifo_mem_reg[0][flit_data]_0_3_18_23/RAMB/I
0.109,21,3,4,inter,u_mesh/GEN_R[3].r/u_datapath/east_vc1_fifo/rd_ptr_reg[1]_replica/C,u_mesh/GEN_R[4].r/u_datapath/west_vc2_fifo/count_reg[0]/D
0.109,20,1,4,inter,u_mesh/GEN_R[1].r/u_datapath/west_vc2_fifo/rd_ptr_reg[1]/C,u_mesh/GEN_R[4].r/u_datapath/north_vc1_fifo/fifo_mem_reg[0][flit_data]_0_3_30_31/DP/I
0.109,20,1,0,inter,u_mesh/GEN_R[1].r/u_datapath/west_vc2_fifo/rd_ptr_reg[1]/C,u_mesh/GEN_R[0].r/u_datapath/east_vc1_fifo/fifo_mem_reg[0][flit_data]_0_3_12_17/RAMB/I
0.110,20,1,4,inter,u_mesh/GEN_R[1].r/u_datapath/west_vc2_fifo/rd_ptr_reg[1]/C,u_mesh/GEN_R[4].r/u_datapath/north_vc0_fifo/fifo_mem_reg[0][flit_data]_0_3_24_29/RAMA_D1/I
0.111,20,4,1,inter,u_mesh/GEN_R[4].r/u_datapath/west_vc0_fifo/rd_ptr_reg[0]/C,u_mesh/GEN_R[1].r/u_datapath/south_vc1_fifo/fifo_mem_reg[0][flit_data]_0_3_24_29/RAMB/I
0.114,20,0,0,intra,u_mesh/GEN_R[0].r/u_datapath/east_vc1_fifo/rd_ptr_reg[0]/C,u_mesh/GEN_R[0].r/u_eject_fifo/fifo_mem_reg[0][flit_data]_0_15_6_11/RAMA/WE
0.114,20,0,0,intra,u_mesh/GEN_R[0].r/u_datapath/east_vc1_fifo/rd_ptr_reg[0]/C,u_mesh/GEN_R[0].r/u_eject_fifo/fifo_mem_reg[0][flit_data]_0_15_6_11/RAMA_D1/WE
0.114,20,0,0,intra,u_mesh/GEN_R[0].r/u_datapath/east_vc1_fifo/rd_ptr_reg[0]/C,u_mesh/GEN_R[0].r/u_eject_fifo/fifo_mem_reg[0][flit_data]_0_15_6_11/RAMB/WE
0.114,20,0,0,intra,u_mesh/GEN_R[0].r/u_datapath/east_vc1_fifo/rd_ptr_reg[0]/C,u_mesh/GEN_R[0].r/u_eject_fifo/fifo_mem_reg[0][flit_data]_0_15_6_11/RAMB_D1/WE
0.114,20,0,0,intra,u_mesh/GEN_R[0].r/u_datapath/east_vc1_fifo/rd_ptr_reg[0]/C,u_mesh/GEN_R[0].r/u_eject_fifo/fifo_mem_reg[0][flit_data]_0_15_6_11/RAMC/WE
0.114,20,0,0,intra,u_mesh/GEN_R[0].r/u_datapath/east_vc1_fifo/rd_ptr_reg[0]/C,u_mesh/GEN_R[0].r/u_eject_fifo/fifo_mem_reg[0][flit_data]_0_15_6_11/RAMC_D1/WE
0.114,20,0,0,intra,u_mesh/GEN_R[0].r/u_datapath/east_vc1_fifo/rd_ptr_reg[0]/C,u_mesh/GEN_R[0].r/u_eject_fifo/fifo_mem_reg[0][flit_data]_0_15_6_11/RAMD/WE
0.114,20,0,0,intra,u_mesh/GEN_R[0].r/u_datapath/east_vc1_fifo/rd_ptr_reg[0]/C,u_mesh/GEN_R[0].r/u_eject_fifo/fifo_mem_reg[0][flit_data]_0_15_6_11/RAMD_D1/WE
0.115,20,4,1,inter,u_mesh/GEN_R[4].r/u_datapath/west_vc0_fifo/rd_ptr_reg[0]/C,u_mesh/GEN_R[1].r/u_datapath/south_vc2_fifo/fifo_mem_reg[0][flit_data]_0_3_6_11/RAMA_D1/I
0.116,20,4,4,intra,u_mesh/GEN_R[4].r/u_datapath/local_vc2_fifo/rd_ptr_reg[0]_replica/C,u_mesh/GEN_R[4].r/u_eject_fifo/fifo_mem_reg[0][flit_data]_0_15_30_31__0/DP/I
0.118,20,4,3,inter,u_mesh/GEN_R[4].r/u_datapath/west_vc0_fifo/rd_ptr_reg[0]/C,u_mesh/GEN_R[3].r/u_datapath/east_vc1_fifo/fifo_mem_reg[0][flit_data]_0_3_24_29/RAMC_D1/I
0.119,20,4,4,intra,u_mesh/GEN_R[4].r/u_datapath/west_vc0_fifo/rd_ptr_reg[0]/C,u_mesh/GEN_R[4].r/u_eject_fifo/fifo_mem_reg[0][flit_data]_0_15_18_23/RAMA_D1/I
0.120,20,1,0,inter,u_mesh/GEN_R[1].r/u_datapath/west_vc2_fifo/rd_ptr_reg[1]/C,u_mesh/GEN_R[0].r/u_datapath/east_vc1_fifo/fifo_mem_reg[0][flit_data]_0_3_24_29/RAMB/I
0.120,22,4,3,inter,u_mesh/GEN_R[4].r/u_datapath/local_vc2_fifo/rd_ptr_reg[0]_replica/C,u_mesh/GEN_R[3].r/u_datapath/east_vc2_fifo/count_reg[2]/D
0.121,20,2,5,inter,u_mesh/GEN_R[2].r/u_datapath/local_vc2_fifo/rd_ptr_reg[1]/C,u_mesh/GEN_R[5].r/u_datapath/north_vc2_fifo/fifo_mem_reg[0][flit_data]_0_3_6_11/RAMB_D1/I
0.122,20,4,4,intra,u_mesh/GEN_R[4].r/u_datapath/west_vc0_fifo/rd_ptr_reg[0]/C,u_mesh/GEN_R[4].r/u_eject_fifo/fifo_mem_reg[0][flit_data]_0_15_18_23/RAMB/I
0.122,22,4,3,inter,u_mesh/GEN_R[4].r/u_datapath/local_vc2_fifo/rd_ptr_reg[0]_replica/C,u_mesh/GEN_R[3].r/u_datapath/east_vc2_fifo/count_reg[0]/D
0.123,20,1,4,inter,u_mesh/GEN_R[1].r/u_datapath/west_vc2_fifo/rd_ptr_reg[1]/C,u_mesh/GEN_R[4].r/u_datapath/north_vc1_fifo/fifo_mem_reg[0][flit_data]_0_3_12_17/RAMC_D1/I
0.124,20,1,4,inter,u_mesh/GEN_R[1].r/u_datapath/west_vc2_fifo/rd_ptr_reg[1]/C,u_mesh/GEN_R[4].r/u_datapath/north_vc1_fifo/fifo_mem_reg[0][flit_type]_0_3_1_1/SP/I
0.124,20,0,0,intra,u_mesh/GEN_R[0].r/u_datapath/east_vc1_fifo/rd_ptr_reg[0]/C,u_mesh/GEN_R[0].r/u_eject_fifo/fifo_mem_reg[0][vc_id]_0_15_0_0/DP/WE
0.124,20,0,0,intra,u_mesh/GEN_R[0].r/u_datapath/east_vc1_fifo/rd_ptr_reg[0]/C,u_mesh/GEN_R[0].r/u_eject_fifo/fifo_mem_reg[0][vc_id]_0_15_0_0/SP/WE
0.124,20,0,0,intra,u_mesh/GEN_R[0].r/u_datapath/east_vc1_fifo/rd_ptr_reg[0]/C,u_mesh/GEN_R[0].r/u_eject_fifo/fifo_mem_reg[0][vc_id]_0_15_1_1/DP/WE
0.124,20,0,0,intra,u_mesh/GEN_R[0].r/u_datapath/east_vc1_fifo/rd_ptr_reg[0]/C,u_mesh/GEN_R[0].r/u_eject_fifo/fifo_mem_reg[0][vc_id]_0_15_1_1/SP/WE
0.125,20,2,1,inter,u_mesh/GEN_R[2].r/u_datapath/local_vc2_fifo/rd_ptr_reg[1]/C,u_mesh/GEN_R[1].r/u_datapath/east_vc1_fifo/fifo_mem_reg[0][flit_data]_0_3_0_5/RAMC_D1/I
0.125,20,0,0,intra,u_mesh/GEN_R[0].r/u_datapath/east_vc1_fifo/rd_ptr_reg[0]/C,u_mesh/GEN_R[0].r/u_eject_fifo/fifo_mem_reg[0][flit_data]_0_15_30_31/DP/WE
0.125,20,0,0,intra,u_mesh/GEN_R[0].r/u_datapath/east_vc1_fifo/rd_ptr_reg[0]/C,u_mesh/GEN_R[0].r/u_eject_fifo/fifo_mem_reg[0][flit_data]_0_15_30_31/SP/WE
0.125,20,0,0,intra,u_mesh/GEN_R[0].r/u_datapath/east_vc1_fifo/rd_ptr_reg[0]/C,u_mesh/GEN_R[0].r/u_eject_fifo/fifo_mem_reg[0][flit_data]_0_15_30_31__0/DP/WE
0.125,20,0,0,intra,u_mesh/GEN_R[0].r/u_datapath/east_vc1_fifo/rd_ptr_reg[0]/C,u_mesh/GEN_R[0].r/u_eject_fifo/fifo_mem_reg[0][flit_data]_0_15_30_31__0/SP/WE
0.125,20,0,0,intra,u_mesh/GEN_R[0].r/u_datapath/east_vc1_fifo/rd_ptr_reg[0]/C,u_mesh/GEN_R[0].r/u_eject_fifo/fifo_mem_reg[0][flit_type]_0_15_0_0/DP/WE
0.125,20,0,0,intra,u_mesh/GEN_R[0].r/u_datapath/east_vc1_fifo/rd_ptr_reg[0]/C,u_mesh/GEN_R[0].r/u_eject_fifo/fifo_mem_reg[0][flit_type]_0_15_0_0/SP/WE
0.125,20,0,0,intra,u_mesh/GEN_R[0].r/u_datapath/east_vc1_fifo/rd_ptr_reg[0]/C,u_mesh/GEN_R[0].r/u_eject_fifo/fifo_mem_reg[0][flit_type]_0_15_1_1/DP/WE
0.125,20,0,0,intra,u_mesh/GEN_R[0].r/u_datapath/east_vc1_fifo/rd_ptr_reg[0]/C,u_mesh/GEN_R[0].r/u_eject_fifo/fifo_mem_reg[0][flit_type]_0_15_1_1/SP/WE
0.126,20,4,5,inter,u_mesh/GEN_R[4].r/u_datapath/west_vc0_fifo/rd_ptr_reg[0]/C,u_mesh/GEN_R[5].r/u_datapath/west_vc0_fifo/fifo_mem_reg[0][flit_data]_0_3_6_11/RAMA_D1/I
0.127,22,1,0,inter,u_mesh/GEN_R[1].r/u_datapath/west_vc2_fifo/rd_ptr_reg[1]/C,u_mesh/GEN_R[0].r/u_datapath/east_vc0_fifo/count_reg[0]/D
0.127,20,4,5,inter,u_mesh/GEN_R[4].r/u_datapath/local_vc2_fifo/rd_ptr_reg[0]_replica/C,u_mesh/GEN_R[5].r/u_datapath/west_vc0_fifo/fifo_mem_reg[0][flit_type]_0_3_1_1/SP/I
0.127,20,2,1,inter,u_mesh/GEN_R[2].r/u_datapath/local_vc2_fifo/rd_ptr_reg[1]/C,u_mesh/GEN_R[1].r/u_datapath/east_vc1_fifo/fifo_mem_reg[0][flit_type]_0_3_1_1/SP/I
0.128,20,1,4,inter,u_mesh/GEN_R[1].r/u_datapath/west_vc2_fifo/rd_ptr_reg[1]/C,u_mesh/GEN_R[4].r/u_datapath/north_vc0_fifo/fifo_mem_reg[0][flit_data]_0_3_24_29/RAMB/I
0.128,20,1,1,intra,u_mesh/GEN_R[1].r/u_datapath/local_vc0_fifo/rd_ptr_reg[0]/C,u_mesh/GEN_R[1].r/u_eject_fifo/fifo_mem_reg[0][flit_data]_0_15_12_17/RAMA/WE
0.128,20,1,1,intra,u_mesh/GEN_R[1].r/u_datapath/local_vc0_fifo/rd_ptr_reg[0]/C,u_mesh/GEN_R[1].r/u_eject_fifo/fifo_mem_reg[0][flit_data]_0_15_12_17/RAMA_D1/WE
0.128,20,1,1,intra,u_mesh/GEN_R[1].r/u_datapath/local_vc0_fifo/rd_ptr_reg[0]/C,u_mesh/GEN_R[1].r/u_eject_fifo/fifo_mem_reg[0][flit_data]_0_15_12_17/RAMB/WE
0.128,20,1,1,intra,u_mesh/GEN_R[1].r/u_datapath/local_vc0_fifo/rd_ptr_reg[0]/C,u_mesh/GEN_R[1].r/u_eject_fifo/fifo_mem_reg[0][flit_data]_0_15_12_17/RAMB_D1/WE
0.128,20,1,1,intra,u_mesh/GEN_R[1].r/u_datapath/local_vc0_fifo/rd_ptr_reg[0]/C,u_mesh/GEN_R[1].r/u_eject_fifo/fifo_mem_reg[0][flit_data]_0_15_12_17/RAMC/WE
0.128,20,1,1,intra,u_mesh/GEN_R[1].r/u_datapath/local_vc0_fifo/rd_ptr_reg[0]/C,u_mesh/GEN_R[1].r/u_eject_fifo/fifo_mem_reg[0][flit_data]_0_15_12_17/RAMC_D1/WE
0.128,20,1,1,intra,u_mesh/GEN_R[1].r/u_datapath/local_vc0_fifo/rd_ptr_reg[0]/C,u_mesh/GEN_R[1].r/u_eject_fifo/fifo_mem_reg[0][flit_data]_0_15_12_17/RAMD/WE
0.128,20,1,1,intra,u_mesh/GEN_R[1].r/u_datapath/local_vc0_fifo/rd_ptr_reg[0]/C,u_mesh/GEN_R[1].r/u_eject_fifo/fifo_mem_reg[0][flit_data]_0_15_12_17/RAMD_D1/WE
0.131,20,4,5,inter,u_mesh/GEN_R[4].r/u_datapath/west_vc0_fifo/rd_ptr_reg[0]/C,u_mesh/GEN_R[5].r/u_datapath/west_vc1_fifo/fifo_mem_reg[0][flit_data]_0_3_12_17/RAMB/I
0.131,21,0,1,inter,u_mesh/GEN_R[0].r/u_datapath/east_vc1_fifo/rd_ptr_reg[0]/C,u_mesh/GEN_R[1].r/u_datapath/west_vc1_fifo/count_reg[1]/D
0.132,20,2,5,inter,u_mesh/GEN_R[2].r/u_datapath/local_vc2_fifo/rd_ptr_reg[1]/C,u_mesh/GEN_R[5].r/u_datapath/north_vc2_fifo/fifo_mem_reg[0][flit_data]_0_3_6_11/RAMA/I
0.132,20,0,0,intra,u_mesh/GEN_R[0].r/u_datapath/south_vc1_fifo/rd_ptr_reg[1]/C,u_mesh/GEN_R[0].r/u_eject_fifo/fifo_mem_reg[0][flit_type]_0_15_1_1/DP/I
0.133,20,2,5,inter,u_mesh/GEN_R[2].r/u_datapath/local_vc2_fifo/rd_ptr_reg[1]/C,u_mesh/GEN_R[5].r/u_datapath/north_vc0_fifo/fifo_mem_reg[0][flit_data]_0_3_0_5/RAMB/I
0.134,22,1,2,inter,u_mesh/GEN_R[1].r/u_datapath/west_vc2_fifo/rd_ptr_reg[1]/C,u_mesh/GEN_R[2].r/u_datapath/west_vc2_fifo/count_reg[1]/D
0.135,22,1,2,inter,u_mesh/GEN_R[1].r/u_datapath/west_vc2_fifo/rd_ptr_reg[1]/C,u_mesh/GEN_R[2].r/u_datapath/west_vc1_fifo/count_reg[0]/D
0.138,20,0,0,intra,u_mesh/GEN_R[0].r/u_datapath/east_vc1_fifo/rd_ptr_reg[0]/C,u_mesh/GEN_R[0].r/u_eject_fifo/fifo_mem_reg[0][flit_data]_0_15_12_17/RAMC_D1/I
0.138,20,5,5,intra,u_mesh/GEN_R[5].r/u_datapath/local_vc1_fifo/rd_ptr_reg[0]/C,u_mesh/GEN_R[5].r/u_eject_fifo/fifo_mem_reg[0][flit_data]_0_15_0_5/RAMA/WE
0.138,20,5,5,intra,u_mesh/GEN_R[5].r/u_datapath/local_vc1_fifo/rd_ptr_reg[0]/C,u_mesh/GEN_R[5].r/u_eject_fifo/fifo_mem_reg[0][flit_data]_0_15_0_5/RAMA_D1/WE
0.138,20,5,5,intra,u_mesh/GEN_R[5].r/u_datapath/local_vc1_fifo/rd_ptr_reg[0]/C,u_mesh/GEN_R[5].r/u_eject_fifo/fifo_mem_reg[0][flit_data]_0_15_0_5/RAMB/WE
0.138,20,5,5,intra,u_mesh/GEN_R[5].r/u_datapath/local_vc1_fifo/rd_ptr_reg[0]/C,u_mesh/GEN_R[5].r/u_eject_fifo/fifo_mem_reg[0][flit_data]_0_15_0_5/RAMB_D1/WE
0.138,20,5,5,intra,u_mesh/GEN_R[5].r/u_datapath/local_vc1_fifo/rd_ptr_reg[0]/C,u_mesh/GEN_R[5].r/u_eject_fifo/fifo_mem_reg[0][flit_data]_0_15_0_5/RAMC/WE
0.138,20,5,5,intra,u_mesh/GEN_R[5].r/u_datapath/local_vc1_fifo/rd_ptr_reg[0]/C,u_mesh/GEN_R[5].r/u_eject_fifo/fifo_mem_reg[0][flit_data]_0_15_0_5/RAMC_D1/WE
0.138,20,5,5,intra,u_mesh/GEN_R[5].r/u_datapath/local_vc1_fifo/rd_ptr_reg[0]/C,u_mesh/GEN_R[5].r/u_eject_fifo/fifo_mem_reg[0][flit_data]_0_15_0_5/RAMD/WE
0.138,20,5,5,intra,u_mesh/GEN_R[5].r/u_datapath/local_vc1_fifo/rd_ptr_reg[0]/C,u_mesh/GEN_R[5].r/u_eject_fifo/fifo_mem_reg[0][flit_data]_0_15_0_5/RAMD_D1/WE
0.139,21,0,3,inter,u_mesh/GEN_R[0].r/u_datapath/east_vc1_fifo/rd_ptr_reg[0]/C,u_mesh/GEN_R[3].r/u_datapath/north_vc2_fifo/count_reg[1]/D
0.141,20,4,5,inter,u_mesh/GEN_R[4].r/u_datapath/west_vc0_fifo/rd_ptr_reg[0]/C,u_mesh/GEN_R[5].r/u_datapath/west_vc0_fifo/fifo_mem_reg[0][flit_data]_0_3_6_11/RAMB_D1/I
0.141,22,2,1,inter,u_mesh/GEN_R[2].r/u_datapath/local_vc2_fifo/rd_ptr_reg[1]/C,u_mesh/GEN_R[1].r/u_datapath/east_vc2_fifo/count_reg[0]/D
0.141,20,1,4,inter,u_mesh/GEN_R[1].r/u_datapath/west_vc2_fifo/rd_ptr_reg[1]/C,u_mesh/GEN_R[4].r/u_datapath/north_vc2_fifo/fifo_mem_reg[0][flit_data]_0_3_6_11/RAMB/I
0.141,19,3,0,inter,u_mesh/GEN_R[3].r/u_datapath/east_vc1_fifo/rd_ptr_reg[1]_replica/C,u_mesh/GEN_R[0].r/u_datapath/south_vc0_fifo/fifo_mem_reg[0][flit_data]_0_3_18_23/RAMA_D1/I
0.143,20,4,1,inter,u_mesh/GEN_R[4].r/u_datapath/local_vc2_fifo/rd_ptr_reg[0]_replica/C,u_mesh/GEN_R[1].r/u_datapath/south_vc0_fifo/fifo_mem_reg[0][flit_data]_0_3_30_31__0/SP/I
0.145,20,4,5,inter,u_mesh/GEN_R[4].r/u_datapath/west_vc0_fifo/rd_ptr_reg[0]/C,u_mesh/GEN_R[5].r/u_datapath/west_vc1_fifo/fifo_mem_reg[0][flit_data]_0_3_12_17/RAMA_D1/I
0.145,20,1,0,inter,u_mesh/GEN_R[1].r/u_datapath/west_vc2_fifo/rd_ptr_reg[1]/C,u_mesh/GEN_R[0].r/u_datapath/east_vc1_fifo/fifo_mem_reg[0][flit_data]_0_3_30_31__0/DP/I
0.145,20,1,1,intra,u_mesh/GEN_R[1].r/u_datapath/local_vc0_fifo/rd_ptr_reg[0]/C,u_mesh/GEN_R[1].r/u_eject_fifo/fifo_mem_reg[0][vc_id]_0_15_0_0/DP/WE
0.145,20,1,1,intra,u_mesh/GEN_R[1].r/u_datapath/local_vc0_fifo/rd_ptr_reg[0]/C,u_mesh/GEN_R[1].r/u_eject_fifo/fifo_mem_reg[0][vc_id]_0_15_0_0/SP/WE
0.145,20,1,1,intra,u_mesh/GEN_R[1].r/u_datapath/local_vc0_fifo/rd_ptr_reg[0]/C,u_mesh/GEN_R[1].r/u_eject_fifo/fifo_mem_reg[0][vc_id]_0_15_1_1/DP/WE
0.145,20,1,1,intra,u_mesh/GEN_R[1].r/u_datapath/local_vc0_fifo/rd_ptr_reg[0]/C,u_mesh/GEN_R[1].r/u_eject_fifo/fifo_mem_reg[0][vc_id]_0_15_1_1/SP/WE
0.146,22,4,1,inter,u_mesh/GEN_R[4].r/u_datapath/west_vc0_fifo/rd_ptr_reg[0]/C,u_mesh/GEN_R[1].r/u_datapath/south_vc0_fifo/count_reg[2]/D
0.146,20,4,3,inter,u_mesh/GEN_R[4].r/u_datapath/west_vc0_fifo/rd_ptr_reg[0]/C,u_mesh/GEN_R[3].r/u_datapath/east_vc1_fifo/fifo_mem_reg[0][vc_id]_0_3_0_0/SP/I
0.147,22,1,0,inter,u_mesh/GEN_R[1].r/u_datapath/west_vc2_fifo/rd_ptr_reg[1]/C,u_mesh/GEN_R[0].r/u_datapath/east_vc0_fifo/count_reg[1]/D
0.147,20,2,5,inter,u_mesh/GEN_R[2].r/u_datapath/local_vc2_fifo/rd_ptr_reg[1]/C,u_mesh/GEN_R[5].r/u_datapath/north_vc0_fifo/fifo_mem_reg[0][flit_data]_0_3_6_11/RAMA/I
0.148,20,1,0,inter,u_mesh/GEN_R[1].r/u_datapath/west_vc2_fifo/rd_ptr_reg[1]/C,u_mesh/GEN_R[0].r/u_datapath/east_vc2_fifo/fifo_mem_reg[0][flit_data]_0_3_30_31__0/DP/I
0.149,20,2,2,intra,u_mesh/GEN_R[2].r/u_datapath/local_vc2_fifo/rd_ptr_reg[1]/C,u_mesh/GEN_R[2].r/u_eject_fifo/fifo_mem_reg[0][flit_data]_0_15_24_29/RAMB/I
0.149,20,4,1,inter,u_mesh/GEN_R[4].r/u_datapath/west_vc0_fifo/rd_ptr_reg[0]/C,u_mesh/GEN_R[1].r/u_datapath/south_vc1_fifo/fifo_mem_reg[0][flit_data]_0_3_6_11/RAMC/I
0.149,20,4,5,inter,u_mesh/GEN_R[4].r/u_datapath/local_vc2_fifo/rd_ptr_reg[0]_replica/C,u_mesh/GEN_R[5].r/u_datapath/west_vc0_fifo/fifo_mem_reg[0][flit_data]_0_3_24_29/RAMC_D1/I
0.150,20,4,5,inter,u_mesh/GEN_R[4].r/u_datapath/local_vc2_fifo/rd_ptr_reg[0]_replica/C,u_mesh/GEN_R[5].r/u_datapath/west_vc2_fifo/fifo_mem_reg[0][flit_data]_0_3_24_29/RAMC_D1/I
0.151,19,3,4,inter,u_mesh/GEN_R[3].r/u_datapath/east_vc1_fifo/rd_ptr_reg[1]_replica/C,u_mesh/GEN_R[4].r/u_datapath/west_vc2_fifo/fifo_mem_reg[0][flit_data]_0_3_12_17/RAMC/I
0.151,20,1,4,inter,u_mesh/GEN_R[1].r/u_datapath/west_vc2_fifo/rd_ptr_reg[1]/C,u_mesh/GEN_R[4].r/u_datapath/north_vc1_fifo/fifo_mem_reg[0][flit_data]_0_3_24_29/RAMC/I
0.152,20,2,1,inter,u_mesh/GEN_R[2].r/u_datapath/local_vc2_fifo/rd_ptr_reg[1]/C,u_mesh/GEN_R[1].r/u_datapath/east_vc2_fifo/fifo_mem_reg[0][flit_data]_0_3_12_17/RAMC/I
0.152,20,4,5,inter,u_mesh/GEN_R[4].r/u_datapath/west_vc0_fifo/rd_ptr_reg[0]/C,u_mesh/GEN_R[5].r/u_datapath/west_vc0_fifo/fifo_mem_reg[0][flit_data]_0_3_18_23/RAMB/I
0.153,20,1,1,intra,u_mesh/GEN_R[1].r/u_datapath/west_vc2_fifo/rd_ptr_reg[1]/C,u_mesh/GEN_R[1].r/u_eject_fifo/fifo_mem_reg[0][flit_data]_0_15_24_29/RAMA/I
0.154,22,1,4,inter,u_mesh/GEN_R[1].r/u_datapath/local_vc0_fifo/rd_ptr_reg[0]/C,u_mesh/GEN_R[4].r/u_datapath/north_vc2_fifo/count_reg[0]/D
0.154,20,1,0,inter,u_mesh/GEN_R[1].r/u_datapath/west_vc2_fifo/rd_ptr_reg[1]/C,u_mesh/GEN_R[0].r/u_datapath/east_vc2_fifo/fifo_mem_reg[0][flit_data]_0_3_6_11/RAMA_D1/I
0.154,20,2,1,inter,u_mesh/GEN_R[2].r/u_datapath/local_vc2_fifo/rd_ptr_reg[1]/C,u_mesh/GEN_R[1].r/u_datapath/east_vc1_fifo/fifo_mem_reg[0][flit_data]_0_3_18_23/RAMA_D1/I
0.155,21,5,4,inter,u_mesh/GEN_R[5].r/u_datapath/local_vc1_fifo/rd_ptr_reg[0]/C,u_mesh/GEN_R[4].r/u_datapath/east_vc1_fifo/count_reg[0]/D
0.155,20,0,0,intra,u_mesh/GEN_R[0].r/u_datapath/east_vc1_fifo/rd_ptr_reg[0]/C,u_mesh/GEN_R[0].r/u_eject_fifo/fifo_mem_reg[0][flit_data]_0_15_18_23/RAMB/I
0.155,20,1,4,inter,u_mesh/GEN_R[1].r/u_datapath/west_vc2_fifo/rd_ptr_reg[1]/C,u_mesh/GEN_R[4].r/u_datapath/north_vc0_fifo/fifo_mem_reg[0][flit_data]_0_3_30_31/DP/I
0.155,20,4,5,inter,u_mesh/GEN_R[4].r/u_datapath/local_vc2_fifo/rd_ptr_reg[0]_replica/C,u_mesh/GEN_R[5].r/u_datapath/west_vc1_fifo/fifo_mem_reg[0][flit_type]_0_3_1_1/DP/I
0.157,20,1,4,inter,u_mesh/GEN_R[1].r/u_datapath/west_vc2_fifo/rd_ptr_reg[1]/C,u_mesh/GEN_R[4].r/u_datapath/north_vc1_fifo/fifo_mem_reg[0][flit_data]_0_3_30_31/SP/I
0.157,20,2,1,inter,u_mesh/GEN_R[2].r/u_datapath/local_vc2_fifo/rd_ptr_reg[1]/C,u_mesh/GEN_R[1].r/u_datapath/east_vc1_fifo/fifo_mem_reg[0][flit_data]_0_3_12_17/RAMA/I
0.158,22,4,1,inter,u_mesh/GEN_R[4].r/u_datapath/west_vc0_fifo/rd_ptr_reg[0]/C,u_mesh/GEN_R[1].r/u_datapath/south_vc0_fifo/wr_ptr_reg[0]/D
0.158,20,1,0,inter,u_mesh/GEN_R[1].r/u_datapath/west_vc2_fifo/rd_ptr_reg[1]/C,u_mesh/GEN_R[0].r/u_datapath/east_vc0_fifo/fifo_mem_reg[0][flit_data]_0_3_18_23/RAMA_D1/I
0.158,20,2,1,inter,u_mesh/GEN_R[2].r/u_datapath/local_vc2_fifo/rd_ptr_reg[1]/C,u_mesh/GEN_R[1].r/u_datapath/east_vc1_fifo/fifo_mem_reg[0][flit_data]_0_3_0_5/RAMB_D1/I
0.159,20,1,2,inter,u_mesh/GEN_R[1].r/u_datapath/west_vc2_fifo/rd_ptr_reg[1]/C,u_mesh/GEN_R[2].r/u_datapath/west_vc0_fifo/fifo_mem_reg[0][flit_data]_0_3_18_23/RAMB/I
0.160,22,0,1,inter,u_mesh/GEN_R[0].r/u_datapath/east_vc1_fifo/rd_ptr_reg[0]/C,u_mesh/GEN_R[1].r/u_datapath/west_vc0_fifo/count_reg[2]/D
0.161,21,3,4,inter,u_mesh/GEN_R[3].r/u_datapath/east_vc1_fifo/rd_ptr_reg[1]_replica/C,u_mesh/GEN_R[4].r/u_datapath/west_vc2_fifo/count_reg[1]/D
0.164,20,1,0,inter,u_mesh/GEN_R[1].r/u_datapath/west_vc2_fifo/rd_ptr_reg[1]/C,u_mesh/GEN_R[0].r/u_datapath/east_vc0_fifo/fifo_mem_reg[0][flit_data]_0_3_18_23/RAMA/I
0.164,20,1,2,inter,u_mesh/GEN_R[1].r/u_datapath/west_vc2_fifo/rd_ptr_reg[1]/C,u_mesh/GEN_R[2].r/u_datapath/west_vc2_fifo/fifo_mem_reg[0][flit_data]_0_3_24_29/RAMC_D1/I
0.165,20,1,2,inter,u_mesh/GEN_R[1].r/u_datapath/west_vc2_fifo/rd_ptr_reg[1]/C,u_mesh/GEN_R[2].r/u_datapath/west_vc1_fifo/fifo_mem_reg[0][flit_type]_0_3_1_1/DP/I
0.165,20,4,5,inter,u_mesh/GEN_R[4].r/u_datapath/local_vc2_fifo/rd_ptr_reg[0]_replica/C,u_mesh/GEN_R[5].r/u_datapath/west_vc0_fifo/fifo_mem_reg[0][flit_type]_0_3_1_1/DP/I
0.166,20,2,5,inter,u_mesh/GEN_R[2].r/u_datapath/local_vc2_fifo/rd_ptr_reg[1]/C,u_mesh/GEN_R[5].r/u_datapath/north_vc1_fifo/fifo_mem_reg[0][flit_data]_0_3_12_17/RAMA/I
0.167,22,1,4,inter,u_mesh/GEN_R[1].r/u_datapath/local_vc0_fifo/rd_ptr_reg[0]/C,u_mesh/GEN_R[4].r/u_datapath/north_vc2_fifo/count_reg[2]/D
0.168,20,1,4,inter,u_mesh/GEN_R[1].r/u_datapath/west_vc2_fifo/rd_ptr_reg[1]/C,u_mesh/GEN_R[4].r/u_datapath/north_vc2_fifo/fifo_mem_reg[0][flit_data]_0_3_18_23/RAMB_D1/I
0.168,20,0,0,intra,u_mesh/GEN_R[0].r/u_datapath/east_vc1_fifo/rd_ptr_reg[0]/C,u_mesh/GEN_R[0].r/u_eject_fifo/fifo_mem_reg[0][flit_data]_0_15_6_11/RAMB_D1/I
0.169,20,1,0,inter,u_mesh/GEN_R[1].r/u_datapath/west_vc2_fifo/rd_ptr_reg[1]/C,u_mesh/GEN_R[0].r/u_datapath/east_vc1_fifo/fifo_mem_reg[0][flit_data]_0_3_6_11/RAMC_D1/I
0.171,20,4,1,inter,u_mesh/GEN_R[4].r/u_datapath/west_vc0_fifo/rd_ptr_reg[0]/C,u_mesh/GEN_R[1].r/u_datapath/south_vc2_fifo/fifo_mem_reg[0][flit_data]_0_3_18_23/RAMB_D1/I
0.172,20,2,2,intra,u_mesh/GEN_R[2].r/u_datapath/local_vc2_fifo/rd_ptr_reg[1]/C,u_mesh/GEN_R[2].r/u_eject_fifo/fifo_mem_reg[0][flit_data]_0_15_18_23/RAMC_D1/I
0.174,22,1,4,inter,u_mesh/GEN_R[1].r/u_datapath/local_vc0_fifo/rd_ptr_reg[0]/C,u_mesh/GEN_R[4].r/u_datapath/north_vc2_fifo/count_reg[1]/D
0.174,22,4,3,inter,u_mesh/GEN_R[4].r/u_datapath/local_vc2_fifo/rd_ptr_reg[0]_replica/C,u_mesh/GEN_R[3].r/u_datapath/east_vc2_fifo/count_reg[1]/D
0.176,20,4,4,intra,u_mesh/GEN_R[4].r/u_datapath/west_vc0_fifo/rd_ptr_reg[0]/C,u_mesh/GEN_R[4].r/u_eject_fifo/fifo_mem_reg[0][flit_data]_0_15_12_17/RAMA_D1/I
0.176,20,2,5,inter,u_mesh/GEN_R[2].r/u_datapath/local_vc2_fifo/rd_ptr_reg[1]/C,u_mesh/GEN_R[5].r/u_datapath/north_vc1_fifo/fifo_mem_reg[0][flit_data]_0_3_0_5/RAMB_D1/I
0.177,20,2,5,inter,u_mesh/GEN_R[2].r/u_datapath/local_vc2_fifo/rd_ptr_reg[1]/C,u_mesh/GEN_R[5].r/u_datapath/north_vc0_fifo/fifo_mem_reg[0][flit_data]_0_3_24_29/RAMB_D1/I
0.177,20,1,0,inter,u_mesh/GEN_R[1].r/u_datapath/west_vc2_fifo/rd_ptr_reg[1]/C,u_mesh/GEN_R[0].r/u_datapath/east_vc0_fifo/fifo_mem_reg[0][flit_data]_0_3_6_11/RAMC_D1/I
0.177,20,0,0,intra,u_mesh/GEN_R[0].r/u_datapath/east_vc1_fifo/rd_ptr_reg[0]/C,u_mesh/GEN_R[0].r/u_eject_fifo/fifo_mem_reg[0][flit_data]_0_15_24_29/RAMC_D1/I
0.178,20,2,1,inter,u_mesh/GEN_R[2].r/u_datapath/local_vc2_fifo/rd_ptr_reg[1]/C,u_mesh/GEN_R[1].r/u_datapath/east_vc1_fifo/fifo_mem_reg[0][flit_data]_0_3_12_17/RAMC/I
0.178,22,4,5,inter,u_mesh/GEN_R[4].r/u_datapath/west_vc0_fifo/rd_ptr_reg[0]/C,u_mesh/GEN_R[5].r/u_datapath/west_vc0_fifo/wr_ptr_reg[1]/D
0.179,20,2,5,inter,u_mesh/GEN_R[2].r/u_datapath/local_vc2_fifo/rd_ptr_reg[1]/C,u_mesh/GEN_R[5].r/u_datapath/north_vc2_fifo/fifo_mem_reg[0][flit_data]_0_3_6_11/RAMC_D1/I
0.179,22,4,5,inter,u_mesh/GEN_R[4].r/u_datapath/west_vc0_fifo/rd_ptr_reg[0]/C,u_mesh/GEN_R[5].r/u_datapath/west_vc0_fifo/wr_ptr_reg[0]/D
0.179,20,1,4,inter,u_mesh/GEN_R[1].r/u_datapath/west_vc2_fifo/rd_ptr_reg[1]/C,u_mesh/GEN_R[4].r/u_datapath/north_vc2_fifo/fifo_mem_reg[0][flit_data]_0_3_24_29/RAMB/I
0.179,20,0,0,intra,u_mesh/GEN_R[0].r/u_datapath/east_vc1_fifo/rd_ptr_reg[0]/C,u_mesh/GEN_R[0].r/u_eject_fifo/fifo_mem_reg[0][flit_data]_0_15_24_29/RAMA/I
0.181,22,0,1,inter,u_mesh/GEN_R[0].r/u_datapath/east_vc1_fifo/rd_ptr_reg[0]/C,u_mesh/GEN_R[1].r/u_datapath/west_vc0_fifo/count_reg[0]/D
0.181,20,1,4,inter,u_mesh/GEN_R[1].r/u_datapath/local_vc0_fifo/rd_ptr_reg[0]/C,u_mesh/GEN_R[4].r/u_datapath/north_vc1_fifo/fifo_mem_reg[0][flit_data]_0_3_0_5/RAMC/I
0.182,20,1,0,inter,u_mesh/GEN_R[1].r/u_datapath/west_vc2_fifo/rd_ptr_reg[1]/C,u_mesh/GEN_R[0].r/u_datapath/east_vc2_fifo/fifo_mem_reg[0][flit_data]_0_3_24_29/RAMA_D1/I
0.182,20,1,1,intra,u_mesh/GEN_R[1].r/u_datapath/west_vc2_fifo/rd_ptr_reg[1]/C,u_mesh/GEN_R[1].r/u_eject_fifo/fifo_mem_reg[0][flit_data]_0_15_18_23/RAMC_D1/I
0.182,20,2,5,inter,u_mesh/GEN_R[2].r/u_datapath/local_vc2_fifo/rd_ptr_reg[1]/C,u_mesh/GEN_R[5].r/u_datapath/north_vc0_fifo/fifo_mem_reg[0][flit_data]_0_3_0_5/RAMB_D1/I
0.184,20,1,2,inter,u_mesh/GEN_R[1].r/u_datapath/west_vc2_fifo/rd_ptr_reg[1]/C,u_mesh/GEN_R[2].r/u_datapath/west_vc0_fifo/fifo_mem_reg[0][flit_type]_0_3_1_1/DP/I
0.186,20,2,1,inter,u_mesh/GEN_R[2].r/u_datapath/local_vc2_fifo/rd_ptr_reg[1]/C,u_mesh/GEN_R[1].r/u_datapath/east_vc2_fifo/fifo_mem_reg[0][flit_data]_0_3_0_5/RAMB_D1/I
0.186,20,1,0,inter,u_mesh/GEN_R[1].r/u_datapath/west_vc2_fifo/rd_ptr_reg[1]/C,u_mesh/GEN_R[0].r/u_datapath/east_vc1_fifo/fifo_mem_reg[0][flit_data]_0_3_24_29/RAMC_D1/I
0.186,20,4,5,inter,u_mesh/GEN_R[4].r/u_datapath/west_vc0_fifo/rd_ptr_reg[0]/C,u_mesh/GEN_R[5].r/u_datapath/west_vc1_fifo/fifo_mem_reg[0][flit_data]_0_3_0_5/RAMA/I
0.186,20,1,0,inter,u_mesh/GEN_R[1].r/u_datapath/west_vc2_fifo/rd_ptr_reg[1]/C,u_mesh/GEN_R[0].r/u_datapath/east_vc2_fifo/fifo_mem_reg[0][flit_data]_0_3_24_29/RAMC_D1/I
0.187,22,1,2,inter,u_mesh/GEN_R[1].r/u_datapath/west_vc2_fifo/rd_ptr_reg[1]/C,u_mesh/GEN_R[2].r/u_datapath/west_vc1_fifo/count_reg[1]/D
0.188,20,4,1,inter,u_mesh/GEN_R[4].r/u_datapath/local_vc2_fifo/rd_ptr_reg[0]_replica/C,u_mesh/GEN_R[1].r/u_datapath/south_vc1_fifo/fifo_mem_reg[0][flit_type]_0_3_0_0/SP/I
0.190,20,4,1,inter,u_mesh/GEN_R[4].r/u_datapath/west_vc0_fifo/rd_ptr_reg[0]/C,u_mesh/GEN_R[1].r/u_datapath/south_vc2_fifo/fifo_mem_reg[0][flit_data]_0_3_12_17/RAMA_D1/I
0.190,20,4,5,inter,u_mesh/GEN_R[4].r/u_datapath/west_vc0_fifo/rd_ptr_reg[0]/C,u_mesh/GEN_R[5].r/u_datapath/west_vc2_fifo/fifo_mem_reg[0][flit_data]_0_3_24_29/RAMA/I
0.191,20,0,0,intra,u_mesh/GEN_R[0].r/u_datapath/east_vc1_fifo/rd_ptr_reg[0]/C,u_mesh/GEN_R[0].r/u_eject_fifo/fifo_mem_reg[0][flit_data]_0_15_6_11/RAMB/I
0.191,20,0,3,inter,u_mesh/GEN_R[0].r/u_datapath/east_vc1_fifo/rd_ptr_reg[0]/C,u_mesh/GEN_R[3].r/u_datapath/north_vc0_fifo/fifo_mem_reg[0][flit_data]_0_3_0_5/RAMC_D1/I
0.191,20,0,0,intra,u_mesh/GEN_R[0].r/u_datapath/east_vc1_fifo/rd_ptr_reg[0]/C,u_mesh/GEN_R[0].r/u_eject_fifo/fifo_mem_reg[0][flit_data]_0_15_18_23/RAMA_D1/I
0.191,20,4,1,inter,u_mesh/GEN_R[4].r/u_datapath/west_vc0_fifo/rd_ptr_reg[0]/C,u_mesh/GEN_R[1].r/u_datapath/south_vc1_fifo/fifo_mem_reg[0][flit_data]_0_3_24_29/RAMC/I
0.193,22,2,1,inter,u_mesh/GEN_R[2].r/u_datapath/local_vc2_fifo/rd_ptr_reg[1]/C,u_mesh/GEN_R[1].r/u_datapath/east_vc2_fifo/count_reg[1]/D
0.193,20,5,5,intra,u_mesh/GEN_R[5].r/u_datapath/local_vc1_fifo/rd_ptr_reg[0]/C,u_mesh/GEN_R[5].r/u_eject_fifo/fifo_mem_reg[0][vc_id]_0_15_0_0/DP/WE
0.193,20,5,5,intra,u_mesh/GEN_R[5].r/u_datapath/local_vc1_fifo/rd_ptr_reg[0]/C,u_mesh/GEN_R[5].r/u_eject_fifo/fifo_mem_reg[0][vc_id]_0_15_0_0/SP/WE
0.193,20,5,5,intra,u_mesh/GEN_R[5].r/u_datapath/local_vc1_fifo/rd_ptr_reg[0]/C,u_mesh/GEN_R[5].r/u_eject_fifo/fifo_mem_reg[0][vc_id]_0_15_1_1/DP/WE
0.193,20,5,5,intra,u_mesh/GEN_R[5].r/u_datapath/local_vc1_fifo/rd_ptr_reg[0]/C,u_mesh/GEN_R[5].r/u_eject_fifo/fifo_mem_reg[0][vc_id]_0_15_1_1/SP/WE
0.194,22,2,1,inter,u_mesh/GEN_R[2].r/u_datapath/local_vc2_fifo/rd_ptr_reg[1]/C,u_mesh/GEN_R[1].r/u_datapath/east_vc2_fifo/wr_ptr_reg[0]/D
0.195,20,1,2,inter,u_mesh/GEN_R[1].r/u_datapath/west_vc2_fifo/rd_ptr_reg[1]/C,u_mesh/GEN_R[2].r/u_datapath/west_vc1_fifo/fifo_mem_reg[0][flit_type]_0_3_1_1/SP/I
0.195,20,2,1,inter,u_mesh/GEN_R[2].r/u_datapath/local_vc2_fifo/rd_ptr_reg[1]/C,u_mesh/GEN_R[1].r/u_datapath/east_vc0_fifo/fifo_mem_reg[0][flit_data]_0_3_12_17/RAMC/I
0.195,22,1,2,inter,u_mesh/GEN_R[1].r/u_datapath/west_vc2_fifo/rd_ptr_reg[1]/C,u_mesh/GEN_R[2].r/u_datapath/west_vc0_fifo/count_reg[0]/D
0.196,20,4,1,inter,u_mesh/GEN_R[4].r/u_datapath/local_vc2_fifo/rd_ptr_reg[0]_replica/C,u_mesh/GEN_R[1].r/u_datapath/south_vc0_fifo/fifo_mem_reg[0][flit_data]_0_3_18_23/RAMC_D1/I
0.196,20,1,4,inter,u_mesh/GEN_R[1].r/u_datapath/west_vc2_fifo/rd_ptr_reg[1]/C,u_mesh/GEN_R[4].r/u_datapath/north_vc0_fifo/fifo_mem_reg[0][flit_data]_0_3_30_31/SP/I
0.197,20,4,4,intra,u_mesh/GEN_R[4].r/u_datapath/west_vc0_fifo/rd_ptr_reg[0]/C,u_mesh/GEN_R[4].r/u_eject_fifo/fifo_mem_reg[0][flit_data]_0_15_24_29/RAMA_D1/I
0.197,20,4,3,inter,u_mesh/GEN_R[4].r/u_datapath/west_vc0_fifo/rd_ptr_reg[0]/C,u_mesh/GEN_R[3].r/u_datapath/east_vc2_fifo/fifo_mem_reg[0][flit_type]_0_3_0_0/SP/I
0.199,20,4,3,inter,u_mesh/GEN_R[4].r/u_datapath/west_vc0_fifo/rd_ptr_reg[0]/C,u_mesh/GEN_R[3].r/u_datapath/east_vc2_fifo/fifo_mem_reg[0][flit_data]_0_3_24_29/RAMA_D1/I
0.199,19,3,4,inter,u_mesh/GEN_R[3].r/u_datapath/east_vc1_fifo/rd_ptr_reg[1]_replica/C,u_mesh/GEN_R[4].r/u_datapath/west_vc0_fifo/fifo_mem_reg[0][flit_data]_0_3_0_5/RAMC_D1/I
0.200,21,2,5,inter,u_mesh/GEN_R[2].r/u_datapath/local_vc2_fifo/rd_ptr_reg[1]/C,u_mesh/GEN_R[5].r/u_datapath/north_vc2_fifo/count_reg[2]/D
0.200,20,1,0,inter,u_mesh/GEN_R[1].r/u_datapath/west_vc2_fifo/rd_ptr_reg[1]/C,u_mesh/GEN_R[0].r/u_datapath/east_vc2_fifo/fifo_mem_reg[0][flit_data]_0_3_6_11/RAMC_D1/I
0.202,20,1,4,inter,u_mesh/GEN_R[1].r/u_datapath/west_vc2_fifo/rd_ptr_reg[1]/C,u_mesh/GEN_R[4].r/u_datapath/north_vc0_fifo/fifo_mem_reg[0][flit_type]_0_3_0_0/DP/I
0.202,20,0,1,inter,u_mesh/GEN_R[0].r/u_datapath/east_vc1_fifo/rd_ptr_reg[0]/C,u_mesh/GEN_R[1].r/u_datapath/west_vc0_fifo/fifo_mem_reg[0][flit_data]_0_3_18_23/RAMA_D1/I
0.203,20,4,1,inter,u_mesh/GEN_R[4].r/u_datapath/west_vc0_fifo/rd_ptr_reg[0]/C,u_mesh/GEN_R[1].r/u_datapath/south_vc0_fifo/fifo_mem_reg[0][flit_data]_0_3_24_29/RAMC/I
0.203,20,1,4,inter,u_mesh/GEN_R[1].r/u_datapath/west_vc2_fifo/rd_ptr_reg[1]/C,u_mesh/GEN_R[4].r/u_datapath/north_vc2_fifo/fifo_mem_reg[0][flit_data]_0_3_6_11/RAMA_D1/I
0.204,20,1,4,inter,u_mesh/GEN_R[1].r/u_datapath/west_vc2_fifo/rd_ptr_reg[1]/C,u_mesh/GEN_R[4].r/u_datapath/north_vc0_fifo/fifo_mem_reg[0][flit_data]_0_3_18_23/RAMA_D1/I
0.204,21,5,4,inter,u_mesh/GEN_R[5].r/u_datapath/local_vc1_fifo/rd_ptr_reg[0]/C,u_mesh/GEN_R[4].r/u_datapath/east_vc1_fifo/count_reg[1]/D
0.204,20,2,1,inter,u_mesh/GEN_R[2].r/u_datapath/local_vc2_fifo/rd_ptr_reg[1]/C,u_mesh/GEN_R[1].r/u_datapath/east_vc0_fifo/fifo_mem_reg[0][flit_data]_0_3_12_17/RAMB_D1/I
0.204,20,2,5,inter,u_mesh/GEN_R[2].r/u_datapath/local_vc2_fifo/rd_ptr_reg[1]/C,u_mesh/GEN_R[5].r/u_datapath/north_vc1_fifo/fifo_mem_reg[0][flit_data]_0_3_18_23/RAMC/I
0.205,19,3,4,inter,u_mesh/GEN_R[3].r/u_datapath/east_vc1_fifo/rd_ptr_reg[1]_replica/C,u_mesh/GEN_R[4].r/u_datapath/west_vc1_fifo/fifo_mem_reg[0][flit_data]_0_3_18_23/RAMA_D1/I
0.207,20,0,0,intra,u_mesh/GEN_R[0].r/u_datapath/east_vc1_fifo/rd_ptr_reg[0]/C,u_mesh/GEN_R[0].r/u_eject_fifo/fifo_mem_reg[0][flit_data]_0_15_6_11/RAMA/I
0.208,20,1,0,inter,u_mesh/GEN_R[1].r/u_datapath/west_vc2_fifo/rd_ptr_reg[1]/C,u_mesh/GEN_R[0].r/u_datapath/east_vc1_fifo/fifo_mem_reg[0][flit_data]_0_3_6_11/RAMA/I
0.208,20,1,4,inter,u_mesh/GEN_R[1].r/u_datapath/west_vc2_fifo/rd_ptr_reg[1]/C,u_mesh/GEN_R[4].r/u_datapath/north_vc1_fifo/fifo_mem_reg[0][flit_data]_0_3_18_23/RAMB/I
0.208,21,2,5,inter,u_mesh/GEN_R[2].r/u_datapath/local_vc2_fifo/rd_ptr_reg[1]/C,u_mesh/GEN_R[5].r/u_datapath/north_vc2_fifo/count_reg[0]/D
0.210,20,1,0,inter,u_mesh/GEN_R[1].r/u_datapath/west_vc2_fifo/rd_ptr_reg[1]/C,u_mesh/GEN_R[0].r/u_datapath/east_vc2_fifo/fifo_mem_reg[0][flit_data]_0_3_0_5/RAMA_D1/I
0.210,20,2,1,inter,u_mesh/GEN_R[2].r/u_datapath/local_vc2_fifo/rd_ptr_reg[1]/C,u_mesh/GEN_R[1].r/u_datapath/east_vc0_fifo/fifo_mem_reg[0][flit_data]_0_3_18_23/RAMA_D1/I
0.211,20,1,4,inter,u_mesh/GEN_R[1].r/u_datapath/west_vc2_fifo/rd_ptr_reg[1]/C,u_mesh/GEN_R[4].r/u_datapath/north_vc1_fifo/fifo_mem_reg[0][flit_type]_0_3_0_0/DP/I
0.212,20,1,0,inter,u_mesh/GEN_R[1].r/u_datapath/west_vc2_fifo/rd_ptr_reg[1]/C,u_mesh/GEN_R[0].r/u_datapath/east_vc0_fifo/fifo_mem_reg[0][flit_type]_0_3_0_0/DP/I
0.212,20,0,0,intra,u_mesh/GEN_R[0].r/u_datapath/south_vc1_fifo/rd_ptr_reg[1]/C,u_mesh/GEN_R[0].r/u_eject_fifo/fifo_mem_reg[0][flit_data]_0_15_24_29/RAMB_D1/I
0.213,20,1,2,inter,u_mesh/GEN_R[1].r/u_datapath/west_vc2_fifo/rd_ptr_reg[1]/C,u_mesh/GEN_R[2].r/u_datapath/west_vc2_fifo/fifo_mem_reg[0][flit_data]_0_3_18_23/RAMA/I
0.214,19,1,0,inter,u_mesh/GEN_R[1].r/u_datapath/south_vc1_fifo/rd_ptr_reg[1]_replica/C,u_mesh/GEN_R[0].r/u_datapath/east_vc2_fifo/fifo_mem_reg[0][flit_data]_0_3_24_29/RAMB_D1/I
0.216,20,1,0,inter,u_mesh/GEN_R[1].r/u_datapath/west_vc2_fifo/rd_ptr_reg[1]/C,u_mesh/GEN_R[0].r/u_datapath/east_vc1_fifo/fifo_mem_reg[0][flit_data]_0_3_24_29/RAMA/I
0.216,20,4,3,inter,u_mesh/GEN_R[4].r/u_datapath/west_vc0_fifo/rd_ptr_reg[0]/C,u_mesh/GEN_R[3].r/u_datapath/east_vc1_fifo/fifo_mem_reg[0][flit_type]_0_3_1_1/SP/I
0.218,20,4,5,inter,u_mesh/GEN_R[4].r/u_datapath/local_vc2_fifo/rd_ptr_reg[0]_replica/C,u_mesh/GEN_R[5].r/u_datapath/west_vc2_fifo/fifo_mem_reg[0][flit_data]_0_3_24_29/RAMB/I
0.218,20,1,2,inter,u_mesh/GEN_R[1].r/u_datapath/west_vc2_fifo/rd_ptr_reg[1]/C,u_mesh/GEN_R[2].r/u_datapath/west_vc2_fifo/fifo_mem_reg[0][flit_data]_0_3_24_29/RAMB_D1/I
0.218,20,1,4,inter,u_mesh/GEN_R[1].r/u_datapath/west_vc2_fifo/rd_ptr_reg[1]/C,u_mesh/GEN_R[4].r/u_datapath/north_vc2_fifo/fifo_mem_reg[0][flit_data]_0_3_24_29/RAMC_D1/I
0.220,20,2,5,inter,u_mesh/GEN_R[2].r/u_datapath/local_vc2_fifo/rd_ptr_reg[1]/C,u_mesh/GEN_R[5].r/u_datapath/north_vc1_fifo/fifo_mem_reg[0][flit_data]_0_3_24_29/RAMB/I
0.221,19,0,1,inter,u_mesh/GEN_R[0].r/u_datapath/south_vc1_fifo/rd_ptr_reg[1]/C,u_mesh/GEN_R[1].r/u_datapath/west_vc0_fifo/fifo_mem_reg[0][flit_data]_0_3_30_31/DP/I
0.221,20,2,1,inter,u_mesh/GEN_R[2].r/u_datapath/local_vc2_fifo/rd_ptr_reg[1]/C,u_mesh/GEN_R[1].r/u_datapath/east_vc2_fifo/fifo_mem_reg[0][flit_data]_0_3_30_31/SP/I
0.221,20,2,1,inter,u_mesh/GEN_R[2].r/u_datapath/local_vc2_fifo/rd_ptr_reg[1]/C,u_mesh/GEN_R[1].r/u_datapath/east_vc1_fifo/fifo_mem_reg[0][flit_data]_0_3_0_5/RAMB/I
0.221,20,1,4,inter,u_mesh/GEN_R[1].r/u_datapath/west_vc2_fifo/rd_ptr_reg[1]/C,u_mesh/GEN_R[4].r/u_datapath/north_vc2_fifo/fifo_mem_reg[0][flit_data]_0_3_24_29/RAMC/I
0.222,20,2,5,inter,u_mesh/GEN_R[2].r/u_datapath/local_vc2_fifo/rd_ptr_reg[1]/C,u_mesh/GEN_R[5].r/u_datapath/north_vc0_fifo/fifo_mem_reg[0][flit_data]_0_3_0_5/RAMA_D1/I
0.227,21,5,2,inter,u_mesh/GEN_R[5].r/u_datapath/local_vc1_fifo/rd_ptr_reg[0]/C,u_mesh/GEN_R[2].r/u_datapath/south_vc2_fifo/count_reg[0]/D
0.227,20,1,0,inter,u_mesh/GEN_R[1].r/u_datapath/west_vc2_fifo/rd_ptr_reg[1]/C,u_mesh/GEN_R[0].r/u_datapath/east_vc0_fifo/fifo_mem_reg[0][flit_data]_0_3_24_29/RAMA/I
0.229,20,2,2,intra,u_mesh/GEN_R[2].r/u_datapath/local_vc2_fifo/rd_ptr_reg[1]/C,u_mesh/GEN_R[2].r/u_eject_fifo/fifo_mem_reg[0][flit_data]_0_15_24_29/RAMC/I
0.230,20,2,5,inter,u_mesh/GEN_R[2].r/u_datapath/local_vc2_fifo/rd_ptr_reg[1]/C,u_mesh/GEN_R[5].r/u_datapath/north_vc2_fifo/fifo_mem_reg[0][flit_data]_0_3_12_17/RAMB/I
0.231,20,4,1,inter,u_mesh/GEN_R[4].r/u_datapath/local_vc2_fifo/rd_ptr_reg[0]_replica/C,u_mesh/GEN_R[1].r/u_datapath/south_vc0_fifo/fifo_mem_reg[0][flit_type]_0_3_0_0/SP/I
0.232,20,4,5,inter,u_mesh/GEN_R[4].r/u_datapath/local_vc2_fifo/rd_ptr_reg[0]_replica/C,u_mesh/GEN_R[5].r/u_datapath/west_vc1_fifo/fifo_mem_reg[0][flit_data]_0_3_30_31__0/SP/I
0.233,22,0,3,inter,u_mesh/GEN_R[0].r/u_datapath/east_vc1_fifo/rd_ptr_reg[0]/C,u_mesh/GEN_R[3].r/u_datapath/north_vc0_fifo/wr_ptr_reg[0]/D
0.233,22,0,1,inter,u_mesh/GEN_R[0].r/u_datapath/east_vc1_fifo/rd_ptr_reg[0]/C,u_mesh/GEN_R[1].r/u_datapath/west_vc0_fifo/count_reg[1]/D
0.233,20,4,5,inter,u_mesh/GEN_R[4].r/u_datapath/west_vc0_fifo/rd_ptr_reg[0]/C,u_mesh/GEN_R[5].r/u_datapath/west_vc2_fifo/fifo_mem_reg[0][flit_data]_0_3_18_23/RAMB/I
0.233,20,4,3,inter,u_mesh/GEN_R[4].r/u_datapath/west_vc0_fifo/rd_ptr_reg[0]/C,u_mesh/GEN_R[3].r/u_datapath/east_vc1_fifo/fifo_mem_reg[0][flit_data]_0_3_18_23/RAMA/I
0.233,20,0,0,intra,u_mesh/GEN_R[0].r/u_datapath/east_vc1_fifo/rd_ptr_reg[0]/C,u_mesh/GEN_R[0].r/u_eject_fifo/fifo_mem_reg[0][flit_data]_0_15_30_31__0/DP/I
0.233,20,2,5,inter,u_mesh/GEN_R[2].r/u_datapath/local_vc2_fifo/rd_ptr_reg[1]/C,u_mesh/GEN_R[5].r/u_datapath/north_vc2_fifo/fifo_mem_reg[0][flit_data]_0_3_24_29/RAMB_D1/I
0.235,20,1,0,inter,u_mesh/GEN_R[1].r/u_datapath/west_vc2_fifo/rd_ptr_reg[1]/C,u_mesh/GEN_R[0].r/u_datapath/east_vc2_fifo/fifo_mem_reg[0][flit_data]_0_3_18_23/RAMC_D1/I
0.235,20,0,0,intra,u_mesh/GEN_R[0].r/u_datapath/east_vc1_fifo/rd_ptr_reg[0]/C,u_mesh/GEN_R[0].r/u_eject_fifo/fifo_mem_reg[0][flit_data]_0_15_12_17/RAMA/I
0.236,20,4,5,inter,u_mesh/GEN_R[4].r/u_datapath/west_vc0_fifo/rd_ptr_reg[0]/C,u_mesh/GEN_R[5].r/u_datapath/west_vc0_fifo/fifo_mem_reg[0][flit_data]_0_3_12_17/RAMA/I
0.236,20,0,1,inter,u_mesh/GEN_R[0].r/u_datapath/east_vc1_fifo/rd_ptr_reg[0]/C,u_mesh/GEN_R[1].r/u_datapath/west_vc0_fifo/fifo_mem_reg[0][flit_data]_0_3_0_5/RAMB/I
0.237,21,3,4,inter,u_mesh/GEN_R[3].r/u_datapath/east_vc1_fifo/rd_ptr_reg[1]_replica/C,u_mesh/GEN_R[4].r/u_datapath/west_vc2_fifo/wr_ptr_reg[0]/D
0.238,20,4,1,inter,u_mesh/GEN_R[4].r/u_datapath/west_vc0_fifo/rd_ptr_reg[0]/C,u_mesh/GEN_R[1].r/u_datapath/south_vc0_fifo/fifo_mem_reg[0][flit_data]_0_3_24_29/RAMB/I
0.238,19,3,4,inter,u_mesh/GEN_R[3].r/u_datapath/east_vc1_fifo/rd_ptr_reg[1]_replica/C,u_mesh/GEN_R[4].r/u_datapath/west_vc1_fifo/fifo_mem_reg[0][flit_type]_0_3_0_0/DP/I
0.239,22,1,2,inter,u_mesh/GEN_R[1].r/u_datapath/west_vc2_fifo/rd_ptr_reg[1]/C,u_mesh/GEN_R[2].r/u_datapath/west_vc1_fifo/wr_ptr_reg[0]/D
0.239,22,4,3,inter,u_mesh/GEN_R[4].r/u_datapath/west_vc0_fifo/rd_ptr_reg[0]/C,u_mesh/GEN_R[3].r/u_datapath/east_vc1_fifo/wr_ptr_reg[1]/D
0.240,20,4,5,inter,u_mesh/GEN_R[4].r/u_datapath/west_vc0_fifo/rd_ptr_reg[0]/C,u_mesh/GEN_R[5].r/u_datapath/west_vc1_fifo/fifo_mem_reg[0][flit_type]_0_3_0_0/SP/I
0.242,20,2,2,intra,u_mesh/GEN_R[2].r/u_datapath/local_vc2_fifo/rd_ptr_reg[1]/C,u_mesh/GEN_R[2].r/u_eject_fifo/fifo_mem_reg[0][flit_data]_0_15_12_17/RAMA/I
0.242,20,4,1,inter,u_mesh/GEN_R[4].r/u_datapath/west_vc0_fifo/rd_ptr_reg[0]/C,u_mesh/GEN_R[1].r/u_datapath/south_vc0_fifo/fifo_mem_reg[0][flit_data]_0_3_24_29/RAMA/I
0.243,20,4,4,intra,u_mesh/GEN_R[4].r/u_datapath/west_vc0_fifo/rd_ptr_reg[0]/C,u_mesh/GEN_R[4].r/u_eject_fifo/fifo_mem_reg[0][vc_id]_0_15_0_0/DP/I
0.243,20,1,4,inter,u_mesh/GEN_R[1].r/u_datapath/west_vc2_fifo/rd_ptr_reg[1]/C,u_mesh/GEN_R[4].r/u_datapath/north_vc2_fifo/fifo_mem_reg[0][flit_data]_0_3_18_23/RAMA_D1/I
0.244,22,1,2,inter,u_mesh/GEN_R[1].r/u_datapath/west_vc2_fifo/rd_ptr_reg[1]/C,u_mesh/GEN_R[2].r/u_datapath/west_vc1_fifo/wr_ptr_reg[1]/D
0.244,22,4,3,inter,u_mesh/GEN_R[4].r/u_datapath/local_vc2_fifo/rd_ptr_reg[0]_replica/C,u_mesh/GEN_R[3].r/u_datapath/east_vc2_fifo/wr_ptr_reg[1]/D
0.245,20,1,4,inter,u_mesh/GEN_R[1].r/u_datapath/west_vc2_fifo/rd_ptr_reg[1]/C,u_mesh/GEN_R[4].r/u_datapath/north_vc2_fifo/fifo_mem_reg[0][flit_data]_0_3_12_17/RAMB/I
0.245,20,1,1,intra,u_mesh/GEN_R[1].r/u_datapath/west_vc2_fifo/rd_ptr_reg[1]/C,u_mesh/GEN_R[1].r/u_eject_fifo/fifo_mem_reg[0][flit_data]_0_15_18_23/RAMC/I
0.246,20,2,5,inter,u_mesh/GEN_R[2].r/u_datapath/local_vc2_fifo/rd_ptr_reg[1]/C,u_mesh/GEN_R[5].r/u_datapath/north_vc2_fifo/fifo_mem_reg[0][flit_data]_0_3_0_5/RAMB/I
0.246,20,1,4,inter,u_mesh/GEN_R[1].r/u_datapath/west_vc2_fifo/rd_ptr_reg[1]/C,u_mesh/GEN_R[4].r/u_datapath/north_vc2_fifo/fifo_mem_reg[0][flit_type]_0_3_1_1/DP/I
0.246,20,1,4,inter,u_mesh/GEN_R[1].r/u_datapath/west_vc2_fifo/rd_ptr_reg[1]/C,u_mesh/GEN_R[4].r/u_datapath/north_vc1_fifo/fifo_mem_reg[0][flit_data]_0_3_12_17/RAMB/I
0.246,20,2,5,inter,u_mesh/GEN_R[2].r/u_datapath/local_vc2_fifo/rd_ptr_reg[1]/C,u_mesh/GEN_R[5].r/u_datapath/north_vc1_fifo/fifo_mem_reg[0][flit_type]_0_3_0_0/DP/I
0.247,20,4,1,inter,u_mesh/GEN_R[4].r/u_datapath/west_vc0_fifo/rd_ptr_reg[0]/C,u_mesh/GEN_R[1].r/u_datapath/south_vc0_fifo/fifo_mem_reg[0][vc_id]_0_3_0_0/SP/I
0.247,20,4,5,inter,u_mesh/GEN_R[4].r/u_datapath/west_vc0_fifo/rd_ptr_reg[0]/C,u_mesh/GEN_R[5].r/u_datapath/west_vc2_fifo/fifo_mem_reg[0][flit_type]_0_3_0_0/SP/I
0.247,21,2,5,inter,u_mesh/GEN_R[2].r/u_datapath/local_vc2_fifo/rd_ptr_reg[1]/C,u_mesh/GEN_R[5].r/u_datapath/north_vc1_fifo/count_reg[2]/D
0.247,22,1,2,inter,u_mesh/GEN_R[1].r/u_datapath/west_vc2_fifo/rd_ptr_reg[1]/C,u_mesh/GEN_R[2].r/u_datapath/west_vc0_fifo/count_reg[1]/D
0.248,21,5,2,inter,u_mesh/GEN_R[5].r/u_datapath/local_vc1_fifo/rd_ptr_reg[0]/C,u_mesh/GEN_R[2].r/u_datapath/south_vc2_fifo/count_reg[2]/D
0.248,20,2,5,inter,u_mesh/GEN_R[2].r/u_datapath/local_vc2_fifo/rd_ptr_reg[1]/C,u_mesh/GEN_R[5].r/u_datapath/north_vc0_fifo/fifo_mem_reg[0][flit_data]_0_3_12_17/RAMB/I
0.249,22,1,0,inter,u_mesh/GEN_R[1].r/u_datapath/west_vc2_fifo/rd_ptr_reg[1]/C,u_mesh/GEN_R[0].r/u_datapath/east_vc2_fifo/wr_ptr_reg[0]/D
0.249,21,2,5,inter,u_mesh/GEN_R[2].r/u_datapath/local_vc2_fifo/rd_ptr_reg[1]/C,u_mesh/GEN_R[5].r/u_datapath/north_vc1_fifo/count_reg[0]/D
0.249,20,2,1,inter,u_mesh/GEN_R[2].r/u_datapath/local_vc2_fifo/rd_ptr_reg[1]/C,u_mesh/GEN_R[1].r/u_datapath/east_vc2_fifo/fifo_mem_reg[0][flit_type]_0_3_1_1/DP/I
0.250,19,1,0,inter,u_mesh/GEN_R[1].r/u_datapath/south_vc1_fifo/rd_ptr_reg[1]_replica/C,u_mesh/GEN_R[0].r/u_datapath/east_vc1_fifo/fifo_mem_reg[0][flit_type]_0_3_1_1/DP/I
0.251,20,0,0,intra,u_mesh/GEN_R[0].r/u_datapath/east_vc1_fifo/rd_ptr_reg[0]/C,u_mesh/GEN_R[0].r/u_eject_fifo/fifo_mem_reg[0][flit_type]_0_15_0_0/DP/I
0.253,22,1,0,inter,u_mesh/GEN_R[1].r/u_datapath/west_vc2_fifo/rd_ptr_reg[1]/C,u_mesh/GEN_R[0].r/u_datapath/east_vc2_fifo/wr_ptr_reg[1]/D
0.253,20,1,4,inter,u_mesh/GEN_R[1].r/u_datapath/west_vc2_fifo/rd_ptr_reg[1]/C,u_mesh/GEN_R[4].r/u_datapath/north_vc1_fifo/fifo_mem_reg[0][flit_data]_0_3_12_17/RAMB_D1/I
0.253,18,3,3,intra,u_mesh/GEN_R[3].r/u_datapath/local_vc2_fifo/rd_ptr_reg[1]/C,u_mesh/GEN_R[3].r/u_eject_fifo/fifo_mem_reg[0][flit_data]_0_15_0_5/RAMB_D1/I
0.253,22,1,4,inter,u_mesh/GEN_R[1].r/u_datapath/local_vc0_fifo/rd_ptr_reg[0]/C,u_mesh/GEN_R[4].r/u_datapath/north_vc1_fifo/count_reg[2]/D
0.253,22,4,5,inter,u_mesh/GEN_R[4].r/u_datapath/west_vc0_fifo/rd_ptr_reg[0]/C,u_mesh/GEN_R[5].r/u_datapath/west_vc2_fifo/wr_ptr_reg[1]/D
0.253,20,2,5,inter,u_mesh/GEN_R[2].r/u_datapath/local_vc2_fifo/rd_ptr_reg[1]/C,u_mesh/GEN_R[5].r/u_datapath/north_vc0_fifo/fifo_mem_reg[0][flit_data]_0_3_24_29/RAMB/I
0.255,20,4,1,inter,u_mesh/GEN_R[4].r/u_datapath/west_vc0_fifo/rd_ptr_reg[0]/C,u_mesh/GEN_R[1].r/u_datapath/south_vc2_fifo/fifo_mem_reg[0][flit_data]_0_3_0_5/RAMA/I
0.255,20,1,1,intra,u_mesh/GEN_R[1].r/u_datapath/west_vc2_fifo/rd_ptr_reg[1]/C,u_mesh/GEN_R[1].r/u_eject_fifo/fifo_mem_reg[0][flit_data]_0_15_0_5/RAMA_D1/I
0.256,20,2,5,inter,u_mesh/GEN_R[2].r/u_datapath/local_vc2_fifo/rd_ptr_reg[1]/C,u_mesh/GEN_R[5].r/u_datapath/north_vc2_fifo/fifo_mem_reg[0][flit_data]_0_3_18_23/RAMC_D1/I
0.256,21,1,4,inter,u_mesh/GEN_R[1].r/u_datapath/west_vc2_fifo/rd_ptr_reg[1]/C,u_mesh/GEN_R[4].r/u_datapath/north_vc0_fifo/count_reg[2]/D
0.257,20,4,5,inter,u_mesh/GEN_R[4].r/u_datapath/west_vc0_fifo/rd_ptr_reg[0]/C,u_mesh/GEN_R[5].r/u_datapath/west_vc1_fifo/fifo_mem_reg[0][flit_data]_0_3_6_11/RAMA/I
0.257,20,2,2,intra,u_mesh/GEN_R[2].r/u_datapath/local_vc2_fifo/rd_ptr_reg[1]/C,u_mesh/GEN_R[2].r/u_eject_fifo/fifo_mem_reg[0][flit_data]_0_15_0_5/RAMA/I
0.258,21,1,4,inter,u_mesh/GEN_R[1].r/u_datapath/west_vc2_fifo/rd_ptr_reg[1]/C,u_mesh/GEN_R[4].r/u_datapath/north_vc0_fifo/count_reg[0]/D
0.259,20,2,1,inter,u_mesh/GEN_R[2].r/u_datapath/local_vc2_fifo/rd_ptr_reg[1]/C,u_mesh/GEN_R[1].r/u_datapath/east_vc1_fifo/fifo_mem_reg[0][flit_type]_0_3_1_1/DP/I
0.259,20,4,1,inter,u_mesh/GEN_R[4].r/u_datapath/west_vc0_fifo/rd_ptr_reg[0]/C,u_mesh/GEN_R[1].r/u_datapath/south_vc2_fifo/fifo_mem_reg[0][flit_data]_0_3_24_29/RAMB/I
0.259,20,1,2,inter,u_mesh/GEN_R[1].r/u_datapath/west_vc2_fifo/rd_ptr_reg[1]/C,u_mesh/GEN_R[2].r/u_datapath/west_vc1_fifo/fifo_mem_reg[0][flit_data]_0_3_18_23/RAMB/I
0.259,20,1,2,inter,u_mesh/GEN_R[1].r/u_datapath/west_vc2_fifo/rd_ptr_reg[1]/C,u_mesh/GEN_R[2].r/u_datapath/west_vc2_fifo/fifo_mem_reg[0][flit_data]_0_3_18_23/RAMB/I
0.259,20,0,0,intra,u_mesh/GEN_R[0].r/u_datapath/south_vc1_fifo/rd_ptr_reg[1]/C,u_mesh/GEN_R[0].r/u_eject_fifo/fifo_mem_reg[0][flit_data]_0_15_0_5/RAMB/I
0.260,20,2,1,inter,u_mesh/GEN_R[2].r/u_datapath/local_vc2_fifo/rd_ptr_reg[1]/C,u_mesh/GEN_R[1].r/u_datapath/east_vc2_fifo/fifo_mem_reg[0][flit_data]_0_3_6_11/RAMC/I
0.260,21,2,5,inter,u_mesh/GEN_R[2].r/u_datapath/local_vc2_fifo/rd_ptr_reg[1]/C,u_mesh/GEN_R[5].r/u_datapath/north_vc2_fifo/count_reg[1]/D
0.260,19,3,0,inter,u_mesh/GEN_R[3].r/u_datapath/east_vc1_fifo/rd_ptr_reg[1]_replica/C,u_mesh/GEN_R[0].r/u_datapath/south_vc1_fifo/fifo_mem_reg[0][flit_type]_0_3_1_1/DP/I
0.260,20,2,5,inter,u_mesh/GEN_R[2].r/u_datapath/local_vc2_fifo/rd_ptr_reg[1]/C,u_mesh/GEN_R[5].r/u_datapath/north_vc1_fifo/fifo_mem_reg[0][flit_data]_0_3_6_11/RAMB_D1/I
0.263,20,1,0,inter,u_mesh/GEN_R[1].r/u_datapath/west_vc2_fifo/rd_ptr_reg[1]/C,u_mesh/GEN_R[0].r/u_datapath/east_vc2_fifo/fifo_mem_reg[0][flit_data]_0_3_12_17/RAMC_D1/I
0.263,20,1,1,intra,u_mesh/GEN_R[1].r/u_datapath/west_vc2_fifo/rd_ptr_reg[1]/C,u_mesh/GEN_R[1].r/u_eject_fifo/fifo_mem_reg[0][flit_type]_0_15_1_1/DP/I
0.264,20,2,1,inter,u_mesh/GEN_R[2].r/u_datapath/local_vc2_fifo/rd_ptr_reg[1]/C,u_mesh/GEN_R[1].r/u_datapath/east_vc1_fifo/fifo_mem_reg[0][flit_data]_0_3_6_11/RAMC/I
0.264,21,4,5,inter,u_mesh/GEN_R[4].r/u_datapath/west_vc0_fifo/rd_ptr_reg[0]/C,u_mesh/GEN_R[5].r/u_datapath/west_vc1_fifo/wr_ptr_reg[1]/D
0.265,20,1,1,intra,u_mesh/GEN_R[1].r/u_datapath/west_vc2_fifo/rd_ptr_reg[1]/C,u_mesh/GEN_R[1].r/u_eject_fifo/fifo_mem_reg[0][flit_data]_0_15_6_11/RAMA/I
0.267,20,1,4,inter,u_mesh/GEN_R[1].r/u_datapath/west_vc2_fifo/rd_ptr_reg[1]/C,u_mesh/GEN_R[4].r/u_datapath/north_vc1_fifo/fifo_mem_reg[0][flit_data]_0_3_0_5/RAMA/I
0.268,20,4,4,intra,u_mesh/GEN_R[4].r/u_datapath/west_vc0_fifo/rd_ptr_reg[0]/C,u_mesh/GEN_R[4].r/u_eject_fifo/fifo_mem_reg[0][flit_data]_0_15_12_17/RAMB/I
0.269,20,2,1,inter,u_mesh/GEN_R[2].r/u_datapath/local_vc2_fifo/rd_ptr_reg[1]/C,u_mesh/GEN_R[1].r/u_datapath/east_vc0_fifo/fifo_mem_reg[0][flit_data]_0_3_0_5/RAMC_D1/I
0.270,20,1,4,inter,u_mesh/GEN_R[1].r/u_datapath/west_vc2_fifo/rd_ptr_reg[1]/C,u_mesh/GEN_R[4].r/u_datapath/north_vc1_fifo/fifo_mem_reg[0][flit_data]_0_3_18_23/RAMB_D1/I
0.270,20,1,4,inter,u_mesh/GEN_R[1].r/u_datapath/west_vc2_fifo/rd_ptr_reg[1]/C,u_mesh/GEN_R[4].r/u_datapath/north_vc0_fifo/fifo_mem_reg[0][flit_data]_0_3_24_29/RAMC_D1/I
0.270,20,0,0,intra,u_mesh/GEN_R[0].r/u_datapath/east_vc1_fifo/rd_ptr_reg[0]/C,u_mesh/GEN_R[0].r/u_eject_fifo/fifo_mem_reg[0][flit_data]_0_15_12_17/RAMA/WE
0.270,20,0,0,intra,u_mesh/GEN_R[0].r/u_datapath/east_vc1_fifo/rd_ptr_reg[0]/C,u_mesh/GEN_R[0].r/u_eject_fifo/fifo_mem_reg[0][flit_data]_0_15_12_17/RAMA_D1/WE
0.270,20,0,0,intra,u_mesh/GEN_R[0].r/u_datapath/east_vc1_fifo/rd_ptr_reg[0]/C,u_mesh/GEN_R[0].r/u_eject_fifo/fifo_mem_reg[0][flit_data]_0_15_12_17/RAMB/WE
0.270,20,0,0,intra,u_mesh/GEN_R[0].r/u_datapath/east_vc1_fifo/rd_ptr_reg[0]/C,u_mesh/GEN_R[0].r/u_eject_fifo/fifo_mem_reg[0][flit_data]_0_15_12_17/RAMB_D1/WE
0.270,20,0,0,intra,u_mesh/GEN_R[0].r/u_datapath/east_vc1_fifo/rd_ptr_reg[0]/C,u_mesh/GEN_R[0].r/u_eject_fifo/fifo_mem_reg[0][flit_data]_0_15_12_17/RAMC/WE
0.270,20,0,0,intra,u_mesh/GEN_R[0].r/u_datapath/east_vc1_fifo/rd_ptr_reg[0]/C,u_mesh/GEN_R[0].r/u_eject_fifo/fifo_mem_reg[0][flit_data]_0_15_12_17/RAMC_D1/WE
0.270,20,0,0,intra,u_mesh/GEN_R[0].r/u_datapath/east_vc1_fifo/rd_ptr_reg[0]/C,u_mesh/GEN_R[0].r/u_eject_fifo/fifo_mem_reg[0][flit_data]_0_15_12_17/RAMD/WE
0.270,20,0,0,intra,u_mesh/GEN_R[0].r/u_datapath/east_vc1_fifo/rd_ptr_reg[0]/C,u_mesh/GEN_R[0].r/u_eject_fifo/fifo_mem_reg[0][flit_data]_0_15_12_17/RAMD_D1/WE
0.271,20,1,4,inter,u_mesh/GEN_R[1].r/u_datapath/west_vc2_fifo/rd_ptr_reg[1]/C,u_mesh/GEN_R[4].r/u_datapath/north_vc1_fifo/fifo_mem_reg[0][flit_data]_0_3_12_17/RAMA/I
0.273,20,2,2,intra,u_mesh/GEN_R[2].r/u_datapath/local_vc2_fifo/rd_ptr_reg[1]/C,u_mesh/GEN_R[2].r/u_eject_fifo/fifo_mem_reg[0][flit_data]_0_15_0_5/RAMB_D1/I
0.274,22,4,5,inter,u_mesh/GEN_R[4].r/u_datapath/west_vc0_fifo/rd_ptr_reg[0]/C,u_mesh/GEN_R[5].r/u_datapath/west_vc2_fifo/wr_ptr_reg[0]/D
0.274,20,2,1,inter,u_mesh/GEN_R[2].r/u_datapath/local_vc2_fifo/rd_ptr_reg[1]/C,u_mesh/GEN_R[1].r/u_datapath/east_vc2_fifo/fifo_mem_reg[0][flit_data]_0_3_12_17/RAMC_D1/I
0.275,20,4,3,inter,u_mesh/GEN_R[4].r/u_datapath/local_vc2_fifo/rd_ptr_reg[0]_replica/C,u_mesh/GEN_R[3].r/u_datapath/east_vc1_fifo/fifo_mem_reg[0][vc_id]_0_3_1_1/DP/I
0.275,20,2,1,inter,u_mesh/GEN_R[2].r/u_datapath/local_vc2_fifo/rd_ptr_reg[1]/C,u_mesh/GEN_R[1].r/u_datapath/east_vc0_fifo/fifo_mem_reg[0][flit_data]_0_3_12_17/RAMA/I
0.276,20,1,4,inter,u_mesh/GEN_R[1].r/u_datapath/west_vc2_fifo/rd_ptr_reg[1]/C,u_mesh/GEN_R[4].r/u_datapath/north_vc2_fifo/fifo_mem_reg[0][flit_type]_0_3_1_1/SP/I
0.276,20,2,5,inter,u_mesh/GEN_R[2].r/u_datapath/local_vc2_fifo/rd_ptr_reg[1]/C,u_mesh/GEN_R[5].r/u_datapath/north_vc2_fifo/fifo_mem_reg[0][flit_data]_0_3_12_17/RAMA/I
0.276,20,1,4,inter,u_mesh/GEN_R[1].r/u_datapath/west_vc2_fifo/rd_ptr_reg[1]/C,u_mesh/GEN_R[4].r/u_datapath/north_vc1_fifo/fifo_mem_reg[0][flit_data]_0_3_24_29/RAMC_D1/I
0.277,20,1,1,intra,u_mesh/GEN_R[1].r/u_datapath/local_vc0_fifo/rd_ptr_reg[0]/C,u_mesh/GEN_R[1].r/u_eject_fifo/fifo_mem_reg[0][flit_data]_0_15_0_5/RAMA/WE
0.277,20,1,1,intra,u_mesh/GEN_R[1].r/u_datapath/local_vc0_fifo/rd_ptr_reg[0]/C,u_mesh/GEN_R[1].r/u_eject_fifo/fifo_mem_reg[0][flit_data]_0_15_0_5/RAMA_D1/WE
0.277,20,1,1,intra,u_mesh/GEN_R[1].r/u_datapath/local_vc0_fifo/rd_ptr_reg[0]/C,u_mesh/GEN_R[1].r/u_eject_fifo/fifo_mem_reg[0][flit_data]_0_15_0_5/RAMB/WE
0.277,20,1,1,intra,u_mesh/GEN_R[1].r/u_datapath/local_vc0_fifo/rd_ptr_reg[0]/C,u_mesh/GEN_R[1].r/u_eject_fifo/fifo_mem_reg[0][flit_data]_0_15_0_5/RAMB_D1/WE
0.277,20,1,1,intra,u_mesh/GEN_R[1].r/u_datapath/local_vc0_fifo/rd_ptr_reg[0]/C,u_mesh/GEN_R[1].r/u_eject_fifo/fifo_mem_reg[0][flit_data]_0_15_0_5/RAMC/WE
0.277,20,1,1,intra,u_mesh/GEN_R[1].r/u_datapath/local_vc0_fifo/rd_ptr_reg[0]/C,u_mesh/GEN_R[1].r/u_eject_fifo/fifo_mem_reg[0][flit_data]_0_15_0_5/RAMC_D1/WE
0.277,20,1,1,intra,u_mesh/GEN_R[1].r/u_datapath/local_vc0_fifo/rd_ptr_reg[0]/C,u_mesh/GEN_R[1].r/u_eject_fifo/fifo_mem_reg[0][flit_data]_0_15_0_5/RAMD/WE
0.277,20,1,1,intra,u_mesh/GEN_R[1].r/u_datapath/local_vc0_fifo/rd_ptr_reg[0]/C,u_mesh/GEN_R[1].r/u_eject_fifo/fifo_mem_reg[0][flit_data]_0_15_0_5/RAMD_D1/WE
0.278,20,2,5,inter,u_mesh/GEN_R[2].r/u_datapath/local_vc2_fifo/rd_ptr_reg[1]/C,u_mesh/GEN_R[5].r/u_datapath/north_vc2_fifo/fifo_mem_reg[0][flit_data]_0_3_30_31/DP/I
0.279,20,4,1,inter,u_mesh/GEN_R[4].r/u_datapath/west_vc0_fifo/rd_ptr_reg[0]/C,u_mesh/GEN_R[1].r/u_datapath/south_vc2_fifo/fifo_mem_reg[0][flit_data]_0_3_18_23/RAMA/I
0.279,21,5,2,inter,u_mesh/GEN_R[5].r/u_datapath/local_vc1_fifo/rd_ptr_reg[0]/C,u_mesh/GEN_R[2].r/u_datapath/south_vc2_fifo/count_reg[1]/D
0.279,20,1,0,inter,u_mesh/GEN_R[1].r/u_datapath/west_vc2_fifo/rd_ptr_reg[1]/C,u_mesh/GEN_R[0].r/u_datapath/east_vc0_fifo/fifo_mem_reg[0][flit_data]_0_3_0_5/RAMC/I
0.279,20,1,0,inter,u_mesh/GEN_R[1].r/u_datapath/west_vc2_fifo/rd_ptr_reg[1]/C,u_mesh/GEN_R[0].r/u_datapath/east_vc0_fifo/fifo_mem_reg[0][flit_data]_0_3_12_17/RAMB/I
0.279,21,5,4,inter,u_mesh/GEN_R[5].r/u_datapath/local_vc1_fifo/rd_ptr_reg[0]/C,u_mesh/GEN_R[4].r/u_datapath/east_vc1_fifo/count_reg[2]/D
0.279,20,2,1,inter,u_mesh/GEN_R[2].r/u_datapath/local_vc2_fifo/rd_ptr_reg[1]/C,u_mesh/GEN_R[1].r/u_datapath/east_vc2_fifo/fifo_mem_reg[0][flit_type]_0_3_1_1/SP/I
0.279,20,4,3,inter,u_mesh/GEN_R[4].r/u_datapath/west_vc0_fifo/rd_ptr_reg[0]/C,u_mesh/GEN_R[3].r/u_datapath/east_vc1_fifo/fifo_mem_reg[0][flit_data]_0_3_30_31__0/SP/I
0.280,20,4,4,intra,u_mesh/GEN_R[4].r/u_datapath/local_vc2_fifo/rd_ptr_reg[0]_replica/C,u_mesh/GEN_R[4].r/u_eject_fifo/fifo_mem_reg[0][flit_data]_0_15_0_5/RAMA/I
0.281,19,3,4,inter,u_mesh/GEN_R[3].r/u_datapath/east_vc1_fifo/rd_ptr_reg[1]_replica/C,u_mesh/GEN_R[4].r/u_datapath/west_vc2_fifo/fifo_mem_reg[0][flit_type]_0_3_0_0/DP/I
0.282,20,4,1,inter,u_mesh/GEN_R[4].r/u_datapath/west_vc0_fifo/rd_ptr_reg[0]/C,u_mesh/GEN_R[1].r/u_datapath/south_vc1_fifo/fifo_mem_reg[0][flit_data]_0_3_24_29/RAMA/I
0.282,20,1,4,inter,u_mesh/GEN_R[1].r/u_datapath/west_vc2_fifo/rd_ptr_reg[1]/C,u_mesh/GEN_R[4].r/u_datapath/north_vc1_fifo/fifo_mem_reg[0][flit_data]_0_3_18_23/RAMC_D1/I
0.282,20,1,0,inter,u_mesh/GEN_R[1].r/u_datapath/west_vc2_fifo/rd_ptr_reg[1]/C,u_mesh/GEN_R[0].r/u_datapath/east_vc0_fifo/fifo_mem_reg[0][flit_data]_0_3_6_11/RAMC/I
0.282,20,0,0,intra,u_mesh/GEN_R[0].r/u_datapath/east_vc1_fifo/rd_ptr_reg[0]/C,u_mesh/GEN_R[0].r/u_eject_fifo/fifo_mem_reg[0][flit_data]_0_15_24_29/RAMA/WE
0.282,20,0,0,intra,u_mesh/GEN_R[0].r/u_datapath/east_vc1_fifo/rd_ptr_reg[0]/C,u_mesh/GEN_R[0].r/u_eject_fifo/fifo_mem_reg[0][flit_data]_0_15_24_29/RAMA_D1/WE
0.282,20,0,0,intra,u_mesh/GEN_R[0].r/u_datapath/east_vc1_fifo/rd_ptr_reg[0]/C,u_mesh/GEN_R[0].r/u_eject_fifo/fifo_mem_reg[0][flit_data]_0_15_24_29/RAMB/WE
0.282,20,0,0,intra,u_mesh/GEN_R[0].r/u_datapath/east_vc1_fifo/rd_ptr_reg[0]/C,u_mesh/GEN_R[0].r/u_eject_fifo/fifo_mem_reg[0][flit_data]_0_15_24_29/RAMB_D1/WE
0.282,20,0,0,intra,u_mesh/GEN_R[0].r/u_datapath/east_vc1_fifo/rd_ptr_reg[0]/C,u_mesh/GEN_R[0].r/u_eject_fifo/fifo_mem_reg[0][flit_data]_0_15_24_29/RAMC/WE
0.282,20,0,0,intra,u_mesh/GEN_R[0].r/u_datapath/east_vc1_fifo/rd_ptr_reg[0]/C,u_mesh/GEN_R[0].r/u_eject_fifo/fifo_mem_reg[0][flit_data]_0_15_24_29/RAMC_D1/WE
0.282,20,0,0,intra,u_mesh/GEN_R[0].r/u_datapath/east_vc1_fifo/rd_ptr_reg[0]/C,u_mesh/GEN_R[0].r/u_eject_fifo/fifo_mem_reg[0][flit_data]_0_15_24_29/RAMD/WE
0.282,20,0,0,intra,u_mesh/GEN_R[0].r/u_datapath/east_vc1_fifo/rd_ptr_reg[0]/C,u_mesh/GEN_R[0].r/u_eject_fifo/fifo_mem_reg[0][flit_data]_0_15_24_29/RAMD_D1/WE
0.284,20,4,4,intra,u_mesh/GEN_R[4].r/u_datapath/west_vc0_fifo/rd_ptr_reg[0]/C,u_mesh/GEN_R[4].r/u_eject_fifo/fifo_mem_reg[0][vc_id]_0_15_0_0/SP/I
0.284,22,1,0,inter,u_mesh/GEN_R[1].r/u_datapath/west_vc2_fifo/rd_ptr_reg[1]/C,u_mesh/GEN_R[0].r/u_datapath/east_vc0_fifo/count_reg[2]/D
0.284,20,1,0,inter,u_mesh/GEN_R[1].r/u_datapath/west_vc2_fifo/rd_ptr_reg[1]/C,u_mesh/GEN_R[0].r/u_datapath/east_vc0_fifo/fifo_mem_reg[0][flit_data]_0_3_24_29/RAMC/I
0.284,21,0,1,inter,u_mesh/GEN_R[0].r/u_datapath/east_vc1_fifo/rd_ptr_reg[0]/C,u_mesh/GEN_R[1].r/u_datapath/west_vc1_fifo/wr_ptr_reg[0]/D
0.284,20,1,1,intra,u_mesh/GEN_R[1].r/u_datapath/west_vc2_fifo/rd_ptr_reg[1]/C,u_mesh/GEN_R[1].r/u_eject_fifo/fifo_mem_reg[0][flit_data]_0_15_12_17/RAMA_D1/I
0.285,20,0,0,intra,u_mesh/GEN_R[0].r/u_datapath/east_vc1_fifo/rd_ptr_reg[0]/C,u_mesh/GEN_R[0].r/u_eject_fifo/fifo_mem_reg[0][flit_data]_0_15_18_23/RAMB_D1/I
0.286,20,1,2,inter,u_mesh/GEN_R[1].r/u_datapath/west_vc2_fifo/rd_ptr_reg[1]/C,u_mesh/GEN_R[2].r/u_datapath/west_vc0_fifo/fifo_mem_reg[0][flit_data]_0_3_6_11/RAMA_D1/I
0.287,20,2,2,intra,u_mesh/GEN_R[2].r/u_datapath/local_vc2_fifo/rd_ptr_reg[1]/C,u_mesh/GEN_R[2].r/u_eject_fifo/fifo_mem_reg[0][flit_data]_0_15_24_29/RAMA/I
0.288,20,4,5,inter,u_mesh/GEN_R[4].r/u_datapath/west_vc0_fifo/rd_ptr_reg[0]/C,u_mesh/GEN_R[5].r/u_datapath/west_vc0_fifo/fifo_mem_reg[0][flit_data]_0_3_12_17/RAMA_D1/I
0.289,19,3,3,intra,u_mesh/GEN_R[3].r/u_datapath/east_vc1_fifo/rd_ptr_reg[1]_replica/C,u_mesh/GEN_R[3].r/u_eject_fifo/fifo_mem_reg[0][flit_data]_0_15_6_11/RAMC/I
0.290,20,1,0,inter,u_mesh/GEN_R[1].r/u_datapath/west_vc2_fifo/rd_ptr_reg[1]/C,u_mesh/GEN_R[0].r/u_datapath/east_vc2_fifo/fifo_mem_reg[0][flit_type]_0_3_0_0/SP/I
0.290,20,4,5,inter,u_mesh/GEN_R[4].r/u_datapath/west_vc0_fifo/rd_ptr_reg[0]/C,u_mesh/GEN_R[5].r/u_datapath/west_vc2_fifo/fifo_mem_reg[0][flit_data]_0_3_12_17/RAMA_D1/I
0.291,20,2,5,inter,u_mesh/GEN_R[2].r/u_datapath/local_vc2_fifo/rd_ptr_reg[1]/C,u_mesh/GEN_R[5].r/u_datapath/north_vc2_fifo/fifo_mem_reg[0][flit_data]_0_3_0_5/RAMB_D1/I
0.293,20,1,0,inter,u_mesh/GEN_R[1].r/u_datapath/west_vc2_fifo/rd_ptr_reg[1]/C,u_mesh/GEN_R[0].r/u_datapath/east_vc0_fifo/fifo_mem_reg[0][flit_data]_0_3_30_31__0/DP/I
0.293,22,1,0,inter,u_mesh/GEN_R[1].r/u_datapath/west_vc2_fifo/rd_ptr_reg[1]/C,u_mesh/GEN_R[0].r/u_datapath/east_vc1_fifo/count_reg[2]/D
0.293,20,0,0,intra,u_mesh/GEN_R[0].r/u_datapath/east_vc1_fifo/rd_ptr_reg[0]/C,u_mesh/GEN_R[0].r/u_eject_fifo/fifo_mem_reg[0][flit_data]_0_15_0_5/RAMC/I
0.294,20,4,1,inter,u_mesh/GEN_R[4].r/u_datapath/west_vc0_fifo/rd_ptr_reg[0]/C,u_mesh/GEN_R[1].r/u_datapath/south_vc0_fifo/fifo_mem_reg[0][flit_data]_0_3_6_11/RAMB_D1/I
0.294,20,1,2,inter,u_mesh/GEN_R[1].r/u_datapath/west_vc2_fifo/rd_ptr_reg[1]/C,u_mesh/GEN_R[2].r/u_datapath/west_vc0_fifo/fifo_mem_reg[0][flit_data]_0_3_24_29/RAMB_D1/I
0.295,19,3,0,inter,u_mesh/GEN_R[3].r/u_datapath/east_vc1_fifo/rd_ptr_reg[1]_replica/C,u_mesh/GEN_R[0].r/u_datapath/south_vc1_fifo/fifo_mem_reg[0][flit_type]_0_3_0_0/DP/I
0.296,20,1,4,inter,u_mesh/GEN_R[1].r/u_datapath/west_vc2_fifo/rd_ptr_reg[1]/C,u_mesh/GEN_R[4].r/u_datapath/north_vc0_fifo/fifo_mem_reg[0][flit_data]_0_3_24_29/RAMB_D1/I
0.297,20,1,2,inter,u_mesh/GEN_R[1].r/u_datapath/west_vc2_fifo/rd_ptr_reg[1]/C,u_mesh/GEN_R[2].r/u_datapath/west_vc1_fifo/fifo_mem_reg[0][flit_data]_0_3_6_11/RAMA_D1/I
0.297,20,2,1,inter,u_mesh/GEN_R[2].r/u_datapath/local_vc2_fifo/rd_ptr_reg[1]/C,u_mesh/GEN_R[1].r/u_datapath/east_vc0_fifo/fifo_mem_reg[0][flit_data]_0_3_0_5/RAMB_D1/I
0.298,20,0,3,inter,u_mesh/GEN_R[0].r/u_datapath/east_vc1_fifo/rd_ptr_reg[0]/C,u_mesh/GEN_R[3].r/u_datapath/north_vc2_fifo/fifo_mem_reg[0][flit_data]_0_3_0_5/RAMC_D1/I
0.299,19,5,2,inter,u_mesh/GEN_R[5].r/u_datapath/local_vc1_fifo/rd_ptr_reg[0]/C,u_mesh/GEN_R[2].r/u_datapath/south_vc0_fifo/fifo_mem_reg[0][flit_data]_0_3_12_17/RAMA_D1/I
0.299,22,1,0,inter,u_mesh/GEN_R[1].r/u_datapath/west_vc2_fifo/rd_ptr_reg[1]/C,u_mesh/GEN_R[0].r/u_datapath/east_vc1_fifo/count_reg[0]/D
0.300,19,1,0,inter,u_mesh/GEN_R[1].r/u_datapath/south_vc1_fifo/rd_ptr_reg[1]_replica/C,u_mesh/GEN_R[0].r/u_datapath/east_vc0_fifo/fifo_mem_reg[0][flit_type]_0_3_1_1/DP/I
0.300,20,1,2,inter,u_mesh/GEN_R[1].r/u_datapath/west_vc2_fifo/rd_ptr_reg[1]/C,u_mesh/GEN_R[2].r/u_datapath/west_vc0_fifo/fifo_mem_reg[0][flit_data]_0_3_6_11/RAMC/I
0.301,21,2,5,inter,u_mesh/GEN_R[2].r/u_datapath/local_vc2_fifo/rd_ptr_reg[1]/C,u_mesh/GEN_R[5].r/u_datapath/north_vc1_fifo/count_reg[1]/D
0.301,20,1,1,intra,u_mesh/GEN_R[1].r/u_datapath/west_vc2_fifo/rd_ptr_reg[1]/C,u_mesh/GEN_R[1].r/u_eject_fifo/fifo_mem_reg[0][flit_type]_0_15_0_0/SP/I
0.301,20,1,0,inter,u_mesh/GEN_R[1].r/u_datapath/west_vc2_fifo/rd_ptr_reg[1]/C,u_mesh/GEN_R[0].r/u_datapath/east_vc1_fifo/fifo_mem_reg[0][flit_data]_0_3_18_23/RAMB_D1/I
0.304,19,3,4,inter,u_mesh/GEN_R[3].r/u_datapath/east_vc1_fifo/rd_ptr_reg[1]_replica/C,u_mesh/GEN_R[4].r/u_datapath/west_vc0_fifo/fifo_mem_reg[0][flit_data]_0_3_18_23/RAMA_D1/I
0.304,20,2,5,inter,u_mesh/GEN_R[2].r/u_datapath/local_vc2_fifo/rd_ptr_reg[1]/C,u_mesh/GEN_R[5].r/u_datapath/north_vc2_fifo/fifo_mem_reg[0][flit_data]_0_3_18_23/RAMC/I
0.305,20,4,1,inter,u_mesh/GEN_R[4].r/u_datapath/west_vc0_fifo/rd_ptr_reg[0]/C,u_mesh/GEN_R[1].r/u_datapath/south_vc1_fifo/fifo_mem_reg[0][flit_data]_0_3_18_23/RAMA/I
0.306,20,4,3,inter,u_mesh/GEN_R[4].r/u_datapath/west_vc0_fifo/rd_ptr_reg[0]/C,u_mesh/GEN_R[3].r/u_datapath/east_vc1_fifo/fifo_mem_reg[0][flit_type]_0_3_0_0/SP/I
0.306,20,0,1,inter,u_mesh/GEN_R[0].r/u_datapath/east_vc1_fifo/rd_ptr_reg[0]/C,u_mesh/GEN_R[1].r/u_datapath/west_vc2_fifo/fifo_mem_reg[0][flit_data]_0_3_30_31__0/DP/I
0.306,20,0,3,inter,u_mesh/GEN_R[0].r/u_datapath/east_vc1_fifo/rd_ptr_reg[0]/C,u_mesh/GEN_R[3].r/u_datapath/north_vc0_fifo/fifo_mem_reg[0][flit_data]_0_3_0_5/RAMB/I
0.307,20,0,0,intra,u_mesh/GEN_R[0].r/u_datapath/south_vc1_fifo/rd_ptr_reg[1]/C,u_mesh/GEN_R[0].r/u_eject_fifo/fifo_mem_reg[0][flit_data]_0_15_12_17/RAMC/I
0.309,20,2,5,inter,u_mesh/GEN_R[2].r/u_datapath/local_vc2_fifo/rd_ptr_reg[1]/C,u_mesh/GEN_R[5].r/u_datapath/north_vc2_fifo/fifo_mem_reg[0][flit_data]_0_3_0_5/RAMC_D1/I
0.310,22,2,1,inter,u_mesh/GEN_R[2].r/u_datapath/local_vc2_fifo/rd_ptr_reg[1]/C,u_mesh/GEN_R[1].r/u_datapath/east_vc0_fifo/count_reg[2]/D
0.310,21,1,4,inter,u_mesh/GEN_R[1].r/u_datapath/west_vc2_fifo/rd_ptr_reg[1]/C,u_mesh/GEN_R[4].r/u_datapath/north_vc0_fifo/count_reg[1]/D
0.311,20,4,5,inter,u_mesh/GEN_R[4].r/u_datapath/west_vc0_fifo/rd_ptr_reg[0]/C,u_mesh/GEN_R[5].r/u_datapath/west_vc0_fifo/fifo_mem_reg[0][flit_type]_0_3_0_0/DP/I
0.311,20,1,0,inter,u_mesh/GEN_R[1].r/u_datapath/west_vc2_fifo/rd_ptr_reg[1]/C,u_mesh/GEN_R[0].r/u_datapath/east_vc2_fifo/fifo_mem_reg[0][flit_data]_0_3_0_5/RAMB/I
0.312,20,2,2,intra,u_mesh/GEN_R[2].r/u_datapath/local_vc2_fifo/rd_ptr_reg[1]/C,u_mesh/GEN_R[2].r/u_eject_fifo/fifo_mem_reg[0][flit_data]_0_15_12_17/RAMA_D1/I
0.313,20,2,1,inter,u_mesh/GEN_R[2].r/u_datapath/local_vc2_fifo/rd_ptr_reg[1]/C,u_mesh/GEN_R[1].r/u_datapath/east_vc1_fifo/fifo_mem_reg[0][flit_data]_0_3_12_17/RAMC_D1/I
0.313,20,1,4,inter,u_mesh/GEN_R[1].r/u_datapath/west_vc2_fifo/rd_ptr_reg[1]/C,u_mesh/GEN_R[4].r/u_datapath/north_vc1_fifo/fifo_mem_reg[0][flit_data]_0_3_12_17/RAMA_D1/I
0.314,20,2,5,inter,u_mesh/GEN_R[2].r/u_datapath/local_vc2_fifo/rd_ptr_reg[1]/C,u_mesh/GEN_R[5].r/u_datapath/north_vc1_fifo/fifo_mem_reg[0][flit_data]_0_3_6_11/RAMC_D1/I
0.316,20,1,4,inter,u_mesh/GEN_R[1].r/u_datapath/west_vc2_fifo/rd_ptr_reg[1]/C,u_mesh/GEN_R[4].r/u_datapath/north_vc0_fifo/fifo_mem_reg[0][flit_data]_0_3_6_11/RAMB/I
0.316,20,2,1,inter,u_mesh/GEN_R[2].r/u_datapath/local_vc2_fifo/rd_ptr_reg[1]/C,u_mesh/GEN_R[1].r/u_datapath/east_vc2_fifo/fifo_mem_reg[0][flit_data]_0_3_30_31/DP/I
0.316,20,1,1,intra,u_mesh/GEN_R[1].r/u_datapath/west_vc2_fifo/rd_ptr_reg[1]/C,u_mesh/GEN_R[1].r/u_eject_fifo/fifo_mem_reg[0][flit_data]_0_15_12_17/RAMA/I
0.318,20,4,3,inter,u_mesh/GEN_R[4].r/u_datapath/west_vc0_fifo/rd_ptr_reg[0]/C,u_mesh/GEN_R[3].r/u_datapath/east_vc1_fifo/fifo_mem_reg[0][flit_data]_0_3_18_23/RAMB/I
0.318,20,2,5,inter,u_mesh/GEN_R[2].r/u_datapath/local_vc2_fifo/rd_ptr_reg[1]/C,u_mesh/GEN_R[5].r/u_datapath/north_vc2_fifo/fifo_mem_reg[0][flit_data]_0_3_6_11/RAMB/I
0.319,22,0,1,inter,u_mesh/GEN_R[0].r/u_datapath/east_vc1_fifo/rd_ptr_reg[0]/C,u_mesh/GEN_R[1].r/u_datapath/west_vc0_fifo/wr_ptr_reg[1]/D
0.319,20,2,1,inter,u_mesh/GEN_R[2].r/u_datapath/local_vc2_fifo/rd_ptr_reg[1]/C,u_mesh/GEN_R[1].r/u_datapath/east_vc0_fifo/fifo_mem_reg[0][flit_data]_0_3_6_11/RAMC/I
0.320,21,3,0,inter,u_mesh/GEN_R[3].r/u_datapath/east_vc1_fifo/rd_ptr_reg[1]_replica/C,u_mesh/GEN_R[0].r/u_datapath/south_vc1_fifo/wr_ptr_reg[1]/D
0.321,22,0,1,inter,u_mesh/GEN_R[0].r/u_datapath/east_vc1_fifo/rd_ptr_reg[0]/C,u_mesh/GEN_R[1].r/u_datapath/west_vc0_fifo/wr_ptr_reg[0]/D
0.322,20,1,2,inter,u_mesh/GEN_R[1].r/u_datapath/west_vc2_fifo/rd_ptr_reg[1]/C,u_mesh/GEN_R[2].r/u_datapath/west_vc2_fifo/fifo_mem_reg[0][flit_type]_0_3_1_1/DP/I
0.322,20,0,0,intra,u_mesh/GEN_R[0].r/u_datapath/east_vc1_fifo/rd_ptr_reg[0]/C,u_mesh/GEN_R[0].r/u_eject_fifo/fifo_mem_reg[0][flit_data]_0_15_24_29/RAMB/I
0.322,20,2,5,inter,u_mesh/GEN_R[2].r/u_datapath/local_vc2_fifo/rd_ptr_reg[1]/C,u_mesh/GEN_R[5].r/u_datapath/north_vc1_fifo/fifo_mem_reg[0][flit_data]_0_3_0_5/RAMA_D1/I
0.323,19,3,4,inter,u_mesh/GEN_R[3].r/u_datapath/east_vc1_fifo/rd_ptr_reg[1]_replica/C,u_mesh/GEN_R[4].r/u_datapath/west_vc1_fifo/fifo_mem_reg[0][flit_data]_0_3_12_17/RAMC/I
0.324,20,1,4,inter,u_mesh/GEN_R[1].r/u_datapath/west_vc2_fifo/rd_ptr_reg[1]/C,u_mesh/GEN_R[4].r/u_datapath/north_vc0_fifo/fifo_mem_reg[0][flit_data]_0_3_18_23/RAMB_D1/I
0.325,20,0,0,intra,u_mesh/GEN_R[0].r/u_datapath/east_vc1_fifo/rd_ptr_reg[0]/C,u_mesh/GEN_R[0].r/u_eject_fifo/fifo_mem_reg[0][flit_data]_0_15_0_5/RAMC_D1/I
0.325,20,1,1,intra,u_mesh/GEN_R[1].r/u_datapath/west_vc2_fifo/rd_ptr_reg[1]/C,u_mesh/GEN_R[1].r/u_eject_fifo/fifo_mem_reg[0][flit_data]_0_15_6_11/RAMB_D1/I
0.326,20,1,4,inter,u_mesh/GEN_R[1].r/u_datapath/west_vc2_fifo/rd_ptr_reg[1]/C,u_mesh/GEN_R[4].r/u_datapath/north_vc2_fifo/fifo_mem_reg[0][flit_data]_0_3_0_5/RAMA_D1/I
0.328,20,2,1,inter,u_mesh/GEN_R[2].r/u_datapath/local_vc2_fifo/rd_ptr_reg[1]/C,u_mesh/GEN_R[1].r/u_datapath/east_vc2_fifo/fifo_mem_reg[0][flit_data]_0_3_6_11/RAMB_D1/I
0.328,20,2,1,inter,u_mesh/GEN_R[2].r/u_datapath/local_vc2_fifo/rd_ptr_reg[1]/C,u_mesh/GEN_R[1].r/u_datapath/east_vc1_fifo/fifo_mem_reg[0][flit_data]_0_3_30_31/SP/I
0.328,20,1,4,inter,u_mesh/GEN_R[1].r/u_datapath/west_vc2_fifo/rd_ptr_reg[1]/C,u_mesh/GEN_R[4].r/u_datapath/north_vc2_fifo/fifo_mem_reg[0][flit_data]_0_3_0_5/RAMA/I
0.328,22,4,1,inter,u_mesh/GEN_R[4].r/u_datapath/west_vc0_fifo/rd_ptr_reg[0]/C,u_mesh/GEN_R[1].r/u_datapath/south_vc0_fifo/wr_ptr_reg[1]/D
0.329,20,4,1,inter,u_mesh/GEN_R[4].r/u_datapath/local_vc2_fifo/rd_ptr_reg[0]_replica/C,u_mesh/GEN_R[1].r/u_datapath/south_vc1_fifo/fifo_mem_reg[0][flit_data]_0_3_18_23/RAMC_D1/I
0.329,20,4,5,inter,u_mesh/GEN_R[4].r/u_datapath/west_vc0_fifo/rd_ptr_reg[0]/C,u_mesh/GEN_R[5].r/u_datapath/west_vc1_fifo/fifo_mem_reg[0][vc_id]_0_3_0_0/DP/I
0.330,19,1,0,inter,u_mesh/GEN_R[1].r/u_datapath/south_vc1_fifo/rd_ptr_reg[1]_replica/C,u_mesh/GEN_R[0].r/u_datapath/east_vc0_fifo/fifo_mem_reg[0][flit_type]_0_3_1_1/SP/I
0.330,20,1,4,inter,u_mesh/GEN_R[1].r/u_datapath/west_vc2_fifo/rd_ptr_reg[1]/C,u_mesh/GEN_R[4].r/u_datapath/north_vc1_fifo/fifo_mem_reg[0][flit_data]_0_3_12_17/RAMC/I
0.330,20,2,1,inter,u_mesh/GEN_R[2].r/u_datapath/local_vc2_fifo/rd_ptr_reg[1]/C,u_mesh/GEN_R[1].r/u_datapath/east_vc0_fifo/fifo_mem_reg[0][flit_data]_0_3_0_5/RAMB/I
0.331,20,2,5,inter,u_mesh/GEN_R[2].r/u_datapath/local_vc2_fifo/rd_ptr_reg[1]/C,u_mesh/GEN_R[5].r/u_datapath/north_vc0_fifo/fifo_mem_reg[0][flit_data]_0_3_0_5/RAMC_D1/I
0.331,20,1,2,inter,u_mesh/GEN_R[1].r/u_datapath/west_vc2_fifo/rd_ptr_reg[1]/C,u_mesh/GEN_R[2].r/u_datapath/west_vc0_fifo/fifo_mem_reg[0][flit_data]_0_3_18_23/RAMA/I
0.332,22,2,1,inter,u_mesh/GEN_R[2].r/u_datapath/local_vc2_fifo/rd_ptr_reg[1]/C,u_mesh/GEN_R[1].r/u_datapath/east_vc0_fifo/count_reg[0]/D
0.335,22,2,1,inter,u_mesh/GEN_R[2].r/u_datapath/local_vc2_fifo/rd_ptr_reg[1]/C,u_mesh/GEN_R[1].r/u_datapath/east_vc2_fifo/wr_ptr_reg[1]/D
0.335,20,2,2,intra,u_mesh/GEN_R[2].r/u_datapath/local_vc2_fifo/rd_ptr_reg[1]/C,u_mesh/GEN_R[2].r/u_eject_fifo/fifo_mem_reg[0][flit_data]_0_15_24_29/RAMA_D1/I
0.336,19,0,1,inter,u_mesh/GEN_R[0].r/u_datapath/east_vc1_fifo/rd_ptr_reg[0]/C,u_mesh/GEN_R[1].r/u_datapath/west_vc0_fifo/fifo_mem_reg[0][flit_data]_0_3_6_11/RAMB_D1/I
0.336,19,3,3,intra,u_mesh/GEN_R[3].r/u_datapath/east_vc1_fifo/rd_ptr_reg[1]_replica/C,u_mesh/GEN_R[3].r/u_eject_fifo/fifo_mem_reg[0][flit_data]_0_15_18_23/RAMA/I
0.336,19,3,3,intra,u_mesh/GEN_R[3].r/u_datapath/east_vc1_fifo/rd_ptr_reg[1]_replica/C,u_mesh/GEN_R[3].r/u_eject_fifo/fifo_mem_reg[0][flit_data]_0_15_0_5/RAMC_D1/I
0.338,20,2,1,inter,u_mesh/GEN_R[2].r/u_datapath/local_vc2_fifo/rd_ptr_reg[1]/C,u_mesh/GEN_R[1].r/u_datapath/east_vc0_fifo/fifo_mem_reg[0][flit_type]_0_3_1_1/DP/I
0.338,20,2,1,inter,u_mesh/GEN_R[2].r/u_datapath/local_vc2_fifo/rd_ptr_reg[1]/C,u_mesh/GEN_R[1].r/u_datapath/east_vc2_fifo/fifo_mem_reg[0][flit_data]_0_3_12_17/RAMB_D1/I
0.339,20,1,4,inter,u_mesh/GEN_R[1].r/u_datapath/west_vc2_fifo/rd_ptr_reg[1]/C,u_mesh/GEN_R[4].r/u_datapath/north_vc1_fifo/fifo_mem_reg[0][flit_data]_0_3_0_5/RAMA_D1/I
0.339,19,1,1,intra,u_mesh/GEN_R[1].r/u_datapath/south_vc1_fifo/rd_ptr_reg[1]_replica/C,u_mesh/GEN_R[1].r/u_eject_fifo/fifo_mem_reg[0][flit_data]_0_15_6_11/RAMB/I
0.340,20,4,4,intra,u_mesh/GEN_R[4].r/u_datapath/west_vc0_fifo/rd_ptr_reg[0]/C,u_mesh/GEN_R[4].r/u_eject_fifo/fifo_mem_reg[0][flit_data]_0_15_6_11/RAMB_D1/I
0.342,20,1,1,intra,u_mesh/GEN_R[1].r/u_datapath/west_vc2_fifo/rd_ptr_reg[1]/C,u_mesh/GEN_R[1].r/u_eject_fifo/fifo_mem_reg[0][vc_id]_0_15_1_1/DP/I
0.343,20,4,4,intra,u_mesh/GEN_R[4].r/u_datapath/local_vc2_fifo/rd_ptr_reg[0]_replica/C,u_mesh/GEN_R[4].r/u_eject_fifo/fifo_mem_reg[0][flit_data]_0_15_30_31__0/SP/I
0.343,20,2,1,inter,u_mesh/GEN_R[2].r/u_datapath/local_vc2_fifo/rd_ptr_reg[1]/C,u_mesh/GEN_R[1].r/u_datapath/east_vc1_fifo/fifo_mem_reg[0][flit_data]_0_3_6_11/RAMA/I
0.343,20,1,4,inter,u_mesh/GEN_R[1].r/u_datapath/west_vc2_fifo/rd_ptr_reg[1]/C,u_mesh/GEN_R[4].r/u_datapath/north_vc2_fifo/fifo_mem_reg[0][flit_data]_0_3_0_5/RAMC/I
0.343,20,1,1,intra,u_mesh/GEN_R[1].r/u_datapath/west_vc2_fifo/rd_ptr_reg[1]/C,u_mesh/GEN_R[1].r/u_eject_fifo/fifo_mem_reg[0][flit_type]_0_15_1_1/SP/I
0.343,20,0,1,inter,u_mesh/GEN_R[0].r/u_datapath/east_vc1_fifo/rd_ptr_reg[0]/C,u_mesh/GEN_R[1].r/u_datapath/west_vc0_fifo/fifo_mem_reg[0][flit_data]_0_3_30_31__0/DP/I
0.344,20,1,0,inter,u_mesh/GEN_R[1].r/u_datapath/west_vc2_fifo/rd_ptr_reg[1]/C,u_mesh/GEN_R[0].r/u_datapath/east_vc0_fifo/fifo_mem_reg[0][flit_data]_0_3_24_29/RAMA_D1/I
0.344,20,1,4,inter,u_mesh/GEN_R[1].r/u_datapath/west_vc2_fifo/rd_ptr_reg[1]/C,u_mesh/GEN_R[4].r/u_datapath/north_vc2_fifo/fifo_mem_reg[0][flit_type]_0_3_0_0/DP/I
0.344,20,1,2,inter,u_mesh/GEN_R[1].r/u_datapath/west_vc2_fifo/rd_ptr_reg[1]/C,u_mesh/GEN_R[2].r/u_datapath/west_vc1_fifo/fifo_mem_reg[0][flit_type]_0_3_0_0/DP/I
0.344,20,0,1,inter,u_mesh/GEN_R[0].r/u_datapath/east_vc1_fifo/rd_ptr_reg[0]/C,u_mesh/GEN_R[1].r/u_datapath/west_vc0_fifo/fifo_mem_reg[0][flit_data]_0_3_6_11/RAMA/I
0.345,20,2,1,inter,u_mesh/GEN_R[2].r/u_datapath/local_vc2_fifo/rd_ptr_reg[1]/C,u_mesh/GEN_R[1].r/u_datapath/east_vc2_fifo/fifo_mem_reg[0][flit_type]_0_3_0_0/DP/I
0.346,19,3,4,inter,u_mesh/GEN_R[3].r/u_datapath/east_vc1_fifo/rd_ptr_reg[1]_replica/C,u_mesh/GEN_R[4].r/u_datapath/west_vc1_fifo/fifo_mem_reg[0][flit_data]_0_3_30_31/DP/I
0.346,20,1,4,inter,u_mesh/GEN_R[1].r/u_datapath/local_vc0_fifo/rd_ptr_reg[0]/C,u_mesh/GEN_R[4].r/u_datapath/north_vc1_fifo/fifo_mem_reg[0][flit_data]_0_3_0_5/RAMB_D1/I
0.347,20,1,4,inter,u_mesh/GEN_R[1].r/u_datapath/west_vc2_fifo/rd_ptr_reg[1]/C,u_mesh/GEN_R[4].r/u_datapath/north_vc0_fifo/fifo_mem_reg[0][flit_data]_0_3_30_31__0/DP/I
0.347,22,0,3,inter,u_mesh/GEN_R[0].r/u_datapath/east_vc1_fifo/rd_ptr_reg[0]/C,u_mesh/GEN_R[3].r/u_datapath/north_vc1_fifo/count_reg[2]/D
0.347,22,1,0,inter,u_mesh/GEN_R[1].r/u_datapath/west_vc2_fifo/rd_ptr_reg[1]/C,u_mesh/GEN_R[0].r/u_datapath/east_vc0_fifo/wr_ptr_reg[1]/D
0.348,20,2,1,inter,u_mesh/GEN_R[2].r/u_datapath/local_vc2_fifo/rd_ptr_reg[1]/C,u_mesh/GEN_R[1].r/u_datapath/east_vc2_fifo/fifo_mem_reg[0][flit_data]_0_3_18_23/RAMB/I
0.349,20,2,5,inter,u_mesh/GEN_R[2].r/u_datapath/local_vc2_fifo/rd_ptr_reg[1]/C,u_mesh/GEN_R[5].r/u_datapath/north_vc1_fifo/fifo_mem_reg[0][flit_data]_0_3_6_11/RAMA/I
0.349,22,0,3,inter,u_mesh/GEN_R[0].r/u_datapath/east_vc1_fifo/rd_ptr_reg[0]/C,u_mesh/GEN_R[3].r/u_datapath/north_vc1_fifo/count_reg[0]/D
0.349,22,1,0,inter,u_mesh/GEN_R[1].r/u_datapath/west_vc2_fifo/rd_ptr_reg[1]/C,u_mesh/GEN_R[0].r/u_datapath/east_vc0_fifo/wr_ptr_reg[0]/D
0.350,20,1,4,inter,u_mesh/GEN_R[1].r/u_datapath/west_vc2_fifo/rd_ptr_reg[1]/C,u_mesh/GEN_R[4].r/u_datapath/north_vc2_fifo/fifo_mem_reg[0][flit_data]_0_3_18_23/RAMB/I
0.350,20,1,0,inter,u_mesh/GEN_R[1].r/u_datapath/west_vc2_fifo/rd_ptr_reg[1]/C,u_mesh/GEN_R[0].r/u_datapath/east_vc1_fifo/fifo_mem_reg[0][flit_data]_0_3_24_29/RAMA_D1/I
0.350,20,1,1,intra,u_mesh/GEN_R[1].r/u_datapath/west_vc2_fifo/rd_ptr_reg[1]/C,u_mesh/GEN_R[1].r/u_eject_fifo/fifo_mem_reg[0][flit_data]_0_15_0_5/RAMC/I
0.351,20,4,3,inter,u_mesh/GEN_R[4].r/u_datapath/west_vc0_fifo/rd_ptr_reg[0]/C,u_mesh/GEN_R[3].r/u_datapath/east_vc0_fifo/fifo_mem_reg[0][flit_data]_0_3_30_31/DP/I
0.351,22,1,0,inter,u_mesh/GEN_R[1].r/u_datapath/west_vc2_fifo/rd_ptr_reg[1]/C,u_mesh/GEN_R[0].r/u_datapath/east_vc1_fifo/count_reg[1]/D
0.352,22,4,3,inter,u_mesh/GEN_R[4].r/u_datapath/local_vc2_fifo/rd_ptr_reg[0]_replica/C,u_mesh/GEN_R[3].r/u_datapath/east_vc2_fifo/wr_ptr_reg[0]/D
0.352,20,1,2,inter,u_mesh/GEN_R[1].r/u_datapath/west_vc2_fifo/rd_ptr_reg[1]/C,u_mesh/GEN_R[2].r/u_datapath/west_vc2_fifo/fifo_mem_reg[0][flit_type]_0_3_1_1/SP/I
0.353,20,1,0,inter,u_mesh/GEN_R[1].r/u_datapath/west_vc2_fifo/rd_ptr_reg[1]/C,u_mesh/GEN_R[0].r/u_datapath/east_vc1_fifo/fifo_mem_reg[0][flit_data]_0_3_6_11/RAMB_D1/I
0.354,20,1,2,inter,u_mesh/GEN_R[1].r/u_datapath/west_vc2_fifo/rd_ptr_reg[1]/C,u_mesh/GEN_R[2].r/u_datapath/west_vc1_fifo/fifo_mem_reg[0][flit_data]_0_3_18_23/RAMA/I
0.355,22,1,4,inter,u_mesh/GEN_R[1].r/u_datapath/local_vc0_fifo/rd_ptr_reg[0]/C,u_mesh/GEN_R[4].r/u_datapath/north_vc2_fifo/wr_ptr_reg[1]/D
0.356,20,0,3,inter,u_mesh/GEN_R[0].r/u_datapath/east_vc1_fifo/rd_ptr_reg[0]/C,u_mesh/GEN_R[3].r/u_datapath/north_vc2_fifo/fifo_mem_reg[0][flit_data]_0_3_0_5/RAMA/I
0.356,20,2,2,intra,u_mesh/GEN_R[2].r/u_datapath/local_vc2_fifo/rd_ptr_reg[1]/C,u_mesh/GEN_R[2].r/u_eject_fifo/fifo_mem_reg[0][flit_data]_0_15_24_29/RAMA/WE
0.356,20,2,2,intra,u_mesh/GEN_R[2].r/u_datapath/local_vc2_fifo/rd_ptr_reg[1]/C,u_mesh/GEN_R[2].r/u_eject_fifo/fifo_mem_reg[0][flit_data]_0_15_24_29/RAMA_D1/WE
0.356,20,2,2,intra,u_mesh/GEN_R[2].r/u_datapath/local_vc2_fifo/rd_ptr_reg[1]/C,u_mesh/GEN_R[2].r/u_eject_fifo/fifo_mem_reg[0][flit_data]_0_15_24_29/RAMB/WE
0.356,20,2,2,intra,u_mesh/GEN_R[2].r/u_datapath/local_vc2_fifo/rd_ptr_reg[1]/C,u_mesh/GEN_R[2].r/u_eject_fifo/fifo_mem_reg[0][flit_data]_0_15_24_29/RAMB_D1/WE
0.356,20,2,2,intra,u_mesh/GEN_R[2].r/u_datapath/local_vc2_fifo/rd_ptr_reg[1]/C,u_mesh/GEN_R[2].r/u_eject_fifo/fifo_mem_reg[0][flit_data]_0_15_24_29/RAMC/WE
0.356,20,2,2,intra,u_mesh/GEN_R[2].r/u_datapath/local_vc2_fifo/rd_ptr_reg[1]/C,u_mesh/GEN_R[2].r/u_eject_fifo/fifo_mem_reg[0][flit_data]_0_15_24_29/RAMC_D1/WE
0.356,20,2,2,intra,u_mesh/GEN_R[2].r/u_datapath/local_vc2_fifo/rd_ptr_reg[1]/C,u_mesh/GEN_R[2].r/u_eject_fifo/fifo_mem_reg[0][flit_data]_0_15_24_29/RAMD/WE
0.356,20,2,2,intra,u_mesh/GEN_R[2].r/u_datapath/local_vc2_fifo/rd_ptr_reg[1]/C,u_mesh/GEN_R[2].r/u_eject_fifo/fifo_mem_reg[0][flit_data]_0_15_24_29/RAMD_D1/WE
0.357,20,1,0,inter,u_mesh/GEN_R[1].r/u_datapath/west_vc2_fifo/rd_ptr_reg[1]/C,u_mesh/GEN_R[0].r/u_datapath/east_vc1_fifo/fifo_mem_reg[0][flit_type]_0_3_0_0/DP/I
0.357,20,4,5,inter,u_mesh/GEN_R[4].r/u_datapath/west_vc0_fifo/rd_ptr_reg[0]/C,u_mesh/GEN_R[5].r/u_datapath/west_vc1_fifo/fifo_mem_reg[0][flit_data]_0_3_6_11/RAMB_D1/I
0.357,19,3,4,inter,u_mesh/GEN_R[3].r/u_datapath/east_vc1_fifo/rd_ptr_reg[1]_replica/C,u_mesh/GEN_R[4].r/u_datapath/west_vc1_fifo/fifo_mem_reg[0][flit_data]_0_3_0_5/RAMB_D1/I
0.359,20,4,3,inter,u_mesh/GEN_R[4].r/u_datapath/west_vc0_fifo/rd_ptr_reg[0]/C,u_mesh/GEN_R[3].r/u_datapath/east_vc2_fifo/fifo_mem_reg[0][vc_id]_0_3_0_0/DP/I
0.360,20,4,3,inter,u_mesh/GEN_R[4].r/u_datapath/west_vc0_fifo/rd_ptr_reg[0]/C,u_mesh/GEN_R[3].r/u_datapath/east_vc2_fifo/fifo_mem_reg[0][flit_data]_0_3_24_29/RAMC_D1/I
0.360,20,1,4,inter,u_mesh/GEN_R[1].r/u_datapath/west_vc2_fifo/rd_ptr_reg[1]/C,u_mesh/GEN_R[4].r/u_datapath/north_vc2_fifo/fifo_mem_reg[0][flit_data]_0_3_18_23/RAMA/I
0.363,19,3,0,inter,u_mesh/GEN_R[3].r/u_datapath/east_vc1_fifo/rd_ptr_reg[1]_replica/C,u_mesh/GEN_R[0].r/u_datapath/south_vc2_fifo/fifo_mem_reg[0][flit_type]_0_3_1_1/DP/I
0.363,19,1,0,inter,u_mesh/GEN_R[1].r/u_datapath/south_vc1_fifo/rd_ptr_reg[1]_replica/C,u_mesh/GEN_R[0].r/u_datapath/east_vc0_fifo/fifo_mem_reg[0][flit_data]_0_3_24_29/RAMB_D1/I
0.363,20,0,1,inter,u_mesh/GEN_R[0].r/u_datapath/east_vc1_fifo/rd_ptr_reg[0]/C,u_mesh/GEN_R[1].r/u_datapath/west_vc1_fifo/fifo_mem_reg[0][flit_data]_0_3_18_23/RAMC/I
0.363,20,2,2,intra,u_mesh/GEN_R[2].r/u_datapath/local_vc2_fifo/rd_ptr_reg[1]/C,u_mesh/GEN_R[2].r/u_eject_fifo/fifo_mem_reg[0][flit_data]_0_15_12_17/RAMB_D1/I
0.363,20,1,4,inter,u_mesh/GEN_R[1].r/u_datapath/west_vc2_fifo/rd_ptr_reg[1]/C,u_mesh/GEN_R[4].r/u_datapath/north_vc2_fifo/fifo_mem_reg[0][flit_data]_0_3_6_11/RAMA/I
0.367,20,2,1,inter,u_mesh/GEN_R[2].r/u_datapath/local_vc2_fifo/rd_ptr_reg[1]/C,u_mesh/GEN_R[1].r/u_datapath/east_vc1_fifo/fifo_mem_reg[0][flit_data]_0_3_24_29/RAMB/I
0.367,20,1,0,inter,u_mesh/GEN_R[1].r/u_datapath/west_vc2_fifo/rd_ptr_reg[1]/C,u_mesh/GEN_R[0].r/u_datapath/east_vc2_fifo/fifo_mem_reg[0][flit_data]_0_3_6_11/RAMA/I
0.368,19,0,1,inter,u_mesh/GEN_R[0].r/u_datapath/south_vc1_fifo/rd_ptr_reg[1]/C,u_mesh/GEN_R[1].r/u_datapath/west_vc1_fifo/fifo_mem_reg[0][flit_data]_0_3_30_31/DP/I
0.370,20,2,1,inter,u_mesh/GEN_R[2].r/u_datapath/local_vc2_fifo/rd_ptr_reg[1]/C,u_mesh/GEN_R[1].r/u_datapath/east_vc2_fifo/fifo_mem_reg[0][flit_data]_0_3_24_29/RAMB/I
0.370,20,4,5,inter,u_mesh/GEN_R[4].r/u_datapath/west_vc0_fifo/rd_ptr_reg[0]/C,u_mesh/GEN_R[5].r/u_datapath/west_vc1_fifo/fifo_mem_reg[0][vc_id]_0_3_0_0/SP/I
0.370,20,2,5,inter,u_mesh/GEN_R[2].r/u_datapath/local_vc2_fifo/rd_ptr_reg[1]/C,u_mesh/GEN_R[5].r/u_datapath/north_vc0_fifo/fifo_mem_reg[0][flit_type]_0_3_0_0/DP/I
0.371,20,2,2,intra,u_mesh/GEN_R[2].r/u_datapath/local_vc2_fifo/rd_ptr_reg[1]/C,u_mesh/GEN_R[2].r/u_eject_fifo/fifo_mem_reg[0][flit_data]_0_15_18_23/RAMA/WE
0.371,20,2,2,intra,u_mesh/GEN_R[2].r/u_datapath/local_vc2_fifo/rd_ptr_reg[1]/C,u_mesh/GEN_R[2].r/u_eject_fifo/fifo_mem_reg[0][flit_data]_0_15_18_23/RAMA_D1/WE
0.371,20,2,2,intra,u_mesh/GEN_R[2].r/u_datapath/local_vc2_fifo/rd_ptr_reg[1]/C,u_mesh/GEN_R[2].r/u_eject_fifo/fifo_mem_reg[0][flit_data]_0_15_18_23/RAMB/WE
0.371,20,2,2,intra,u_mesh/GEN_R[2].r/u_datapath/local_vc2_fifo/rd_ptr_reg[1]/C,u_mesh/GEN_R[2].r/u_eject_fifo/fifo_mem_reg[0][flit_data]_0_15_18_23/RAMB_D1/WE
0.371,20,2,2,intra,u_mesh/GEN_R[2].r/u_datapath/local_vc2_fifo/rd_ptr_reg[1]/C,u_mesh/GEN_R[2].r/u_eject_fifo/fifo_mem_reg[0][flit_data]_0_15_18_23/RAMC/WE
0.371,20,2,2,intra,u_mesh/GEN_R[2].r/u_datapath/local_vc2_fifo/rd_ptr_reg[1]/C,u_mesh/GEN_R[2].r/u_eject_fifo/fifo_mem_reg[0][flit_data]_0_15_18_23/RAMC_D1/WE
0.371,20,2,2,intra,u_mesh/GEN_R[2].r/u_datapath/local_vc2_fifo/rd_ptr_reg[1]/C,u_mesh/GEN_R[2].r/u_eject_fifo/fifo_mem_reg[0][flit_data]_0_15_18_23/RAMD/WE
0.371,20,2,2,intra,u_mesh/GEN_R[2].r/u_datapath/local_vc2_fifo/rd_ptr_reg[1]/C,u_mesh/GEN_R[2].r/u_eject_fifo/fifo_mem_reg[0][flit_data]_0_15_18_23/RAMD_D1/WE
0.371,18,3,3,intra,u_mesh/GEN_R[3].r/u_datapath/local_vc2_fifo/rd_ptr_reg[1]/C,u_mesh/GEN_R[3].r/u_eject_fifo/fifo_mem_reg[0][flit_data]_0_15_18_23/RAMB_D1/I
0.372,20,1,0,inter,u_mesh/GEN_R[1].r/u_datapath/west_vc2_fifo/rd_ptr_reg[1]/C,u_mesh/GEN_R[0].r/u_datapath/east_vc1_fifo/fifo_mem_reg[0][flit_data]_0_3_30_31__0/SP/I
0.373,20,1,4,inter,u_mesh/GEN_R[1].r/u_datapath/west_vc2_fifo/rd_ptr_reg[1]/C,u_mesh/GEN_R[4].r/u_datapath/north_vc0_fifo/fifo_mem_reg[0][flit_data]_0_3_18_23/RAMC/I
0.375,22,0,3,inter,u_mesh/GEN_R[0].r/u_datapath/east_vc1_fifo/rd_ptr_reg[0]/C,u_mesh/GEN_R[3].r/u_datapath/north_vc0_fifo/wr_ptr_reg[1]/D
0.375,20,2,5,inter,u_mesh/GEN_R[2].r/u_datapath/local_vc2_fifo/rd_ptr_reg[1]/C,u_mesh/GEN_R[5].r/u_datapath/north_vc1_fifo/fifo_mem_reg[0][flit_data]_0_3_6_11/RAMB/I
0.375,20,1,0,inter,u_mesh/GEN_R[1].r/u_datapath/west_vc2_fifo/rd_ptr_reg[1]/C,u_mesh/GEN_R[0].r/u_datapath/east_vc2_fifo/fifo_mem_reg[0][flit_data]_0_3_30_31__0/SP/I
0.375,20,1,0,inter,u_mesh/GEN_R[1].r/u_datapath/west_vc2_fifo/rd_ptr_reg[1]/C,u_mesh/GEN_R[0].r/u_datapath/east_vc1_fifo/fifo_mem_reg[0][flit_data]_0_3_18_23/RAMC_D1/I
0.376,20,2,2,intra,u_mesh/GEN_R[2].r/u_datapath/local_vc2_fifo/rd_ptr_reg[1]/C,u_mesh/GEN_R[2].r/u_eject_fifo/fifo_mem_reg[0][flit_data]_0_15_18_23/RAMC/I
0.376,20,2,1,inter,u_mesh/GEN_R[2].r/u_datapath/local_vc2_fifo/rd_ptr_reg[1]/C,u_mesh/GEN_R[1].r/u_datapath/east_vc0_fifo/fifo_mem_reg[0][flit_data]_0_3_6_11/RAMB_D1/I
0.377,20,0,0,intra,u_mesh/GEN_R[0].r/u_datapath/south_vc1_fifo/rd_ptr_reg[1]/C,u_mesh/GEN_R[0].r/u_eject_fifo/fifo_mem_reg[0][flit_data]_0_15_24_29/RAMA_D1/I
0.378,20,1,0,inter,u_mesh/GEN_R[1].r/u_datapath/west_vc2_fifo/rd_ptr_reg[1]/C,u_mesh/GEN_R[0].r/u_datapath/east_vc0_fifo/fifo_mem_reg[0][flit_data]_0_3_0_5/RAMC_D1/I
0.380,20,1,2,inter,u_mesh/GEN_R[1].r/u_datapath/west_vc2_fifo/rd_ptr_reg[1]/C,u_mesh/GEN_R[2].r/u_datapath/west_vc1_fifo/fifo_mem_reg[0][flit_data]_0_3_24_29/RAMC_D1/I
0.381,20,1,4,inter,u_mesh/GEN_R[1].r/u_datapath/west_vc2_fifo/rd_ptr_reg[1]/C,u_mesh/GEN_R[4].r/u_datapath/north_vc0_fifo/fifo_mem_reg[0][vc_id]_0_3_0_0/SP/I
0.381,20,1,2,inter,u_mesh/GEN_R[1].r/u_datapath/west_vc2_fifo/rd_ptr_reg[1]/C,u_mesh/GEN_R[2].r/u_datapath/west_vc2_fifo/fifo_mem_reg[0][flit_data]_0_3_24_29/RAMB/I
0.381,19,3,0,inter,u_mesh/GEN_R[3].r/u_datapath/east_vc1_fifo/rd_ptr_reg[1]_replica/C,u_mesh/GEN_R[0].r/u_datapath/south_vc2_fifo/fifo_mem_reg[0][flit_data]_0_3_18_23/RAMC_D1/I
0.381,20,1,1,intra,u_mesh/GEN_R[1].r/u_datapath/west_vc2_fifo/rd_ptr_reg[1]/C,u_mesh/GEN_R[1].r/u_eject_fifo/fifo_mem_reg[0][flit_data]_0_15_18_23/RAMA/I
0.384,20,1,4,inter,u_mesh/GEN_R[1].r/u_datapath/west_vc2_fifo/rd_ptr_reg[1]/C,u_mesh/GEN_R[4].r/u_datapath/north_vc2_fifo/fifo_mem_reg[0][flit_data]_0_3_0_5/RAMB_D1/I
0.384,22,2,1,inter,u_mesh/GEN_R[2].r/u_datapath/local_vc2_fifo/rd_ptr_reg[1]/C,u_mesh/GEN_R[1].r/u_datapath/east_vc0_fifo/count_reg[1]/D
0.385,20,4,3,inter,u_mesh/GEN_R[4].r/u_datapath/local_vc2_fifo/rd_ptr_reg[0]_replica/C,u_mesh/GEN_R[3].r/u_datapath/east_vc0_fifo/fifo_mem_reg[0][vc_id]_0_3_1_1/DP/I
0.386,20,0,0,intra,u_mesh/GEN_R[0].r/u_datapath/east_vc1_fifo/rd_ptr_reg[0]/C,u_mesh/GEN_R[0].r/u_eject_fifo/fifo_mem_reg[0][flit_data]_0_15_6_11/RAMA_D1/I
0.386,20,2,5,inter,u_mesh/GEN_R[2].r/u_datapath/local_vc2_fifo/rd_ptr_reg[1]/C,u_mesh/GEN_R[5].r/u_datapath/north_vc2_fifo/fifo_mem_reg[0][flit_type]_0_3_0_0/DP/I
0.386,20,2,1,inter,u_mesh/GEN_R[2].r/u_datapath/local_vc2_fifo/rd_ptr_reg[1]/C,u_mesh/GEN_R[1].r/u_datapath/east_vc0_fifo/fifo_mem_reg[0][flit_type]_0_3_1_1/SP/I
0.387,20,1,0,inter,u_mesh/GEN_R[1].r/u_datapath/west_vc2_fifo/rd_ptr_reg[1]/C,u_mesh/GEN_R[0].r/u_datapath/east_vc0_fifo/fifo_mem_reg[0][flit_data]_0_3_0_5/RAMA/I
0.387,19,3,4,inter,u_mesh/GEN_R[3].r/u_datapath/east_vc1_fifo/rd_ptr_reg[1]_replica/C,u_mesh/GEN_R[4].r/u_datapath/west_vc2_fifo/fifo_mem_reg[0][flit_data]_0_3_6_11/RAMC/I
0.389,19,3,0,inter,u_mesh/GEN_R[3].r/u_datapath/east_vc1_fifo/rd_ptr_reg[1]_replica/C,u_mesh/GEN_R[0].r/u_datapath/south_vc2_fifo/fifo_mem_reg[0][flit_data]_0_3_18_23/RAMA/I
0.389,22,5,2,inter,u_mesh/GEN_R[5].r/u_datapath/local_vc1_fifo/rd_ptr_reg[0]/C,u_mesh/GEN_R[2].r/u_datapath/south_vc0_fifo/count_reg[2]/D
0.390,20,2,1,inter,u_mesh/GEN_R[2].r/u_datapath/local_vc2_fifo/rd_ptr_reg[1]/C,u_mesh/GEN_R[1].r/u_datapath/east_vc1_fifo/fifo_mem_reg[0][flit_data]_0_3_0_5/RAMA_D1/I
0.391,21,5,4,inter,u_mesh/GEN_R[5].r/u_datapath/local_vc1_fifo/rd_ptr_reg[0]/C,u_mesh/GEN_R[4].r/u_datapath/east_vc2_fifo/count_reg[0]/D
0.391,20,2,1,inter,u_mesh/GEN_R[2].r/u_datapath/local_vc2_fifo/rd_ptr_reg[1]/C,u_mesh/GEN_R[1].r/u_datapath/east_vc2_fifo/fifo_mem_reg[0][flit_data]_0_3_6_11/RAMA/I
0.391,20,1,2,inter,u_mesh/GEN_R[1].r/u_datapath/west_vc2_fifo/rd_ptr_reg[1]/C,u_mesh/GEN_R[2].r/u_datapath/west_vc2_fifo/fifo_mem_reg[0][flit_data]_0_3_6_11/RAMC_D1/I
0.392,20,4,3,inter,u_mesh/GEN_R[4].r/u_datapath/west_vc0_fifo/rd_ptr_reg[0]/C,u_mesh/GEN_R[3].r/u_datapath/east_vc0_fifo/fifo_mem_reg[0][flit_data]_0_3_30_31/SP/I
0.392,20,2,1,inter,u_mesh/GEN_R[2].r/u_datapath/local_vc2_fifo/rd_ptr_reg[1]/C,u_mesh/GEN_R[1].r/u_datapath/east_vc0_fifo/fifo_mem_reg[0][flit_data]_0_3_24_29/RAMC_D1/I
0.392,20,0,1,inter,u_mesh/GEN_R[0].r/u_datapath/east_vc1_fifo/rd_ptr_reg[0]/C,u_mesh/GEN_R[1].r/u_datapath/west_vc1_fifo/fifo_mem_reg[0][flit_data]_0_3_30_31__0/DP/I
0.393,19,3,0,inter,u_mesh/GEN_R[3].r/u_datapath/east_vc1_fifo/rd_ptr_reg[1]_replica/C,u_mesh/GEN_R[0].r/u_datapath/south_vc2_fifo/fifo_mem_reg[0][flit_type]_0_3_1_1/SP/I
0.393,20,2,5,inter,u_mesh/GEN_R[2].r/u_datapath/local_vc2_fifo/rd_ptr_reg[1]/C,u_mesh/GEN_R[5].r/u_datapath/north_vc1_fifo/fifo_mem_reg[0][flit_data]_0_3_30_31/DP/I
0.394,20,2,1,inter,u_mesh/GEN_R[2].r/u_datapath/local_vc2_fifo/rd_ptr_reg[1]/C,u_mesh/GEN_R[1].r/u_datapath/east_vc1_fifo/fifo_mem_reg[0][flit_type]_0_3_0_0/DP/I
0.395,19,3,3,intra,u_mesh/GEN_R[3].r/u_datapath/east_vc1_fifo/rd_ptr_reg[1]_replica/C,u_mesh/GEN_R[3].r/u_eject_fifo/fifo_mem_reg[0][flit_data]_0_15_18_23/RAMA_D1/I
0.395,20,1,1,intra,u_mesh/GEN_R[1].r/u_datapath/west_vc2_fifo/rd_ptr_reg[1]/C,u_mesh/GEN_R[1].r/u_eject_fifo/fifo_mem_reg[0][flit_data]_0_15_24_29/RAMA_D1/I
0.396,20,2,1,inter,u_mesh/GEN_R[2].r/u_datapath/local_vc2_fifo/rd_ptr_reg[1]/C,u_mesh/GEN_R[1].r/u_datapath/east_vc0_fifo/fifo_mem_reg[0][flit_type]_0_3_0_0/DP/I
0.396,19,0,1,inter,u_mesh/GEN_R[0].r/u_datapath/east_vc1_fifo/rd_ptr_reg[0]/C,u_mesh/GEN_R[1].r/u_datapath/west_vc1_fifo/fifo_mem_reg[0][flit_data]_0_3_18_23/RAMA/I
0.396,20,1,1,intra,u_mesh/GEN_R[1].r/u_datapath/west_vc2_fifo/rd_ptr_reg[1]/C,u_mesh/GEN_R[1].r/u_eject_fifo/fifo_mem_reg[0][flit_data]_0_15_12_17/RAMB/I
0.396,20,4,1,inter,u_mesh/GEN_R[4].r/u_datapath/west_vc0_fifo/rd_ptr_reg[0]/C,u_mesh/GEN_R[1].r/u_datapath/south_vc0_fifo/fifo_mem_reg[0][flit_data]_0_3_18_23/RAMA/I
0.397,19,3,0,inter,u_mesh/GEN_R[3].r/u_datapath/east_vc1_fifo/rd_ptr_reg[1]_replica/C,u_mesh/GEN_R[0].r/u_datapath/south_vc0_fifo/fifo_mem_reg[0][flit_type]_0_3_1_1/DP/I
0.398,21,3,4,inter,u_mesh/GEN_R[3].r/u_datapath/east_vc1_fifo/rd_ptr_reg[1]_replica/C,u_mesh/GEN_R[4].r/u_datapath/west_vc1_fifo/count_reg[0]/D
0.399,20,2,5,inter,u_mesh/GEN_R[2].r/u_datapath/local_vc2_fifo/rd_ptr_reg[1]/C,u_mesh/GEN_R[5].r/u_datapath/north_vc2_fifo/fifo_mem_reg[0][vc_id]_0_3_0_0/DP/I
0.399,20,1,1,intra,u_mesh/GEN_R[1].r/u_datapath/west_vc2_fifo/rd_ptr_reg[1]/C,u_mesh/GEN_R[1].r/u_eject_fifo/fifo_mem_reg[0][flit_data]_0_15_6_11/RAMA_D1/I
0.401,20,1,2,inter,u_mesh/GEN_R[1].r/u_datapath/west_vc2_fifo/rd_ptr_reg[1]/C,u_mesh/GEN_R[2].r/u_datapath/west_vc0_fifo/fifo_mem_reg[0][flit_data]_0_3_6_11/RAMC_D1/I
0.401,22,0,3,inter,u_mesh/GEN_R[0].r/u_datapath/east_vc1_fifo/rd_ptr_reg[0]/C,u_mesh/GEN_R[3].r/u_datapath/north_vc1_fifo/count_reg[1]/D
0.402,20,2,1,inter,u_mesh/GEN_R[2].r/u_datapath/local_vc2_fifo/rd_ptr_reg[1]/C,u_mesh/GEN_R[1].r/u_datapath/east_vc2_fifo/fifo_mem_reg[0][flit_data]_0_3_24_29/RAMC_D1/I
0.402,20,1,2,inter,u_mesh/GEN_R[1].r/u_datapath/west_vc2_fifo/rd_ptr_reg[1]/C,u_mesh/GEN_R[2].r/u_datapath/west_vc0_fifo/fifo_mem_reg[0][flit_data]_0_3_18_23/RAMC/I
0.402,20,1,2,inter,u_mesh/GEN_R[1].r/u_datapath/west_vc2_fifo/rd_ptr_reg[1]/C,u_mesh/GEN_R[2].r/u_datapath/west_vc0_fifo/fifo_mem_reg[0][flit_data]_0_3_24_29/RAMC_D1/I
0.402,19,3,0,inter,u_mesh/GEN_R[3].r/u_datapath/east_vc1_fifo/rd_ptr_reg[1]_replica/C,u_mesh/GEN_R[0].r/u_datapath/south_vc2_fifo/fifo_mem_reg[0][flit_data]_0_3_24_29/RAMB/I
0.403,20,4,4,intra,u_mesh/GEN_R[4].r/u_datapath/west_vc0_fifo/rd_ptr_reg[0]/C,u_mesh/GEN_R[4].r/u_eject_fifo/count_reg[0]/CE
0.403,20,4,4,intra,u_mesh/GEN_R[4].r/u_datapath/west_vc0_fifo/rd_ptr_reg[0]/C,u_mesh/GEN_R[4].r/u_eject_fifo/count_reg[1]/CE
0.403,20,4,4,intra,u_mesh/GEN_R[4].r/u_datapath/west_vc0_fifo/rd_ptr_reg[0]/C,u_mesh/GEN_R[4].r/u_eject_fifo/count_reg[2]/CE
0.403,20,4,4,intra,u_mesh/GEN_R[4].r/u_datapath/west_vc0_fifo/rd_ptr_reg[0]/C,u_mesh/GEN_R[4].r/u_eject_fifo/count_reg[3]/CE
0.403,20,2,5,inter,u_mesh/GEN_R[2].r/u_datapath/local_vc2_fifo/rd_ptr_reg[1]/C,u_mesh/GEN_R[5].r/u_datapath/north_vc2_fifo/fifo_mem_reg[0][flit_data]_0_3_6_11/RAMC/I
0.403,21,4,5,inter,u_mesh/GEN_R[4].r/u_datapath/west_vc0_fifo/rd_ptr_reg[0]/C,u_mesh/GEN_R[5].r/u_datapath/west_vc1_fifo/wr_ptr_reg[0]/D
0.404,20,1,2,inter,u_mesh/GEN_R[1].r/u_datapath/west_vc2_fifo/rd_ptr_reg[1]/C,u_mesh/GEN_R[2].r/u_datapath/west_vc0_fifo/fifo_mem_reg[0][flit_type]_0_3_1_1/SP/I
0.404,20,2,1,inter,u_mesh/GEN_R[2].r/u_datapath/local_vc2_fifo/rd_ptr_reg[1]/C,u_mesh/GEN_R[1].r/u_datapath/east_vc1_fifo/fifo_mem_reg[0][flit_data]_0_3_24_29/RAMC_D1/I
0.404,18,3,4,inter,u_mesh/GEN_R[3].r/u_datapath/local_vc2_fifo/rd_ptr_reg[1]/C,u_mesh/GEN_R[4].r/u_datapath/west_vc2_fifo/fifo_mem_reg[0][flit_data]_0_3_12_17/RAMA_D1/I
0.404,19,1,1,intra,u_mesh/GEN_R[1].r/u_datapath/west_vc2_fifo/rd_ptr_reg[1]/C,u_mesh/GEN_R[1].r/u_datapath/south_vc2_fifo/rd_ptr_reg[1]_replica/D
0.407,20,2,1,inter,u_mesh/GEN_R[2].r/u_datapath/local_vc2_fifo/rd_ptr_reg[1]/C,u_mesh/GEN_R[1].r/u_datapath/east_vc2_fifo/fifo_mem_reg[0][flit_data]_0_3_0_5/RAMA_D1/I
0.407,20,0,3,inter,u_mesh/GEN_R[0].r/u_datapath/east_vc1_fifo/rd_ptr_reg[0]/C,u_mesh/GEN_R[3].r/u_datapath/north_vc2_fifo/fifo_mem_reg[0][flit_data]_0_3_0_5/RAMB_D1/I
0.407,20,2,5,inter,u_mesh/GEN_R[2].r/u_datapath/local_vc2_fifo/rd_ptr_reg[1]/C,u_mesh/GEN_R[5].r/u_datapath/north_vc2_fifo/fifo_mem_reg[0][flit_data]_0_3_0_5/RAMA_D1/I
0.408,20,2,5,inter,u_mesh/GEN_R[2].r/u_datapath/local_vc2_fifo/rd_ptr_reg[1]/C,u_mesh/GEN_R[5].r/u_datapath/north_vc1_fifo/fifo_mem_reg[0][flit_data]_0_3_0_5/RAMC_D1/I
0.410,20,1,4,inter,u_mesh/GEN_R[1].r/u_datapath/west_vc2_fifo/rd_ptr_reg[1]/C,u_mesh/GEN_R[4].r/u_datapath/north_vc1_fifo/fifo_mem_reg[0][flit_data]_0_3_24_29/RAMB/I
0.410,19,3,0,inter,u_mesh/GEN_R[3].r/u_datapath/east_vc1_fifo/rd_ptr_reg[1]_replica/C,u_mesh/GEN_R[0].r/u_datapath/south_vc1_fifo/fifo_mem_reg[0][flit_data]_0_3_24_29/RAMB/I
0.411,20,1,2,inter,u_mesh/GEN_R[1].r/u_datapath/west_vc2_fifo/rd_ptr_reg[1]/C,u_mesh/GEN_R[2].r/u_datapath/west_vc1_fifo/fifo_mem_reg[0][flit_data]_0_3_24_29/RAMC/I
0.411,20,2,1,inter,u_mesh/GEN_R[2].r/u_datapath/local_vc2_fifo/rd_ptr_reg[1]/C,u_mesh/GEN_R[1].r/u_datapath/east_vc2_fifo/fifo_mem_reg[0][flit_data]_0_3_0_5/RAMC_D1/I
0.413,20,1,4,inter,u_mesh/GEN_R[1].r/u_datapath/west_vc2_fifo/rd_ptr_reg[1]/C,u_mesh/GEN_R[4].r/u_datapath/north_vc1_fifo/fifo_mem_reg[0][flit_data]_0_3_6_11/RAMA/I
0.413,18,3,4,inter,u_mesh/GEN_R[3].r/u_datapath/local_vc2_fifo/rd_ptr_reg[1]/C,u_mesh/GEN_R[4].r/u_datapath/west_vc2_fifo/fifo_mem_reg[0][flit_data]_0_3_6_11/RAMA_D1/I
0.414,19,1,1,intra,u_mesh/GEN_R[1].r/u_datapath/south_vc1_fifo/rd_ptr_reg[1]_replica/C,u_mesh/GEN_R[1].r/u_eject_fifo/fifo_mem_reg[0][flit_data]_0_15_24_29/RAMB_D1/I
0.414,18,3,4,inter,u_mesh/GEN_R[3].r/u_datapath/local_vc2_fifo/rd_ptr_reg[1]/C,u_mesh/GEN_R[4].r/u_datapath/west_vc1_fifo/fifo_mem_reg[0][flit_data]_0_3_12_17/RAMA_D1/I
0.415,22,1,0,inter,u_mesh/GEN_R[1].r/u_datapath/west_vc2_fifo/rd_ptr_reg[1]/C,u_mesh/GEN_R[0].r/u_datapath/east_vc1_fifo/wr_ptr_reg[0]/D
0.415,20,2,1,inter,u_mesh/GEN_R[2].r/u_datapath/local_vc2_fifo/rd_ptr_reg[1]/C,u_mesh/GEN_R[1].r/u_datapath/east_vc1_fifo/fifo_mem_reg[0][flit_data]_0_3_6_11/RAMC_D1/I
0.415,19,0,1,inter,u_mesh/GEN_R[0].r/u_datapath/east_vc1_fifo/rd_ptr_reg[0]/C,u_mesh/GEN_R[1].r/u_datapath/west_vc0_fifo/fifo_mem_reg[0][flit_data]_0_3_6_11/RAMC/I
0.415,20,1,4,inter,u_mesh/GEN_R[1].r/u_datapath/west_vc2_fifo/rd_ptr_reg[1]/C,u_mesh/GEN_R[4].r/u_datapath/north_vc0_fifo/fifo_mem_reg[0][flit_data]_0_3_18_23/RAMB/I
0.416,20,1,4,inter,u_mesh/GEN_R[1].r/u_datapath/west_vc2_fifo/rd_ptr_reg[1]/C,u_mesh/GEN_R[4].r/u_datapath/north_vc0_fifo/fifo_mem_reg[0][flit_data]_0_3_6_11/RAMA_D1/I
0.416,20,1,4,inter,u_mesh/GEN_R[1].r/u_datapath/west_vc2_fifo/rd_ptr_reg[1]/C,u_mesh/GEN_R[4].r/u_datapath/north_vc0_fifo/fifo_mem_reg[0][flit_data]_0_3_12_17/RAMC/I
0.416,21,3,0,inter,u_mesh/GEN_R[3].r/u_datapath/east_vc1_fifo/rd_ptr_reg[1]_replica/C,u_mesh/GEN_R[0].r/u_datapath/south_vc2_fifo/wr_ptr_reg[1]/D
0.416,20,0,0,intra,u_mesh/GEN_R[0].r/u_datapath/east_vc1_fifo/rd_ptr_reg[0]/C,u_mesh/GEN_R[0].r/u_eject_fifo/fifo_mem_reg[0][vc_id]_0_15_1_1/DP/I
0.418,21,3,4,inter,u_mesh/GEN_R[3].r/u_datapath/east_vc1_fifo/rd_ptr_reg[1]_replica/C,u_mesh/GEN_R[4].r/u_datapath/west_vc1_fifo/count_reg[1]/D
0.420,22,1,0,inter,u_mesh/GEN_R[1].r/u_datapath/west_vc2_fifo/rd_ptr_reg[1]/C,u_mesh/GEN_R[0].r/u_datapath/east_vc1_fifo/wr_ptr_reg[1]/D
0.420,20,2,2,intra,u_mesh/GEN_R[2].r/u_datapath/local_vc2_fifo/rd_ptr_reg[1]/C,u_mesh/GEN_R[2].r/u_eject_fifo/fifo_mem_reg[0][flit_type]_0_15_0_0/DP/I
0.420,19,1,0,inter,u_mesh/GEN_R[1].r/u_datapath/south_vc1_fifo/rd_ptr_reg[1]_replica/C,u_mesh/GEN_R[0].r/u_datapath/east_vc1_fifo/fifo_mem_reg[0][flit_data]_0_3_24_29/RAMB_D1/I
0.421,20,1,4,inter,u_mesh/GEN_R[1].r/u_datapath/west_vc2_fifo/rd_ptr_reg[1]/C,u_mesh/GEN_R[4].r/u_datapath/north_vc2_fifo/fifo_mem_reg[0][flit_data]_0_3_30_31__0/DP/I
0.421,20,4,1,inter,u_mesh/GEN_R[4].r/u_datapath/west_vc0_fifo/rd_ptr_reg[0]/C,u_mesh/GEN_R[1].r/u_datapath/south_vc2_fifo/fifo_mem_reg[0][flit_data]_0_3_24_29/RAMA/I
0.422,20,2,5,inter,u_mesh/GEN_R[2].r/u_datapath/local_vc2_fifo/rd_ptr_reg[1]/C,u_mesh/GEN_R[5].r/u_datapath/north_vc1_fifo/fifo_mem_reg[0][flit_data]_0_3_12_17/RAMC_D1/I
0.422,20,2,5,inter,u_mesh/GEN_R[2].r/u_datapath/local_vc2_fifo/rd_ptr_reg[1]/C,u_mesh/GEN_R[5].r/u_datapath/north_vc0_fifo/fifo_mem_reg[0][vc_id]_0_3_0_0/DP/I
0.423,19,3,3,intra,u_mesh/GEN_R[3].r/u_datapath/east_vc1_fifo/rd_ptr_reg[1]_replica/C,u_mesh/GEN_R[3].r/u_eject_fifo/fifo_mem_reg[0][flit_data]_0_15_6_11/RAMA/I
0.424,20,1,4,inter,u_mesh/GEN_R[1].r/u_datapath/west_vc2_fifo/rd_ptr_reg[1]/C,u_mesh/GEN_R[4].r/u_datapath/north_vc0_fifo/fifo_mem_reg[0][flit_type]_0_3_0_0/SP/I
0.426,20,1,2,inter,u_mesh/GEN_R[1].r/u_datapath/west_vc2_fifo/rd_ptr_reg[1]/C,u_mesh/GEN_R[2].r/u_datapath/west_vc1_fifo/fifo_mem_reg[0][flit_data]_0_3_24_29/RAMA_D1/I
0.427,20,2,1,inter,u_mesh/GEN_R[2].r/u_datapath/local_vc2_fifo/rd_ptr_reg[1]/C,u_mesh/GEN_R[1].r/u_datapath/east_vc0_fifo/fifo_mem_reg[0][flit_data]_0_3_12_17/RAMC_D1/I
0.428,20,4,4,intra,u_mesh/GEN_R[4].r/u_datapath/west_vc0_fifo/rd_ptr_reg[0]/C,u_mesh/GEN_R[4].r/u_eject_fifo/fifo_mem_reg[0][flit_data]_0_15_24_29/RAMC/I
0.429,20,2,2,intra,u_mesh/GEN_R[2].r/u_datapath/local_vc2_fifo/rd_ptr_reg[1]/C,u_mesh/GEN_R[2].r/u_eject_fifo/fifo_mem_reg[0][flit_data]_0_15_18_23/RAMA/I
0.429,20,0,1,inter,u_mesh/GEN_R[0].r/u_datapath/east_vc1_fifo/rd_ptr_reg[0]/C,u_mesh/GEN_R[1].r/u_datapath/west_vc1_fifo/fifo_mem_reg[0][flit_data]_0_3_0_5/RAMB/I
0.430,20,1,2,inter,u_mesh/GEN_R[1].r/u_datapath/west_vc2_fifo/rd_ptr_reg[1]/C,u_mesh/GEN_R[2].r/u_datapath/west_vc2_fifo/fifo_mem_reg[0][flit_data]_0_3_12_17/RAMB/I
0.430,20,2,1,inter,u_mesh/GEN_R[2].r/u_datapath/local_vc2_fifo/rd_ptr_reg[1]/C,u_mesh/GEN_R[1].r/u_datapath/east_vc1_fifo/fifo_mem_reg[0][flit_data]_0_3_0_5/RAMC/I
0.430,20,2,1,inter,u_mesh/GEN_R[2].r/u_datapath/local_vc2_fifo/rd_ptr_reg[1]/C,u_mesh/GEN_R[1].r/u_datapath/east_vc2_fifo/fifo_mem_reg[0][flit_data]_0_3_6_11/RAMC_D1/I
0.431,20,0,0,intra,u_mesh/GEN_R[0].r/u_datapath/east_vc1_fifo/rd_ptr_reg[0]/C,u_mesh/GEN_R[0].r/u_eject_fifo/fifo_mem_reg[0][flit_data]_0_15_18_23/RAMA/WE
0.431,20,0,0,intra,u_mesh/GEN_R[0].r/u_datapath/east_vc1_fifo/rd_ptr_reg[0]/C,u_mesh/GEN_R[0].r/u_eject_fifo/fifo_mem_reg[0][flit_data]_0_15_18_23/RAMA_D1/WE
0.431,20,0,0,intra,u_mesh/GEN_R[0].r/u_datapath/east_vc1_fifo/rd_ptr_reg[0]/C,u_mesh/GEN_R[0].r/u_eject_fifo/fifo_mem_reg[0][flit_data]_0_15_18_23/RAMB/WE
0.431,20,0,0,intra,u_mesh/GEN_R[0].r/u_datapath/east_vc1_fifo/rd_ptr_reg[0]/C,u_mesh/GEN_R[0].r/u_eject_fifo/fifo_mem_reg[0][flit_data]_0_15_18_23/RAMB_D1/WE
0.431,20,0,0,intra,u_mesh/GEN_R[0].r/u_datapath/east_vc1_fifo/rd_ptr_reg[0]/C,u_mesh/GEN_R[0].r/u_eject_fifo/fifo_mem_reg[0][flit_data]_0_15_18_23/RAMC/WE
0.431,20,0,0,intra,u_mesh/GEN_R[0].r/u_datapath/east_vc1_fifo/rd_ptr_reg[0]/C,u_mesh/GEN_R[0].r/u_eject_fifo/fifo_mem_reg[0][flit_data]_0_15_18_23/RAMC_D1/WE
0.431,20,0,0,intra,u_mesh/GEN_R[0].r/u_datapath/east_vc1_fifo/rd_ptr_reg[0]/C,u_mesh/GEN_R[0].r/u_eject_fifo/fifo_mem_reg[0][flit_data]_0_15_18_23/RAMD/WE
0.431,20,0,0,intra,u_mesh/GEN_R[0].r/u_datapath/east_vc1_fifo/rd_ptr_reg[0]/C,u_mesh/GEN_R[0].r/u_eject_fifo/fifo_mem_reg[0][flit_data]_0_15_18_23/RAMD_D1/WE
0.432,20,2,2,intra,u_mesh/GEN_R[2].r/u_datapath/local_vc2_fifo/rd_ptr_reg[1]/C,u_mesh/GEN_R[2].r/u_eject_fifo/fifo_mem_reg[0][flit_data]_0_15_0_5/RAMB/I
0.432,20,2,1,inter,u_mesh/GEN_R[2].r/u_datapath/local_vc2_fifo/rd_ptr_reg[1]/C,u_mesh/GEN_R[1].r/u_datapath/east_vc2_fifo/fifo_mem_reg[0][flit_data]_0_3_6_11/RAMB/I
0.433,20,1,0,inter,u_mesh/GEN_R[1].r/u_datapath/west_vc2_fifo/rd_ptr_reg[1]/C,u_mesh/GEN_R[0].r/u_datapath/east_vc2_fifo/fifo_mem_reg[0][flit_data]_0_3_6_11/RAMB/I
0.433,20,1,4,inter,u_mesh/GEN_R[1].r/u_datapath/west_vc2_fifo/rd_ptr_reg[1]/C,u_mesh/GEN_R[4].r/u_datapath/north_vc1_fifo/fifo_mem_reg[0][flit_type]_0_3_0_0/SP/I
0.434,20,1,0,inter,u_mesh/GEN_R[1].r/u_datapath/west_vc2_fifo/rd_ptr_reg[1]/C,u_mesh/GEN_R[0].r/u_datapath/east_vc0_fifo/fifo_mem_reg[0][flit_type]_0_3_0_0/SP/I
0.436,20,1,2,inter,u_mesh/GEN_R[1].r/u_datapath/west_vc2_fifo/rd_ptr_reg[1]/C,u_mesh/GEN_R[2].r/u_datapath/west_vc1_fifo/fifo_mem_reg[0][flit_data]_0_3_18_23/RAMC/I
0.436,20,1,2,inter,u_mesh/GEN_R[1].r/u_datapath/west_vc2_fifo/rd_ptr_reg[1]/C,u_mesh/GEN_R[2].r/u_datapath/west_vc2_fifo/fifo_mem_reg[0][flit_data]_0_3_18_23/RAMC/I
0.436,20,1,2,inter,u_mesh/GEN_R[1].r/u_datapath/west_vc2_fifo/rd_ptr_reg[1]/C,u_mesh/GEN_R[2].r/u_datapath/west_vc2_fifo/fifo_mem_reg[0][flit_data]_0_3_0_5/RAMA/I
0.437,20,1,4,inter,u_mesh/GEN_R[1].r/u_datapath/west_vc2_fifo/rd_ptr_reg[1]/C,u_mesh/GEN_R[4].r/u_datapath/north_vc2_fifo/fifo_mem_reg[0][flit_data]_0_3_24_29/RAMB_D1/I
0.437,21,3,0,inter,u_mesh/GEN_R[3].r/u_datapath/east_vc1_fifo/rd_ptr_reg[1]_replica/C,u_mesh/GEN_R[0].r/u_datapath/south_vc2_fifo/count_reg[0]/D
0.437,19,0,1,inter,u_mesh/GEN_R[0].r/u_datapath/south_vc1_fifo/rd_ptr_reg[1]/C,u_mesh/GEN_R[1].r/u_datapath/west_vc1_fifo/fifo_mem_reg[0][flit_data]_0_3_30_31/SP/I
0.437,19,3,0,inter,u_mesh/GEN_R[3].r/u_datapath/east_vc1_fifo/rd_ptr_reg[1]_replica/C,u_mesh/GEN_R[0].r/u_datapath/south_vc0_fifo/fifo_mem_reg[0][flit_data]_0_3_6_11/RAMC_D1/I
0.438,20,2,5,inter,u_mesh/GEN_R[2].r/u_datapath/local_vc2_fifo/rd_ptr_reg[1]/C,u_mesh/GEN_R[5].r/u_datapath/north_vc1_fifo/fifo_mem_reg[0][flit_data]_0_3_30_31/SP/I
0.438,19,3,4,inter,u_mesh/GEN_R[3].r/u_datapath/east_vc1_fifo/rd_ptr_reg[1]_replica/C,u_mesh/GEN_R[4].r/u_datapath/west_vc1_fifo/fifo_mem_reg[0][flit_data]_0_3_6_11/RAMC/I
0.439,19,5,2,inter,u_mesh/GEN_R[5].r/u_datapath/local_vc1_fifo/rd_ptr_reg[0]/C,u_mesh/GEN_R[2].r/u_datapath/south_vc2_fifo/fifo_mem_reg[0][flit_data]_0_3_12_17/RAMA_D1/I
0.439,20,1,0,inter,u_mesh/GEN_R[1].r/u_datapath/west_vc2_fifo/rd_ptr_reg[1]/C,u_mesh/GEN_R[0].r/u_datapath/east_vc1_fifo/fifo_mem_reg[0][flit_data]_0_3_0_5/RAMC/I
0.439,19,3,4,inter,u_mesh/GEN_R[3].r/u_datapath/east_vc1_fifo/rd_ptr_reg[1]_replica/C,u_mesh/GEN_R[4].r/u_datapath/west_vc2_fifo/fifo_mem_reg[0][flit_data]_0_3_0_5/RAMA/I
0.439,20,1,2,inter,u_mesh/GEN_R[1].r/u_datapath/west_vc2_fifo/rd_ptr_reg[1]/C,u_mesh/GEN_R[2].r/u_datapath/west_vc2_fifo/fifo_mem_reg[0][flit_data]_0_3_12_17/RAMA/I
0.441,19,0,1,inter,u_mesh/GEN_R[0].r/u_datapath/east_vc1_fifo/rd_ptr_reg[0]/C,u_mesh/GEN_R[1].r/u_datapath/west_vc1_fifo/fifo_mem_reg[0][flit_data]_0_3_6_11/RAMB_D1/I
0.442,19,5,2,inter,u_mesh/GEN_R[5].r/u_datapath/local_vc1_fifo/rd_ptr_reg[0]/C,u_mesh/GEN_R[2].r/u_datapath/south_vc0_fifo/fifo_mem_reg[0][flit_type]_0_3_0_0/DP/I
0.442,20,1,4,inter,u_mesh/GEN_R[1].r/u_datapath/west_vc2_fifo/rd_ptr_reg[1]/C,u_mesh/GEN_R[4].r/u_datapath/north_vc0_fifo/fifo_mem_reg[0][flit_data]_0_3_18_23/RAMC_D1/I
0.443,21,5,4,inter,u_mesh/GEN_R[5].r/u_datapath/local_vc1_fifo/rd_ptr_reg[0]/C,u_mesh/GEN_R[4].r/u_datapath/east_vc2_fifo/count_reg[1]/D
0.443,20,2,1,inter,u_mesh/GEN_R[2].r/u_datapath/local_vc2_fifo/rd_ptr_reg[1]/C,u_mesh/GEN_R[1].r/u_datapath/east_vc2_fifo/fifo_mem_reg[0][flit_data]_0_3_0_5/RAMC/I
0.443,19,0,1,inter,u_mesh/GEN_R[0].r/u_datapath/east_vc1_fifo/rd_ptr_reg[0]/C,u_mesh/GEN_R[1].r/u_datapath/west_vc0_fifo/fifo_mem_reg[0][flit_data]_0_3_6_11/RAMC_D1/I
0.443,20,2,5,inter,u_mesh/GEN_R[2].r/u_datapath/local_vc2_fifo/rd_ptr_reg[1]/C,u_mesh/GEN_R[5].r/u_datapath/north_vc1_fifo/fifo_mem_reg[0][flit_data]_0_3_18_23/RAMC_D1/I
0.444,20,0,1,inter,u_mesh/GEN_R[0].r/u_datapath/east_vc1_fifo/rd_ptr_reg[0]/C,u_mesh/GEN_R[1].r/u_datapath/west_vc1_fifo/fifo_mem_reg[0][flit_data]_0_3_18_23/RAMB_D1/I
0.445,20,2,5,inter,u_mesh/GEN_R[2].r/u_datapath/local_vc2_fifo/rd_ptr_reg[1]/C,u_mesh/GEN_R[5].r/u_datapath/north_vc1_fifo/fifo_mem_reg[0][flit_data]_0_3_18_23/RAMA_D1/I
0.446,20,1,0,inter,u_mesh/GEN_R[1].r/u_datapath/west_vc2_fifo/rd_ptr_reg[1]/C,u_mesh/GEN_R[0].r/u_datapath/east_vc2_fifo/fifo_mem_reg[0][flit_data]_0_3_18_23/RAMB_D1/I
0.447,20,2,1,inter,u_mesh/GEN_R[2].r/u_datapath/local_vc2_fifo/rd_ptr_reg[1]/C,u_mesh/GEN_R[1].r/u_datapath/east_vc0_fifo/fifo_mem_reg[0][flit_data]_0_3_0_5/RAMA_D1/I
0.448,20,0,1,inter,u_mesh/GEN_R[0].r/u_datapath/east_vc1_fifo/rd_ptr_reg[0]/C,u_mesh/GEN_R[1].r/u_datapath/west_vc1_fifo/fifo_mem_reg[0][flit_data]_0_3_18_23/RAMC_D1/I
0.449,20,4,1,inter,u_mesh/GEN_R[4].r/u_datapath/west_vc0_fifo/rd_ptr_reg[0]/C,u_mesh/GEN_R[1].r/u_datapath/south_vc2_fifo/fifo_mem_reg[0][flit_data]_0_3_6_11/RAMB_D1/I
0.450,20,1,4,inter,u_mesh/GEN_R[1].r/u_datapath/west_vc2_fifo/rd_ptr_reg[1]/C,u_mesh/GEN_R[4].r/u_datapath/north_vc1_fifo/fifo_mem_reg[0][flit_data]_0_3_18_23/RAMA/I
0.450,20,2,5,inter,u_mesh/GEN_R[2].r/u_datapath/local_vc2_fifo/rd_ptr_reg[1]/C,u_mesh/GEN_R[5].r/u_datapath/north_vc2_fifo/fifo_mem_reg[0][flit_data]_0_3_30_31/SP/I
0.452,20,0,0,intra,u_mesh/GEN_R[0].r/u_datapath/east_vc1_fifo/rd_ptr_reg[0]/C,u_mesh/GEN_R[0].r/u_eject_fifo/fifo_mem_reg[0][flit_data]_0_15_6_11/RAMC/I
0.452,18,3,3,intra,u_mesh/GEN_R[3].r/u_datapath/local_vc2_fifo/rd_ptr_reg[1]/C,u_mesh/GEN_R[3].r/u_eject_fifo/fifo_mem_reg[0][flit_data]_0_15_6_11/RAMB_D1/I
0.454,19,3,4,inter,u_mesh/GEN_R[3].r/u_datapath/east_vc1_fifo/rd_ptr_reg[1]_replica/C,u_mesh/GEN_R[4].r/u_datapath/west_vc2_fifo/fifo_mem_reg[0][flit_data]_0_3_24_29/RAMA/I
0.454,20,0,1,inter,u_mesh/GEN_R[0].r/u_datapath/east_vc1_fifo/rd_ptr_reg[0]/C,u_mesh/GEN_R[1].r/u_datapath/west_vc1_fifo/fifo_mem_reg[0][flit_data]_0_3_6_11/RAMA/I
0.454,20,2,5,inter,u_mesh/GEN_R[2].r/u_datapath/local_vc2_fifo/rd_ptr_reg[1]/C,u_mesh/GEN_R[5].r/u_datapath/north_vc0_fifo/fifo_mem_reg[0][flit_data]_0_3_18_23/RAMC_D1/I
0.454,20,2,5,inter,u_mesh/GEN_R[2].r/u_datapath/local_vc2_fifo/rd_ptr_reg[1]/C,u_mesh/GEN_R[5].r/u_datapath/north_vc0_fifo/fifo_mem_reg[0][flit_data]_0_3_12_17/RAMB_D1/I
0.456,20,1,4,inter,u_mesh/GEN_R[1].r/u_datapath/west_vc2_fifo/rd_ptr_reg[1]/C,u_mesh/GEN_R[4].r/u_datapath/north_vc2_fifo/fifo_mem_reg[0][flit_data]_0_3_12_17/RAMA_D1/I
0.456,19,3,4,inter,u_mesh/GEN_R[3].r/u_datapath/east_vc1_fifo/rd_ptr_reg[1]_replica/C,u_mesh/GEN_R[4].r/u_datapath/west_vc2_fifo/fifo_mem_reg[0][flit_data]_0_3_18_23/RAMA_D1/I
0.456,20,2,5,inter,u_mesh/GEN_R[2].r/u_datapath/local_vc2_fifo/rd_ptr_reg[1]/C,u_mesh/GEN_R[5].r/u_datapath/north_vc0_fifo/fifo_mem_reg[0][flit_data]_0_3_12_17/RAMA/I
0.456,20,2,2,intra,u_mesh/GEN_R[2].r/u_datapath/local_vc2_fifo/rd_ptr_reg[1]/C,u_mesh/GEN_R[2].r/u_eject_fifo/fifo_mem_reg[0][vc_id]_0_15_0_0/DP/WE
0.456,20,2,2,intra,u_mesh/GEN_R[2].r/u_datapath/local_vc2_fifo/rd_ptr_reg[1]/C,u_mesh/GEN_R[2].r/u_eject_fifo/fifo_mem_reg[0][vc_id]_0_15_0_0/SP/WE
0.456,20,2,2,intra,u_mesh/GEN_R[2].r/u_datapath/local_vc2_fifo/rd_ptr_reg[1]/C,u_mesh/GEN_R[2].r/u_eject_fifo/fifo_mem_reg[0][vc_id]_0_15_1_1/DP/WE
0.456,20,2,2,intra,u_mesh/GEN_R[2].r/u_datapath/local_vc2_fifo/rd_ptr_reg[1]/C,u_mesh/GEN_R[2].r/u_eject_fifo/fifo_mem_reg[0][vc_id]_0_15_1_1/SP/WE
0.457,20,0,1,inter,u_mesh/GEN_R[0].r/u_datapath/east_vc1_fifo/rd_ptr_reg[0]/C,u_mesh/GEN_R[1].r/u_datapath/west_vc0_fifo/fifo_mem_reg[0][flit_data]_0_3_6_11/RAMB/I
0.457,20,0,3,inter,u_mesh/GEN_R[0].r/u_datapath/east_vc1_fifo/rd_ptr_reg[0]/C,u_mesh/GEN_R[3].r/u_datapath/north_vc1_fifo/fifo_mem_reg[0][flit_data]_0_3_0_5/RAMB/I
0.458,20,1,0,inter,u_mesh/GEN_R[1].r/u_datapath/west_vc2_fifo/rd_ptr_reg[1]/C,u_mesh/GEN_R[0].r/u_datapath/east_vc0_fifo/fifo_mem_reg[0][flit_data]_0_3_12_17/RAMC_D1/I
0.458,20,0,3,inter,u_mesh/GEN_R[0].r/u_datapath/east_vc1_fifo/rd_ptr_reg[0]/C,u_mesh/GEN_R[3].r/u_datapath/north_vc1_fifo/fifo_mem_reg[0][flit_data]_0_3_0_5/RAMC_D1/I
0.459,20,1,0,inter,u_mesh/GEN_R[1].r/u_datapath/west_vc2_fifo/rd_ptr_reg[1]/C,u_mesh/GEN_R[0].r/u_datapath/east_vc1_fifo/fifo_mem_reg[0][flit_data]_0_3_0_5/RAMB_D1/I
0.460,18,1,1,intra,u_mesh/GEN_R[1].r/u_datapath/east_vc1_fifo/rd_ptr_reg[1]/C,u_mesh/GEN_R[1].r/u_allocator/output_owner_reg[0][0]/CE
0.460,18,1,1,intra,u_mesh/GEN_R[1].r/u_datapath/east_vc1_fifo/rd_ptr_reg[1]/C,u_mesh/GEN_R[1].r/u_allocator/output_owner_reg[0][1]/CE
0.460,20,0,0,intra,u_mesh/GEN_R[0].r/u_datapath/east_vc1_fifo/rd_ptr_reg[0]/C,u_mesh/GEN_R[0].r/u_eject_fifo/fifo_mem_reg[0][flit_data]_0_15_30_31__0/SP/I
0.460,19,3,4,inter,u_mesh/GEN_R[3].r/u_datapath/east_vc1_fifo/rd_ptr_reg[1]_replica/C,u_mesh/GEN_R[4].r/u_datapath/west_vc1_fifo/fifo_mem_reg[0][flit_type]_0_3_0_0/SP/I
0.461,20,2,1,inter,u_mesh/GEN_R[2].r/u_datapath/local_vc2_fifo/rd_ptr_reg[1]/C,u_mesh/GEN_R[1].r/u_datapath/east_vc1_fifo/fifo_mem_reg[0][flit_data]_0_3_6_11/RAMB/I
0.462,21,0,1,inter,u_mesh/GEN_R[0].r/u_datapath/east_vc1_fifo/rd_ptr_reg[0]/C,u_mesh/GEN_R[1].r/u_datapath/west_vc2_fifo/wr_ptr_reg[0]/D
0.462,21,3,0,inter,u_mesh/GEN_R[3].r/u_datapath/east_vc1_fifo/rd_ptr_reg[1]_replica/C,u_mesh/GEN_R[0].r/u_datapath/south_vc2_fifo/count_reg[2]/D
0.462,20,1,4,inter,u_mesh/GEN_R[1].r/u_datapath/west_vc2_fifo/rd_ptr_reg[1]/C,u_mesh/GEN_R[4].r/u_datapath/north_vc2_fifo/fifo_mem_reg[0][flit_data]_0_3_18_23/RAMC_D1/I
0.463,20,0,0,intra,u_mesh/GEN_R[0].r/u_datapath/east_vc1_fifo/rd_ptr_reg[0]/C,u_mesh/GEN_R[0].r/u_eject_fifo/fifo_mem_reg[0][flit_data]_0_15_0_5/RAMA/I
0.465,20,4,1,inter,u_mesh/GEN_R[4].r/u_datapath/west_vc0_fifo/rd_ptr_reg[0]/C,u_mesh/GEN_R[1].r/u_datapath/south_vc1_fifo/fifo_mem_reg[0][vc_id]_0_3_1_1/DP/I
0.466,19,3,0,inter,u_mesh/GEN_R[3].r/u_datapath/east_vc1_fifo/rd_ptr_reg[1]_replica/C,u_mesh/GEN_R[0].r/u_datapath/south_vc0_fifo/fifo_mem_reg[0][flit_type]_0_3_0_0/DP/I
0.466,20,1,2,inter,u_mesh/GEN_R[1].r/u_datapath/west_vc2_fifo/rd_ptr_reg[1]/C,u_mesh/GEN_R[2].r/u_datapath/west_vc2_fifo/fifo_mem_reg[0][flit_data]_0_3_18_23/RAMB_D1/I
0.467,20,0,1,inter,u_mesh/GEN_R[0].r/u_datapath/east_vc1_fifo/rd_ptr_reg[0]/C,u_mesh/GEN_R[1].r/u_datapath/west_vc1_fifo/fifo_mem_reg[0][flit_data]_0_3_0_5/RAMB_D1/I
0.467,20,0,1,inter,u_mesh/GEN_R[0].r/u_datapath/east_vc1_fifo/rd_ptr_reg[0]/C,u_mesh/GEN_R[1].r/u_datapath/west_vc0_fifo/fifo_mem_reg[0][flit_data]_0_3_18_23/RAMC/I
0.467,19,3,4,inter,u_mesh/GEN_R[3].r/u_datapath/east_vc1_fifo/rd_ptr_reg[1]_replica/C,u_mesh/GEN_R[4].r/u_datapath/west_vc0_fifo/fifo_mem_reg[0][flit_data]_0_3_6_11/RAMA_D1/I
0.467,22,1,4,inter,u_mesh/GEN_R[1].r/u_datapath/local_vc0_fifo/rd_ptr_reg[0]/C,u_mesh/GEN_R[4].r/u_datapath/north_vc1_fifo/wr_ptr_reg[0]/D
0.467,19,0,1,inter,u_mesh/GEN_R[0].r/u_datapath/south_vc1_fifo/rd_ptr_reg[1]/C,u_mesh/GEN_R[1].r/u_datapath/west_vc2_fifo/fifo_mem_reg[0][flit_data]_0_3_12_17/RAMC/I
0.468,20,2,5,inter,u_mesh/GEN_R[2].r/u_datapath/local_vc2_fifo/rd_ptr_reg[1]/C,u_mesh/GEN_R[5].r/u_datapath/north_vc1_fifo/fifo_mem_reg[0][flit_type]_0_3_0_0/SP/I
0.469,19,0,1,inter,u_mesh/GEN_R[0].r/u_datapath/east_vc1_fifo/rd_ptr_reg[0]/C,u_mesh/GEN_R[1].r/u_datapath/west_vc0_fifo/fifo_mem_reg[0][vc_id]_0_3_1_1/DP/I
0.469,20,0,0,intra,u_mesh/GEN_R[0].r/u_datapath/south_vc1_fifo/rd_ptr_reg[1]/C,u_mesh/GEN_R[0].r/u_eject_fifo/fifo_mem_reg[0][flit_data]_0_15_0_5/RAMB_D1/I
0.469,20,1,0,inter,u_mesh/GEN_R[1].r/u_datapath/west_vc2_fifo/rd_ptr_reg[1]/C,u_mesh/GEN_R[0].r/u_datapath/east_vc2_fifo/fifo_mem_reg[0][flit_data]_0_3_0_5/RAMB_D1/I
0.469,20,4,4,intra,u_mesh/GEN_R[4].r/u_datapath/local_vc2_fifo/rd_ptr_reg[0]_replica/C,u_mesh/GEN_R[4].r/u_eject_fifo/fifo_mem_reg[0][flit_data]_0_15_30_31/DP/I
0.472,20,1,4,inter,u_mesh/GEN_R[1].r/u_datapath/west_vc2_fifo/rd_ptr_reg[1]/C,u_mesh/GEN_R[4].r/u_datapath/north_vc1_fifo/fifo_mem_reg[0][flit_data]_0_3_30_31__0/DP/I
0.472,20,1,4,inter,u_mesh/GEN_R[1].r/u_datapath/west_vc2_fifo/rd_ptr_reg[1]/C,u_mesh/GEN_R[4].r/u_datapath/north_vc0_fifo/fifo_mem_reg[0][flit_data]_0_3_0_5/RAMA/I
0.472,22,1,4,inter,u_mesh/GEN_R[1].r/u_datapath/local_vc0_fifo/rd_ptr_reg[0]/C,u_mesh/GEN_R[4].r/u_datapath/north_vc1_fifo/wr_ptr_reg[1]/D
0.472,20,1,4,inter,u_mesh/GEN_R[1].r/u_datapath/local_vc0_fifo/rd_ptr_reg[0]/C,u_mesh/GEN_R[4].r/u_datapath/north_vc0_fifo/fifo_mem_reg[0][flit_data]_0_3_12_17/RAMB_D1/I
0.473,20,0,3,inter,u_mesh/GEN_R[0].r/u_datapath/east_vc1_fifo/rd_ptr_reg[0]/C,u_mesh/GEN_R[3].r/u_datapath/north_vc2_fifo/fifo_mem_reg[0][flit_data]_0_3_18_23/RAMB/I
0.473,20,1,1,intra,u_mesh/GEN_R[1].r/u_datapath/west_vc2_fifo/rd_ptr_reg[1]/C,u_mesh/GEN_R[1].r/u_eject_fifo/fifo_mem_reg[0][flit_data]_0_15_18_23/RAMA_D1/I
0.473,20,2,5,inter,u_mesh/GEN_R[2].r/u_datapath/local_vc2_fifo/rd_ptr_reg[1]/C,u_mesh/GEN_R[5].r/u_datapath/north_vc2_fifo/fifo_mem_reg[0][flit_data]_0_3_18_23/RAMB_D1/I
0.473,20,0,0,intra,u_mesh/GEN_R[0].r/u_datapath/east_vc1_fifo/rd_ptr_reg[0]/C,u_mesh/GEN_R[0].r/u_eject_fifo/fifo_mem_reg[0][flit_type]_0_15_0_0/SP/I
0.474,22,0,3,inter,u_mesh/GEN_R[0].r/u_datapath/east_vc1_fifo/rd_ptr_reg[0]/C,u_mesh/GEN_R[3].r/u_datapath/north_vc1_fifo/wr_ptr_reg[0]/D
0.475,20,1,4,inter,u_mesh/GEN_R[1].r/u_datapath/west_vc2_fifo/rd_ptr_reg[1]/C,u_mesh/GEN_R[4].r/u_datapath/north_vc1_fifo/fifo_mem_reg[0][vc_id]_0_3_0_0/DP/I
0.476,20,2,1,inter,u_mesh/GEN_R[2].r/u_datapath/local_vc2_fifo/rd_ptr_reg[1]/C,u_mesh/GEN_R[1].r/u_datapath/east_vc1_fifo/fifo_mem_reg[0][flit_data]_0_3_30_31/DP/I
0.476,20,1,0,inter,u_mesh/GEN_R[1].r/u_datapath/west_vc2_fifo/rd_ptr_reg[1]/C,u_mesh/GEN_R[0].r/u_datapath/east_vc1_fifo/fifo_mem_reg[0][flit_data]_0_3_24_29/RAMC/I
0.476,20,1,0,inter,u_mesh/GEN_R[1].r/u_datapath/west_vc2_fifo/rd_ptr_reg[1]/C,u_mesh/GEN_R[0].r/u_datapath/east_vc0_fifo/fifo_mem_reg[0][flit_data]_0_3_18_23/RAMB_D1/I
0.477,19,3,4,inter,u_mesh/GEN_R[3].r/u_datapath/east_vc1_fifo/rd_ptr_reg[1]_replica/C,u_mesh/GEN_R[4].r/u_datapath/west_vc0_fifo/fifo_mem_reg[0][flit_type]_0_3_0_0/DP/I
0.477,19,5,5,intra,u_mesh/GEN_R[5].r/u_datapath/local_vc1_fifo/rd_ptr_reg[0]/C,u_mesh/GEN_R[5].r/u_eject_fifo/fifo_mem_reg[0][flit_data]_0_15_12_17/RAMA_D1/I
0.478,20,0,1,inter,u_mesh/GEN_R[0].r/u_datapath/east_vc1_fifo/rd_ptr_reg[0]/C,u_mesh/GEN_R[1].r/u_datapath/west_vc0_fifo/fifo_mem_reg[0][flit_data]_0_3_0_5/RAMB_D1/I
0.479,19,3,4,inter,u_mesh/GEN_R[3].r/u_datapath/east_vc1_fifo/rd_ptr_reg[1]_replica/C,u_mesh/GEN_R[4].r/u_datapath/west_vc2_fifo/fifo_mem_reg[0][flit_data]_0_3_6_11/RAMB_D1/I
0.479,19,3,0,inter,u_mesh/GEN_R[3].r/u_datapath/east_vc1_fifo/rd_ptr_reg[1]_replica/C,u_mesh/GEN_R[0].r/u_datapath/south_vc1_fifo/fifo_mem_reg[0][flit_data]_0_3_30_31/DP/I
0.479,22,1,4,inter,u_mesh/GEN_R[1].r/u_datapath/local_vc0_fifo/rd_ptr_reg[0]/C,u_mesh/GEN_R[4].r/u_datapath/north_vc2_fifo/wr_ptr_reg[0]/D
0.479,19,3,0,inter,u_mesh/GEN_R[3].r/u_datapath/east_vc1_fifo/rd_ptr_reg[1]_replica/C,u_mesh/GEN_R[0].r/u_datapath/south_vc1_fifo/fifo_mem_reg[0][flit_type]_0_3_1_1/SP/I
0.479,20,1,4,inter,u_mesh/GEN_R[1].r/u_datapath/west_vc2_fifo/rd_ptr_reg[1]/C,u_mesh/GEN_R[4].r/u_datapath/north_vc0_fifo/fifo_mem_reg[0][flit_data]_0_3_12_17/RAMB/I
0.480,20,0,0,intra,u_mesh/GEN_R[0].r/u_datapath/east_vc1_fifo/rd_ptr_reg[0]/C,u_mesh/GEN_R[0].r/u_eject_fifo/fifo_mem_reg[0][flit_data]_0_15_18_23/RAMC/I
0.480,20,2,2,intra,u_mesh/GEN_R[2].r/u_datapath/local_vc2_fifo/rd_ptr_reg[1]/C,u_mesh/GEN_R[2].r/u_eject_fifo/fifo_mem_reg[0][flit_data]_0_15_12_17/RAMC/I
0.480,20,0,1,inter,u_mesh/GEN_R[0].r/u_datapath/east_vc1_fifo/rd_ptr_reg[0]/C,u_mesh/GEN_R[1].r/u_datapath/west_vc1_fifo/fifo_mem_reg[0][flit_data]_0_3_0_5/RAMA/I
0.481,19,3,0,inter,u_mesh/GEN_R[3].r/u_datapath/east_vc1_fifo/rd_ptr_reg[1]_replica/C,u_mesh/GEN_R[0].r/u_datapath/south_vc0_fifo/fifo_mem_reg[0][flit_data]_0_3_12_17/RAMC_D1/I
0.481,21,0,1,inter,u_mesh/GEN_R[0].r/u_datapath/east_vc1_fifo/rd_ptr_reg[0]/C,u_mesh/GEN_R[1].r/u_datapath/west_vc1_fifo/wr_ptr_reg[1]/D
0.482,20,1,2,inter,u_mesh/GEN_R[1].r/u_datapath/west_vc2_fifo/rd_ptr_reg[1]/C,u_mesh/GEN_R[2].r/u_datapath/west_vc2_fifo/fifo_mem_reg[0][flit_data]_0_3_6_11/RAMC/I
0.482,19,5,4,inter,u_mesh/GEN_R[5].r/u_datapath/local_vc1_fifo/rd_ptr_reg[0]/C,u_mesh/GEN_R[4].r/u_datapath/east_vc0_fifo/fifo_mem_reg[0][flit_data]_0_3_6_11/RAMA/I
0.483,22,0,3,inter,u_mesh/GEN_R[0].r/u_datapath/east_vc1_fifo/rd_ptr_reg[0]/C,u_mesh/GEN_R[3].r/u_datapath/north_vc1_fifo/wr_ptr_reg[1]/D
0.484,20,1,2,inter,u_mesh/GEN_R[1].r/u_datapath/west_vc2_fifo/rd_ptr_reg[1]/C,u_mesh/GEN_R[2].r/u_datapath/west_vc1_fifo/fifo_mem_reg[0][vc_id]_0_3_0_0/SP/I
0.485,20,1,0,inter,u_mesh/GEN_R[1].r/u_datapath/west_vc2_fifo/rd_ptr_reg[1]/C,u_mesh/GEN_R[0].r/u_datapath/east_vc1_fifo/fifo_mem_reg[0][vc_id]_0_3_0_0/SP/I
0.485,18,3,3,intra,u_mesh/GEN_R[3].r/u_datapath/local_vc2_fifo/rd_ptr_reg[1]/C,u_mesh/GEN_R[3].r/u_eject_fifo/fifo_mem_reg[0][flit_data]_0_15_12_17/RAMC_D1/I
0.486,20,1,4,inter,u_mesh/GEN_R[1].r/u_datapath/west_vc2_fifo/rd_ptr_reg[1]/C,u_mesh/GEN_R[4].r/u_datapath/north_vc0_fifo/fifo_mem_reg[0][flit_data]_0_3_0_5/RAMC/I
0.487,20,1,2,inter,u_mesh/GEN_R[1].r/u_datapath/local_vc0_fifo/rd_ptr_reg[0]/C,u_mesh/GEN_R[2].r/u_datapath/west_vc1_fifo/fifo_mem_reg[0][flit_data]_0_3_18_23/RAMC_D1/I
0.488,20,1,1,intra,u_mesh/GEN_R[1].r/u_datapath/west_vc2_fifo/rd_ptr_reg[1]/C,u_mesh/GEN_R[1].r/u_eject_fifo/fifo_mem_reg[0][vc_id]_0_15_0_0/DP/I
0.489,19,0,1,inter,u_mesh/GEN_R[0].r/u_datapath/east_vc1_fifo/rd_ptr_reg[0]/C,u_mesh/GEN_R[1].r/u_datapath/west_vc1_fifo/fifo_mem_reg[0][flit_data]_0_3_6_11/RAMA_D1/I
0.489,21,3,0,inter,u_mesh/GEN_R[3].r/u_datapath/east_vc1_fifo/rd_ptr_reg[1]_replica/C,u_mesh/GEN_R[0].r/u_datapath/south_vc2_fifo/count_reg[1]/D
0.490,20,2,2,intra,u_mesh/GEN_R[2].r/u_datapath/south_vc1_fifo/rd_ptr_reg[1]/C,u_mesh/GEN_R[2].r/u_eject_fifo/fifo_mem_reg[0][flit_data]_0_15_30_31/DP/WE
0.490,20,2,2,intra,u_mesh/GEN_R[2].r/u_datapath/south_vc1_fifo/rd_ptr_reg[1]/C,u_mesh/GEN_R[2].r/u_eject_fifo/fifo_mem_reg[0][flit_data]_0_15_30_31/SP/WE
0.490,20,2,2,intra,u_mesh/GEN_R[2].r/u_datapath/south_vc1_fifo/rd_ptr_reg[1]/C,u_mesh/GEN_R[2].r/u_eject_fifo/fifo_mem_reg[0][flit_data]_0_15_30_31__0/DP/WE
0.490,20,2,2,intra,u_mesh/GEN_R[2].r/u_datapath/south_vc1_fifo/rd_ptr_reg[1]/C,u_mesh/GEN_R[2].r/u_eject_fifo/fifo_mem_reg[0][flit_data]_0_15_30_31__0/SP/WE
0.490,20,2,2,intra,u_mesh/GEN_R[2].r/u_datapath/south_vc1_fifo/rd_ptr_reg[1]/C,u_mesh/GEN_R[2].r/u_eject_fifo/fifo_mem_reg[0][flit_type]_0_15_0_0/DP/WE
0.490,20,2,2,intra,u_mesh/GEN_R[2].r/u_datapath/south_vc1_fifo/rd_ptr_reg[1]/C,u_mesh/GEN_R[2].r/u_eject_fifo/fifo_mem_reg[0][flit_type]_0_15_0_0/SP/WE
0.490,20,2,2,intra,u_mesh/GEN_R[2].r/u_datapath/south_vc1_fifo/rd_ptr_reg[1]/C,u_mesh/GEN_R[2].r/u_eject_fifo/fifo_mem_reg[0][flit_type]_0_15_1_1/DP/WE
0.490,20,2,2,intra,u_mesh/GEN_R[2].r/u_datapath/south_vc1_fifo/rd_ptr_reg[1]/C,u_mesh/GEN_R[2].r/u_eject_fifo/fifo_mem_reg[0][flit_type]_0_15_1_1/SP/WE
0.492,19,3,4,inter,u_mesh/GEN_R[3].r/u_datapath/east_vc1_fifo/rd_ptr_reg[1]_replica/C,u_mesh/GEN_R[4].r/u_datapath/west_vc1_fifo/fifo_mem_reg[0][flit_data]_0_3_0_5/RAMA/I
0.492,19,0,1,inter,u_mesh/GEN_R[0].r/u_datapath/east_vc1_fifo/rd_ptr_reg[0]/C,u_mesh/GEN_R[1].r/u_datapath/west_vc0_fifo/fifo_mem_reg[0][flit_data]_0_3_6_11/RAMA_D1/I
0.493,18,3,3,intra,u_mesh/GEN_R[3].r/u_datapath/local_vc2_fifo/rd_ptr_reg[1]/C,u_mesh/GEN_R[3].r/u_eject_fifo/fifo_mem_reg[0][flit_data]_0_15_24_29/RAMA_D1/I
0.494,21,0,3,inter,u_mesh/GEN_R[0].r/u_datapath/east_vc1_fifo/rd_ptr_reg[0]/C,u_mesh/GEN_R[3].r/u_datapath/north_vc2_fifo/wr_ptr_reg[1]/D
0.495,20,1,2,inter,u_mesh/GEN_R[1].r/u_datapath/west_vc2_fifo/rd_ptr_reg[1]/C,u_mesh/GEN_R[2].r/u_datapath/west_vc1_fifo/fifo_mem_reg[0][flit_data]_0_3_24_29/RAMB/I
0.495,20,2,1,inter,u_mesh/GEN_R[2].r/u_datapath/local_vc2_fifo/rd_ptr_reg[1]/C,u_mesh/GEN_R[1].r/u_datapath/east_vc0_fifo/fifo_mem_reg[0][flit_data]_0_3_0_5/RAMC/I
0.495,20,2,5,inter,u_mesh/GEN_R[2].r/u_datapath/local_vc2_fifo/rd_ptr_reg[1]/C,u_mesh/GEN_R[5].r/u_datapath/north_vc0_fifo/fifo_mem_reg[0][flit_data]_0_3_30_31/DP/I
0.496,19,3,4,inter,u_mesh/GEN_R[3].r/u_datapath/east_vc1_fifo/rd_ptr_reg[1]_replica/C,u_mesh/GEN_R[4].r/u_datapath/west_vc0_fifo/fifo_mem_reg[0][flit_data]_0_3_0_5/RAMB_D1/I
0.496,20,2,5,inter,u_mesh/GEN_R[2].r/u_datapath/local_vc2_fifo/rd_ptr_reg[1]/C,u_mesh/GEN_R[5].r/u_datapath/north_vc1_fifo/fifo_mem_reg[0][vc_id]_0_3_0_0/DP/I
0.497,21,0,3,inter,u_mesh/GEN_R[0].r/u_datapath/east_vc1_fifo/rd_ptr_reg[0]/C,u_mesh/GEN_R[3].r/u_datapath/north_vc2_fifo/wr_ptr_reg[0]/D
0.497,19,3,4,inter,u_mesh/GEN_R[3].r/u_datapath/east_vc1_fifo/rd_ptr_reg[1]_replica/C,u_mesh/GEN_R[4].r/u_datapath/west_vc0_fifo/fifo_mem_reg[0][flit_data]_0_3_0_5/RAMC/I
0.497,20,2,5,inter,u_mesh/GEN_R[2].r/u_datapath/local_vc2_fifo/rd_ptr_reg[1]/C,u_mesh/GEN_R[5].r/u_datapath/north_vc2_fifo/fifo_mem_reg[0][flit_data]_0_3_18_23/RAMA/I
0.498,20,1,2,inter,u_mesh/GEN_R[1].r/u_datapath/west_vc2_fifo/rd_ptr_reg[1]/C,u_mesh/GEN_R[2].r/u_datapath/west_vc2_fifo/fifo_mem_reg[0][flit_data]_0_3_0_5/RAMC/I
0.498,20,1,1,intra,u_mesh/GEN_R[1].r/u_datapath/west_vc2_fifo/rd_ptr_reg[1]/C,u_mesh/GEN_R[1].r/u_eject_fifo/fifo_mem_reg[0][flit_data]_0_15_30_31__0/DP/I
0.498,20,0,0,intra,u_mesh/GEN_R[0].r/u_datapath/east_vc1_fifo/rd_ptr_reg[0]/C,u_mesh/GEN_R[0].r/u_eject_fifo/fifo_mem_reg[0][flit_data]_0_15_0_5/RAMA_D1/I
0.499,20,2,5,inter,u_mesh/GEN_R[2].r/u_datapath/local_vc2_fifo/rd_ptr_reg[1]/C,u_mesh/GEN_R[5].r/u_datapath/north_vc2_fifo/fifo_mem_reg[0][flit_data]_0_3_12_17/RAMA_D1/I
0.499,20,2,5,inter,u_mesh/GEN_R[2].r/u_datapath/local_vc2_fifo/rd_ptr_reg[1]/C,u_mesh/GEN_R[5].r/u_datapath/north_vc0_fifo/fifo_mem_reg[0][vc_id]_0_3_0_0/SP/I
0.499,20,1,1,intra,u_mesh/GEN_R[1].r/u_datapath/west_vc2_fifo/rd_ptr_reg[1]/C,u_mesh/GEN_R[1].r/u_eject_fifo/fifo_mem_reg[0][flit_data]_0_15_30_31/SP/I
0.499,20,2,5,inter,u_mesh/GEN_R[2].r/u_datapath/local_vc2_fifo/rd_ptr_reg[1]/C,u_mesh/GEN_R[5].r/u_datapath/north_vc2_fifo/fifo_mem_reg[0][flit_data]_0_3_18_23/RAMB/I
0.500,20,2,5,inter,u_mesh/GEN_R[2].r/u_datapath/local_vc2_fifo/rd_ptr_reg[1]/C,u_mesh/GEN_R[5].r/u_datapath/north_vc0_fifo/fifo_mem_reg[0][flit_data]_0_3_18_23/RAMC/I
0.501,20,1,1,intra,u_mesh/GEN_R[1].r/u_datapath/west_vc2_fifo/rd_ptr_reg[1]/C,u_mesh/GEN_R[1].r/u_eject_fifo/fifo_mem_reg[0][flit_data]_0_15_6_11/RAMC/I
0.502,20,4,3,inter,u_mesh/GEN_R[4].r/u_datapath/local_vc2_fifo/rd_ptr_reg[0]_replica/C,u_mesh/GEN_R[3].r/u_datapath/east_vc1_fifo/fifo_mem_reg[0][vc_id]_0_3_1_1/SP/I
0.502,19,3,4,inter,u_mesh/GEN_R[3].r/u_datapath/east_vc1_fifo/rd_ptr_reg[1]_replica/C,u_mesh/GEN_R[4].r/u_datapath/west_vc1_fifo/fifo_mem_reg[0][flit_data]_0_3_6_11/RAMB_D1/I
0.502,19,3,0,inter,u_mesh/GEN_R[3].r/u_datapath/east_vc1_fifo/rd_ptr_reg[1]_replica/C,u_mesh/GEN_R[0].r/u_datapath/south_vc0_fifo/fifo_mem_reg[0][flit_data]_0_3_24_29/RAMB/I
0.503,20,1,4,inter,u_mesh/GEN_R[1].r/u_datapath/local_vc0_fifo/rd_ptr_reg[0]/C,u_mesh/GEN_R[4].r/u_datapath/north_vc1_fifo/fifo_mem_reg[0][flit_data]_0_3_6_11/RAMC/I
0.503,20,0,3,inter,u_mesh/GEN_R[0].r/u_datapath/east_vc1_fifo/rd_ptr_reg[0]/C,u_mesh/GEN_R[3].r/u_datapath/north_vc1_fifo/fifo_mem_reg[0][vc_id]_0_3_0_0/SP/I
0.503,19,3,4,inter,u_mesh/GEN_R[3].r/u_datapath/east_vc1_fifo/rd_ptr_reg[1]_replica/C,u_mesh/GEN_R[4].r/u_datapath/west_vc2_fifo/fifo_mem_reg[0][flit_type]_0_3_0_0/SP/I
0.504,19,0,1,inter,u_mesh/GEN_R[0].r/u_datapath/south_vc1_fifo/rd_ptr_reg[1]/C,u_mesh/GEN_R[1].r/u_datapath/west_vc0_fifo/fifo_mem_reg[0][flit_data]_0_3_12_17/RAMC/I
0.504,20,2,2,intra,u_mesh/GEN_R[2].r/u_datapath/local_vc2_fifo/rd_ptr_reg[1]/C,u_mesh/GEN_R[2].r/u_eject_fifo/fifo_mem_reg[0][flit_data]_0_15_6_11/RAMC/I
0.504,22,1,2,inter,u_mesh/GEN_R[1].r/u_datapath/west_vc2_fifo/rd_ptr_reg[1]/C,u_mesh/GEN_R[2].r/u_datapath/west_vc0_fifo/wr_ptr_reg[1]/D
0.506,19,0,3,inter,u_mesh/GEN_R[0].r/u_datapath/east_vc1_fifo/rd_ptr_reg[0]/C,u_mesh/GEN_R[3].r/u_datapath/north_vc2_fifo/fifo_mem_reg[0][flit_data]_0_3_24_29/RAMC_D1/I
0.506,19,3,0,inter,u_mesh/GEN_R[3].r/u_datapath/east_vc1_fifo/rd_ptr_reg[1]_replica/C,u_mesh/GEN_R[0].r/u_datapath/south_vc2_fifo/fifo_mem_reg[0][flit_data]_0_3_30_31__0/DP/I
0.507,21,3,0,inter,u_mesh/GEN_R[3].r/u_datapath/east_vc1_fifo/rd_ptr_reg[1]_replica/C,u_mesh/GEN_R[0].r/u_datapath/south_vc1_fifo/wr_ptr_reg[0]/D
0.507,20,0,1,inter,u_mesh/GEN_R[0].r/u_datapath/east_vc1_fifo/rd_ptr_reg[0]/C,u_mesh/GEN_R[1].r/u_datapath/west_vc1_fifo/fifo_mem_reg[0][flit_data]_0_3_18_23/RAMA_D1/I
0.508,20,1,0,inter,u_mesh/GEN_R[1].r/u_datapath/west_vc2_fifo/rd_ptr_reg[1]/C,u_mesh/GEN_R[0].r/u_datapath/east_vc0_fifo/fifo_mem_reg[0][flit_data]_0_3_6_11/RAMA/I
0.508,20,2,2,intra,u_mesh/GEN_R[2].r/u_datapath/local_vc2_fifo/rd_ptr_reg[1]/C,u_mesh/GEN_R[2].r/u_eject_fifo/fifo_mem_reg[0][flit_data]_0_15_0_5/RAMA/WE
0.508,20,2,2,intra,u_mesh/GEN_R[2].r/u_datapath/local_vc2_fifo/rd_ptr_reg[1]/C,u_mesh/GEN_R[2].r/u_eject_fifo/fifo_mem_reg[0][flit_data]_0_15_0_5/RAMA_D1/WE
0.508,20,2,2,intra,u_mesh/GEN_R[2].r/u_datapath/local_vc2_fifo/rd_ptr_reg[1]/C,u_mesh/GEN_R[2].r/u_eject_fifo/fifo_mem_reg[0][flit_data]_0_15_0_5/RAMB/WE
0.508,20,2,2,intra,u_mesh/GEN_R[2].r/u_datapath/local_vc2_fifo/rd_ptr_reg[1]/C,u_mesh/GEN_R[2].r/u_eject_fifo/fifo_mem_reg[0][flit_data]_0_15_0_5/RAMB_D1/WE
0.508,20,2,2,intra,u_mesh/GEN_R[2].r/u_datapath/local_vc2_fifo/rd_ptr_reg[1]/C,u_mesh/GEN_R[2].r/u_eject_fifo/fifo_mem_reg[0][flit_data]_0_15_0_5/RAMC/WE
0.508,20,2,2,intra,u_mesh/GEN_R[2].r/u_datapath/local_vc2_fifo/rd_ptr_reg[1]/C,u_mesh/GEN_R[2].r/u_eject_fifo/fifo_mem_reg[0][flit_data]_0_15_0_5/RAMC_D1/WE
0.508,20,2,2,intra,u_mesh/GEN_R[2].r/u_datapath/local_vc2_fifo/rd_ptr_reg[1]/C,u_mesh/GEN_R[2].r/u_eject_fifo/fifo_mem_reg[0][flit_data]_0_15_0_5/RAMD/WE
0.508,20,2,2,intra,u_mesh/GEN_R[2].r/u_datapath/local_vc2_fifo/rd_ptr_reg[1]/C,u_mesh/GEN_R[2].r/u_eject_fifo/fifo_mem_reg[0][flit_data]_0_15_0_5/RAMD_D1/WE
0.509,19,1,4,inter,u_mesh/GEN_R[1].r/u_datapath/south_vc1_fifo/rd_ptr_reg[1]_replica/C,u_mesh/GEN_R[4].r/u_datapath/north_vc2_fifo/fifo_mem_reg[0][flit_data]_0_3_6_11/RAMB_D1/I
0.509,20,1,4,inter,u_mesh/GEN_R[1].r/u_datapath/local_vc0_fifo/rd_ptr_reg[0]/C,u_mesh/GEN_R[4].r/u_datapath/north_vc1_fifo/fifo_mem_reg[0][flit_data]_0_3_6_11/RAMA_D1/I
0.509,19,3,4,inter,u_mesh/GEN_R[3].r/u_datapath/east_vc1_fifo/rd_ptr_reg[1]_replica/C,u_mesh/GEN_R[4].r/u_datapath/west_vc2_fifo/fifo_mem_reg[0][flit_data]_0_3_0_5/RAMB_D1/I
0.510,20,4,4,intra,u_mesh/GEN_R[4].r/u_datapath/local_vc2_fifo/rd_ptr_reg[0]_replica/C,u_mesh/GEN_R[4].r/u_eject_fifo/fifo_mem_reg[0][flit_data]_0_15_30_31/SP/I
0.510,20,1,2,inter,u_mesh/GEN_R[1].r/u_datapath/west_vc2_fifo/rd_ptr_reg[1]/C,u_mesh/GEN_R[2].r/u_datapath/west_vc1_fifo/fifo_mem_reg[0][flit_data]_0_3_12_17/RAMB_D1/I
0.510,19,5,4,inter,u_mesh/GEN_R[5].r/u_datapath/local_vc1_fifo/rd_ptr_reg[0]/C,u_mesh/GEN_R[4].r/u_datapath/east_vc2_fifo/fifo_mem_reg[0][flit_data]_0_3_24_29/RAMA_D1/I
0.512,21,3,0,inter,u_mesh/GEN_R[3].r/u_datapath/east_vc1_fifo/rd_ptr_reg[1]_replica/C,u_mesh/GEN_R[0].r/u_datapath/south_vc0_fifo/count_reg[0]/D
0.512,20,2,1,inter,u_mesh/GEN_R[2].r/u_datapath/local_vc2_fifo/rd_ptr_reg[1]/C,u_mesh/GEN_R[1].r/u_datapath/east_vc2_fifo/fifo_mem_reg[0][flit_data]_0_3_18_23/RAMC_D1/I
0.513,20,2,2,intra,u_mesh/GEN_R[2].r/u_datapath/south_vc1_fifo/rd_ptr_reg[1]/C,u_mesh/GEN_R[2].r/u_eject_fifo/fifo_mem_reg[0][flit_data]_0_15_30_31/DP/I
0.513,22,5,2,inter,u_mesh/GEN_R[5].r/u_datapath/local_vc1_fifo/rd_ptr_reg[0]/C,u_mesh/GEN_R[2].r/u_datapath/south_vc1_fifo/count_reg[0]/D
0.514,20,2,2,intra,u_mesh/GEN_R[2].r/u_datapath/local_vc2_fifo/rd_ptr_reg[1]/C,u_mesh/GEN_R[2].r/u_eject_fifo/fifo_mem_reg[0][flit_data]_0_15_12_17/RAMA/WE
0.514,20,2,2,intra,u_mesh/GEN_R[2].r/u_datapath/local_vc2_fifo/rd_ptr_reg[1]/C,u_mesh/GEN_R[2].r/u_eject_fifo/fifo_mem_reg[0][flit_data]_0_15_12_17/RAMA_D1/WE
0.514,20,2,2,intra,u_mesh/GEN_R[2].r/u_datapath/local_vc2_fifo/rd_ptr_reg[1]/C,u_mesh/GEN_R[2].r/u_eject_fifo/fifo_mem_reg[0][flit_data]_0_15_12_17/RAMB/WE
0.514,20,2,2,intra,u_mesh/GEN_R[2].r/u_datapath/local_vc2_fifo/rd_ptr_reg[1]/C,u_mesh/GEN_R[2].r/u_eject_fifo/fifo_mem_reg[0][flit_data]_0_15_12_17/RAMB_D1/WE
0.514,20,2,2,intra,u_mesh/GEN_R[2].r/u_datapath/local_vc2_fifo/rd_ptr_reg[1]/C,u_mesh/GEN_R[2].r/u_eject_fifo/fifo_mem_reg[0][flit_data]_0_15_12_17/RAMC/WE
0.514,20,2,2,intra,u_mesh/GEN_R[2].r/u_datapath/local_vc2_fifo/rd_ptr_reg[1]/C,u_mesh/GEN_R[2].r/u_eject_fifo/fifo_mem_reg[0][flit_data]_0_15_12_17/RAMC_D1/WE
0.514,20,2,2,intra,u_mesh/GEN_R[2].r/u_datapath/local_vc2_fifo/rd_ptr_reg[1]/C,u_mesh/GEN_R[2].r/u_eject_fifo/fifo_mem_reg[0][flit_data]_0_15_12_17/RAMD/WE
0.514,20,2,2,intra,u_mesh/GEN_R[2].r/u_datapath/local_vc2_fifo/rd_ptr_reg[1]/C,u_mesh/GEN_R[2].r/u_eject_fifo/fifo_mem_reg[0][flit_data]_0_15_12_17/RAMD_D1/WE
0.515,19,0,3,inter,u_mesh/GEN_R[0].r/u_datapath/east_vc1_fifo/rd_ptr_reg[0]/C,u_mesh/GEN_R[3].r/u_datapath/north_vc0_fifo/fifo_mem_reg[0][flit_type]_0_3_0_0/DP/I
0.515,20,1,4,inter,u_mesh/GEN_R[1].r/u_datapath/west_vc2_fifo/rd_ptr_reg[1]/C,u_mesh/GEN_R[4].r/u_datapath/north_vc0_fifo/fifo_mem_reg[0][flit_data]_0_3_6_11/RAMA/I
0.515,20,4,4,intra,u_mesh/GEN_R[4].r/u_datapath/local_vc2_fifo/rd_ptr_reg[0]_replica/C,u_mesh/GEN_R[4].r/u_eject_fifo/fifo_mem_reg[0][flit_data]_0_15_24_29/RAMC_D1/I
0.515,19,5,4,inter,u_mesh/GEN_R[5].r/u_datapath/local_vc1_fifo/rd_ptr_reg[0]/C,u_mesh/GEN_R[4].r/u_datapath/east_vc2_fifo/fifo_mem_reg[0][flit_data]_0_3_6_11/RAMA/I
0.516,21,5,2,inter,u_mesh/GEN_R[5].r/u_datapath/local_vc1_fifo/rd_ptr_reg[0]/C,u_mesh/GEN_R[2].r/u_datapath/south_vc2_fifo/wr_ptr_reg[1]/D
0.516,20,1,4,inter,u_mesh/GEN_R[1].r/u_datapath/west_vc2_fifo/rd_ptr_reg[1]/C,u_mesh/GEN_R[4].r/u_datapath/north_vc1_fifo/fifo_mem_reg[0][vc_id]_0_3_0_0/SP/I
0.516,20,0,3,inter,u_mesh/GEN_R[0].r/u_datapath/east_vc1_fifo/rd_ptr_reg[0]/C,u_mesh/GEN_R[3].r/u_datapath/north_vc2_fifo/fifo_mem_reg[0][flit_data]_0_3_18_23/RAMA_D1/I
0.517,19,3,0,inter,u_mesh/GEN_R[3].r/u_datapath/east_vc1_fifo/rd_ptr_reg[1]_replica/C,u_mesh/GEN_R[0].r/u_datapath/south_vc1_fifo/fifo_mem_reg[0][flit_type]_0_3_0_0/SP/I
0.517,20,2,1,inter,u_mesh/GEN_R[2].r/u_datapath/local_vc2_fifo/rd_ptr_reg[1]/C,u_mesh/GEN_R[1].r/u_datapath/east_vc2_fifo/fifo_mem_reg[0][flit_data]_0_3_18_23/RAMB_D1/I
0.519,19,3,4,inter,u_mesh/GEN_R[3].r/u_datapath/east_vc1_fifo/rd_ptr_reg[1]_replica/C,u_mesh/GEN_R[4].r/u_datapath/west_vc2_fifo/fifo_mem_reg[0][flit_data]_0_3_30_31/DP/I
0.519,20,2,1,inter,u_mesh/GEN_R[2].r/u_datapath/local_vc2_fifo/rd_ptr_reg[1]/C,u_mesh/GEN_R[1].r/u_datapath/east_vc1_fifo/fifo_mem_reg[0][flit_data]_0_3_18_23/RAMC_D1/I
0.520,19,3,0,inter,u_mesh/GEN_R[3].r/u_datapath/east_vc1_fifo/rd_ptr_reg[1]_replica/C,u_mesh/GEN_R[0].r/u_datapath/south_vc1_fifo/fifo_mem_reg[0][flit_data]_0_3_30_31/SP/I
0.520,19,3,0,inter,u_mesh/GEN_R[3].r/u_datapath/east_vc1_fifo/rd_ptr_reg[1]_replica/C,u_mesh/GEN_R[0].r/u_datapath/south_vc0_fifo/fifo_mem_reg[0][flit_data]_0_3_18_23/RAMC_D1/I
0.520,20,1,0,inter,u_mesh/GEN_R[1].r/u_datapath/west_vc2_fifo/rd_ptr_reg[1]/C,u_mesh/GEN_R[0].r/u_datapath/east_vc0_fifo/fifo_mem_reg[0][flit_data]_0_3_30_31__0/SP/I
0.521,20,2,5,inter,u_mesh/GEN_R[2].r/u_datapath/local_vc2_fifo/rd_ptr_reg[1]/C,u_mesh/GEN_R[5].r/u_datapath/north_vc1_fifo/fifo_mem_reg[0][flit_data]_0_3_12_17/RAMC/I
0.522,20,0,0,intra,u_mesh/GEN_R[0].r/u_datapath/east_vc1_fifo/rd_ptr_reg[0]/C,u_mesh/GEN_R[0].r/u_eject_fifo/fifo_mem_reg[0][flit_data]_0_15_18_23/RAMA/I
0.522,19,4,5,inter,u_mesh/GEN_R[4].r/u_datapath/west_vc0_fifo/rd_ptr_reg[0]/C,u_mesh/GEN_R[5].r/u_datapath/west_vc2_fifo/fifo_mem_reg[0][vc_id]_0_3_1_1/DP/I
0.522,20,2,5,inter,u_mesh/GEN_R[2].r/u_datapath/local_vc2_fifo/rd_ptr_reg[1]/C,u_mesh/GEN_R[5].r/u_datapath/north_vc0_fifo/fifo_mem_reg[0][flit_data]_0_3_6_11/RAMB/I
0.522,19,3,0,inter,u_mesh/GEN_R[3].r/u_datapath/east_vc1_fifo/rd_ptr_reg[1]_replica/C,u_mesh/GEN_R[0].r/u_datapath/south_vc0_fifo/fifo_mem_reg[0][flit_type]_0_3_1_1/SP/I
0.523,20,2,1,inter,u_mesh/GEN_R[2].r/u_datapath/local_vc2_fifo/rd_ptr_reg[1]/C,u_mesh/GEN_R[1].r/u_datapath/east_vc0_fifo/fifo_mem_reg[0][flit_data]_0_3_6_11/RAMC_D1/I
0.524,20,1,4,inter,u_mesh/GEN_R[1].r/u_datapath/west_vc2_fifo/rd_ptr_reg[1]/C,u_mesh/GEN_R[4].r/u_datapath/north_vc2_fifo/fifo_mem_reg[0][flit_data]_0_3_12_17/RAMB_D1/I
0.524,20,1,1,intra,u_mesh/GEN_R[1].r/u_datapath/west_vc2_fifo/rd_ptr_reg[1]/C,u_mesh/GEN_R[1].r/u_eject_fifo/fifo_mem_reg[0][flit_data]_0_15_24_29/RAMB/I
0.524,19,0,1,inter,u_mesh/GEN_R[0].r/u_datapath/east_vc1_fifo/rd_ptr_reg[0]/C,u_mesh/GEN_R[1].r/u_datapath/west_vc2_fifo/fifo_mem_reg[0][flit_data]_0_3_6_11/RAMA_D1/I
0.524,20,1,0,inter,u_mesh/GEN_R[1].r/u_datapath/west_vc2_fifo/rd_ptr_reg[1]/C,u_mesh/GEN_R[0].r/u_datapath/east_vc0_fifo/fifo_mem_reg[0][flit_data]_0_3_0_5/RAMB_D1/I
0.526,20,2,1,inter,u_mesh/GEN_R[2].r/u_datapath/local_vc2_fifo/rd_ptr_reg[1]/C,u_mesh/GEN_R[1].r/u_datapath/east_vc2_fifo/fifo_mem_reg[0][flit_data]_0_3_0_5/RAMB/I
0.526,20,0,3,inter,u_mesh/GEN_R[0].r/u_datapath/east_vc1_fifo/rd_ptr_reg[0]/C,u_mesh/GEN_R[3].r/u_datapath/north_vc2_fifo/fifo_mem_reg[0][flit_data]_0_3_18_23/RAMC_D1/I
0.527,19,3,0,inter,u_mesh/GEN_R[3].r/u_datapath/east_vc1_fifo/rd_ptr_reg[1]_replica/C,u_mesh/GEN_R[0].r/u_datapath/south_vc0_fifo/fifo_mem_reg[0][flit_data]_0_3_18_23/RAMA/I
0.527,20,1,4,inter,u_mesh/GEN_R[1].r/u_datapath/west_vc2_fifo/rd_ptr_reg[1]/C,u_mesh/GEN_R[4].r/u_datapath/north_vc0_fifo/fifo_mem_reg[0][flit_data]_0_3_0_5/RAMB_D1/I
0.527,19,0,1,inter,u_mesh/GEN_R[0].r/u_datapath/south_vc1_fifo/rd_ptr_reg[1]/C,u_mesh/GEN_R[1].r/u_datapath/west_vc2_fifo/fifo_mem_reg[0][flit_data]_0_3_12_17/RAMB/I
0.528,20,2,5,inter,u_mesh/GEN_R[2].r/u_datapath/local_vc2_fifo/rd_ptr_reg[1]/C,u_mesh/GEN_R[5].r/u_datapath/north_vc1_fifo/fifo_mem_reg[0][flit_data]_0_3_0_5/RAMC/I
0.528,19,0,3,inter,u_mesh/GEN_R[0].r/u_datapath/east_vc1_fifo/rd_ptr_reg[0]/C,u_mesh/GEN_R[3].r/u_datapath/north_vc1_fifo/fifo_mem_reg[0][flit_data]_0_3_24_29/RAMA/I
0.528,19,3,4,inter,u_mesh/GEN_R[3].r/u_datapath/east_vc1_fifo/rd_ptr_reg[1]_replica/C,u_mesh/GEN_R[4].r/u_datapath/west_vc2_fifo/fifo_mem_reg[0][flit_data]_0_3_0_5/RAMC/I
0.529,19,3,4,inter,u_mesh/GEN_R[3].r/u_datapath/east_vc1_fifo/rd_ptr_reg[1]_replica/C,u_mesh/GEN_R[4].r/u_datapath/west_vc2_fifo/fifo_mem_reg[0][flit_data]_0_3_12_17/RAMB/I
0.529,20,1,4,inter,u_mesh/GEN_R[1].r/u_datapath/west_vc2_fifo/rd_ptr_reg[1]/C,u_mesh/GEN_R[4].r/u_datapath/north_vc0_fifo/fifo_mem_reg[0][vc_id]_0_3_0_0/DP/I
0.529,20,1,1,intra,u_mesh/GEN_R[1].r/u_datapath/west_vc2_fifo/rd_ptr_reg[1]/C,u_mesh/GEN_R[1].r/u_eject_fifo/fifo_mem_reg[0][vc_id]_0_15_0_0/SP/I
0.530,19,1,2,inter,u_mesh/GEN_R[1].r/u_datapath/south_vc1_fifo/rd_ptr_reg[1]_replica/C,u_mesh/GEN_R[2].r/u_datapath/west_vc1_fifo/fifo_mem_reg[0][flit_data]_0_3_0_5/RAMB_D1/I
0.530,20,2,1,inter,u_mesh/GEN_R[2].r/u_datapath/local_vc2_fifo/rd_ptr_reg[1]/C,u_mesh/GEN_R[1].r/u_datapath/east_vc0_fifo/fifo_mem_reg[0][flit_data]_0_3_18_23/RAMC_D1/I
0.530,19,3,4,inter,u_mesh/GEN_R[3].r/u_datapath/east_vc1_fifo/rd_ptr_reg[1]_replica/C,u_mesh/GEN_R[4].r/u_datapath/west_vc0_fifo/fifo_mem_reg[0][flit_data]_0_3_6_11/RAMA/I
0.530,20,1,2,inter,u_mesh/GEN_R[1].r/u_datapath/west_vc2_fifo/rd_ptr_reg[1]/C,u_mesh/GEN_R[2].r/u_datapath/west_vc0_fifo/fifo_mem_reg[0][flit_data]_0_3_0_5/RAMC/I
0.530,22,5,2,inter,u_mesh/GEN_R[5].r/u_datapath/local_vc1_fifo/rd_ptr_reg[0]/C,u_mesh/GEN_R[2].r/u_datapath/south_vc0_fifo/count_reg[0]/D
0.530,18,3,4,inter,u_mesh/GEN_R[3].r/u_datapath/local_vc2_fifo/rd_ptr_reg[1]/C,u_mesh/GEN_R[4].r/u_datapath/west_vc1_fifo/fifo_mem_reg[0][flit_data]_0_3_6_11/RAMA_D1/I
0.532,21,1,4,inter,u_mesh/GEN_R[1].r/u_datapath/west_vc2_fifo/rd_ptr_reg[1]/C,u_mesh/GEN_R[4].r/u_datapath/north_vc0_fifo/wr_ptr_reg[0]/D
0.532,21,5,4,inter,u_mesh/GEN_R[5].r/u_datapath/local_vc1_fifo/rd_ptr_reg[0]/C,u_mesh/GEN_R[4].r/u_datapath/east_vc2_fifo/count_reg[2]/D
0.532,21,3,0,inter,u_mesh/GEN_R[3].r/u_datapath/east_vc1_fifo/rd_ptr_reg[1]_replica/C,u_mesh/GEN_R[0].r/u_datapath/south_vc0_fifo/count_reg[1]/D
0.533,18,3,4,inter,u_mesh/GEN_R[3].r/u_datapath/local_vc2_fifo/rd_ptr_reg[1]/C,u_mesh/GEN_R[4].r/u_datapath/west_vc1_fifo/fifo_mem_reg[0][flit_data]_0_3_24_29/RAMC/I
0.533,20,4,5,inter,u_mesh/GEN_R[4].r/u_datapath/west_vc0_fifo/rd_ptr_reg[0]/C,u_mesh/GEN_R[5].r/u_datapath/west_vc0_fifo/fifo_mem_reg[0][flit_type]_0_3_0_0/SP/I
0.533,20,0,1,inter,u_mesh/GEN_R[0].r/u_datapath/east_vc1_fifo/rd_ptr_reg[0]/C,u_mesh/GEN_R[1].r/u_datapath/west_vc2_fifo/fifo_mem_reg[0][flit_data]_0_3_30_31__0/SP/I
0.533,20,1,4,inter,u_mesh/GEN_R[1].r/u_datapath/west_vc2_fifo/rd_ptr_reg[1]/C,u_mesh/GEN_R[4].r/u_datapath/north_vc2_fifo/fifo_mem_reg[0][flit_data]_0_3_12_17/RAMA/I
0.533,20,2,5,inter,u_mesh/GEN_R[2].r/u_datapath/local_vc2_fifo/rd_ptr_reg[1]/C,u_mesh/GEN_R[5].r/u_datapath/north_vc2_fifo/fifo_mem_reg[0][flit_data]_0_3_12_17/RAMC/I
0.534,21,5,4,inter,u_mesh/GEN_R[5].r/u_datapath/local_vc1_fifo/rd_ptr_reg[0]/C,u_mesh/GEN_R[4].r/u_datapath/east_vc0_fifo/count_reg[2]/D
0.534,20,2,2,intra,u_mesh/GEN_R[2].r/u_datapath/local_vc2_fifo/rd_ptr_reg[1]/C,u_mesh/GEN_R[2].r/u_eject_fifo/fifo_mem_reg[0][flit_data]_0_15_6_11/RAMB/I
0.535,19,3,0,inter,u_mesh/GEN_R[3].r/u_datapath/east_vc1_fifo/rd_ptr_reg[1]_replica/C,u_mesh/GEN_R[0].r/u_datapath/south_vc2_fifo/fifo_mem_reg[0][flit_type]_0_3_0_0/DP/I
0.536,18,3,3,intra,u_mesh/GEN_R[3].r/u_datapath/local_vc2_fifo/rd_ptr_reg[1]/C,u_mesh/GEN_R[3].r/u_eject_fifo/fifo_mem_reg[0][flit_data]_0_15_18_23/RAMC/I
0.536,20,2,5,inter,u_mesh/GEN_R[2].r/u_datapath/local_vc2_fifo/rd_ptr_reg[1]/C,u_mesh/GEN_R[5].r/u_datapath/north_vc0_fifo/fifo_mem_reg[0][flit_data]_0_3_30_31/SP/I
0.536,20,1,2,inter,u_mesh/GEN_R[1].r/u_datapath/west_vc2_fifo/rd_ptr_reg[1]/C,u_mesh/GEN_R[2].r/u_datapath/west_vc1_fifo/fifo_mem_reg[0][flit_data]_0_3_30_31__0/DP/I
0.537,21,5,4,inter,u_mesh/GEN_R[5].r/u_datapath/local_vc1_fifo/rd_ptr_reg[0]/C,u_mesh/GEN_R[4].r/u_datapath/east_vc2_fifo/wr_ptr_reg[1]/D
0.537,20,1,1,intra,u_mesh/GEN_R[1].r/u_datapath/west_vc2_fifo/rd_ptr_reg[1]/C,u_mesh/GEN_R[1].r/u_eject_fifo/fifo_mem_reg[0][flit_data]_0_15_12_17/RAMC_D1/I
0.537,20,2,5,inter,u_mesh/GEN_R[2].r/u_datapath/local_vc2_fifo/rd_ptr_reg[1]/C,u_mesh/GEN_R[5].r/u_datapath/north_vc1_fifo/fifo_mem_reg[0][vc_id]_0_3_0_0/SP/I
0.538,20,1,2,inter,u_mesh/GEN_R[1].r/u_datapath/west_vc2_fifo/rd_ptr_reg[1]/C,u_mesh/GEN_R[2].r/u_datapath/west_vc1_fifo/fifo_mem_reg[0][flit_data]_0_3_12_17/RAMA_D1/I
0.538,18,3,4,inter,u_mesh/GEN_R[3].r/u_datapath/local_vc2_fifo/rd_ptr_reg[1]/C,u_mesh/GEN_R[4].r/u_datapath/west_vc1_fifo/fifo_mem_reg[0][flit_data]_0_3_18_23/RAMB_D1/I
0.539,21,3,0,inter,u_mesh/GEN_R[3].r/u_datapath/east_vc1_fifo/rd_ptr_reg[1]_replica/C,u_mesh/GEN_R[0].r/u_datapath/south_vc1_fifo/count_reg[0]/D
0.539,20,1,1,intra,u_mesh/GEN_R[1].r/u_datapath/west_vc2_fifo/rd_ptr_reg[1]/C,u_mesh/GEN_R[1].r/u_eject_fifo/fifo_mem_reg[0][flit_data]_0_15_24_29/RAMC/I
0.541,19,5,2,inter,u_mesh/GEN_R[5].r/u_datapath/local_vc1_fifo/rd_ptr_reg[0]/C,u_mesh/GEN_R[2].r/u_datapath/south_vc1_fifo/fifo_mem_reg[0][flit_data]_0_3_6_11/RAMA/I
0.543,21,5,2,inter,u_mesh/GEN_R[5].r/u_datapath/local_vc1_fifo/rd_ptr_reg[0]/C,u_mesh/GEN_R[2].r/u_datapath/south_vc2_fifo/wr_ptr_reg[0]/D
0.543,19,0,1,inter,u_mesh/GEN_R[0].r/u_datapath/east_vc1_fifo/rd_ptr_reg[0]/C,u_mesh/GEN_R[1].r/u_datapath/west_vc0_fifo/fifo_mem_reg[0][flit_data]_0_3_12_17/RAMB_D1/I
0.543,19,5,2,inter,u_mesh/GEN_R[5].r/u_datapath/local_vc1_fifo/rd_ptr_reg[0]/C,u_mesh/GEN_R[2].r/u_datapath/south_vc1_fifo/fifo_mem_reg[0][flit_data]_0_3_12_17/RAMA_D1/I
0.544,20,1,4,inter,u_mesh/GEN_R[1].r/u_datapath/west_vc2_fifo/rd_ptr_reg[1]/C,u_mesh/GEN_R[4].r/u_datapath/north_vc1_fifo/fifo_mem_reg[0][vc_id]_0_3_1_1/DP/I
0.544,21,3,0,inter,u_mesh/GEN_R[3].r/u_datapath/east_vc1_fifo/rd_ptr_reg[1]_replica/C,u_mesh/GEN_R[0].r/u_datapath/south_vc1_fifo/count_reg[2]/D
0.544,19,0,3,inter,u_mesh/GEN_R[0].r/u_datapath/east_vc1_fifo/rd_ptr_reg[0]/C,u_mesh/GEN_R[3].r/u_datapath/north_vc1_fifo/fifo_mem_reg[0][flit_data]_0_3_6_11/RAMA_D1/I
0.544,20,0,3,inter,u_mesh/GEN_R[0].r/u_datapath/east_vc1_fifo/rd_ptr_reg[0]/C,u_mesh/GEN_R[3].r/u_datapath/north_vc0_fifo/fifo_mem_reg[0][flit_data]_0_3_18_23/RAMA_D1/I
0.545,19,0,1,inter,u_mesh/GEN_R[0].r/u_datapath/south_vc1_fifo/rd_ptr_reg[1]/C,u_mesh/GEN_R[1].r/u_datapath/west_vc2_fifo/fifo_mem_reg[0][flit_data]_0_3_30_31/DP/I
0.545,20,2,2,intra,u_mesh/GEN_R[2].r/u_datapath/local_vc2_fifo/rd_ptr_reg[1]/C,u_mesh/GEN_R[2].r/u_eject_fifo/fifo_mem_reg[0][flit_data]_0_15_18_23/RAMB_D1/I
0.547,19,3,4,inter,u_mesh/GEN_R[3].r/u_datapath/east_vc1_fifo/rd_ptr_reg[1]_replica/C,u_mesh/GEN_R[4].r/u_datapath/west_vc0_fifo/fifo_mem_reg[0][flit_data]_0_3_12_17/RAMC/I
0.548,20,0,3,inter,u_mesh/GEN_R[0].r/u_datapath/east_vc1_fifo/rd_ptr_reg[0]/C,u_mesh/GEN_R[3].r/u_datapath/north_vc0_fifo/fifo_mem_reg[0][flit_data]_0_3_6_11/RAMC_D1/I
0.548,20,2,5,inter,u_mesh/GEN_R[2].r/u_datapath/local_vc2_fifo/rd_ptr_reg[1]/C,u_mesh/GEN_R[5].r/u_datapath/north_vc1_fifo/fifo_mem_reg[0][flit_data]_0_3_18_23/RAMB/I
0.548,19,3,4,inter,u_mesh/GEN_R[3].r/u_datapath/east_vc1_fifo/rd_ptr_reg[1]_replica/C,u_mesh/GEN_R[4].r/u_datapath/west_vc2_fifo/fifo_mem_reg[0][flit_data]_0_3_12_17/RAMA/I
0.549,20,2,2,intra,u_mesh/GEN_R[2].r/u_datapath/local_vc2_fifo/rd_ptr_reg[1]/C,u_mesh/GEN_R[2].r/u_eject_fifo/fifo_mem_reg[0][flit_data]_0_15_12_17/RAMC_D1/I
0.550,20,1,2,inter,u_mesh/GEN_R[1].r/u_datapath/west_vc2_fifo/rd_ptr_reg[1]/C,u_mesh/GEN_R[2].r/u_datapath/west_vc2_fifo/fifo_mem_reg[0][flit_data]_0_3_24_29/RAMC/I
0.551,21,3,0,inter,u_mesh/GEN_R[3].r/u_datapath/east_vc1_fifo/rd_ptr_reg[1]_replica/C,u_mesh/GEN_R[0].r/u_datapath/south_vc2_fifo/wr_ptr_reg[0]/D
0.552,18,3,3,intra,u_mesh/GEN_R[3].r/u_datapath/local_vc2_fifo/rd_ptr_reg[1]/C,u_mesh/GEN_R[3].r/u_eject_fifo/fifo_mem_reg[0][flit_data]_0_15_6_11/RAMA/WE
0.552,18,3,3,intra,u_mesh/GEN_R[3].r/u_datapath/local_vc2_fifo/rd_ptr_reg[1]/C,u_mesh/GEN_R[3].r/u_eject_fifo/fifo_mem_reg[0][flit_data]_0_15_6_11/RAMA_D1/WE
0.552,18,3,3,intra,u_mesh/GEN_R[3].r/u_datapath/local_vc2_fifo/rd_ptr_reg[1]/C,u_mesh/GEN_R[3].r/u_eject_fifo/fifo_mem_reg[0][flit_data]_0_15_6_11/RAMB/WE
0.552,18,3,3,intra,u_mesh/GEN_R[3].r/u_datapath/local_vc2_fifo/rd_ptr_reg[1]/C,u_mesh/GEN_R[3].r/u_eject_fifo/fifo_mem_reg[0][flit_data]_0_15_6_11/RAMB_D1/WE
0.552,18,3,3,intra,u_mesh/GEN_R[3].r/u_datapath/local_vc2_fifo/rd_ptr_reg[1]/C,u_mesh/GEN_R[3].r/u_eject_fifo/fifo_mem_reg[0][flit_data]_0_15_6_11/RAMC/WE
0.552,18,3,3,intra,u_mesh/GEN_R[3].r/u_datapath/local_vc2_fifo/rd_ptr_reg[1]/C,u_mesh/GEN_R[3].r/u_eject_fifo/fifo_mem_reg[0][flit_data]_0_15_6_11/RAMC_D1/WE
0.552,18,3,3,intra,u_mesh/GEN_R[3].r/u_datapath/local_vc2_fifo/rd_ptr_reg[1]/C,u_mesh/GEN_R[3].r/u_eject_fifo/fifo_mem_reg[0][flit_data]_0_15_6_11/RAMD/WE
0.552,18,3,3,intra,u_mesh/GEN_R[3].r/u_datapath/local_vc2_fifo/rd_ptr_reg[1]/C,u_mesh/GEN_R[3].r/u_eject_fifo/fifo_mem_reg[0][flit_data]_0_15_6_11/RAMD_D1/WE
0.553,19,5,4,inter,u_mesh/GEN_R[5].r/u_datapath/local_vc1_fifo/rd_ptr_reg[0]/C,u_mesh/GEN_R[4].r/u_datapath/east_vc1_fifo/fifo_mem_reg[0][flit_data]_0_3_18_23/RAMA/I
0.553,20,2,5,inter,u_mesh/GEN_R[2].r/u_datapath/local_vc2_fifo/rd_ptr_reg[1]/C,u_mesh/GEN_R[5].r/u_datapath/north_vc0_fifo/fifo_mem_reg[0][flit_data]_0_3_6_11/RAMB_D1/I
0.554,20,2,2,intra,u_mesh/GEN_R[2].r/u_datapath/south_vc1_fifo/rd_ptr_reg[1]/C,u_mesh/GEN_R[2].r/u_eject_fifo/fifo_mem_reg[0][flit_data]_0_15_30_31/SP/I
0.554,20,2,2,intra,u_mesh/GEN_R[2].r/u_datapath/local_vc2_fifo/rd_ptr_reg[1]/C,u_mesh/GEN_R[2].r/u_eject_fifo/count_reg[0]/CE
0.555,20,4,1,inter,u_mesh/GEN_R[4].r/u_datapath/west_vc0_fifo/rd_ptr_reg[0]/C,u_mesh/GEN_R[1].r/u_datapath/south_vc2_fifo/fifo_mem_reg[0][vc_id]_0_3_1_1/DP/I
0.555,19,3,0,inter,u_mesh/GEN_R[3].r/u_datapath/east_vc1_fifo/rd_ptr_reg[1]_replica/C,u_mesh/GEN_R[0].r/u_datapath/south_vc0_fifo/fifo_mem_reg[0][flit_data]_0_3_6_11/RAMA_D1/I
0.555,20,0,1,inter,u_mesh/GEN_R[0].r/u_datapath/east_vc1_fifo/rd_ptr_reg[0]/C,u_mesh/GEN_R[1].r/u_datapath/west_vc2_fifo/fifo_mem_reg[0][flit_data]_0_3_18_23/RAMA_D1/I
0.555,20,1,0,inter,u_mesh/GEN_R[1].r/u_datapath/west_vc2_fifo/rd_ptr_reg[1]/C,u_mesh/GEN_R[0].r/u_datapath/east_vc1_fifo/fifo_mem_reg[0][vc_id]_0_3_1_1/DP/I
0.556,19,4,4,intra,u_mesh/GEN_R[4].r/u_datapath/local_vc2_fifo/rd_ptr_reg[0]_replica/C,u_mesh/GEN_R[4].r/u_allocator/output_owner_reg[4][1]/CE
0.556,19,4,4,intra,u_mesh/GEN_R[4].r/u_datapath/local_vc2_fifo/rd_ptr_reg[0]_replica/C,u_mesh/GEN_R[4].r/u_allocator/output_owner_reg[4][2]/CE
0.557,19,0,3,inter,u_mesh/GEN_R[0].r/u_datapath/east_vc1_fifo/rd_ptr_reg[0]/C,u_mesh/GEN_R[3].r/u_datapath/north_vc1_fifo/fifo_mem_reg[0][flit_type]_0_3_0_0/DP/I
0.558,20,1,0,inter,u_mesh/GEN_R[1].r/u_datapath/west_vc2_fifo/rd_ptr_reg[1]/C,u_mesh/GEN_R[0].r/u_datapath/east_vc0_fifo/fifo_mem_reg[0][flit_data]_0_3_0_5/RAMA_D1/I
0.558,19,3,4,inter,u_mesh/GEN_R[3].r/u_datapath/east_vc1_fifo/rd_ptr_reg[1]_replica/C,u_mesh/GEN_R[4].r/u_datapath/west_vc2_fifo/fifo_mem_reg[0][flit_data]_0_3_6_11/RAMC_D1/I
0.558,20,1,0,inter,u_mesh/GEN_R[1].r/u_datapath/west_vc2_fifo/rd_ptr_reg[1]/C,u_mesh/GEN_R[0].r/u_datapath/east_vc0_fifo/fifo_mem_reg[0][flit_data]_0_3_6_11/RAMB/I
0.559,19,3,0,inter,u_mesh/GEN_R[3].r/u_datapath/east_vc1_fifo/rd_ptr_reg[1]_replica/C,u_mesh/GEN_R[0].r/u_datapath/south_vc1_fifo/fifo_mem_reg[0][flit_data]_0_3_18_23/RAMC_D1/I
0.559,20,1,0,inter,u_mesh/GEN_R[1].r/u_datapath/west_vc2_fifo/rd_ptr_reg[1]/C,u_mesh/GEN_R[0].r/u_datapath/east_vc2_fifo/fifo_mem_reg[0][flit_data]_0_3_6_11/RAMC/I
0.559,22,1,2,inter,u_mesh/GEN_R[1].r/u_datapath/west_vc2_fifo/rd_ptr_reg[1]/C,u_mesh/GEN_R[2].r/u_datapath/west_vc2_fifo/wr_ptr_reg[0]/D
0.559,22,5,2,inter,u_mesh/GEN_R[5].r/u_datapath/local_vc1_fifo/rd_ptr_reg[0]/C,u_mesh/GEN_R[2].r/u_datapath/south_vc1_fifo/count_reg[2]/D
0.562,20,2,2,intra,u_mesh/GEN_R[2].r/u_datapath/local_vc2_fifo/rd_ptr_reg[1]/C,u_mesh/GEN_R[2].r/u_eject_fifo/fifo_mem_reg[0][flit_data]_0_15_24_29/RAMB_D1/I
0.562,20,2,1,inter,u_mesh/GEN_R[2].r/u_datapath/local_vc2_fifo/rd_ptr_reg[1]/C,u_mesh/GEN_R[1].r/u_datapath/east_vc0_fifo/fifo_mem_reg[0][flit_data]_0_3_30_31/DP/I
0.563,19,3,0,inter,u_mesh/GEN_R[3].r/u_datapath/east_vc1_fifo/rd_ptr_reg[1]_replica/C,u_mesh/GEN_R[0].r/u_datapath/south_vc2_fifo/fifo_mem_reg[0][flit_data]_0_3_6_11/RAMA_D1/I
0.563,22,5,2,inter,u_mesh/GEN_R[5].r/u_datapath/local_vc1_fifo/rd_ptr_reg[0]/C,u_mesh/GEN_R[2].r/u_datapath/south_vc1_fifo/count_reg[1]/D
0.564,20,0,1,inter,u_mesh/GEN_R[0].r/u_datapath/east_vc1_fifo/rd_ptr_reg[0]/C,u_mesh/GEN_R[1].r/u_datapath/west_vc0_fifo/fifo_mem_reg[0][flit_data]_0_3_24_29/RAMB/I
0.564,20,2,5,inter,u_mesh/GEN_R[2].r/u_datapath/local_vc2_fifo/rd_ptr_reg[1]/C,u_mesh/GEN_R[5].r/u_datapath/north_vc1_fifo/fifo_mem_reg[0][flit_data]_0_3_6_11/RAMC/I
0.564,20,4,5,inter,u_mesh/GEN_R[4].r/u_datapath/west_vc0_fifo/rd_ptr_reg[0]/C,u_mesh/GEN_R[5].r/u_datapath/west_vc2_fifo/fifo_mem_reg[0][vc_id]_0_3_0_0/DP/I
0.564,18,3,3,intra,u_mesh/GEN_R[3].r/u_datapath/local_vc2_fifo/rd_ptr_reg[1]/C,u_mesh/GEN_R[3].r/u_eject_fifo/fifo_mem_reg[0][flit_data]_0_15_12_17/RAMA/WE
0.564,18,3,3,intra,u_mesh/GEN_R[3].r/u_datapath/local_vc2_fifo/rd_ptr_reg[1]/C,u_mesh/GEN_R[3].r/u_eject_fifo/fifo_mem_reg[0][flit_data]_0_15_12_17/RAMA_D1/WE
0.564,18,3,3,intra,u_mesh/GEN_R[3].r/u_datapath/local_vc2_fifo/rd_ptr_reg[1]/C,u_mesh/GEN_R[3].r/u_eject_fifo/fifo_mem_reg[0][flit_data]_0_15_12_17/RAMB/WE
0.564,18,3,3,intra,u_mesh/GEN_R[3].r/u_datapath/local_vc2_fifo/rd_ptr_reg[1]/C,u_mesh/GEN_R[3].r/u_eject_fifo/fifo_mem_reg[0][flit_data]_0_15_12_17/RAMB_D1/WE
0.564,18,3,3,intra,u_mesh/GEN_R[3].r/u_datapath/local_vc2_fifo/rd_ptr_reg[1]/C,u_mesh/GEN_R[3].r/u_eject_fifo/fifo_mem_reg[0][flit_data]_0_15_12_17/RAMC/WE
0.564,18,3,3,intra,u_mesh/GEN_R[3].r/u_datapath/local_vc2_fifo/rd_ptr_reg[1]/C,u_mesh/GEN_R[3].r/u_eject_fifo/fifo_mem_reg[0][flit_data]_0_15_12_17/RAMC_D1/WE
0.564,18,3,3,intra,u_mesh/GEN_R[3].r/u_datapath/local_vc2_fifo/rd_ptr_reg[1]/C,u_mesh/GEN_R[3].r/u_eject_fifo/fifo_mem_reg[0][flit_data]_0_15_12_17/RAMD/WE
0.564,18,3,3,intra,u_mesh/GEN_R[3].r/u_datapath/local_vc2_fifo/rd_ptr_reg[1]/C,u_mesh/GEN_R[3].r/u_eject_fifo/fifo_mem_reg[0][flit_data]_0_15_12_17/RAMD_D1/WE
0.564,22,1,2,inter,u_mesh/GEN_R[1].r/u_datapath/west_vc2_fifo/rd_ptr_reg[1]/C,u_mesh/GEN_R[2].r/u_datapath/west_vc2_fifo/wr_ptr_reg[1]/D
0.565,20,1,2,inter,u_mesh/GEN_R[1].r/u_datapath/west_vc2_fifo/rd_ptr_reg[1]/C,u_mesh/GEN_R[2].r/u_datapath/west_vc0_fifo/fifo_mem_reg[0][flit_type]_0_3_0_0/DP/I
0.565,20,1,1,intra,u_mesh/GEN_R[1].r/u_datapath/west_vc2_fifo/rd_ptr_reg[1]/C,u_mesh/GEN_R[1].r/u_eject_fifo/fifo_mem_reg[0][flit_data]_0_15_18_23/RAMB_D1/I
0.566,20,2,1,inter,u_mesh/GEN_R[2].r/u_datapath/local_vc2_fifo/rd_ptr_reg[1]/C,u_mesh/GEN_R[1].r/u_datapath/east_vc0_fifo/fifo_mem_reg[0][flit_data]_0_3_24_29/RAMB/I
0.566,20,2,5,inter,u_mesh/GEN_R[2].r/u_datapath/local_vc2_fifo/rd_ptr_reg[1]/C,u_mesh/GEN_R[5].r/u_datapath/north_vc1_fifo/fifo_mem_reg[0][flit_data]_0_3_18_23/RAMA/I
0.566,20,1,4,inter,u_mesh/GEN_R[1].r/u_datapath/west_vc2_fifo/rd_ptr_reg[1]/C,u_mesh/GEN_R[4].r/u_datapath/north_vc2_fifo/fifo_mem_reg[0][flit_type]_0_3_0_0/SP/I
0.566,20,1,2,inter,u_mesh/GEN_R[1].r/u_datapath/west_vc2_fifo/rd_ptr_reg[1]/C,u_mesh/GEN_R[2].r/u_datapath/west_vc1_fifo/fifo_mem_reg[0][flit_type]_0_3_0_0/SP/I
0.567,19,3,4,inter,u_mesh/GEN_R[3].r/u_datapath/east_vc1_fifo/rd_ptr_reg[1]_replica/C,u_mesh/GEN_R[4].r/u_datapath/west_vc1_fifo/fifo_mem_reg[0][flit_data]_0_3_30_31__0/DP/I
0.567,20,1,1,intra,u_mesh/GEN_R[1].r/u_datapath/west_vc2_fifo/rd_ptr_reg[1]/C,u_mesh/GEN_R[1].r/u_eject_fifo/fifo_mem_reg[0][flit_data]_0_15_6_11/RAMC_D1/I
0.567,19,3,3,intra,u_mesh/GEN_R[3].r/u_datapath/east_vc1_fifo/rd_ptr_reg[1]_replica/C,u_mesh/GEN_R[3].r/u_eject_fifo/fifo_mem_reg[0][flit_data]_0_15_0_5/RAMB/I
0.567,20,2,1,inter,u_mesh/GEN_R[2].r/u_datapath/local_vc2_fifo/rd_ptr_reg[1]/C,u_mesh/GEN_R[1].r/u_datapath/east_vc2_fifo/fifo_mem_reg[0][flit_type]_0_3_0_0/SP/I
0.568,20,0,1,inter,u_mesh/GEN_R[0].r/u_datapath/east_vc1_fifo/rd_ptr_reg[0]/C,u_mesh/GEN_R[1].r/u_datapath/west_vc2_fifo/fifo_mem_reg[0][flit_data]_0_3_18_23/RAMB/I
0.568,19,0,1,inter,u_mesh/GEN_R[0].r/u_datapath/east_vc1_fifo/rd_ptr_reg[0]/C,u_mesh/GEN_R[1].r/u_datapath/west_vc2_fifo/fifo_mem_reg[0][flit_data]_0_3_18_23/RAMA/I
0.568,20,1,4,inter,u_mesh/GEN_R[1].r/u_datapath/west_vc2_fifo/rd_ptr_reg[1]/C,u_mesh/GEN_R[4].r/u_datapath/north_vc2_fifo/fifo_mem_reg[0][flit_data]_0_3_12_17/RAMC_D1/I
0.568,20,1,2,inter,u_mesh/GEN_R[1].r/u_datapath/west_vc2_fifo/rd_ptr_reg[1]/C,u_mesh/GEN_R[2].r/u_datapath/west_vc0_fifo/fifo_mem_reg[0][flit_data]_0_3_12_17/RAMB/I
0.569,20,1,1,intra,u_mesh/GEN_R[1].r/u_datapath/west_vc2_fifo/rd_ptr_reg[1]/C,u_mesh/GEN_R[1].r/u_eject_fifo/fifo_mem_reg[0][vc_id]_0_15_1_1/SP/I
0.569,20,1,0,inter,u_mesh/GEN_R[1].r/u_datapath/west_vc2_fifo/rd_ptr_reg[1]/C,u_mesh/GEN_R[0].r/u_datapath/east_vc0_fifo/fifo_mem_reg[0][flit_data]_0_3_0_5/RAMB/I
0.569,20,0,3,inter,u_mesh/GEN_R[0].r/u_datapath/east_vc1_fifo/rd_ptr_reg[0]/C,u_mesh/GEN_R[3].r/u_datapath/north_vc1_fifo/fifo_mem_reg[0][flit_data]_0_3_6_11/RAMC_D1/I
0.570,20,0,1,inter,u_mesh/GEN_R[0].r/u_datapath/east_vc1_fifo/rd_ptr_reg[0]/C,u_mesh/GEN_R[1].r/u_datapath/west_vc0_fifo/fifo_mem_reg[0][flit_data]_0_3_30_31__0/SP/I
0.571,20,2,5,inter,u_mesh/GEN_R[2].r/u_datapath/local_vc2_fifo/rd_ptr_reg[1]/C,u_mesh/GEN_R[5].r/u_datapath/north_vc0_fifo/fifo_mem_reg[0][flit_data]_0_3_6_11/RAMC/I
0.572,20,1,2,inter,u_mesh/GEN_R[1].r/u_datapath/west_vc2_fifo/rd_ptr_reg[1]/C,u_mesh/GEN_R[2].r/u_datapath/west_vc0_fifo/fifo_mem_reg[0][flit_data]_0_3_6_11/RAMA/I
0.572,20,0,1,inter,u_mesh/GEN_R[0].r/u_datapath/east_vc1_fifo/rd_ptr_reg[0]/C,u_mesh/GEN_R[1].r/u_datapath/west_vc2_fifo/fifo_mem_reg[0][flit_data]_0_3_18_23/RAMC/I
0.572,20,0,3,inter,u_mesh/GEN_R[0].r/u_datapath/east_vc1_fifo/rd_ptr_reg[0]/C,u_mesh/GEN_R[3].r/u_datapath/north_vc0_fifo/fifo_mem_reg[0][flit_data]_0_3_24_29/RAMC/I
0.573,18,3,4,inter,u_mesh/GEN_R[3].r/u_datapath/local_vc2_fifo/rd_ptr_reg[1]/C,u_mesh/GEN_R[4].r/u_datapath/west_vc2_fifo/fifo_mem_reg[0][flit_data]_0_3_24_29/RAMC/I
0.573,20,0,3,inter,u_mesh/GEN_R[0].r/u_datapath/east_vc1_fifo/rd_ptr_reg[0]/C,u_mesh/GEN_R[3].r/u_datapath/north_vc1_fifo/fifo_mem_reg[0][flit_data]_0_3_24_29/RAMC/I
0.573,20,1,0,inter,u_mesh/GEN_R[1].r/u_datapath/west_vc2_fifo/rd_ptr_reg[1]/C,u_mesh/GEN_R[0].r/u_datapath/east_vc1_fifo/fifo_mem_reg[0][flit_data]_0_3_0_5/RAMA_D1/I
0.574,20,1,4,inter,u_mesh/GEN_R[1].r/u_datapath/west_vc2_fifo/rd_ptr_reg[1]/C,u_mesh/GEN_R[4].r/u_datapath/north_vc0_fifo/fifo_mem_reg[0][flit_data]_0_3_30_31__0/SP/I
0.575,20,1,2,inter,u_mesh/GEN_R[1].r/u_datapath/west_vc2_fifo/rd_ptr_reg[1]/C,u_mesh/GEN_R[2].r/u_datapath/west_vc2_fifo/fifo_mem_reg[0][flit_data]_0_3_6_11/RAMA_D1/I
0.575,20,1,1,intra,u_mesh/GEN_R[1].r/u_datapath/local_vc0_fifo/rd_ptr_reg[0]/C,u_mesh/GEN_R[1].r/u_eject_fifo/count_reg[0]/CE
0.575,20,1,0,inter,u_mesh/GEN_R[1].r/u_datapath/west_vc2_fifo/rd_ptr_reg[1]/C,u_mesh/GEN_R[0].r/u_datapath/east_vc1_fifo/fifo_mem_reg[0][flit_data]_0_3_0_5/RAMC_D1/I
0.576,19,0,1,inter,u_mesh/GEN_R[0].r/u_datapath/east_vc1_fifo/rd_ptr_reg[0]/C,u_mesh/GEN_R[1].r/u_datapath/west_vc0_fifo/fifo_mem_reg[0][flit_data]_0_3_0_5/RAMC/I
0.576,20,1,4,inter,u_mesh/GEN_R[1].r/u_datapath/west_vc2_fifo/rd_ptr_reg[1]/C,u_mesh/GEN_R[4].r/u_datapath/north_vc1_fifo/fifo_mem_reg[0][flit_data]_0_3_24_29/RAMB_D1/I
0.576,20,1,2,inter,u_mesh/GEN_R[1].r/u_datapath/west_vc2_fifo/rd_ptr_reg[1]/C,u_mesh/GEN_R[2].r/u_datapath/west_vc1_fifo/fifo_mem_reg[0][flit_data]_0_3_12_17/RAMA/I
0.577,20,0,0,intra,u_mesh/GEN_R[0].r/u_datapath/south_vc1_fifo/rd_ptr_reg[1]/C,u_mesh/GEN_R[0].r/u_eject_fifo/fifo_mem_reg[0][flit_data]_0_15_30_31/SP/I
0.577,20,4,1,inter,u_mesh/GEN_R[4].r/u_datapath/west_vc0_fifo/rd_ptr_reg[0]/C,u_mesh/GEN_R[1].r/u_datapath/south_vc0_fifo/fifo_mem_reg[0][vc_id]_0_3_1_1/DP/I
0.577,20,2,5,inter,u_mesh/GEN_R[2].r/u_datapath/local_vc2_fifo/rd_ptr_reg[1]/C,u_mesh/GEN_R[5].r/u_datapath/north_vc2_fifo/fifo_mem_reg[0][flit_data]_0_3_0_5/RAMC/I
0.578,20,2,1,inter,u_mesh/GEN_R[2].r/u_datapath/local_vc2_fifo/rd_ptr_reg[1]/C,u_mesh/GEN_R[1].r/u_datapath/east_vc0_fifo/fifo_mem_reg[0][flit_data]_0_3_6_11/RAMA/I
0.578,21,5,4,inter,u_mesh/GEN_R[5].r/u_datapath/local_vc1_fifo/rd_ptr_reg[0]/C,u_mesh/GEN_R[4].r/u_datapath/east_vc0_fifo/count_reg[0]/D
0.578,19,1,1,intra,u_mesh/GEN_R[1].r/u_datapath/west_vc2_fifo/rd_ptr_reg[1]/C,u_mesh/GEN_R[1].r/u_datapath/south_vc2_fifo/rd_ptr_reg[1]/D
0.579,20,1,0,inter,u_mesh/GEN_R[1].r/u_datapath/west_vc2_fifo/rd_ptr_reg[1]/C,u_mesh/GEN_R[0].r/u_datapath/east_vc1_fifo/fifo_mem_reg[0][flit_type]_0_3_0_0/SP/I
0.579,19,3,3,intra,u_mesh/GEN_R[3].r/u_datapath/east_vc1_fifo/rd_ptr_reg[1]_replica/C,u_mesh/GEN_R[3].r/u_eject_fifo/fifo_mem_reg[0][flit_data]_0_15_6_11/RAMC_D1/I
0.580,20,0,1,inter,u_mesh/GEN_R[0].r/u_datapath/east_vc1_fifo/rd_ptr_reg[0]/C,u_mesh/GEN_R[1].r/u_datapath/west_vc0_fifo/fifo_mem_reg[0][flit_data]_0_3_18_23/RAMB_D1/I
0.581,20,1,2,inter,u_mesh/GEN_R[1].r/u_datapath/west_vc2_fifo/rd_ptr_reg[1]/C,u_mesh/GEN_R[2].r/u_datapath/west_vc0_fifo/fifo_mem_reg[0][flit_data]_0_3_12_17/RAMA/I
0.582,22,5,2,inter,u_mesh/GEN_R[5].r/u_datapath/local_vc1_fifo/rd_ptr_reg[0]/C,u_mesh/GEN_R[2].r/u_datapath/south_vc0_fifo/count_reg[1]/D
0.583,20,0,1,inter,u_mesh/GEN_R[0].r/u_datapath/east_vc1_fifo/rd_ptr_reg[0]/C,u_mesh/GEN_R[1].r/u_datapath/west_vc0_fifo/fifo_mem_reg[0][flit_data]_0_3_0_5/RAMC_D1/I
0.583,20,1,4,inter,u_mesh/GEN_R[1].r/u_datapath/west_vc2_fifo/rd_ptr_reg[1]/C,u_mesh/GEN_R[4].r/u_datapath/north_vc2_fifo/fifo_mem_reg[0][flit_data]_0_3_12_17/RAMC/I
0.584,19,0,1,inter,u_mesh/GEN_R[0].r/u_datapath/east_vc1_fifo/rd_ptr_reg[0]/C,u_mesh/GEN_R[1].r/u_datapath/west_vc2_fifo/fifo_mem_reg[0][flit_data]_0_3_12_17/RAMA/I
0.585,20,1,2,inter,u_mesh/GEN_R[1].r/u_datapath/west_vc2_fifo/rd_ptr_reg[1]/C,u_mesh/GEN_R[2].r/u_datapath/west_vc2_fifo/fifo_mem_reg[0][flit_data]_0_3_24_29/RAMA_D1/I
0.585,20,1,2,inter,u_mesh/GEN_R[1].r/u_datapath/west_vc2_fifo/rd_ptr_reg[1]/C,u_mesh/GEN_R[2].r/u_datapath/west_vc0_fifo/fifo_mem_reg[0][flit_data]_0_3_0_5/RAMA/I
0.585,20,1,2,inter,u_mesh/GEN_R[1].r/u_datapath/west_vc2_fifo/rd_ptr_reg[1]/C,u_mesh/GEN_R[2].r/u_datapath/west_vc2_fifo/fifo_mem_reg[0][flit_data]_0_3_12_17/RAMA_D1/I
0.586,20,2,5,inter,u_mesh/GEN_R[2].r/u_datapath/local_vc2_fifo/rd_ptr_reg[1]/C,u_mesh/GEN_R[5].r/u_datapath/north_vc2_fifo/fifo_mem_reg[0][flit_data]_0_3_12_17/RAMC_D1/I
0.586,19,0,1,inter,u_mesh/GEN_R[0].r/u_datapath/south_vc1_fifo/rd_ptr_reg[1]/C,u_mesh/GEN_R[1].r/u_datapath/west_vc2_fifo/fifo_mem_reg[0][flit_data]_0_3_30_31/SP/I
0.587,20,0,1,inter,u_mesh/GEN_R[0].r/u_datapath/east_vc1_fifo/rd_ptr_reg[0]/C,u_mesh/GEN_R[1].r/u_datapath/west_vc2_fifo/fifo_mem_reg[0][flit_data]_0_3_18_23/RAMC_D1/I
0.588,20,2,1,inter,u_mesh/GEN_R[2].r/u_datapath/local_vc2_fifo/rd_ptr_reg[1]/C,u_mesh/GEN_R[1].r/u_datapath/east_vc2_fifo/fifo_mem_reg[0][flit_data]_0_3_18_23/RAMA/I
0.588,19,0,1,inter,u_mesh/GEN_R[0].r/u_datapath/east_vc1_fifo/rd_ptr_reg[0]/C,u_mesh/GEN_R[1].r/u_datapath/west_vc1_fifo/fifo_mem_reg[0][flit_data]_0_3_24_29/RAMA/I
0.588,19,0,1,inter,u_mesh/GEN_R[0].r/u_datapath/east_vc1_fifo/rd_ptr_reg[0]/C,u_mesh/GEN_R[1].r/u_datapath/west_vc1_fifo/fifo_mem_reg[0][flit_data]_0_3_24_29/RAMC_D1/I
0.588,18,3,4,inter,u_mesh/GEN_R[3].r/u_datapath/local_vc2_fifo/rd_ptr_reg[1]/C,u_mesh/GEN_R[4].r/u_datapath/west_vc0_fifo/fifo_mem_reg[0][flit_data]_0_3_12_17/RAMA_D1/I
0.588,20,1,2,inter,u_mesh/GEN_R[1].r/u_datapath/west_vc2_fifo/rd_ptr_reg[1]/C,u_mesh/GEN_R[2].r/u_datapath/west_vc0_fifo/fifo_mem_reg[0][flit_data]_0_3_24_29/RAMA_D1/I
0.589,19,0,1,inter,u_mesh/GEN_R[0].r/u_datapath/east_vc1_fifo/rd_ptr_reg[0]/C,u_mesh/GEN_R[1].r/u_datapath/west_vc0_fifo/fifo_mem_reg[0][flit_data]_0_3_12_17/RAMA/I
0.589,19,5,4,inter,u_mesh/GEN_R[5].r/u_datapath/local_vc1_fifo/rd_ptr_reg[0]/C,u_mesh/GEN_R[4].r/u_datapath/east_vc2_fifo/fifo_mem_reg[0][flit_data]_0_3_12_17/RAMB_D1/I
0.590,20,2,1,inter,u_mesh/GEN_R[2].r/u_datapath/local_vc2_fifo/rd_ptr_reg[1]/C,u_mesh/GEN_R[1].r/u_datapath/east_vc0_fifo/fifo_mem_reg[0][flit_data]_0_3_6_11/RAMB/I
0.590,20,0,3,inter,u_mesh/GEN_R[0].r/u_datapath/east_vc1_fifo/rd_ptr_reg[0]/C,u_mesh/GEN_R[3].r/u_datapath/north_vc1_fifo/fifo_mem_reg[0][flit_data]_0_3_0_5/RAMB_D1/I
0.591,21,3,0,inter,u_mesh/GEN_R[3].r/u_datapath/east_vc1_fifo/rd_ptr_reg[1]_replica/C,u_mesh/GEN_R[0].r/u_datapath/south_vc1_fifo/count_reg[1]/D
0.591,19,3,4,inter,u_mesh/GEN_R[3].r/u_datapath/east_vc0_fifo/rd_ptr_reg[0]/C,u_mesh/GEN_R[4].r/u_datapath/west_vc2_fifo/fifo_mem_reg[0][flit_data]_0_3_6_11/RAMB/I
0.591,21,3,4,inter,u_mesh/GEN_R[3].r/u_datapath/east_vc1_fifo/rd_ptr_reg[1]_replica/C,u_mesh/GEN_R[4].r/u_datapath/west_vc1_fifo/wr_ptr_reg[0]/D
0.592,20,1,2,inter,u_mesh/GEN_R[1].r/u_datapath/west_vc2_fifo/rd_ptr_reg[1]/C,u_mesh/GEN_R[2].r/u_datapath/west_vc0_fifo/fifo_mem_reg[0][flit_data]_0_3_18_23/RAMB_D1/I
0.592,20,2,5,inter,u_mesh/GEN_R[2].r/u_datapath/local_vc2_fifo/rd_ptr_reg[1]/C,u_mesh/GEN_R[5].r/u_datapath/north_vc0_fifo/fifo_mem_reg[0][flit_type]_0_3_0_0/SP/I
0.593,20,1,2,inter,u_mesh/GEN_R[1].r/u_datapath/west_vc2_fifo/rd_ptr_reg[1]/C,u_mesh/GEN_R[2].r/u_datapath/west_vc0_fifo/fifo_mem_reg[0][vc_id]_0_3_1_1/DP/I
0.593,20,1,2,inter,u_mesh/GEN_R[1].r/u_datapath/west_vc2_fifo/rd_ptr_reg[1]/C,u_mesh/GEN_R[2].r/u_datapath/west_vc2_fifo/fifo_mem_reg[0][flit_data]_0_3_30_31__0/DP/I
0.593,20,2,5,inter,u_mesh/GEN_R[2].r/u_datapath/local_vc2_fifo/rd_ptr_reg[1]/C,u_mesh/GEN_R[5].r/u_datapath/north_vc1_fifo/fifo_mem_reg[0][flit_data]_0_3_12_17/RAMB_D1/I
0.593,21,3,4,inter,u_mesh/GEN_R[3].r/u_datapath/east_vc1_fifo/rd_ptr_reg[1]_replica/C,u_mesh/GEN_R[4].r/u_datapath/west_vc1_fifo/wr_ptr_reg[1]/D
0.593,20,0,1,inter,u_mesh/GEN_R[0].r/u_datapath/east_vc1_fifo/rd_ptr_reg[0]/C,u_mesh/GEN_R[1].r/u_datapath/west_vc1_fifo/fifo_mem_reg[0][flit_data]_0_3_0_5/RAMC_D1/I
0.593,21,3,4,inter,u_mesh/GEN_R[3].r/u_datapath/east_vc1_fifo/rd_ptr_reg[1]_replica/C,u_mesh/GEN_R[4].r/u_datapath/west_vc1_fifo/count_reg[2]/D
0.594,20,2,2,intra,u_mesh/GEN_R[2].r/u_datapath/local_vc2_fifo/rd_ptr_reg[1]/C,u_mesh/GEN_R[2].r/u_eject_fifo/fifo_mem_reg[0][flit_data]_0_15_18_23/RAMB/I
0.595,19,5,4,inter,u_mesh/GEN_R[5].r/u_datapath/local_vc1_fifo/rd_ptr_reg[0]/C,u_mesh/GEN_R[4].r/u_datapath/east_vc2_fifo/fifo_mem_reg[0][flit_data]_0_3_12_17/RAMC_D1/I
0.595,18,3,4,inter,u_mesh/GEN_R[3].r/u_datapath/local_vc2_fifo/rd_ptr_reg[1]/C,u_mesh/GEN_R[4].r/u_datapath/west_vc2_fifo/fifo_mem_reg[0][flit_data]_0_3_24_29/RAMA_D1/I
0.596,20,2,2,intra,u_mesh/GEN_R[2].r/u_datapath/local_vc2_fifo/rd_ptr_reg[1]/C,u_mesh/GEN_R[2].r/u_eject_fifo/fifo_mem_reg[0][flit_data]_0_15_6_11/RAMC_D1/I
0.596,21,2,5,inter,u_mesh/GEN_R[2].r/u_datapath/local_vc2_fifo/rd_ptr_reg[1]/C,u_mesh/GEN_R[5].r/u_datapath/north_vc0_fifo/count_reg[2]/D
0.596,20,1,2,inter,u_mesh/GEN_R[1].r/u_datapath/west_vc2_fifo/rd_ptr_reg[1]/C,u_mesh/GEN_R[2].r/u_datapath/west_vc1_fifo/fifo_mem_reg[0][vc_id]_0_3_1_1/DP/I
0.596,19,0,3,inter,u_mesh/GEN_R[0].r/u_datapath/east_vc1_fifo/rd_ptr_reg[0]/C,u_mesh/GEN_R[3].r/u_datapath/north_vc0_fifo/fifo_mem_reg[0][flit_data]_0_3_12_17/RAMA_D1/I
0.598,19,3,0,inter,u_mesh/GEN_R[3].r/u_datapath/east_vc1_fifo/rd_ptr_reg[1]_replica/C,u_mesh/GEN_R[0].r/u_datapath/south_vc1_fifo/fifo_mem_reg[0][flit_data]_0_3_18_23/RAMA/I
0.599,19,5,4,inter,u_mesh/GEN_R[5].r/u_datapath/local_vc1_fifo/rd_ptr_reg[0]/C,u_mesh/GEN_R[4].r/u_datapath/east_vc1_fifo/fifo_mem_reg[0][flit_data]_0_3_6_11/RAMA_D1/I
0.600,19,3,0,inter,u_mesh/GEN_R[3].r/u_datapath/east_vc1_fifo/rd_ptr_reg[1]_replica/C,u_mesh/GEN_R[0].r/u_datapath/south_vc0_fifo/fifo_mem_reg[0][flit_data]_0_3_30_31/DP/I
0.600,21,0,1,inter,u_mesh/GEN_R[0].r/u_datapath/east_vc1_fifo/rd_ptr_reg[0]/C,u_mesh/GEN_R[1].r/u_datapath/west_vc2_fifo/wr_ptr_reg[1]/D
0.600,19,0,3,inter,u_mesh/GEN_R[0].r/u_datapath/east_vc1_fifo/rd_ptr_reg[0]/C,u_mesh/GEN_R[3].r/u_datapath/north_vc2_fifo/fifo_mem_reg[0][flit_data]_0_3_6_11/RAMA_D1/I
0.600,20,1,2,inter,u_mesh/GEN_R[1].r/u_datapath/west_vc2_fifo/rd_ptr_reg[1]/C,u_mesh/GEN_R[2].r/u_datapath/west_vc1_fifo/fifo_mem_reg[0][flit_data]_0_3_30_31/SP/I
0.602,19,0,3,inter,u_mesh/GEN_R[0].r/u_datapath/south_vc1_fifo/rd_ptr_reg[1]/C,u_mesh/GEN_R[3].r/u_datapath/north_vc1_fifo/fifo_mem_reg[0][flit_data]_0_3_6_11/RAMB_D1/I
0.602,20,2,5,inter,u_mesh/GEN_R[2].r/u_datapath/local_vc2_fifo/rd_ptr_reg[1]/C,u_mesh/GEN_R[5].r/u_datapath/north_vc0_fifo/fifo_mem_reg[0][flit_data]_0_3_6_11/RAMC_D1/I
0.602,19,3,4,inter,u_mesh/GEN_R[3].r/u_datapath/east_vc1_fifo/rd_ptr_reg[1]_replica/C,u_mesh/GEN_R[4].r/u_datapath/west_vc1_fifo/fifo_mem_reg[0][flit_data]_0_3_6_11/RAMC_D1/I
0.603,19,5,2,inter,u_mesh/GEN_R[5].r/u_datapath/local_vc1_fifo/rd_ptr_reg[0]/C,u_mesh/GEN_R[2].r/u_datapath/south_vc0_fifo/fifo_mem_reg[0][flit_data]_0_3_6_11/RAMB_D1/I
0.603,20,2,1,inter,u_mesh/GEN_R[2].r/u_datapath/local_vc2_fifo/rd_ptr_reg[1]/C,u_mesh/GEN_R[1].r/u_datapath/east_vc2_fifo/fifo_mem_reg[0][flit_data]_0_3_30_31__0/DP/I
0.603,20,2,1,inter,u_mesh/GEN_R[2].r/u_datapath/local_vc2_fifo/rd_ptr_reg[1]/C,u_mesh/GEN_R[1].r/u_datapath/east_vc0_fifo/fifo_mem_reg[0][flit_data]_0_3_30_31/SP/I
0.604,20,1,2,inter,u_mesh/GEN_R[1].r/u_datapath/west_vc2_fifo/rd_ptr_reg[1]/C,u_mesh/GEN_R[2].r/u_datapath/west_vc2_fifo/fifo_mem_reg[0][flit_data]_0_3_12_17/RAMB_D1/I
0.605,20,4,5,inter,u_mesh/GEN_R[4].r/u_datapath/west_vc0_fifo/rd_ptr_reg[0]/C,u_mesh/GEN_R[5].r/u_datapath/west_vc2_fifo/fifo_mem_reg[0][vc_id]_0_3_0_0/SP/I
0.605,19,0,1,inter,u_mesh/GEN_R[0].r/u_datapath/east_vc1_fifo/rd_ptr_reg[0]/C,u_mesh/GEN_R[1].r/u_datapath/west_vc0_fifo/fifo_mem_reg[0][flit_type]_0_3_0_0/DP/I
0.605,19,3,4,inter,u_mesh/GEN_R[3].r/u_datapath/east_vc1_fifo/rd_ptr_reg[1]_replica/C,u_mesh/GEN_R[4].r/u_datapath/west_vc0_fifo/fifo_mem_reg[0][flit_data]_0_3_6_11/RAMC/I
0.605,20,1,2,inter,u_mesh/GEN_R[1].r/u_datapath/west_vc2_fifo/rd_ptr_reg[1]/C,u_mesh/GEN_R[2].r/u_datapath/west_vc1_fifo/fifo_mem_reg[0][flit_data]_0_3_18_23/RAMB_D1/I
0.605,20,2,5,inter,u_mesh/GEN_R[2].r/u_datapath/local_vc2_fifo/rd_ptr_reg[1]/C,u_mesh/GEN_R[5].r/u_datapath/north_vc0_fifo/fifo_mem_reg[0][flit_data]_0_3_12_17/RAMC_D1/I
0.606,19,0,1,inter,u_mesh/GEN_R[0].r/u_datapath/east_vc1_fifo/rd_ptr_reg[0]/C,u_mesh/GEN_R[1].r/u_datapath/west_vc2_fifo/fifo_mem_reg[0][flit_data]_0_3_12_17/RAMB_D1/I
0.606,20,1,4,inter,u_mesh/GEN_R[1].r/u_datapath/local_vc0_fifo/rd_ptr_reg[0]/C,u_mesh/GEN_R[4].r/u_datapath/north_vc1_fifo/fifo_mem_reg[0][flit_data]_0_3_6_11/RAMC_D1/I
0.607,20,1,0,inter,u_mesh/GEN_R[1].r/u_datapath/west_vc2_fifo/rd_ptr_reg[1]/C,u_mesh/GEN_R[0].r/u_datapath/east_vc0_fifo/fifo_mem_reg[0][flit_data]_0_3_18_23/RAMC_D1/I
0.607,19,3,3,intra,u_mesh/GEN_R[3].r/u_datapath/east_vc1_fifo/rd_ptr_reg[1]_replica/C,u_mesh/GEN_R[3].r/u_eject_fifo/fifo_mem_reg[0][flit_data]_0_15_18_23/RAMB/I
0.608,20,1,0,inter,u_mesh/GEN_R[1].r/u_datapath/west_vc2_fifo/rd_ptr_reg[1]/C,u_mesh/GEN_R[0].r/u_datapath/east_vc2_fifo/fifo_mem_reg[0][flit_data]_0_3_6_11/RAMB_D1/I
0.608,20,2,5,inter,u_mesh/GEN_R[2].r/u_datapath/local_vc2_fifo/rd_ptr_reg[1]/C,u_mesh/GEN_R[5].r/u_datapath/north_vc2_fifo/fifo_mem_reg[0][flit_type]_0_3_0_0/SP/I
0.609,20,0,0,intra,u_mesh/GEN_R[0].r/u_datapath/east_vc1_fifo/rd_ptr_reg[0]/C,u_mesh/GEN_R[0].r/u_eject_fifo/fifo_mem_reg[0][flit_data]_0_15_24_29/RAMC/I
0.609,19,5,4,inter,u_mesh/GEN_R[5].r/u_datapath/local_vc1_fifo/rd_ptr_reg[0]/C,u_mesh/GEN_R[4].r/u_datapath/east_vc0_fifo/fifo_mem_reg[0][flit_data]_0_3_18_23/RAMA/I
0.610,21,5,4,inter,u_mesh/GEN_R[5].r/u_datapath/local_vc1_fifo/rd_ptr_reg[0]/C,u_mesh/GEN_R[4].r/u_datapath/east_vc2_fifo/wr_ptr_reg[0]/D
0.610,19,5,2,inter,u_mesh/GEN_R[5].r/u_datapath/local_vc1_fifo/rd_ptr_reg[0]/C,u_mesh/GEN_R[2].r/u_datapath/south_vc0_fifo/fifo_mem_reg[0][flit_data]_0_3_12_17/RAMA/I
0.612,20,4,3,inter,u_mesh/GEN_R[4].r/u_datapath/local_vc2_fifo/rd_ptr_reg[0]_replica/C,u_mesh/GEN_R[3].r/u_datapath/east_vc0_fifo/fifo_mem_reg[0][vc_id]_0_3_1_1/SP/I
0.613,19,5,4,inter,u_mesh/GEN_R[5].r/u_datapath/local_vc1_fifo/rd_ptr_reg[0]/C,u_mesh/GEN_R[4].r/u_datapath/east_vc2_fifo/fifo_mem_reg[0][flit_data]_0_3_24_29/RAMC_D1/I
0.613,20,1,0,inter,u_mesh/GEN_R[1].r/u_datapath/west_vc2_fifo/rd_ptr_reg[1]/C,u_mesh/GEN_R[0].r/u_datapath/east_vc1_fifo/fifo_mem_reg[0][flit_data]_0_3_0_5/RAMB/I
0.613,20,1,0,inter,u_mesh/GEN_R[1].r/u_datapath/west_vc2_fifo/rd_ptr_reg[1]/C,u_mesh/GEN_R[0].r/u_datapath/east_vc1_fifo/fifo_mem_reg[0][flit_data]_0_3_0_5/RAMA/I
0.613,19,4,5,inter,u_mesh/GEN_R[4].r/u_datapath/west_vc0_fifo/rd_ptr_reg[0]/C,u_mesh/GEN_R[5].r/u_datapath/west_vc1_fifo/fifo_mem_reg[0][vc_id]_0_3_1_1/DP/I
0.614,19,3,4,inter,u_mesh/GEN_R[3].r/u_datapath/east_vc1_fifo/rd_ptr_reg[1]_replica/C,u_mesh/GEN_R[4].r/u_datapath/west_vc2_fifo/fifo_mem_reg[0][flit_data]_0_3_6_11/RAMA/I
0.614,19,1,1,intra,u_mesh/GEN_R[1].r/u_datapath/south_vc1_fifo/rd_ptr_reg[1]_replica/C,u_mesh/GEN_R[1].r/u_eject_fifo/fifo_mem_reg[0][flit_data]_0_15_0_5/RAMB/I
0.614,20,2,5,inter,u_mesh/GEN_R[2].r/u_datapath/local_vc2_fifo/rd_ptr_reg[1]/C,u_mesh/GEN_R[5].r/u_datapath/north_vc1_fifo/fifo_mem_reg[0][flit_data]_0_3_30_31__0/DP/I
0.615,20,2,5,inter,u_mesh/GEN_R[2].r/u_datapath/local_vc2_fifo/rd_ptr_reg[1]/C,u_mesh/GEN_R[5].r/u_datapath/north_vc2_fifo/fifo_mem_reg[0][flit_data]_0_3_30_31__0/DP/I
0.615,19,3,4,inter,u_mesh/GEN_R[3].r/u_datapath/east_vc1_fifo/rd_ptr_reg[1]_replica/C,u_mesh/GEN_R[4].r/u_datapath/west_vc1_fifo/fifo_mem_reg[0][flit_data]_0_3_18_23/RAMB/I
0.615,20,0,3,inter,u_mesh/GEN_R[0].r/u_datapath/east_vc1_fifo/rd_ptr_reg[0]/C,u_mesh/GEN_R[3].r/u_datapath/north_vc1_fifo/fifo_mem_reg[0][flit_data]_0_3_0_5/RAMA/I
0.615,18,1,1,intra,u_mesh/GEN_R[1].r/u_datapath/east_vc1_fifo/rd_ptr_reg[1]/C,u_mesh/GEN_R[1].r/u_allocator/output_owner_reg[0][2]/CE
0.615,18,1,1,intra,u_mesh/GEN_R[1].r/u_datapath/east_vc1_fifo/rd_ptr_reg[1]/C,u_mesh/GEN_R[1].r/u_allocator/output_owner_reg[0][3]/CE
0.615,20,0,1,inter,u_mesh/GEN_R[0].r/u_datapath/east_vc1_fifo/rd_ptr_reg[0]/C,u_mesh/GEN_R[1].r/u_datapath/west_vc2_fifo/fifo_mem_reg[0][flit_data]_0_3_6_11/RAMA/I
0.616,20,2,1,inter,u_mesh/GEN_R[2].r/u_datapath/local_vc2_fifo/rd_ptr_reg[1]/C,u_mesh/GEN_R[1].r/u_datapath/east_vc1_fifo/fifo_mem_reg[0][flit_type]_0_3_0_0/SP/I
0.616,20,1,2,inter,u_mesh/GEN_R[1].r/u_datapath/west_vc2_fifo/rd_ptr_reg[1]/C,u_mesh/GEN_R[2].r/u_datapath/west_vc0_fifo/fifo_mem_reg[0][flit_data]_0_3_6_11/RAMB_D1/I
0.617,19,5,2,inter,u_mesh/GEN_R[5].r/u_datapath/local_vc1_fifo/rd_ptr_reg[0]/C,u_mesh/GEN_R[2].r/u_datapath/south_vc0_fifo/fifo_mem_reg[0][flit_data]_0_3_12_17/RAMB_D1/I
0.618,20,2,1,inter,u_mesh/GEN_R[2].r/u_datapath/local_vc2_fifo/rd_ptr_reg[1]/C,u_mesh/GEN_R[1].r/u_datapath/east_vc0_fifo/fifo_mem_reg[0][flit_type]_0_3_0_0/SP/I
0.618,19,3,4,inter,u_mesh/GEN_R[3].r/u_datapath/east_vc1_fifo/rd_ptr_reg[1]_replica/C,u_mesh/GEN_R[4].r/u_datapath/west_vc0_fifo/fifo_mem_reg[0][flit_data]_0_3_30_31/DP/I
0.618,20,0,0,intra,u_mesh/GEN_R[0].r/u_datapath/east_vc1_fifo/rd_ptr_reg[0]/C,u_mesh/GEN_R[0].r/u_eject_fifo/count_reg[0]/CE
0.618,20,0,0,intra,u_mesh/GEN_R[0].r/u_datapath/east_vc1_fifo/rd_ptr_reg[0]/C,u_mesh/GEN_R[0].r/u_eject_fifo/count_reg[1]/CE
0.618,20,0,0,intra,u_mesh/GEN_R[0].r/u_datapath/east_vc1_fifo/rd_ptr_reg[0]/C,u_mesh/GEN_R[0].r/u_eject_fifo/count_reg[2]/CE
0.618,20,0,0,intra,u_mesh/GEN_R[0].r/u_datapath/east_vc1_fifo/rd_ptr_reg[0]/C,u_mesh/GEN_R[0].r/u_eject_fifo/count_reg[3]/CE
0.619,19,3,0,inter,u_mesh/GEN_R[3].r/u_datapath/east_vc1_fifo/rd_ptr_reg[1]_replica/C,u_mesh/GEN_R[0].r/u_datapath/south_vc0_fifo/fifo_mem_reg[0][flit_data]_0_3_6_11/RAMC/I
0.619,20,1,1,intra,u_mesh/GEN_R[1].r/u_datapath/west_vc2_fifo/rd_ptr_reg[1]/C,u_mesh/GEN_R[1].r/u_eject_fifo/fifo_mem_reg[0][flit_data]_0_15_12_17/RAMB_D1/I
0.619,19,5,2,inter,u_mesh/GEN_R[5].r/u_datapath/local_vc1_fifo/rd_ptr_reg[0]/C,u_mesh/GEN_R[2].r/u_datapath/south_vc2_fifo/fifo_mem_reg[0][flit_data]_0_3_12_17/RAMA/I
0.619,20,0,1,inter,u_mesh/GEN_R[0].r/u_datapath/east_vc1_fifo/rd_ptr_reg[0]/C,u_mesh/GEN_R[1].r/u_datapath/west_vc1_fifo/fifo_mem_reg[0][flit_data]_0_3_30_31__0/SP/I
0.621,20,1,2,inter,u_mesh/GEN_R[1].r/u_datapath/west_vc2_fifo/rd_ptr_reg[1]/C,u_mesh/GEN_R[2].r/u_datapath/west_vc1_fifo/fifo_mem_reg[0][flit_data]_0_3_6_11/RAMC/I
0.621,19,5,2,inter,u_mesh/GEN_R[5].r/u_datapath/local_vc1_fifo/rd_ptr_reg[0]/C,u_mesh/GEN_R[2].r/u_datapath/south_vc1_fifo/fifo_mem_reg[0][flit_data]_0_3_6_11/RAMB_D1/I
0.621,20,0,0,intra,u_mesh/GEN_R[0].r/u_datapath/east_vc1_fifo/rd_ptr_reg[0]/C,u_mesh/GEN_R[0].r/u_eject_fifo/fifo_mem_reg[0][flit_data]_0_15_12_17/RAMB_D1/I
0.622,20,1,2,inter,u_mesh/GEN_R[1].r/u_datapath/west_vc2_fifo/rd_ptr_reg[1]/C,u_mesh/GEN_R[2].r/u_datapath/west_vc2_fifo/fifo_mem_reg[0][flit_data]_0_3_6_11/RAMB_D1/I
0.623,19,0,1,inter,u_mesh/GEN_R[0].r/u_datapath/east_vc1_fifo/rd_ptr_reg[0]/C,u_mesh/GEN_R[1].r/u_datapath/west_vc1_fifo/fifo_mem_reg[0][flit_type]_0_3_0_0/DP/I
0.624,20,2,5,inter,u_mesh/GEN_R[2].r/u_datapath/local_vc2_fifo/rd_ptr_reg[1]/C,u_mesh/GEN_R[5].r/u_datapath/north_vc0_fifo/fifo_mem_reg[0][flit_data]_0_3_30_31__0/DP/I
0.624,19,3,0,inter,u_mesh/GEN_R[3].r/u_datapath/east_vc1_fifo/rd_ptr_reg[1]_replica/C,u_mesh/GEN_R[0].r/u_datapath/south_vc2_fifo/fifo_mem_reg[0][flit_data]_0_3_6_11/RAMA/I
0.625,19,5,4,inter,u_mesh/GEN_R[5].r/u_datapath/local_vc1_fifo/rd_ptr_reg[0]/C,u_mesh/GEN_R[4].r/u_datapath/east_vc0_fifo/fifo_mem_reg[0][flit_data]_0_3_24_29/RAMC_D1/I
0.626,20,2,5,inter,u_mesh/GEN_R[2].r/u_datapath/local_vc2_fifo/rd_ptr_reg[1]/C,u_mesh/GEN_R[5].r/u_datapath/north_vc2_fifo/fifo_mem_reg[0][flit_data]_0_3_18_23/RAMA_D1/I
0.627,20,0,3,inter,u_mesh/GEN_R[0].r/u_datapath/east_vc1_fifo/rd_ptr_reg[0]/C,u_mesh/GEN_R[3].r/u_datapath/north_vc2_fifo/fifo_mem_reg[0][flit_data]_0_3_6_11/RAMA/I
0.627,20,1,2,inter,u_mesh/GEN_R[1].r/u_datapath/local_vc0_fifo/rd_ptr_reg[0]/C,u_mesh/GEN_R[2].r/u_datapath/west_vc2_fifo/fifo_mem_reg[0][flit_data]_0_3_18_23/RAMC_D1/I
0.628,19,5,4,inter,u_mesh/GEN_R[5].r/u_datapath/local_vc1_fifo/rd_ptr_reg[0]/C,u_mesh/GEN_R[4].r/u_datapath/east_vc1_fifo/fifo_mem_reg[0][flit_data]_0_3_18_23/RAMB_D1/I
0.628,19,5,4,inter,u_mesh/GEN_R[5].r/u_datapath/local_vc1_fifo/rd_ptr_reg[0]/C,u_mesh/GEN_R[4].r/u_datapath/east_vc2_fifo/fifo_mem_reg[0][flit_data]_0_3_18_23/RAMC/I
0.629,18,3,4,inter,u_mesh/GEN_R[3].r/u_datapath/local_vc2_fifo/rd_ptr_reg[1]/C,u_mesh/GEN_R[4].r/u_datapath/west_vc2_fifo/fifo_mem_reg[0][flit_data]_0_3_12_17/RAMC_D1/I
0.629,19,5,4,inter,u_mesh/GEN_R[5].r/u_datapath/local_vc1_fifo/rd_ptr_reg[0]/C,u_mesh/GEN_R[4].r/u_datapath/east_vc0_fifo/fifo_mem_reg[0][flit_type]_0_3_0_0/DP/I
0.629,20,1,4,inter,u_mesh/GEN_R[1].r/u_datapath/west_vc2_fifo/rd_ptr_reg[1]/C,u_mesh/GEN_R[4].r/u_datapath/north_vc2_fifo/fifo_mem_reg[0][flit_data]_0_3_6_11/RAMC/I
0.630,21,5,4,inter,u_mesh/GEN_R[5].r/u_datapath/local_vc1_fifo/rd_ptr_reg[0]/C,u_mesh/GEN_R[4].r/u_datapath/east_vc0_fifo/count_reg[1]/D
0.630,19,0,3,inter,u_mesh/GEN_R[0].r/u_datapath/south_vc1_fifo/rd_ptr_reg[1]/C,u_mesh/GEN_R[3].r/u_datapath/north_vc2_fifo/fifo_mem_reg[0][flit_data]_0_3_24_29/RAMB_D1/I
0.631,19,5,4,inter,u_mesh/GEN_R[5].r/u_datapath/local_vc1_fifo/rd_ptr_reg[0]/C,u_mesh/GEN_R[4].r/u_datapath/east_vc1_fifo/fifo_mem_reg[0][flit_data]_0_3_24_29/RAMB/I
0.632,20,1,0,inter,u_mesh/GEN_R[1].r/u_datapath/west_vc2_fifo/rd_ptr_reg[1]/C,u_mesh/GEN_R[0].r/u_datapath/east_vc0_fifo/fifo_mem_reg[0][vc_id]_0_3_0_0/DP/I
0.632,19,3,3,intra,u_mesh/GEN_R[3].r/u_datapath/east_vc1_fifo/rd_ptr_reg[1]_replica/C,u_mesh/GEN_R[3].r/u_eject_fifo/fifo_mem_reg[0][flit_data]_0_15_12_17/RAMA_D1/I
0.633,20,1,2,inter,u_mesh/GEN_R[1].r/u_datapath/west_vc2_fifo/rd_ptr_reg[1]/C,u_mesh/GEN_R[2].r/u_datapath/west_vc1_fifo/fifo_mem_reg[0][vc_id]_0_3_0_0/DP/I
0.633,20,1,0,inter,u_mesh/GEN_R[1].r/u_datapath/west_vc2_fifo/rd_ptr_reg[1]/C,u_mesh/GEN_R[0].r/u_datapath/east_vc1_fifo/fifo_mem_reg[0][vc_id]_0_3_0_0/DP/I
0.634,20,1,4,inter,u_mesh/GEN_R[1].r/u_datapath/west_vc2_fifo/rd_ptr_reg[1]/C,u_mesh/GEN_R[4].r/u_datapath/north_vc0_fifo/fifo_mem_reg[0][flit_data]_0_3_0_5/RAMA_D1/I
0.635,20,1,4,inter,u_mesh/GEN_R[1].r/u_datapath/local_vc0_fifo/rd_ptr_reg[0]/C,u_mesh/GEN_R[4].r/u_datapath/north_vc1_fifo/fifo_mem_reg[0][flit_data]_0_3_0_5/RAMC_D1/I
0.635,21,5,4,inter,u_mesh/GEN_R[5].r/u_datapath/local_vc1_fifo/rd_ptr_reg[0]/C,u_mesh/GEN_R[4].r/u_datapath/east_vc0_fifo/wr_ptr_reg[1]/D
0.635,19,3,4,inter,u_mesh/GEN_R[3].r/u_datapath/east_vc1_fifo/rd_ptr_reg[1]_replica/C,u_mesh/GEN_R[4].r/u_datapath/west_vc0_fifo/fifo_mem_reg[0][flit_data]_0_3_0_5/RAMA/I
0.635,19,0,1,inter,u_mesh/GEN_R[0].r/u_datapath/east_vc1_fifo/rd_ptr_reg[0]/C,u_mesh/GEN_R[1].r/u_datapath/west_vc2_fifo/fifo_mem_reg[0][vc_id]_0_3_1_1/DP/I
0.635,21,5,4,inter,u_mesh/GEN_R[5].r/u_datapath/local_vc1_fifo/rd_ptr_reg[0]/C,u_mesh/GEN_R[4].r/u_datapath/east_vc1_fifo/wr_ptr_reg[1]/D
0.636,20,0,3,inter,u_mesh/GEN_R[0].r/u_datapath/east_vc1_fifo/rd_ptr_reg[0]/C,u_mesh/GEN_R[3].r/u_datapath/north_vc0_fifo/fifo_mem_reg[0][flit_data]_0_3_0_5/RAMA/I
0.636,19,0,1,inter,u_mesh/GEN_R[0].r/u_datapath/east_vc1_fifo/rd_ptr_reg[0]/C,u_mesh/GEN_R[1].r/u_datapath/west_vc1_fifo/fifo_mem_reg[0][flit_data]_0_3_0_5/RAMA_D1/I
0.637,20,1,2,inter,u_mesh/GEN_R[1].r/u_datapath/west_vc2_fifo/rd_ptr_reg[1]/C,u_mesh/GEN_R[2].r/u_datapath/west_vc2_fifo/fifo_mem_reg[0][vc_id]_0_3_0_0/SP/I
0.638,20,2,5,inter,u_mesh/GEN_R[2].r/u_datapath/local_vc2_fifo/rd_ptr_reg[1]/C,u_mesh/GEN_R[5].r/u_datapath/north_vc1_fifo/fifo_mem_reg[0][flit_data]_0_3_18_23/RAMB_D1/I
0.640,21,5,4,inter,u_mesh/GEN_R[5].r/u_datapath/local_vc1_fifo/rd_ptr_reg[0]/C,u_mesh/GEN_R[4].r/u_datapath/east_vc0_fifo/wr_ptr_reg[0]/D
0.640,19,5,2,inter,u_mesh/GEN_R[5].r/u_datapath/west_vc1_fifo/rd_ptr_reg[1]/C,u_mesh/GEN_R[2].r/u_datapath/south_vc2_fifo/fifo_mem_reg[0][flit_data]_0_3_18_23/RAMC_D1/I
0.640,20,1,1,intra,u_mesh/GEN_R[1].r/u_datapath/west_vc2_fifo/rd_ptr_reg[1]/C,u_mesh/GEN_R[1].r/u_eject_fifo/fifo_mem_reg[0][flit_data]_0_15_18_23/RAMB/I
0.640,20,1,4,inter,u_mesh/GEN_R[1].r/u_datapath/west_vc2_fifo/rd_ptr_reg[1]/C,u_mesh/GEN_R[4].r/u_datapath/north_vc0_fifo/fifo_mem_reg[0][flit_data]_0_3_6_11/RAMC_D1/I
0.641,19,5,2,inter,u_mesh/GEN_R[5].r/u_datapath/local_vc1_fifo/rd_ptr_reg[0]/C,u_mesh/GEN_R[2].r/u_datapath/south_vc1_fifo/fifo_mem_reg[0][flit_data]_0_3_6_11/RAMA_D1/I
0.641,20,1,4,inter,u_mesh/GEN_R[1].r/u_datapath/local_vc0_fifo/rd_ptr_reg[0]/C,u_mesh/GEN_R[4].r/u_datapath/north_vc0_fifo/fifo_mem_reg[0][flit_data]_0_3_12_17/RAMC_D1/I
0.642,19,0,3,inter,u_mesh/GEN_R[0].r/u_datapath/south_vc1_fifo/rd_ptr_reg[1]/C,u_mesh/GEN_R[3].r/u_datapath/north_vc0_fifo/fifo_mem_reg[0][flit_data]_0_3_6_11/RAMB_D1/I
0.642,20,2,2,intra,u_mesh/GEN_R[2].r/u_datapath/local_vc2_fifo/rd_ptr_reg[1]/C,u_mesh/GEN_R[2].r/u_eject_fifo/fifo_mem_reg[0][flit_type]_0_15_0_0/SP/I
0.642,19,3,3,intra,u_mesh/GEN_R[3].r/u_datapath/east_vc1_fifo/rd_ptr_reg[1]_replica/C,u_mesh/GEN_R[3].r/u_eject_fifo/fifo_mem_reg[0][flit_data]_0_15_12_17/RAMB/I
0.643,20,2,2,intra,u_mesh/GEN_R[2].r/u_datapath/local_vc2_fifo/rd_ptr_reg[1]/C,u_mesh/GEN_R[2].r/u_eject_fifo/fifo_mem_reg[0][flit_data]_0_15_6_11/RAMA/WE
0.643,20,2,2,intra,u_mesh/GEN_R[2].r/u_datapath/local_vc2_fifo/rd_ptr_reg[1]/C,u_mesh/GEN_R[2].r/u_eject_fifo/fifo_mem_reg[0][flit_data]_0_15_6_11/RAMA_D1/WE
0.643,20,2,2,intra,u_mesh/GEN_R[2].r/u_datapath/local_vc2_fifo/rd_ptr_reg[1]/C,u_mesh/GEN_R[2].r/u_eject_fifo/fifo_mem_reg[0][flit_data]_0_15_6_11/RAMB/WE
0.643,20,2,2,intra,u_mesh/GEN_R[2].r/u_datapath/local_vc2_fifo/rd_ptr_reg[1]/C,u_mesh/GEN_R[2].r/u_eject_fifo/fifo_mem_reg[0][flit_data]_0_15_6_11/RAMB_D1/WE
0.643,20,2,2,intra,u_mesh/GEN_R[2].r/u_datapath/local_vc2_fifo/rd_ptr_reg[1]/C,u_mesh/GEN_R[2].r/u_eject_fifo/fifo_mem_reg[0][flit_data]_0_15_6_11/RAMC/WE
0.643,20,2,2,intra,u_mesh/GEN_R[2].r/u_datapath/local_vc2_fifo/rd_ptr_reg[1]/C,u_mesh/GEN_R[2].r/u_eject_fifo/fifo_mem_reg[0][flit_data]_0_15_6_11/RAMC_D1/WE
0.643,20,2,2,intra,u_mesh/GEN_R[2].r/u_datapath/local_vc2_fifo/rd_ptr_reg[1]/C,u_mesh/GEN_R[2].r/u_eject_fifo/fifo_mem_reg[0][flit_data]_0_15_6_11/RAMD/WE
0.643,20,2,2,intra,u_mesh/GEN_R[2].r/u_datapath/local_vc2_fifo/rd_ptr_reg[1]/C,u_mesh/GEN_R[2].r/u_eject_fifo/fifo_mem_reg[0][flit_data]_0_15_6_11/RAMD_D1/WE
0.643,20,0,0,intra,u_mesh/GEN_R[0].r/u_datapath/east_vc1_fifo/rd_ptr_reg[0]/C,u_mesh/GEN_R[0].r/u_eject_fifo/fifo_mem_reg[0][vc_id]_0_15_1_1/SP/I
0.644,19,3,4,inter,u_mesh/GEN_R[3].r/u_datapath/east_vc1_fifo/rd_ptr_reg[1]_replica/C,u_mesh/GEN_R[4].r/u_datapath/west_vc1_fifo/fifo_mem_reg[0][flit_data]_0_3_30_31/SP/I
0.645,19,3,0,inter,u_mesh/GEN_R[3].r/u_datapath/east_vc0_fifo/rd_ptr_reg[0]/C,u_mesh/GEN_R[0].r/u_datapath/south_vc1_fifo/fifo_mem_reg[0][flit_data]_0_3_0_5/RAMB_D1/I
0.646,20,1,0,inter,u_mesh/GEN_R[1].r/u_datapath/west_vc2_fifo/rd_ptr_reg[1]/C,u_mesh/GEN_R[0].r/u_datapath/east_vc2_fifo/fifo_mem_reg[0][vc_id]_0_3_0_0/SP/I
0.646,20,4,5,inter,u_mesh/GEN_R[4].r/u_datapath/west_vc0_fifo/rd_ptr_reg[0]/C,u_mesh/GEN_R[5].r/u_datapath/west_vc0_fifo/fifo_mem_reg[0][vc_id]_0_3_0_0/SP/I
0.647,22,1,2,inter,u_mesh/GEN_R[1].r/u_datapath/west_vc2_fifo/rd_ptr_reg[1]/C,u_mesh/GEN_R[2].r/u_datapath/west_vc0_fifo/wr_ptr_reg[0]/D
0.647,19,0,1,inter,u_mesh/GEN_R[0].r/u_datapath/east_vc1_fifo/rd_ptr_reg[0]/C,u_mesh/GEN_R[1].r/u_datapath/west_vc1_fifo/fifo_mem_reg[0][flit_data]_0_3_6_11/RAMC_D1/I
0.648,20,1,4,inter,u_mesh/GEN_R[1].r/u_datapath/west_vc2_fifo/rd_ptr_reg[1]/C,u_mesh/GEN_R[4].r/u_datapath/north_vc2_fifo/fifo_mem_reg[0][flit_data]_0_3_30_31__0/SP/I
0.649,20,0,1,inter,u_mesh/GEN_R[0].r/u_datapath/east_vc1_fifo/rd_ptr_reg[0]/C,u_mesh/GEN_R[1].r/u_datapath/west_vc1_fifo/fifo_mem_reg[0][flit_type]_0_3_1_1/SP/I
0.649,20,1,4,inter,u_mesh/GEN_R[1].r/u_datapath/west_vc2_fifo/rd_ptr_reg[1]/C,u_mesh/GEN_R[4].r/u_datapath/north_vc0_fifo/fifo_mem_reg[0][flit_data]_0_3_18_23/RAMA/I
0.649,21,1,4,inter,u_mesh/GEN_R[1].r/u_datapath/local_vc0_fifo/rd_ptr_reg[0]/C,u_mesh/GEN_R[4].r/u_datapath/north_vc0_fifo/wr_ptr_reg[1]/D
0.650,19,5,4,inter,u_mesh/GEN_R[5].r/u_datapath/local_vc1_fifo/rd_ptr_reg[0]/C,u_mesh/GEN_R[4].r/u_datapath/east_vc2_fifo/fifo_mem_reg[0][flit_data]_0_3_6_11/RAMA_D1/I
0.650,20,2,1,inter,u_mesh/GEN_R[2].r/u_datapath/local_vc2_fifo/rd_ptr_reg[1]/C,u_mesh/GEN_R[1].r/u_datapath/east_vc2_fifo/fifo_mem_reg[0][flit_data]_0_3_12_17/RAMA_D1/I
0.650,20,0,3,inter,u_mesh/GEN_R[0].r/u_datapath/east_vc1_fifo/rd_ptr_reg[0]/C,u_mesh/GEN_R[3].r/u_datapath/north_vc1_fifo/fifo_mem_reg[0][flit_data]_0_3_0_5/RAMA_D1/I
0.651,19,3,4,inter,u_mesh/GEN_R[3].r/u_datapath/east_vc1_fifo/rd_ptr_reg[1]_replica/C,u_mesh/GEN_R[4].r/u_datapath/west_vc0_fifo/fifo_mem_reg[0][flit_data]_0_3_18_23/RAMA/I
0.651,21,2,5,inter,u_mesh/GEN_R[2].r/u_datapath/local_vc2_fifo/rd_ptr_reg[1]/C,u_mesh/GEN_R[5].r/u_datapath/north_vc0_fifo/count_reg[0]/D
0.652,20,1,4,inter,u_mesh/GEN_R[1].r/u_datapath/west_vc2_fifo/rd_ptr_reg[1]/C,u_mesh/GEN_R[4].r/u_datapath/north_vc1_fifo/fifo_mem_reg[0][flit_data]_0_3_24_29/RAMA/I
0.652,20,2,1,inter,u_mesh/GEN_R[2].r/u_datapath/local_vc2_fifo/rd_ptr_reg[1]/C,u_mesh/GEN_R[1].r/u_datapath/east_vc1_fifo/fifo_mem_reg[0][vc_id]_0_3_0_0/DP/I
0.652,20,1,2,inter,u_mesh/GEN_R[1].r/u_datapath/west_vc2_fifo/rd_ptr_reg[1]/C,u_mesh/GEN_R[2].r/u_datapath/west_vc0_fifo/fifo_mem_reg[0][flit_data]_0_3_12_17/RAMB_D1/I
0.655,19,3,4,inter,u_mesh/GEN_R[3].r/u_datapath/east_vc1_fifo/rd_ptr_reg[1]_replica/C,u_mesh/GEN_R[4].r/u_datapath/west_vc0_fifo/fifo_mem_reg[0][vc_id]_0_3_0_0/DP/I
0.655,19,0,3,inter,u_mesh/GEN_R[0].r/u_datapath/south_vc1_fifo/rd_ptr_reg[1]/C,u_mesh/GEN_R[3].r/u_datapath/north_vc2_fifo/fifo_mem_reg[0][flit_data]_0_3_6_11/RAMB_D1/I
0.657,18,3,3,intra,u_mesh/GEN_R[3].r/u_datapath/local_vc2_fifo/rd_ptr_reg[1]/C,u_mesh/GEN_R[3].r/u_eject_fifo/fifo_mem_reg[0][vc_id]_0_15_0_0/DP/WE
0.657,18,3,3,intra,u_mesh/GEN_R[3].r/u_datapath/local_vc2_fifo/rd_ptr_reg[1]/C,u_mesh/GEN_R[3].r/u_eject_fifo/fifo_mem_reg[0][vc_id]_0_15_0_0/SP/WE
0.657,18,3,3,intra,u_mesh/GEN_R[3].r/u_datapath/local_vc2_fifo/rd_ptr_reg[1]/C,u_mesh/GEN_R[3].r/u_eject_fifo/fifo_mem_reg[0][vc_id]_0_15_1_1/DP/WE
0.657,18,3,3,intra,u_mesh/GEN_R[3].r/u_datapath/local_vc2_fifo/rd_ptr_reg[1]/C,u_mesh/GEN_R[3].r/u_eject_fifo/fifo_mem_reg[0][vc_id]_0_15_1_1/SP/WE
0.657,19,0,1,inter,u_mesh/GEN_R[0].r/u_datapath/south_vc1_fifo/rd_ptr_reg[1]/C,u_mesh/GEN_R[1].r/u_datapath/west_vc0_fifo/fifo_mem_reg[0][flit_data]_0_3_24_29/RAMA_D1/I
0.657,19,5,2,inter,u_mesh/GEN_R[5].r/u_datapath/local_vc1_fifo/rd_ptr_reg[0]/C,u_mesh/GEN_R[2].r/u_datapath/south_vc0_fifo/fifo_mem_reg[0][flit_data]_0_3_0_5/RAMB_D1/I
0.657,19,5,2,inter,u_mesh/GEN_R[5].r/u_datapath/west_vc1_fifo/rd_ptr_reg[1]/C,u_mesh/GEN_R[2].r/u_datapath/south_vc2_fifo/fifo_mem_reg[0][flit_data]_0_3_24_29/RAMA/I
0.658,20,0,1,inter,u_mesh/GEN_R[0].r/u_datapath/east_vc1_fifo/rd_ptr_reg[0]/C,u_mesh/GEN_R[1].r/u_datapath/west_vc2_fifo/fifo_mem_reg[0][flit_data]_0_3_0_5/RAMB/I
0.659,20,1,2,inter,u_mesh/GEN_R[1].r/u_datapath/west_vc2_fifo/rd_ptr_reg[1]/C,u_mesh/GEN_R[2].r/u_datapath/west_vc2_fifo/fifo_mem_reg[0][flit_data]_0_3_0_5/RAMA_D1/I
0.659,19,3,0,inter,u_mesh/GEN_R[3].r/u_datapath/east_vc1_fifo/rd_ptr_reg[1]_replica/C,u_mesh/GEN_R[0].r/u_datapath/south_vc2_fifo/fifo_mem_reg[0][flit_data]_0_3_12_17/RAMC_D1/I
0.660,19,5,2,inter,u_mesh/GEN_R[5].r/u_datapath/west_vc1_fifo/rd_ptr_reg[1]/C,u_mesh/GEN_R[2].r/u_datapath/south_vc0_fifo/fifo_mem_reg[0][flit_data]_0_3_18_23/RAMC_D1/I
0.660,20,0,3,inter,u_mesh/GEN_R[0].r/u_datapath/east_vc1_fifo/rd_ptr_reg[0]/C,u_mesh/GEN_R[3].r/u_datapath/north_vc1_fifo/fifo_mem_reg[0][flit_data]_0_3_18_23/RAMB/I
0.661,19,0,1,inter,u_mesh/GEN_R[0].r/u_datapath/east_vc1_fifo/rd_ptr_reg[0]/C,u_mesh/GEN_R[1].r/u_datapath/west_vc2_fifo/fifo_mem_reg[0][flit_data]_0_3_12_17/RAMC_D1/I
0.663,20,0,3,inter,u_mesh/GEN_R[0].r/u_datapath/east_vc1_fifo/rd_ptr_reg[0]/C,u_mesh/GEN_R[3].r/u_datapath/north_vc0_fifo/fifo_mem_reg[0][flit_data]_0_3_6_11/RAMC/I
0.663,19,5,2,inter,u_mesh/GEN_R[5].r/u_datapath/west_vc1_fifo/rd_ptr_reg[1]/C,u_mesh/GEN_R[2].r/u_datapath/south_vc2_fifo/fifo_mem_reg[0][flit_type]_0_3_1_1/DP/I
0.664,19,5,2,inter,u_mesh/GEN_R[5].r/u_datapath/local_vc1_fifo/rd_ptr_reg[0]/C,u_mesh/GEN_R[2].r/u_datapath/south_vc2_fifo/fifo_mem_reg[0][flit_data]_0_3_6_11/RAMB_D1/I
0.664,19,5,2,inter,u_mesh/GEN_R[5].r/u_datapath/local_vc1_fifo/rd_ptr_reg[0]/C,u_mesh/GEN_R[2].r/u_datapath/south_vc0_fifo/fifo_mem_reg[0][flit_type]_0_3_0_0/SP/I
0.666,19,1,4,inter,u_mesh/GEN_R[1].r/u_datapath/south_vc1_fifo/rd_ptr_reg[1]_replica/C,u_mesh/GEN_R[4].r/u_datapath/north_vc1_fifo/fifo_mem_reg[0][flit_data]_0_3_6_11/RAMB_D1/I
0.667,20,2,2,intra,u_mesh/GEN_R[2].r/u_datapath/local_vc2_fifo/rd_ptr_reg[1]/C,u_mesh/GEN_R[2].r/u_eject_fifo/fifo_mem_reg[0][flit_data]_0_15_30_31__0/DP/I
0.668,19,3,3,intra,u_mesh/GEN_R[3].r/u_datapath/east_vc1_fifo/rd_ptr_reg[1]_replica/C,u_mesh/GEN_R[3].r/u_eject_fifo/fifo_mem_reg[0][flit_data]_0_15_24_29/RAMC_D1/I
0.668,20,0,1,inter,u_mesh/GEN_R[0].r/u_datapath/east_vc1_fifo/rd_ptr_reg[0]/C,u_mesh/GEN_R[1].r/u_datapath/west_vc1_fifo/fifo_mem_reg[0][flit_data]_0_3_24_29/RAMB/I
0.668,19,5,4,inter,u_mesh/GEN_R[5].r/u_datapath/local_vc1_fifo/rd_ptr_reg[0]/C,u_mesh/GEN_R[4].r/u_datapath/east_vc2_fifo/fifo_mem_reg[0][flit_data]_0_3_18_23/RAMB_D1/I
0.668,19,3,0,inter,u_mesh/GEN_R[3].r/u_datapath/east_vc0_fifo/rd_ptr_reg[0]/C,u_mesh/GEN_R[0].r/u_datapath/south_vc0_fifo/fifo_mem_reg[0][flit_data]_0_3_0_5/RAMB_D1/I
0.668,19,5,4,inter,u_mesh/GEN_R[5].r/u_datapath/local_vc1_fifo/rd_ptr_reg[0]/C,u_mesh/GEN_R[4].r/u_datapath/east_vc1_fifo/fifo_mem_reg[0][flit_data]_0_3_6_11/RAMA/I
0.669,20,2,1,inter,u_mesh/GEN_R[2].r/u_datapath/local_vc2_fifo/rd_ptr_reg[1]/C,u_mesh/GEN_R[1].r/u_datapath/east_vc2_fifo/fifo_mem_reg[0][vc_id]_0_3_1_1/DP/I
0.670,19,3,0,inter,u_mesh/GEN_R[3].r/u_datapath/east_vc1_fifo/rd_ptr_reg[1]_replica/C,u_mesh/GEN_R[0].r/u_datapath/south_vc1_fifo/fifo_mem_reg[0][flit_data]_0_3_30_31__0/DP/I
0.670,20,4,4,intra,u_mesh/GEN_R[4].r/u_datapath/local_vc2_fifo/rd_ptr_reg[0]_replica/C,u_mesh/GEN_R[4].r/u_eject_fifo/fifo_mem_reg[0][vc_id]_0_15_1_1/DP/I
0.670,20,1,2,inter,u_mesh/GEN_R[1].r/u_datapath/west_vc2_fifo/rd_ptr_reg[1]/C,u_mesh/GEN_R[2].r/u_datapath/west_vc0_fifo/fifo_mem_reg[0][flit_data]_0_3_0_5/RAMA_D1/I
0.670,19,5,4,inter,u_mesh/GEN_R[5].r/u_datapath/local_vc1_fifo/rd_ptr_reg[0]/C,u_mesh/GEN_R[4].r/u_datapath/east_vc1_fifo/fifo_mem_reg[0][flit_data]_0_3_6_11/RAMC_D1/I
0.670,20,0,3,inter,u_mesh/GEN_R[0].r/u_datapath/east_vc1_fifo/rd_ptr_reg[0]/C,u_mesh/GEN_R[3].r/u_datapath/north_vc2_fifo/fifo_mem_reg[0][flit_data]_0_3_0_5/RAMC/I
0.672,20,0,3,inter,u_mesh/GEN_R[0].r/u_datapath/east_vc1_fifo/rd_ptr_reg[0]/C,u_mesh/GEN_R[3].r/u_datapath/north_vc2_fifo/fifo_mem_reg[0][flit_data]_0_3_6_11/RAMC/I
0.672,20,1,4,inter,u_mesh/GEN_R[1].r/u_datapath/local_vc0_fifo/rd_ptr_reg[0]/C,u_mesh/GEN_R[4].r/u_datapath/north_vc0_fifo/fifo_mem_reg[0][flit_data]_0_3_12_17/RAMA/I
0.673,20,1,4,inter,u_mesh/GEN_R[1].r/u_datapath/west_vc2_fifo/rd_ptr_reg[1]/C,u_mesh/GEN_R[4].r/u_datapath/north_vc2_fifo/fifo_mem_reg[0][flit_data]_0_3_24_29/RAMA/I
0.674,19,3,3,intra,u_mesh/GEN_R[3].r/u_datapath/east_vc1_fifo/rd_ptr_reg[1]_replica/C,u_mesh/GEN_R[3].r/u_eject_fifo/fifo_mem_reg[0][flit_data]_0_15_0_5/RAMA_D1/I
0.675,20,2,5,inter,u_mesh/GEN_R[2].r/u_datapath/local_vc2_fifo/rd_ptr_reg[1]/C,u_mesh/GEN_R[5].r/u_datapath/north_vc0_fifo/fifo_mem_reg[0][flit_data]_0_3_0_5/RAMC/I
0.675,20,1,2,inter,u_mesh/GEN_R[1].r/u_datapath/west_vc2_fifo/rd_ptr_reg[1]/C,u_mesh/GEN_R[2].r/u_datapath/west_vc1_fifo/fifo_mem_reg[0][flit_data]_0_3_6_11/RAMC_D1/I
0.675,19,3,4,inter,u_mesh/GEN_R[3].r/u_datapath/east_vc1_fifo/rd_ptr_reg[1]_replica/C,u_mesh/GEN_R[4].r/u_datapath/west_vc2_fifo/fifo_mem_reg[0][flit_data]_0_3_24_29/RAMB_D1/I
0.675,21,3,4,inter,u_mesh/GEN_R[3].r/u_datapath/east_vc1_fifo/rd_ptr_reg[1]_replica/C,u_mesh/GEN_R[4].r/u_datapath/west_vc2_fifo/wr_ptr_reg[1]/D
0.675,20,0,1,inter,u_mesh/GEN_R[0].r/u_datapath/east_vc1_fifo/rd_ptr_reg[0]/C,u_mesh/GEN_R[1].r/u_datapath/west_vc1_fifo/fifo_mem_reg[0][flit_data]_0_3_18_23/RAMB/I
0.676,19,5,4,inter,u_mesh/GEN_R[5].r/u_datapath/local_vc1_fifo/rd_ptr_reg[0]/C,u_mesh/GEN_R[4].r/u_datapath/east_vc1_fifo/fifo_mem_reg[0][flit_data]_0_3_12_17/RAMB_D1/I
0.676,20,2,2,intra,u_mesh/GEN_R[2].r/u_datapath/local_vc2_fifo/rd_ptr_reg[1]/C,u_mesh/GEN_R[2].r/u_eject_fifo/fifo_mem_reg[0][flit_data]_0_15_6_11/RAMA_D1/I
0.676,19,0,3,inter,u_mesh/GEN_R[0].r/u_datapath/east_vc1_fifo/rd_ptr_reg[0]/C,u_mesh/GEN_R[3].r/u_datapath/north_vc2_fifo/fifo_mem_reg[0][flit_data]_0_3_12_17/RAMA_D1/I
0.677,20,1,2,inter,u_mesh/GEN_R[1].r/u_datapath/west_vc2_fifo/rd_ptr_reg[1]/C,u_mesh/GEN_R[2].r/u_datapath/west_vc0_fifo/fifo_mem_reg[0][flit_data]_0_3_24_29/RAMB/I
0.677,18,4,4,intra,u_mesh/GEN_R[4].r/u_datapath/local_vc2_fifo/rd_ptr_reg[0]_replica/C,u_mesh/GEN_R[4].r/u_allocator/output_owner_reg[3][1]/CE
0.677,18,4,4,intra,u_mesh/GEN_R[4].r/u_datapath/local_vc2_fifo/rd_ptr_reg[0]_replica/C,u_mesh/GEN_R[4].r/u_allocator/output_owner_reg[3][2]/CE
0.677,19,3,4,inter,u_mesh/GEN_R[3].r/u_datapath/east_vc0_fifo/rd_ptr_reg[0]/C,u_mesh/GEN_R[4].r/u_datapath/west_vc1_fifo/fifo_mem_reg[0][flit_data]_0_3_6_11/RAMB/I
0.678,20,2,1,inter,u_mesh/GEN_R[2].r/u_datapath/local_vc2_fifo/rd_ptr_reg[1]/C,u_mesh/GEN_R[1].r/u_datapath/east_vc1_fifo/fifo_mem_reg[0][flit_data]_0_3_18_23/RAMB_D1/I
0.679,20,1,4,inter,u_mesh/GEN_R[1].r/u_datapath/west_vc2_fifo/rd_ptr_reg[1]/C,u_mesh/GEN_R[4].r/u_datapath/north_vc2_fifo/fifo_mem_reg[0][vc_id]_0_3_0_0/DP/I
0.679,20,1,1,intra,u_mesh/GEN_R[1].r/u_datapath/local_vc0_fifo/rd_ptr_reg[0]/C,u_mesh/GEN_R[1].r/u_eject_fifo/fifo_mem_reg[0][flit_data]_0_15_0_5/RAMC_D1/I
0.679,20,2,1,inter,u_mesh/GEN_R[2].r/u_datapath/local_vc2_fifo/rd_ptr_reg[1]/C,u_mesh/GEN_R[1].r/u_datapath/east_vc0_fifo/fifo_mem_reg[0][flit_data]_0_3_18_23/RAMB_D1/I
0.681,19,0,3,inter,u_mesh/GEN_R[0].r/u_datapath/east_vc1_fifo/rd_ptr_reg[0]/C,u_mesh/GEN_R[3].r/u_datapath/north_vc0_fifo/fifo_mem_reg[0][flit_data]_0_3_24_29/RAMC_D1/I
0.681,20,2,1,inter,u_mesh/GEN_R[2].r/u_datapath/local_vc2_fifo/rd_ptr_reg[1]/C,u_mesh/GEN_R[1].r/u_datapath/east_vc1_fifo/fifo_mem_reg[0][flit_data]_0_3_18_23/RAMA/I
0.681,20,1,2,inter,u_mesh/GEN_R[1].r/u_datapath/west_vc2_fifo/rd_ptr_reg[1]/C,u_mesh/GEN_R[2].r/u_datapath/west_vc1_fifo/fifo_mem_reg[0][flit_data]_0_3_12_17/RAMC_D1/I
0.681,20,0,3,inter,u_mesh/GEN_R[0].r/u_datapath/east_vc1_fifo/rd_ptr_reg[0]/C,u_mesh/GEN_R[3].r/u_datapath/north_vc2_fifo/fifo_mem_reg[0][flit_type]_0_3_1_1/DP/I
0.682,19,0,3,inter,u_mesh/GEN_R[0].r/u_datapath/south_vc1_fifo/rd_ptr_reg[1]/C,u_mesh/GEN_R[3].r/u_datapath/north_vc0_fifo/fifo_mem_reg[0][flit_data]_0_3_30_31/DP/I
0.682,21,3,0,inter,u_mesh/GEN_R[3].r/u_datapath/east_vc1_fifo/rd_ptr_reg[1]_replica/C,u_mesh/GEN_R[0].r/u_datapath/south_vc0_fifo/count_reg[2]/D
0.682,20,1,2,inter,u_mesh/GEN_R[1].r/u_datapath/west_vc2_fifo/rd_ptr_reg[1]/C,u_mesh/GEN_R[2].r/u_datapath/west_vc1_fifo/fifo_mem_reg[0][flit_data]_0_3_0_5/RAMA_D1/I
0.683,19,0,1,inter,u_mesh/GEN_R[0].r/u_datapath/east_vc1_fifo/rd_ptr_reg[0]/C,u_mesh/GEN_R[1].r/u_datapath/west_vc0_fifo/fifo_mem_reg[0][flit_data]_0_3_18_23/RAMA/I
0.683,19,5,2,inter,u_mesh/GEN_R[5].r/u_datapath/local_vc1_fifo/rd_ptr_reg[0]/C,u_mesh/GEN_R[2].r/u_datapath/south_vc0_fifo/fifo_mem_reg[0][flit_data]_0_3_6_11/RAMA_D1/I
0.685,19,5,4,inter,u_mesh/GEN_R[5].r/u_datapath/local_vc1_fifo/rd_ptr_reg[0]/C,u_mesh/GEN_R[4].r/u_datapath/east_vc2_fifo/fifo_mem_reg[0][flit_data]_0_3_12_17/RAMB/I
0.685,20,1,2,inter,u_mesh/GEN_R[1].r/u_datapath/west_vc2_fifo/rd_ptr_reg[1]/C,u_mesh/GEN_R[2].r/u_datapath/west_vc1_fifo/fifo_mem_reg[0][flit_data]_0_3_30_31/DP/I
0.686,20,1,2,inter,u_mesh/GEN_R[1].r/u_datapath/west_vc2_fifo/rd_ptr_reg[1]/C,u_mesh/GEN_R[2].r/u_datapath/west_vc0_fifo/fifo_mem_reg[0][flit_data]_0_3_18_23/RAMC_D1/I
0.687,20,1,0,inter,u_mesh/GEN_R[1].r/u_datapath/west_vc2_fifo/rd_ptr_reg[1]/C,u_mesh/GEN_R[0].r/u_datapath/east_vc0_fifo/fifo_mem_reg[0][flit_data]_0_3_6_11/RAMB_D1/I
0.687,20,0,1,inter,u_mesh/GEN_R[0].r/u_datapath/east_vc1_fifo/rd_ptr_reg[0]/C,u_mesh/GEN_R[1].r/u_datapath/west_vc0_fifo/fifo_mem_reg[0][flit_data]_0_3_18_23/RAMC_D1/I
0.687,20,0,3,inter,u_mesh/GEN_R[0].r/u_datapath/east_vc1_fifo/rd_ptr_reg[0]/C,u_mesh/GEN_R[3].r/u_datapath/north_vc1_fifo/fifo_mem_reg[0][flit_type]_0_3_1_1/DP/I
0.688,19,5,4,inter,u_mesh/GEN_R[5].r/u_datapath/local_vc1_fifo/rd_ptr_reg[0]/C,u_mesh/GEN_R[4].r/u_datapath/east_vc1_fifo/fifo_mem_reg[0][flit_data]_0_3_6_11/RAMB/I
0.688,19,3,0,inter,u_mesh/GEN_R[3].r/u_datapath/east_vc1_fifo/rd_ptr_reg[1]_replica/C,u_mesh/GEN_R[0].r/u_datapath/south_vc0_fifo/fifo_mem_reg[0][flit_type]_0_3_0_0/SP/I
0.689,19,0,1,inter,u_mesh/GEN_R[0].r/u_datapath/east_vc1_fifo/rd_ptr_reg[0]/C,u_mesh/GEN_R[1].r/u_datapath/west_vc2_fifo/fifo_mem_reg[0][flit_data]_0_3_6_11/RAMB_D1/I
0.689,19,5,4,inter,u_mesh/GEN_R[5].r/u_datapath/local_vc1_fifo/rd_ptr_reg[0]/C,u_mesh/GEN_R[4].r/u_datapath/east_vc2_fifo/fifo_mem_reg[0][flit_data]_0_3_24_29/RAMA/I
0.690,20,2,1,inter,u_mesh/GEN_R[2].r/u_datapath/local_vc2_fifo/rd_ptr_reg[1]/C,u_mesh/GEN_R[1].r/u_datapath/east_vc1_fifo/fifo_mem_reg[0][flit_data]_0_3_12_17/RAMA_D1/I
0.690,20,2,5,inter,u_mesh/GEN_R[2].r/u_datapath/local_vc2_fifo/rd_ptr_reg[1]/C,u_mesh/GEN_R[5].r/u_datapath/north_vc0_fifo/fifo_mem_reg[0][flit_data]_0_3_12_17/RAMC/I
0.690,18,3,4,inter,u_mesh/GEN_R[3].r/u_datapath/local_vc2_fifo/rd_ptr_reg[1]/C,u_mesh/GEN_R[4].r/u_datapath/west_vc1_fifo/fifo_mem_reg[0][flit_data]_0_3_24_29/RAMB/I
0.692,20,4,1,inter,u_mesh/GEN_R[4].r/u_datapath/west_vc0_fifo/rd_ptr_reg[0]/C,u_mesh/GEN_R[1].r/u_datapath/south_vc1_fifo/fifo_mem_reg[0][vc_id]_0_3_1_1/SP/I
0.692,18,3,3,intra,u_mesh/GEN_R[3].r/u_datapath/local_vc2_fifo/rd_ptr_reg[1]/C,u_mesh/GEN_R[3].r/u_eject_fifo/fifo_mem_reg[0][flit_data]_0_15_18_23/RAMA/WE
0.692,18,3,3,intra,u_mesh/GEN_R[3].r/u_datapath/local_vc2_fifo/rd_ptr_reg[1]/C,u_mesh/GEN_R[3].r/u_eject_fifo/fifo_mem_reg[0][flit_data]_0_15_18_23/RAMA_D1/WE
0.692,18,3,3,intra,u_mesh/GEN_R[3].r/u_datapath/local_vc2_fifo/rd_ptr_reg[1]/C,u_mesh/GEN_R[3].r/u_eject_fifo/fifo_mem_reg[0][flit_data]_0_15_18_23/RAMB/WE
0.692,18,3,3,intra,u_mesh/GEN_R[3].r/u_datapath/local_vc2_fifo/rd_ptr_reg[1]/C,u_mesh/GEN_R[3].r/u_eject_fifo/fifo_mem_reg[0][flit_data]_0_15_18_23/RAMB_D1/WE
0.692,18,3,3,intra,u_mesh/GEN_R[3].r/u_datapath/local_vc2_fifo/rd_ptr_reg[1]/C,u_mesh/GEN_R[3].r/u_eject_fifo/fifo_mem_reg[0][flit_data]_0_15_18_23/RAMC/WE
0.692,18,3,3,intra,u_mesh/GEN_R[3].r/u_datapath/local_vc2_fifo/rd_ptr_reg[1]/C,u_mesh/GEN_R[3].r/u_eject_fifo/fifo_mem_reg[0][flit_data]_0_15_18_23/RAMC_D1/WE
0.692,18,3,3,intra,u_mesh/GEN_R[3].r/u_datapath/local_vc2_fifo/rd_ptr_reg[1]/C,u_mesh/GEN_R[3].r/u_eject_fifo/fifo_mem_reg[0][flit_data]_0_15_18_23/RAMD/WE
0.692,18,3,3,intra,u_mesh/GEN_R[3].r/u_datapath/local_vc2_fifo/rd_ptr_reg[1]/C,u_mesh/GEN_R[3].r/u_eject_fifo/fifo_mem_reg[0][flit_data]_0_15_18_23/RAMD_D1/WE
0.693,20,0,3,inter,u_mesh/GEN_R[0].r/u_datapath/east_vc1_fifo/rd_ptr_reg[0]/C,u_mesh/GEN_R[3].r/u_datapath/north_vc2_fifo/fifo_mem_reg[0][flit_data]_0_3_6_11/RAMC_D1/I
0.693,22,5,2,inter,u_mesh/GEN_R[5].r/u_datapath/local_vc1_fifo/rd_ptr_reg[0]/C,u_mesh/GEN_R[2].r/u_datapath/south_vc0_fifo/wr_ptr_reg[0]/D
0.694,18,3,4,inter,u_mesh/GEN_R[3].r/u_datapath/local_vc2_fifo/rd_ptr_reg[1]/C,u_mesh/GEN_R[4].r/u_datapath/west_vc2_fifo/fifo_mem_reg[0][flit_data]_0_3_24_29/RAMB/I
0.694,20,1,0,inter,u_mesh/GEN_R[1].r/u_datapath/west_vc2_fifo/rd_ptr_reg[1]/C,u_mesh/GEN_R[0].r/u_datapath/east_vc0_fifo/fifo_mem_reg[0][vc_id]_0_3_1_1/DP/I
0.695,18,3,4,inter,u_mesh/GEN_R[3].r/u_datapath/local_vc2_fifo/rd_ptr_reg[1]/C,u_mesh/GEN_R[4].r/u_datapath/west_vc1_fifo/fifo_mem_reg[0][flit_type]_0_3_1_1/DP/I
0.695,20,2,5,inter,u_mesh/GEN_R[2].r/u_datapath/local_vc2_fifo/rd_ptr_reg[1]/C,u_mesh/GEN_R[5].r/u_datapath/north_vc0_fifo/fifo_mem_reg[0][flit_data]_0_3_18_23/RAMB/I
0.695,19,3,3,intra,u_mesh/GEN_R[3].r/u_datapath/east_vc1_fifo/rd_ptr_reg[1]_replica/C,u_mesh/GEN_R[3].r/u_eject_fifo/fifo_mem_reg[0][flit_data]_0_15_12_17/RAMC/I
0.695,19,0,1,inter,u_mesh/GEN_R[0].r/u_datapath/east_vc1_fifo/rd_ptr_reg[0]/C,u_mesh/GEN_R[1].r/u_datapath/west_vc0_fifo/fifo_mem_reg[0][flit_data]_0_3_24_29/RAMC/I
0.696,19,3,0,inter,u_mesh/GEN_R[3].r/u_datapath/east_vc0_fifo/rd_ptr_reg[0]/C,u_mesh/GEN_R[0].r/u_datapath/south_vc2_fifo/fifo_mem_reg[0][flit_data]_0_3_0_5/RAMB_D1/I
0.696,19,0,1,inter,u_mesh/GEN_R[0].r/u_datapath/east_vc1_fifo/rd_ptr_reg[0]/C,u_mesh/GEN_R[1].r/u_datapath/west_vc0_fifo/fifo_mem_reg[0][vc_id]_0_3_1_1/SP/I
0.696,20,1,2,inter,u_mesh/GEN_R[1].r/u_datapath/west_vc2_fifo/rd_ptr_reg[1]/C,u_mesh/GEN_R[2].r/u_datapath/west_vc1_fifo/fifo_mem_reg[0][flit_data]_0_3_24_29/RAMA/I
0.696,20,0,3,inter,u_mesh/GEN_R[0].r/u_datapath/east_vc1_fifo/rd_ptr_reg[0]/C,u_mesh/GEN_R[3].r/u_datapath/north_vc0_fifo/fifo_mem_reg[0][flit_data]_0_3_18_23/RAMB/I
0.697,22,5,2,inter,u_mesh/GEN_R[5].r/u_datapath/local_vc1_fifo/rd_ptr_reg[0]/C,u_mesh/GEN_R[2].r/u_datapath/south_vc0_fifo/wr_ptr_reg[1]/D
0.697,19,5,5,intra,u_mesh/GEN_R[5].r/u_datapath/local_vc1_fifo/rd_ptr_reg[0]/C,u_mesh/GEN_R[5].r/u_eject_fifo/fifo_mem_reg[0][flit_data]_0_15_6_11/RAMB_D1/I
0.697,20,1,4,inter,u_mesh/GEN_R[1].r/u_datapath/west_vc2_fifo/rd_ptr_reg[1]/C,u_mesh/GEN_R[4].r/u_datapath/north_vc2_fifo/fifo_mem_reg[0][flit_data]_0_3_0_5/RAMC_D1/I
0.697,20,0,3,inter,u_mesh/GEN_R[0].r/u_datapath/east_vc1_fifo/rd_ptr_reg[0]/C,u_mesh/GEN_R[3].r/u_datapath/north_vc1_fifo/fifo_mem_reg[0][flit_data]_0_3_6_11/RAMC/I
0.697,20,0,3,inter,u_mesh/GEN_R[0].r/u_datapath/east_vc1_fifo/rd_ptr_reg[0]/C,u_mesh/GEN_R[3].r/u_datapath/north_vc0_fifo/fifo_mem_reg[0][flit_data]_0_3_18_23/RAMC_D1/I
0.698,19,3,4,inter,u_mesh/GEN_R[3].r/u_datapath/east_vc1_fifo/rd_ptr_reg[1]_replica/C,u_mesh/GEN_R[4].r/u_datapath/west_vc0_fifo/fifo_mem_reg[0][flit_data]_0_3_6_11/RAMC_D1/I
0.698,19,5,2,inter,u_mesh/GEN_R[5].r/u_datapath/local_vc1_fifo/rd_ptr_reg[0]/C,u_mesh/GEN_R[2].r/u_datapath/south_vc0_fifo/fifo_mem_reg[0][flit_data]_0_3_12_17/RAMC_D1/I
0.698,20,0,3,inter,u_mesh/GEN_R[0].r/u_datapath/east_vc1_fifo/rd_ptr_reg[0]/C,u_mesh/GEN_R[3].r/u_datapath/north_vc1_fifo/fifo_mem_reg[0][vc_id]_0_3_0_0/DP/I
0.699,19,3,0,inter,u_mesh/GEN_R[3].r/u_datapath/east_vc1_fifo/rd_ptr_reg[1]_replica/C,u_mesh/GEN_R[0].r/u_datapath/south_vc0_fifo/fifo_mem_reg[0][flit_data]_0_3_6_11/RAMA/I
0.699,20,1,2,inter,u_mesh/GEN_R[1].r/u_datapath/west_vc2_fifo/rd_ptr_reg[1]/C,u_mesh/GEN_R[2].r/u_datapath/west_vc0_fifo/fifo_mem_reg[0][vc_id]_0_3_0_0/DP/I
0.699,20,1,4,inter,u_mesh/GEN_R[1].r/u_datapath/west_vc2_fifo/rd_ptr_reg[1]/C,u_mesh/GEN_R[4].r/u_datapath/north_vc1_fifo/fifo_mem_reg[0][flit_data]_0_3_30_31__0/SP/I
0.699,19,3,4,inter,u_mesh/GEN_R[3].r/u_datapath/east_vc1_fifo/rd_ptr_reg[1]_replica/C,u_mesh/GEN_R[4].r/u_datapath/west_vc0_fifo/fifo_mem_reg[0][flit_type]_0_3_0_0/SP/I
0.699,20,1,2,inter,u_mesh/GEN_R[1].r/u_datapath/west_vc2_fifo/rd_ptr_reg[1]/C,u_mesh/GEN_R[2].r/u_datapath/west_vc2_fifo/fifo_mem_reg[0][flit_data]_0_3_0_5/RAMB/I
0.699,19,0,1,inter,u_mesh/GEN_R[0].r/u_datapath/east_vc1_fifo/rd_ptr_reg[0]/C,u_mesh/GEN_R[1].r/u_datapath/west_vc1_fifo/fifo_mem_reg[0][flit_data]_0_3_12_17/RAMA_D1/I
0.700,20,1,2,inter,u_mesh/GEN_R[1].r/u_datapath/west_vc2_fifo/rd_ptr_reg[1]/C,u_mesh/GEN_R[2].r/u_datapath/west_vc2_fifo/fifo_mem_reg[0][flit_data]_0_3_24_29/RAMA/I
0.700,20,1,2,inter,u_mesh/GEN_R[1].r/u_datapath/west_vc2_fifo/rd_ptr_reg[1]/C,u_mesh/GEN_R[2].r/u_datapath/west_vc1_fifo/fifo_mem_reg[0][flit_data]_0_3_12_17/RAMB/I
0.700,20,2,5,inter,u_mesh/GEN_R[2].r/u_datapath/local_vc2_fifo/rd_ptr_reg[1]/C,u_mesh/GEN_R[5].r/u_datapath/north_vc1_fifo/fifo_mem_reg[0][flit_type]_0_3_1_1/SP/I
0.701,19,3,4,inter,u_mesh/GEN_R[3].r/u_datapath/east_vc1_fifo/rd_ptr_reg[1]_replica/C,u_mesh/GEN_R[4].r/u_datapath/west_vc1_fifo/fifo_mem_reg[0][flit_data]_0_3_24_29/RAMA/I
0.702,19,3,4,inter,u_mesh/GEN_R[3].r/u_datapath/east_vc1_fifo/rd_ptr_reg[1]_replica/C,u_mesh/GEN_R[4].r/u_datapath/west_vc2_fifo/fifo_mem_reg[0][flit_data]_0_3_0_5/RAMB/I
0.702,19,3,4,inter,u_mesh/GEN_R[3].r/u_datapath/east_vc1_fifo/rd_ptr_reg[1]_replica/C,u_mesh/GEN_R[4].r/u_datapath/west_vc1_fifo/fifo_mem_reg[0][flit_data]_0_3_0_5/RAMC/I
0.702,19,0,1,inter,u_mesh/GEN_R[0].r/u_datapath/east_vc1_fifo/rd_ptr_reg[0]/C,u_mesh/GEN_R[1].r/u_datapath/west_vc0_fifo/fifo_mem_reg[0][flit_data]_0_3_12_17/RAMC_D1/I
0.703,20,2,5,inter,u_mesh/GEN_R[2].r/u_datapath/local_vc2_fifo/rd_ptr_reg[1]/C,u_mesh/GEN_R[5].r/u_datapath/north_vc2_fifo/fifo_mem_reg[0][flit_type]_0_3_1_1/SP/I
0.703,21,2,5,inter,u_mesh/GEN_R[2].r/u_datapath/local_vc2_fifo/rd_ptr_reg[1]/C,u_mesh/GEN_R[5].r/u_datapath/north_vc0_fifo/count_reg[1]/D
0.704,20,0,1,inter,u_mesh/GEN_R[0].r/u_datapath/east_vc1_fifo/rd_ptr_reg[0]/C,u_mesh/GEN_R[1].r/u_datapath/west_vc2_fifo/fifo_mem_reg[0][flit_data]_0_3_24_29/RAMB/I
0.704,20,2,1,inter,u_mesh/GEN_R[2].r/u_datapath/local_vc2_fifo/rd_ptr_reg[1]/C,u_mesh/GEN_R[1].r/u_datapath/east_vc1_fifo/fifo_mem_reg[0][flit_data]_0_3_30_31__0/DP/I
0.704,19,0,1,inter,u_mesh/GEN_R[0].r/u_datapath/east_vc1_fifo/rd_ptr_reg[0]/C,u_mesh/GEN_R[1].r/u_datapath/west_vc1_fifo/fifo_mem_reg[0][flit_data]_0_3_24_29/RAMC/I
0.705,18,3,3,intra,u_mesh/GEN_R[3].r/u_datapath/local_vc2_fifo/rd_ptr_reg[1]/C,u_mesh/GEN_R[3].r/u_eject_fifo/fifo_mem_reg[0][flit_data]_0_15_24_29/RAMA/WE
0.705,18,3,3,intra,u_mesh/GEN_R[3].r/u_datapath/local_vc2_fifo/rd_ptr_reg[1]/C,u_mesh/GEN_R[3].r/u_eject_fifo/fifo_mem_reg[0][flit_data]_0_15_24_29/RAMA_D1/WE
0.705,18,3,3,intra,u_mesh/GEN_R[3].r/u_datapath/local_vc2_fifo/rd_ptr_reg[1]/C,u_mesh/GEN_R[3].r/u_eject_fifo/fifo_mem_reg[0][flit_data]_0_15_24_29/RAMB/WE
0.705,18,3,3,intra,u_mesh/GEN_R[3].r/u_datapath/local_vc2_fifo/rd_ptr_reg[1]/C,u_mesh/GEN_R[3].r/u_eject_fifo/fifo_mem_reg[0][flit_data]_0_15_24_29/RAMB_D1/WE
0.705,18,3,3,intra,u_mesh/GEN_R[3].r/u_datapath/local_vc2_fifo/rd_ptr_reg[1]/C,u_mesh/GEN_R[3].r/u_eject_fifo/fifo_mem_reg[0][flit_data]_0_15_24_29/RAMC/WE
0.705,18,3,3,intra,u_mesh/GEN_R[3].r/u_datapath/local_vc2_fifo/rd_ptr_reg[1]/C,u_mesh/GEN_R[3].r/u_eject_fifo/fifo_mem_reg[0][flit_data]_0_15_24_29/RAMC_D1/WE
0.705,18,3,3,intra,u_mesh/GEN_R[3].r/u_datapath/local_vc2_fifo/rd_ptr_reg[1]/C,u_mesh/GEN_R[3].r/u_eject_fifo/fifo_mem_reg[0][flit_data]_0_15_24_29/RAMD/WE
0.705,18,3,3,intra,u_mesh/GEN_R[3].r/u_datapath/local_vc2_fifo/rd_ptr_reg[1]/C,u_mesh/GEN_R[3].r/u_eject_fifo/fifo_mem_reg[0][flit_data]_0_15_24_29/RAMD_D1/WE
0.705,22,5,2,inter,u_mesh/GEN_R[5].r/u_datapath/local_vc1_fifo/rd_ptr_reg[0]/C,u_mesh/GEN_R[2].r/u_datapath/south_vc1_fifo/wr_ptr_reg[1]/D
0.706,20,0,1,inter,u_mesh/GEN_R[0].r/u_datapath/east_vc1_fifo/rd_ptr_reg[0]/C,u_mesh/GEN_R[1].r/u_datapath/west_vc0_fifo/fifo_mem_reg[0][flit_type]_0_3_1_1/DP/I
0.707,20,1,2,inter,u_mesh/GEN_R[1].r/u_datapath/west_vc2_fifo/rd_ptr_reg[1]/C,u_mesh/GEN_R[2].r/u_datapath/west_vc2_fifo/fifo_mem_reg[0][flit_type]_0_3_0_0/DP/I
0.707,19,5,4,inter,u_mesh/GEN_R[5].r/u_datapath/local_vc1_fifo/rd_ptr_reg[0]/C,u_mesh/GEN_R[4].r/u_datapath/east_vc1_fifo/fifo_mem_reg[0][flit_data]_0_3_24_29/RAMA_D1/I
0.708,20,1,2,inter,u_mesh/GEN_R[1].r/u_datapath/west_vc2_fifo/rd_ptr_reg[1]/C,u_mesh/GEN_R[2].r/u_datapath/west_vc1_fifo/fifo_mem_reg[0][flit_data]_0_3_6_11/RAMA/I
0.708,20,1,2,inter,u_mesh/GEN_R[1].r/u_datapath/west_vc2_fifo/rd_ptr_reg[1]/C,u_mesh/GEN_R[2].r/u_datapath/west_vc0_fifo/fifo_mem_reg[0][flit_data]_0_3_24_29/RAMA/I
0.710,19,0,1,inter,u_mesh/GEN_R[0].r/u_datapath/east_vc1_fifo/rd_ptr_reg[0]/C,u_mesh/GEN_R[1].r/u_datapath/west_vc2_fifo/fifo_mem_reg[0][flit_data]_0_3_12_17/RAMA_D1/I
0.712,20,1,2,inter,u_mesh/GEN_R[1].r/u_datapath/west_vc2_fifo/rd_ptr_reg[1]/C,u_mesh/GEN_R[2].r/u_datapath/west_vc0_fifo/fifo_mem_reg[0][flit_data]_0_3_24_29/RAMC/I
0.713,20,0,3,inter,u_mesh/GEN_R[0].r/u_datapath/east_vc1_fifo/rd_ptr_reg[0]/C,u_mesh/GEN_R[3].r/u_datapath/north_vc2_fifo/fifo_mem_reg[0][flit_data]_0_3_24_29/RAMC/I
0.715,22,2,1,inter,u_mesh/GEN_R[2].r/u_datapath/local_vc2_fifo/rd_ptr_reg[1]/C,u_mesh/GEN_R[1].r/u_datapath/east_vc0_fifo/wr_ptr_reg[0]/D
0.716,19,5,4,inter,u_mesh/GEN_R[5].r/u_datapath/local_vc1_fifo/rd_ptr_reg[0]/C,u_mesh/GEN_R[4].r/u_datapath/east_vc2_fifo/fifo_mem_reg[0][flit_data]_0_3_18_23/RAMA/I
0.717,19,0,1,inter,u_mesh/GEN_R[0].r/u_datapath/east_vc1_fifo/rd_ptr_reg[0]/C,u_mesh/GEN_R[1].r/u_datapath/west_vc0_fifo/fifo_mem_reg[0][flit_data]_0_3_12_17/RAMA_D1/I
0.717,19,3,0,inter,u_mesh/GEN_R[3].r/u_datapath/east_vc1_fifo/rd_ptr_reg[1]_replica/C,u_mesh/GEN_R[0].r/u_datapath/south_vc0_fifo/fifo_mem_reg[0][flit_data]_0_3_24_29/RAMB_D1/I
0.718,19,0,3,inter,u_mesh/GEN_R[0].r/u_datapath/east_vc1_fifo/rd_ptr_reg[0]/C,u_mesh/GEN_R[3].r/u_datapath/north_vc2_fifo/fifo_mem_reg[0][flit_data]_0_3_24_29/RAMA/I
0.718,19,5,4,inter,u_mesh/GEN_R[5].r/u_datapath/local_vc1_fifo/rd_ptr_reg[0]/C,u_mesh/GEN_R[4].r/u_datapath/east_vc2_fifo/fifo_mem_reg[0][flit_data]_0_3_24_29/RAMB/I
0.719,20,2,1,inter,u_mesh/GEN_R[2].r/u_datapath/local_vc2_fifo/rd_ptr_reg[1]/C,u_mesh/GEN_R[1].r/u_datapath/east_vc1_fifo/fifo_mem_reg[0][vc_id]_0_3_1_1/DP/I
0.719,19,3,3,intra,u_mesh/GEN_R[3].r/u_datapath/east_vc1_fifo/rd_ptr_reg[1]_replica/C,u_mesh/GEN_R[3].r/u_eject_fifo/fifo_mem_reg[0][flit_data]_0_15_6_11/RAMB/I
0.720,22,2,1,inter,u_mesh/GEN_R[2].r/u_datapath/local_vc2_fifo/rd_ptr_reg[1]/C,u_mesh/GEN_R[1].r/u_datapath/east_vc0_fifo/wr_ptr_reg[1]/D
0.720,20,1,4,inter,u_mesh/GEN_R[1].r/u_datapath/west_vc2_fifo/rd_ptr_reg[1]/C,u_mesh/GEN_R[4].r/u_datapath/north_vc2_fifo/fifo_mem_reg[0][vc_id]_0_3_0_0/SP/I
0.720,19,0,1,inter,u_mesh/GEN_R[0].r/u_datapath/south_vc1_fifo/rd_ptr_reg[1]/C,u_mesh/GEN_R[1].r/u_datapath/west_vc1_fifo/fifo_mem_reg[0][flit_data]_0_3_12_17/RAMC/I
0.720,20,1,4,inter,u_mesh/GEN_R[1].r/u_datapath/west_vc2_fifo/rd_ptr_reg[1]/C,u_mesh/GEN_R[4].r/u_datapath/north_vc0_fifo/fifo_mem_reg[0][vc_id]_0_3_1_1/DP/I
0.721,18,3,3,intra,u_mesh/GEN_R[3].r/u_datapath/local_vc2_fifo/rd_ptr_reg[1]/C,u_mesh/GEN_R[3].r/u_eject_fifo/fifo_mem_reg[0][flit_type]_0_15_1_1/SP/I
0.721,21,3,4,inter,u_mesh/GEN_R[3].r/u_datapath/east_vc1_fifo/rd_ptr_reg[1]_replica/C,u_mesh/GEN_R[4].r/u_datapath/west_vc0_fifo/wr_ptr_reg[1]/D
0.721,19,0,3,inter,u_mesh/GEN_R[0].r/u_datapath/east_vc1_fifo/rd_ptr_reg[0]/C,u_mesh/GEN_R[3].r/u_datapath/north_vc1_fifo/fifo_mem_reg[0][flit_data]_0_3_12_17/RAMA_D1/I
0.722,18,3,4,inter,u_mesh/GEN_R[3].r/u_datapath/local_vc2_fifo/rd_ptr_reg[1]/C,u_mesh/GEN_R[4].r/u_datapath/west_vc2_fifo/fifo_mem_reg[0][flit_data]_0_3_24_29/RAMC_D1/I
0.722,19,3,4,inter,u_mesh/GEN_R[3].r/u_datapath/east_vc1_fifo/rd_ptr_reg[1]_replica/C,u_mesh/GEN_R[4].r/u_datapath/west_vc0_fifo/fifo_mem_reg[0][flit_data]_0_3_30_31__0/DP/I
0.722,18,3,3,intra,u_mesh/GEN_R[3].r/u_datapath/local_vc2_fifo/rd_ptr_reg[1]/C,u_mesh/GEN_R[3].r/u_eject_fifo/fifo_mem_reg[0][flit_data]_0_15_30_31/DP/WE
0.722,18,3,3,intra,u_mesh/GEN_R[3].r/u_datapath/local_vc2_fifo/rd_ptr_reg[1]/C,u_mesh/GEN_R[3].r/u_eject_fifo/fifo_mem_reg[0][flit_data]_0_15_30_31/SP/WE
0.722,18,3,3,intra,u_mesh/GEN_R[3].r/u_datapath/local_vc2_fifo/rd_ptr_reg[1]/C,u_mesh/GEN_R[3].r/u_eject_fifo/fifo_mem_reg[0][flit_data]_0_15_30_31__0/DP/WE
0.722,18,3,3,intra,u_mesh/GEN_R[3].r/u_datapath/local_vc2_fifo/rd_ptr_reg[1]/C,u_mesh/GEN_R[3].r/u_eject_fifo/fifo_mem_reg[0][flit_data]_0_15_30_31__0/SP/WE
0.722,18,3,3,intra,u_mesh/GEN_R[3].r/u_datapath/local_vc2_fifo/rd_ptr_reg[1]/C,u_mesh/GEN_R[3].r/u_eject_fifo/fifo_mem_reg[0][flit_type]_0_15_0_0/DP/WE
0.722,18,3,3,intra,u_mesh/GEN_R[3].r/u_datapath/local_vc2_fifo/rd_ptr_reg[1]/C,u_mesh/GEN_R[3].r/u_eject_fifo/fifo_mem_reg[0][flit_type]_0_15_0_0/SP/WE
0.722,18,3,3,intra,u_mesh/GEN_R[3].r/u_datapath/local_vc2_fifo/rd_ptr_reg[1]/C,u_mesh/GEN_R[3].r/u_eject_fifo/fifo_mem_reg[0][flit_type]_0_15_1_1/DP/WE
0.722,18,3,3,intra,u_mesh/GEN_R[3].r/u_datapath/local_vc2_fifo/rd_ptr_reg[1]/C,u_mesh/GEN_R[3].r/u_eject_fifo/fifo_mem_reg[0][flit_type]_0_15_1_1/SP/WE
0.723,19,3,0,inter,u_mesh/GEN_R[3].r/u_datapath/east_vc1_fifo/rd_ptr_reg[1]_replica/C,u_mesh/GEN_R[0].r/u_datapath/south_vc2_fifo/fifo_mem_reg[0][flit_data]_0_3_24_29/RAMB_D1/I
0.723,19,0,3,inter,u_mesh/GEN_R[0].r/u_datapath/south_vc1_fifo/rd_ptr_reg[1]/C,u_mesh/GEN_R[3].r/u_datapath/north_vc0_fifo/fifo_mem_reg[0][flit_data]_0_3_30_31/SP/I
0.724,19,3,0,inter,u_mesh/GEN_R[3].r/u_datapath/east_vc1_fifo/rd_ptr_reg[1]_replica/C,u_mesh/GEN_R[0].r/u_datapath/south_vc2_fifo/fifo_mem_reg[0][flit_data]_0_3_18_23/RAMC/I
0.725,20,0,1,inter,u_mesh/GEN_R[0].r/u_datapath/east_vc1_fifo/rd_ptr_reg[0]/C,u_mesh/GEN_R[1].r/u_datapath/west_vc2_fifo/fifo_mem_reg[0][flit_data]_0_3_18_23/RAMB_D1/I
0.725,19,0,1,inter,u_mesh/GEN_R[0].r/u_datapath/south_vc1_fifo/rd_ptr_reg[1]/C,u_mesh/GEN_R[1].r/u_datapath/west_vc0_fifo/fifo_mem_reg[0][flit_data]_0_3_12_17/RAMB/I
0.725,20,1,1,intra,u_mesh/GEN_R[1].r/u_datapath/west_vc2_fifo/rd_ptr_reg[1]/C,u_mesh/GEN_R[1].r/u_eject_fifo/fifo_mem_reg[0][flit_data]_0_15_30_31__0/SP/I
0.725,20,0,0,intra,u_mesh/GEN_R[0].r/u_datapath/south_vc1_fifo/rd_ptr_reg[1]/C,u_mesh/GEN_R[0].r/u_eject_fifo/fifo_mem_reg[0][flit_data]_0_15_30_31/DP/I
0.726,18,3,4,inter,u_mesh/GEN_R[3].r/u_datapath/local_vc2_fifo/rd_ptr_reg[1]/C,u_mesh/GEN_R[4].r/u_datapath/west_vc2_fifo/fifo_mem_reg[0][flit_data]_0_3_18_23/RAMB_D1/I
0.726,19,5,2,inter,u_mesh/GEN_R[5].r/u_datapath/local_vc1_fifo/rd_ptr_reg[0]/C,u_mesh/GEN_R[2].r/u_datapath/south_vc0_fifo/fifo_mem_reg[0][flit_type]_0_3_1_1/DP/I
0.726,19,0,3,inter,u_mesh/GEN_R[0].r/u_datapath/south_vc1_fifo/rd_ptr_reg[1]/C,u_mesh/GEN_R[3].r/u_datapath/north_vc1_fifo/fifo_mem_reg[0][flit_data]_0_3_24_29/RAMA_D1/I
0.727,19,5,4,inter,u_mesh/GEN_R[5].r/u_datapath/local_vc1_fifo/rd_ptr_reg[0]/C,u_mesh/GEN_R[4].r/u_datapath/east_vc1_fifo/fifo_mem_reg[0][flit_data]_0_3_6_11/RAMC/I
0.728,20,0,3,inter,u_mesh/GEN_R[0].r/u_datapath/east_vc1_fifo/rd_ptr_reg[0]/C,u_mesh/GEN_R[3].r/u_datapath/north_vc2_fifo/fifo_mem_reg[0][flit_data]_0_3_30_31__0/DP/I
0.728,20,0,3,inter,u_mesh/GEN_R[0].r/u_datapath/east_vc1_fifo/rd_ptr_reg[0]/C,u_mesh/GEN_R[3].r/u_datapath/north_vc0_fifo/fifo_mem_reg[0][flit_data]_0_3_30_31__0/DP/I
0.729,19,0,3,inter,u_mesh/GEN_R[0].r/u_datapath/east_vc1_fifo/rd_ptr_reg[0]/C,u_mesh/GEN_R[3].r/u_datapath/north_vc1_fifo/fifo_mem_reg[0][flit_data]_0_3_12_17/RAMC_D1/I
0.730,19,0,1,inter,u_mesh/GEN_R[0].r/u_datapath/east_vc1_fifo/rd_ptr_reg[0]/C,u_mesh/GEN_R[1].r/u_datapath/west_vc0_fifo/fifo_mem_reg[0][flit_data]_0_3_24_29/RAMC_D1/I
0.730,18,3,3,intra,u_mesh/GEN_R[3].r/u_datapath/local_vc2_fifo/rd_ptr_reg[1]/C,u_mesh/GEN_R[3].r/u_eject_fifo/fifo_mem_reg[0][flit_data]_0_15_24_29/RAMB_D1/I
0.730,20,4,3,inter,u_mesh/GEN_R[4].r/u_datapath/west_vc0_fifo/rd_ptr_reg[0]/C,u_mesh/GEN_R[3].r/u_datapath/east_vc2_fifo/fifo_mem_reg[0][vc_id]_0_3_0_0/SP/I
0.730,20,1,4,inter,u_mesh/GEN_R[1].r/u_datapath/west_vc2_fifo/rd_ptr_reg[1]/C,u_mesh/GEN_R[4].r/u_datapath/north_vc2_fifo/fifo_mem_reg[0][flit_data]_0_3_6_11/RAMC_D1/I
0.731,19,0,3,inter,u_mesh/GEN_R[0].r/u_datapath/south_vc1_fifo/rd_ptr_reg[1]/C,u_mesh/GEN_R[3].r/u_datapath/north_vc1_fifo/fifo_mem_reg[0][flit_data]_0_3_30_31/DP/I
0.732,18,3,3,intra,u_mesh/GEN_R[3].r/u_datapath/local_vc2_fifo/rd_ptr_reg[1]/C,u_mesh/GEN_R[3].r/u_eject_fifo/fifo_mem_reg[0][flit_data]_0_15_0_5/RAMC/I
0.732,20,2,5,inter,u_mesh/GEN_R[2].r/u_datapath/local_vc2_fifo/rd_ptr_reg[1]/C,u_mesh/GEN_R[5].r/u_datapath/north_vc2_fifo/fifo_mem_reg[0][vc_id]_0_3_0_0/SP/I
0.732,18,3,4,inter,u_mesh/GEN_R[3].r/u_datapath/local_vc2_fifo/rd_ptr_reg[1]/C,u_mesh/GEN_R[4].r/u_datapath/west_vc1_fifo/fifo_mem_reg[0][flit_data]_0_3_12_17/RAMC_D1/I
0.732,20,0,1,inter,u_mesh/GEN_R[0].r/u_datapath/east_vc1_fifo/rd_ptr_reg[0]/C,u_mesh/GEN_R[1].r/u_datapath/west_vc0_fifo/fifo_mem_reg[0][vc_id]_0_3_0_0/SP/I
0.732,19,5,4,inter,u_mesh/GEN_R[5].r/u_datapath/local_vc1_fifo/rd_ptr_reg[0]/C,u_mesh/GEN_R[4].r/u_datapath/east_vc0_fifo/fifo_mem_reg[0][flit_data]_0_3_0_5/RAMA_D1/I
0.733,19,0,1,inter,u_mesh/GEN_R[0].r/u_datapath/east_vc1_fifo/rd_ptr_reg[0]/C,u_mesh/GEN_R[1].r/u_datapath/west_vc1_fifo/fifo_mem_reg[0][flit_data]_0_3_0_5/RAMC/I
0.733,19,3,3,intra,u_mesh/GEN_R[3].r/u_datapath/east_vc1_fifo/rd_ptr_reg[1]_replica/C,u_mesh/GEN_R[3].r/u_eject_fifo/fifo_mem_reg[0][flit_data]_0_15_24_29/RAMA/I
0.733,18,3,4,inter,u_mesh/GEN_R[3].r/u_datapath/local_vc2_fifo/rd_ptr_reg[1]/C,u_mesh/GEN_R[4].r/u_datapath/west_vc0_fifo/fifo_mem_reg[0][flit_data]_0_3_24_29/RAMC/I
0.733,19,3,0,inter,u_mesh/GEN_R[3].r/u_datapath/east_vc1_fifo/rd_ptr_reg[1]_replica/C,u_mesh/GEN_R[0].r/u_datapath/south_vc2_fifo/fifo_mem_reg[0][flit_data]_0_3_30_31__0/SP/I
0.734,21,3,4,inter,u_mesh/GEN_R[3].r/u_datapath/east_vc1_fifo/rd_ptr_reg[1]_replica/C,u_mesh/GEN_R[4].r/u_datapath/west_vc0_fifo/count_reg[0]/D
0.734,19,0,3,inter,u_mesh/GEN_R[0].r/u_datapath/east_vc1_fifo/rd_ptr_reg[0]/C,u_mesh/GEN_R[3].r/u_datapath/north_vc2_fifo/fifo_mem_reg[0][flit_data]_0_3_24_29/RAMB/I
0.735,19,5,2,inter,u_mesh/GEN_R[5].r/u_datapath/local_vc1_fifo/rd_ptr_reg[0]/C,u_mesh/GEN_R[2].r/u_datapath/south_vc0_fifo/fifo_mem_reg[0][flit_data]_0_3_0_5/RAMC_D1/I
0.735,18,3,4,inter,u_mesh/GEN_R[3].r/u_datapath/local_vc2_fifo/rd_ptr_reg[1]/C,u_mesh/GEN_R[4].r/u_datapath/west_vc1_fifo/fifo_mem_reg[0][flit_data]_0_3_24_29/RAMA_D1/I
0.736,20,0,1,inter,u_mesh/GEN_R[0].r/u_datapath/east_vc1_fifo/rd_ptr_reg[0]/C,u_mesh/GEN_R[1].r/u_datapath/west_vc0_fifo/fifo_mem_reg[0][flit_type]_0_3_1_1/SP/I
0.736,19,5,5,intra,u_mesh/GEN_R[5].r/u_datapath/local_vc1_fifo/rd_ptr_reg[0]/C,u_mesh/GEN_R[5].r/u_eject_fifo/fifo_mem_reg[0][flit_data]_0_15_6_11/RAMA_D1/I
0.736,19,0,3,inter,u_mesh/GEN_R[0].r/u_datapath/east_vc1_fifo/rd_ptr_reg[0]/C,u_mesh/GEN_R[3].r/u_datapath/north_vc1_fifo/fifo_mem_reg[0][flit_data]_0_3_24_29/RAMC_D1/I
0.736,19,3,0,inter,u_mesh/GEN_R[3].r/u_datapath/east_vc1_fifo/rd_ptr_reg[1]_replica/C,u_mesh/GEN_R[0].r/u_datapath/south_vc1_fifo/fifo_mem_reg[0][flit_data]_0_3_24_29/RAMB_D1/I
0.737,19,0,3,inter,u_mesh/GEN_R[0].r/u_datapath/east_vc1_fifo/rd_ptr_reg[0]/C,u_mesh/GEN_R[3].r/u_datapath/north_vc0_fifo/fifo_mem_reg[0][flit_type]_0_3_0_0/SP/I
0.737,19,0,3,inter,u_mesh/GEN_R[0].r/u_datapath/east_vc1_fifo/rd_ptr_reg[0]/C,u_mesh/GEN_R[3].r/u_datapath/north_vc0_fifo/fifo_mem_reg[0][flit_data]_0_3_12_17/RAMC_D1/I
0.737,20,1,2,inter,u_mesh/GEN_R[1].r/u_datapath/west_vc2_fifo/rd_ptr_reg[1]/C,u_mesh/GEN_R[2].r/u_datapath/west_vc1_fifo/fifo_mem_reg[0][flit_data]_0_3_6_11/RAMB_D1/I
0.739,19,0,3,inter,u_mesh/GEN_R[0].r/u_datapath/east_vc1_fifo/rd_ptr_reg[0]/C,u_mesh/GEN_R[3].r/u_datapath/north_vc0_fifo/fifo_mem_reg[0][flit_data]_0_3_6_11/RAMB/I
0.741,21,3,4,inter,u_mesh/GEN_R[3].r/u_datapath/east_vc1_fifo/rd_ptr_reg[1]_replica/C,u_mesh/GEN_R[4].r/u_datapath/west_vc0_fifo/count_reg[2]/D
0.741,20,2,2,intra,u_mesh/GEN_R[2].r/u_datapath/local_vc2_fifo/rd_ptr_reg[1]/C,u_mesh/GEN_R[2].r/u_eject_fifo/fifo_mem_reg[0][flit_data]_0_15_12_17/RAMB/I
0.741,20,0,3,inter,u_mesh/GEN_R[0].r/u_datapath/east_vc1_fifo/rd_ptr_reg[0]/C,u_mesh/GEN_R[3].r/u_datapath/north_vc0_fifo/fifo_mem_reg[0][vc_id]_0_3_0_0/DP/I
0.741,20,1,0,inter,u_mesh/GEN_R[1].r/u_datapath/west_vc2_fifo/rd_ptr_reg[1]/C,u_mesh/GEN_R[0].r/u_datapath/east_vc1_fifo/fifo_mem_reg[0][flit_data]_0_3_12_17/RAMC_D1/I
0.741,19,3,4,inter,u_mesh/GEN_R[3].r/u_datapath/east_vc0_fifo/rd_ptr_reg[0]/C,u_mesh/GEN_R[4].r/u_datapath/west_vc0_fifo/fifo_mem_reg[0][flit_data]_0_3_6_11/RAMB/I
0.741,19,3,4,inter,u_mesh/GEN_R[3].r/u_datapath/east_vc1_fifo/rd_ptr_reg[1]_replica/C,u_mesh/GEN_R[4].r/u_datapath/west_vc2_fifo/fifo_mem_reg[0][flit_data]_0_3_30_31/SP/I
0.742,19,3,0,inter,u_mesh/GEN_R[3].r/u_datapath/east_vc1_fifo/rd_ptr_reg[1]_replica/C,u_mesh/GEN_R[0].r/u_datapath/south_vc1_fifo/fifo_mem_reg[0][vc_id]_0_3_1_1/DP/I
0.743,20,1,2,inter,u_mesh/GEN_R[1].r/u_datapath/west_vc2_fifo/rd_ptr_reg[1]/C,u_mesh/GEN_R[2].r/u_datapath/west_vc2_fifo/fifo_mem_reg[0][vc_id]_0_3_1_1/DP/I
0.743,19,5,2,inter,u_mesh/GEN_R[5].r/u_datapath/local_vc1_fifo/rd_ptr_reg[0]/C,u_mesh/GEN_R[2].r/u_datapath/south_vc2_fifo/fifo_mem_reg[0][flit_data]_0_3_6_11/RAMC_D1/I
0.743,19,3,0,inter,u_mesh/GEN_R[3].r/u_datapath/east_vc1_fifo/rd_ptr_reg[1]_replica/C,u_mesh/GEN_R[0].r/u_datapath/south_vc2_fifo/fifo_mem_reg[0][flit_data]_0_3_24_29/RAMA_D1/I
0.744,19,1,4,inter,u_mesh/GEN_R[1].r/u_datapath/south_vc1_fifo/rd_ptr_reg[1]_replica/C,u_mesh/GEN_R[4].r/u_datapath/north_vc0_fifo/fifo_mem_reg[0][flit_data]_0_3_6_11/RAMB_D1/I
0.744,20,2,5,inter,u_mesh/GEN_R[2].r/u_datapath/local_vc2_fifo/rd_ptr_reg[1]/C,u_mesh/GEN_R[5].r/u_datapath/north_vc2_fifo/fifo_mem_reg[0][flit_data]_0_3_12_17/RAMB_D1/I
0.746,20,0,0,intra,u_mesh/GEN_R[0].r/u_datapath/east_vc1_fifo/rd_ptr_reg[0]/C,u_mesh/GEN_R[0].r/u_eject_fifo/fifo_mem_reg[0][flit_data]_0_15_6_11/RAMC_D1/I
0.746,19,3,4,inter,u_mesh/GEN_R[3].r/u_datapath/east_vc1_fifo/rd_ptr_reg[1]_replica/C,u_mesh/GEN_R[4].r/u_datapath/west_vc1_fifo/fifo_mem_reg[0][flit_data]_0_3_12_17/RAMA/I
0.746,18,3,0,inter,u_mesh/GEN_R[3].r/u_datapath/local_vc2_fifo/rd_ptr_reg[1]/C,u_mesh/GEN_R[0].r/u_datapath/south_vc1_fifo/fifo_mem_reg[0][flit_data]_0_3_6_11/RAMB_D1/I
0.747,19,3,4,inter,u_mesh/GEN_R[3].r/u_datapath/east_vc1_fifo/rd_ptr_reg[1]_replica/C,u_mesh/GEN_R[4].r/u_datapath/west_vc0_fifo/fifo_mem_reg[0][flit_data]_0_3_12_17/RAMB/I
0.747,20,1,2,inter,u_mesh/GEN_R[1].r/u_datapath/west_vc2_fifo/rd_ptr_reg[1]/C,u_mesh/GEN_R[2].r/u_datapath/west_vc0_fifo/fifo_mem_reg[0][flit_data]_0_3_30_31__0/DP/I
0.748,19,0,1,inter,u_mesh/GEN_R[0].r/u_datapath/east_vc1_fifo/rd_ptr_reg[0]/C,u_mesh/GEN_R[1].r/u_datapath/west_vc0_fifo/fifo_mem_reg[0][flit_data]_0_3_24_29/RAMA/I
0.749,19,4,5,inter,u_mesh/GEN_R[4].r/u_datapath/west_vc0_fifo/rd_ptr_reg[0]/C,u_mesh/GEN_R[5].r/u_datapath/west_vc2_fifo/fifo_mem_reg[0][vc_id]_0_3_1_1/SP/I
0.749,20,2,1,inter,u_mesh/GEN_R[2].r/u_datapath/local_vc2_fifo/rd_ptr_reg[1]/C,u_mesh/GEN_R[1].r/u_datapath/east_vc0_fifo/fifo_mem_reg[0][flit_data]_0_3_30_31__0/DP/I
0.750,19,5,4,inter,u_mesh/GEN_R[5].r/u_datapath/local_vc1_fifo/rd_ptr_reg[0]/C,u_mesh/GEN_R[4].r/u_datapath/east_vc1_fifo/fifo_mem_reg[0][flit_data]_0_3_18_23/RAMC/I
0.750,20,0,1,inter,u_mesh/GEN_R[0].r/u_datapath/east_vc1_fifo/rd_ptr_reg[0]/C,u_mesh/GEN_R[1].r/u_datapath/west_vc0_fifo/fifo_mem_reg[0][flit_data]_0_3_24_29/RAMB_D1/I
0.750,20,0,3,inter,u_mesh/GEN_R[0].r/u_datapath/east_vc1_fifo/rd_ptr_reg[0]/C,u_mesh/GEN_R[3].r/u_datapath/north_vc0_fifo/fifo_mem_reg[0][flit_data]_0_3_6_11/RAMA/I
0.751,21,3,4,inter,u_mesh/GEN_R[3].r/u_datapath/east_vc1_fifo/rd_ptr_reg[1]_replica/C,u_mesh/GEN_R[4].r/u_datapath/west_vc0_fifo/wr_ptr_reg[0]/D
0.752,20,1,4,inter,u_mesh/GEN_R[1].r/u_datapath/west_vc2_fifo/rd_ptr_reg[1]/C,u_mesh/GEN_R[4].r/u_datapath/north_vc0_fifo/fifo_mem_reg[0][flit_data]_0_3_24_29/RAMA/I
0.752,19,5,4,inter,u_mesh/GEN_R[5].r/u_datapath/local_vc1_fifo/rd_ptr_reg[0]/C,u_mesh/GEN_R[4].r/u_datapath/east_vc0_fifo/fifo_mem_reg[0][flit_data]_0_3_24_29/RAMB/I
0.752,19,0,3,inter,u_mesh/GEN_R[0].r/u_datapath/east_vc1_fifo/rd_ptr_reg[0]/C,u_mesh/GEN_R[3].r/u_datapath/north_vc2_fifo/fifo_mem_reg[0][flit_data]_0_3_6_11/RAMB/I
0.755,19,5,2,inter,u_mesh/GEN_R[5].r/u_datapath/local_vc1_fifo/rd_ptr_reg[0]/C,u_mesh/GEN_R[2].r/u_datapath/south_vc2_fifo/fifo_mem_reg[0][flit_data]_0_3_18_23/RAMB_D1/I
0.756,20,1,4,inter,u_mesh/GEN_R[1].r/u_datapath/west_vc2_fifo/rd_ptr_reg[1]/C,u_mesh/GEN_R[4].r/u_datapath/north_vc2_fifo/fifo_mem_reg[0][vc_id]_0_3_1_1/DP/I
0.756,19,5,2,inter,u_mesh/GEN_R[5].r/u_datapath/local_vc1_fifo/rd_ptr_reg[0]/C,u_mesh/GEN_R[2].r/u_datapath/south_vc0_fifo/fifo_mem_reg[0][flit_type]_0_3_1_1/SP/I
0.757,19,3,0,inter,u_mesh/GEN_R[3].r/u_datapath/east_vc1_fifo/rd_ptr_reg[1]_replica/C,u_mesh/GEN_R[0].r/u_datapath/south_vc2_fifo/fifo_mem_reg[0][flit_type]_0_3_0_0/SP/I
0.757,20,0,3,inter,u_mesh/GEN_R[0].r/u_datapath/east_vc1_fifo/rd_ptr_reg[0]/C,u_mesh/GEN_R[3].r/u_datapath/north_vc2_fifo/fifo_mem_reg[0][flit_data]_0_3_18_23/RAMC/I
0.757,19,5,2,inter,u_mesh/GEN_R[5].r/u_datapath/local_vc1_fifo/rd_ptr_reg[0]/C,u_mesh/GEN_R[2].r/u_datapath/south_vc2_fifo/fifo_mem_reg[0][flit_data]_0_3_12_17/RAMB_D1/I
0.758,20,1,2,inter,u_mesh/GEN_R[1].r/u_datapath/west_vc2_fifo/rd_ptr_reg[1]/C,u_mesh/GEN_R[2].r/u_datapath/west_vc1_fifo/fifo_mem_reg[0][flit_data]_0_3_0_5/RAMA/I
0.758,19,3,0,inter,u_mesh/GEN_R[3].r/u_datapath/east_vc1_fifo/rd_ptr_reg[1]_replica/C,u_mesh/GEN_R[0].r/u_datapath/south_vc1_fifo/fifo_mem_reg[0][flit_data]_0_3_6_11/RAMA_D1/I
0.758,20,0,1,inter,u_mesh/GEN_R[0].r/u_datapath/east_vc1_fifo/rd_ptr_reg[0]/C,u_mesh/GEN_R[1].r/u_datapath/west_vc1_fifo/fifo_mem_reg[0][flit_type]_0_3_1_1/DP/I
0.758,19,5,4,inter,u_mesh/GEN_R[5].r/u_datapath/local_vc1_fifo/rd_ptr_reg[0]/C,u_mesh/GEN_R[4].r/u_datapath/east_vc1_fifo/fifo_mem_reg[0][flit_data]_0_3_24_29/RAMC_D1/I
0.759,19,3,0,inter,u_mesh/GEN_R[3].r/u_datapath/east_vc1_fifo/rd_ptr_reg[1]_replica/C,u_mesh/GEN_R[0].r/u_datapath/south_vc1_fifo/fifo_mem_reg[0][flit_data]_0_3_6_11/RAMC/I
0.760,19,3,0,inter,u_mesh/GEN_R[3].r/u_datapath/east_vc1_fifo/rd_ptr_reg[1]_replica/C,u_mesh/GEN_R[0].r/u_datapath/south_vc2_fifo/fifo_mem_reg[0][flit_data]_0_3_6_11/RAMC/I
0.760,20,4,5,inter,u_mesh/GEN_R[4].r/u_datapath/west_vc0_fifo/rd_ptr_reg[0]/C,u_mesh/GEN_R[5].r/u_datapath/west_vc0_fifo/fifo_mem_reg[0][vc_id]_0_3_0_0/DP/I
0.760,19,5,2,inter,u_mesh/GEN_R[5].r/u_datapath/local_vc1_fifo/rd_ptr_reg[0]/C,u_mesh/GEN_R[2].r/u_datapath/south_vc2_fifo/fifo_mem_reg[0][flit_data]_0_3_0_5/RAMB_D1/I
0.760,19,0,3,inter,u_mesh/GEN_R[0].r/u_datapath/east_vc1_fifo/rd_ptr_reg[0]/C,u_mesh/GEN_R[3].r/u_datapath/north_vc2_fifo/fifo_mem_reg[0][flit_type]_0_3_0_0/DP/I
0.762,19,3,4,inter,u_mesh/GEN_R[3].r/u_datapath/east_vc1_fifo/rd_ptr_reg[1]_replica/C,u_mesh/GEN_R[4].r/u_datapath/west_vc1_fifo/fifo_mem_reg[0][flit_data]_0_3_12_17/RAMB/I
0.763,20,1,2,inter,u_mesh/GEN_R[1].r/u_datapath/west_vc2_fifo/rd_ptr_reg[1]/C,u_mesh/GEN_R[2].r/u_datapath/west_vc1_fifo/fifo_mem_reg[0][flit_data]_0_3_30_31__0/SP/I
0.764,19,3,0,inter,u_mesh/GEN_R[3].r/u_datapath/east_vc1_fifo/rd_ptr_reg[1]_replica/C,u_mesh/GEN_R[0].r/u_datapath/south_vc2_fifo/fifo_mem_reg[0][flit_data]_0_3_30_31/DP/I
0.764,18,3,4,inter,u_mesh/GEN_R[3].r/u_datapath/local_vc2_fifo/rd_ptr_reg[1]/C,u_mesh/GEN_R[4].r/u_datapath/west_vc2_fifo/fifo_mem_reg[0][flit_data]_0_3_0_5/RAMA_D1/I
0.765,19,3,3,intra,u_mesh/GEN_R[3].r/u_datapath/east_vc1_fifo/rd_ptr_reg[1]_replica/C,u_mesh/GEN_R[3].r/u_eject_fifo/fifo_mem_reg[0][flit_data]_0_15_30_31/DP/I
0.767,19,3,0,inter,u_mesh/GEN_R[3].r/u_datapath/east_vc1_fifo/rd_ptr_reg[1]_replica/C,u_mesh/GEN_R[0].r/u_datapath/south_vc1_fifo/fifo_mem_reg[0][flit_data]_0_3_6_11/RAMA/I
0.771,20,1,4,inter,u_mesh/GEN_R[1].r/u_datapath/west_vc2_fifo/rd_ptr_reg[1]/C,u_mesh/GEN_R[4].r/u_datapath/north_vc1_fifo/fifo_mem_reg[0][vc_id]_0_3_1_1/SP/I
0.771,19,0,3,inter,u_mesh/GEN_R[0].r/u_datapath/south_vc1_fifo/rd_ptr_reg[1]/C,u_mesh/GEN_R[3].r/u_datapath/north_vc1_fifo/fifo_mem_reg[0][flit_data]_0_3_24_29/RAMB_D1/I
0.771,19,3,0,inter,u_mesh/GEN_R[3].r/u_datapath/east_vc1_fifo/rd_ptr_reg[1]_replica/C,u_mesh/GEN_R[0].r/u_datapath/south_vc0_fifo/fifo_mem_reg[0][flit_data]_0_3_18_23/RAMB/I
0.772,19,3,4,inter,u_mesh/GEN_R[3].r/u_datapath/east_vc1_fifo/rd_ptr_reg[1]_replica/C,u_mesh/GEN_R[4].r/u_datapath/west_vc2_fifo/fifo_mem_reg[0][vc_id]_0_3_0_0/DP/I
0.772,19,3,3,intra,u_mesh/GEN_R[3].r/u_datapath/east_vc1_fifo/rd_ptr_reg[1]_replica/C,u_mesh/GEN_R[3].r/u_eject_fifo/fifo_mem_reg[0][flit_data]_0_15_6_11/RAMA_D1/I
0.772,19,0,3,inter,u_mesh/GEN_R[0].r/u_datapath/south_vc1_fifo/rd_ptr_reg[1]/C,u_mesh/GEN_R[3].r/u_datapath/north_vc1_fifo/fifo_mem_reg[0][flit_data]_0_3_30_31/SP/I
0.772,19,0,3,inter,u_mesh/GEN_R[0].r/u_datapath/east_vc1_fifo/rd_ptr_reg[0]/C,u_mesh/GEN_R[3].r/u_datapath/north_vc1_fifo/fifo_mem_reg[0][flit_data]_0_3_24_29/RAMB/I
0.772,19,5,2,inter,u_mesh/GEN_R[5].r/u_datapath/local_vc1_fifo/rd_ptr_reg[0]/C,u_mesh/GEN_R[2].r/u_datapath/south_vc1_fifo/fifo_mem_reg[0][flit_data]_0_3_0_5/RAMC_D1/I
0.773,20,2,1,inter,u_mesh/GEN_R[2].r/u_datapath/local_vc2_fifo/rd_ptr_reg[1]/C,u_mesh/GEN_R[1].r/u_datapath/east_vc0_fifo/fifo_mem_reg[0][flit_data]_0_3_18_23/RAMA/I
0.773,19,0,1,inter,u_mesh/GEN_R[0].r/u_datapath/east_vc1_fifo/rd_ptr_reg[0]/C,u_mesh/GEN_R[1].r/u_datapath/west_vc2_fifo/fifo_mem_reg[0][flit_type]_0_3_0_0/DP/I
0.773,20,2,5,inter,u_mesh/GEN_R[2].r/u_datapath/local_vc2_fifo/rd_ptr_reg[1]/C,u_mesh/GEN_R[5].r/u_datapath/north_vc1_fifo/fifo_mem_reg[0][flit_data]_0_3_12_17/RAMA_D1/I
0.773,20,4,3,inter,u_mesh/GEN_R[4].r/u_datapath/local_vc2_fifo/rd_ptr_reg[0]_replica/C,u_mesh/GEN_R[3].r/u_datapath/east_vc2_fifo/fifo_mem_reg[0][vc_id]_0_3_1_1/DP/I
0.774,20,2,2,intra,u_mesh/GEN_R[2].r/u_datapath/local_vc2_fifo/rd_ptr_reg[1]/C,u_mesh/GEN_R[2].r/u_eject_fifo/fifo_mem_reg[0][flit_data]_0_15_0_5/RAMC/I
0.774,19,0,1,inter,u_mesh/GEN_R[0].r/u_datapath/south_vc1_fifo/rd_ptr_reg[1]/C,u_mesh/GEN_R[1].r/u_datapath/west_vc1_fifo/fifo_mem_reg[0][flit_data]_0_3_12_17/RAMB/I
0.774,19,5,4,inter,u_mesh/GEN_R[5].r/u_datapath/local_vc1_fifo/rd_ptr_reg[0]/C,u_mesh/GEN_R[4].r/u_datapath/east_vc2_fifo/fifo_mem_reg[0][flit_data]_0_3_12_17/RAMA_D1/I
0.774,20,2,2,intra,u_mesh/GEN_R[2].r/u_datapath/local_vc2_fifo/rd_ptr_reg[1]/C,u_mesh/GEN_R[2].r/u_eject_fifo/fifo_mem_reg[0][vc_id]_0_15_0_0/DP/I
0.775,19,3,0,inter,u_mesh/GEN_R[3].r/u_datapath/east_vc1_fifo/rd_ptr_reg[1]_replica/C,u_mesh/GEN_R[0].r/u_datapath/south_vc1_fifo/fifo_mem_reg[0][flit_data]_0_3_12_17/RAMB_D1/I
0.775,19,5,2,inter,u_mesh/GEN_R[5].r/u_datapath/local_vc1_fifo/rd_ptr_reg[0]/C,u_mesh/GEN_R[2].r/u_datapath/south_vc2_fifo/fifo_mem_reg[0][flit_type]_0_3_0_0/DP/I
0.775,19,0,1,inter,u_mesh/GEN_R[0].r/u_datapath/east_vc1_fifo/rd_ptr_reg[0]/C,u_mesh/GEN_R[1].r/u_datapath/west_vc1_fifo/fifo_mem_reg[0][flit_data]_0_3_6_11/RAMC/I
0.775,20,1,4,inter,u_mesh/GEN_R[1].r/u_datapath/local_vc0_fifo/rd_ptr_reg[0]/C,u_mesh/GEN_R[4].r/u_datapath/north_vc0_fifo/fifo_mem_reg[0][flit_data]_0_3_12_17/RAMA_D1/I
0.777,19,3,4,inter,u_mesh/GEN_R[3].r/u_datapath/east_vc1_fifo/rd_ptr_reg[1]_replica/C,u_mesh/GEN_R[4].r/u_datapath/west_vc0_fifo/fifo_mem_reg[0][flit_data]_0_3_18_23/RAMB/I
0.777,19,5,4,inter,u_mesh/GEN_R[5].r/u_datapath/local_vc1_fifo/rd_ptr_reg[0]/C,u_mesh/GEN_R[4].r/u_datapath/east_vc1_fifo/fifo_mem_reg[0][flit_data]_0_3_0_5/RAMA_D1/I
0.777,19,3,0,inter,u_mesh/GEN_R[3].r/u_datapath/east_vc1_fifo/rd_ptr_reg[1]_replica/C,u_mesh/GEN_R[0].r/u_datapath/south_vc0_fifo/fifo_mem_reg[0][flit_data]_0_3_30_31/SP/I
0.779,19,0,3,inter,u_mesh/GEN_R[0].r/u_datapath/east_vc1_fifo/rd_ptr_reg[0]/C,u_mesh/GEN_R[3].r/u_datapath/north_vc1_fifo/fifo_mem_reg[0][flit_type]_0_3_0_0/SP/I
0.779,19,4,4,intra,u_mesh/GEN_R[4].r/u_datapath/west_vc0_fifo/rd_ptr_reg[0]/C,u_mesh/GEN_R[4].r/u_allocator/output_owner_reg[1][0]/CE
0.779,19,4,4,intra,u_mesh/GEN_R[4].r/u_datapath/west_vc0_fifo/rd_ptr_reg[0]/C,u_mesh/GEN_R[4].r/u_allocator/output_owner_reg[1][1]/CE
0.779,19,4,4,intra,u_mesh/GEN_R[4].r/u_datapath/west_vc0_fifo/rd_ptr_reg[0]/C,u_mesh/GEN_R[4].r/u_allocator/output_owner_reg[1][2]/CE
0.779,19,4,4,intra,u_mesh/GEN_R[4].r/u_datapath/west_vc0_fifo/rd_ptr_reg[0]/C,u_mesh/GEN_R[4].r/u_allocator/output_owner_reg[1][3]/CE
0.781,21,3,0,inter,u_mesh/GEN_R[3].r/u_datapath/east_vc1_fifo/rd_ptr_reg[1]_replica/C,u_mesh/GEN_R[0].r/u_datapath/south_vc0_fifo/wr_ptr_reg[0]/D
0.782,18,3,4,inter,u_mesh/GEN_R[3].r/u_datapath/local_vc2_fifo/rd_ptr_reg[1]/C,u_mesh/GEN_R[4].r/u_datapath/west_vc1_fifo/fifo_mem_reg[0][flit_data]_0_3_18_23/RAMC/I
0.782,20,4,1,inter,u_mesh/GEN_R[4].r/u_datapath/west_vc0_fifo/rd_ptr_reg[0]/C,u_mesh/GEN_R[1].r/u_datapath/south_vc2_fifo/fifo_mem_reg[0][vc_id]_0_3_1_1/SP/I
0.782,20,0,3,inter,u_mesh/GEN_R[0].r/u_datapath/east_vc1_fifo/rd_ptr_reg[0]/C,u_mesh/GEN_R[3].r/u_datapath/north_vc0_fifo/fifo_mem_reg[0][flit_data]_0_3_0_5/RAMB_D1/I
0.782,20,1,0,inter,u_mesh/GEN_R[1].r/u_datapath/west_vc2_fifo/rd_ptr_reg[1]/C,u_mesh/GEN_R[0].r/u_datapath/east_vc1_fifo/fifo_mem_reg[0][vc_id]_0_3_1_1/SP/I
0.783,19,3,4,inter,u_mesh/GEN_R[3].r/u_datapath/east_vc1_fifo/rd_ptr_reg[1]_replica/C,u_mesh/GEN_R[4].r/u_datapath/west_vc0_fifo/fifo_mem_reg[0][flit_data]_0_3_24_29/RAMA/I
0.783,19,3,3,intra,u_mesh/GEN_R[3].r/u_datapath/east_vc1_fifo/rd_ptr_reg[1]_replica/C,u_mesh/GEN_R[3].r/u_eject_fifo/fifo_mem_reg[0][flit_data]_0_15_0_5/RAMA/I
0.784,19,0,3,inter,u_mesh/GEN_R[0].r/u_datapath/south_vc1_fifo/rd_ptr_reg[1]/C,u_mesh/GEN_R[3].r/u_datapath/north_vc0_fifo/fifo_mem_reg[0][flit_data]_0_3_12_17/RAMC/I
0.784,20,0,1,inter,u_mesh/GEN_R[0].r/u_datapath/east_vc1_fifo/rd_ptr_reg[0]/C,u_mesh/GEN_R[1].r/u_datapath/west_vc1_fifo/fifo_mem_reg[0][flit_data]_0_3_24_29/RAMB_D1/I
0.785,20,1,2,inter,u_mesh/GEN_R[1].r/u_datapath/west_vc2_fifo/rd_ptr_reg[1]/C,u_mesh/GEN_R[2].r/u_datapath/west_vc2_fifo/fifo_mem_reg[0][vc_id]_0_3_0_0/DP/I
0.786,21,3,4,inter,u_mesh/GEN_R[3].r/u_datapath/east_vc1_fifo/rd_ptr_reg[1]_replica/C,u_mesh/GEN_R[4].r/u_datapath/west_vc0_fifo/count_reg[1]/D
0.786,19,3,0,inter,u_mesh/GEN_R[3].r/u_datapath/east_vc1_fifo/rd_ptr_reg[1]_replica/C,u_mesh/GEN_R[0].r/u_datapath/south_vc2_fifo/fifo_mem_reg[0][vc_id]_0_3_1_1/DP/I
0.786,21,3,0,inter,u_mesh/GEN_R[3].r/u_datapath/east_vc1_fifo/rd_ptr_reg[1]_replica/C,u_mesh/GEN_R[0].r/u_datapath/south_vc0_fifo/wr_ptr_reg[1]/D
0.786,19,5,4,inter,u_mesh/GEN_R[5].r/u_datapath/local_vc1_fifo/rd_ptr_reg[0]/C,u_mesh/GEN_R[4].r/u_datapath/east_vc2_fifo/fifo_mem_reg[0][flit_data]_0_3_18_23/RAMA_D1/I
0.787,20,1,2,inter,u_mesh/GEN_R[1].r/u_datapath/west_vc2_fifo/rd_ptr_reg[1]/C,u_mesh/GEN_R[2].r/u_datapath/west_vc0_fifo/fifo_mem_reg[0][flit_type]_0_3_0_0/SP/I
0.787,19,0,1,inter,u_mesh/GEN_R[0].r/u_datapath/east_vc1_fifo/rd_ptr_reg[0]/C,u_mesh/GEN_R[1].r/u_datapath/west_vc1_fifo/fifo_mem_reg[0][flit_data]_0_3_12_17/RAMA/I
0.787,19,0,3,inter,u_mesh/GEN_R[0].r/u_datapath/east_vc1_fifo/rd_ptr_reg[0]/C,u_mesh/GEN_R[3].r/u_datapath/north_vc0_fifo/fifo_mem_reg[0][flit_data]_0_3_6_11/RAMA_D1/I
0.788,19,5,4,inter,u_mesh/GEN_R[5].r/u_datapath/local_vc1_fifo/rd_ptr_reg[0]/C,u_mesh/GEN_R[4].r/u_datapath/east_vc1_fifo/fifo_mem_reg[0][flit_data]_0_3_18_23/RAMA_D1/I
0.788,20,0,1,inter,u_mesh/GEN_R[0].r/u_datapath/east_vc1_fifo/rd_ptr_reg[0]/C,u_mesh/GEN_R[1].r/u_datapath/west_vc2_fifo/fifo_mem_reg[0][flit_data]_0_3_0_5/RAMB_D1/I
0.788,20,0,3,inter,u_mesh/GEN_R[0].r/u_datapath/east_vc1_fifo/rd_ptr_reg[0]/C,u_mesh/GEN_R[3].r/u_datapath/north_vc1_fifo/fifo_mem_reg[0][flit_data]_0_3_6_11/RAMA/I
0.789,19,3,4,inter,u_mesh/GEN_R[3].r/u_datapath/east_vc1_fifo/rd_ptr_reg[1]_replica/C,u_mesh/GEN_R[4].r/u_datapath/west_vc2_fifo/fifo_mem_reg[0][flit_data]_0_3_18_23/RAMA/I
0.791,19,1,2,inter,u_mesh/GEN_R[1].r/u_datapath/south_vc1_fifo/rd_ptr_reg[1]_replica/C,u_mesh/GEN_R[2].r/u_datapath/west_vc2_fifo/fifo_mem_reg[0][flit_data]_0_3_0_5/RAMB_D1/I
0.792,18,4,4,intra,u_mesh/GEN_R[4].r/u_datapath/local_vc2_fifo/rd_ptr_reg[0]_replica/C,u_mesh/GEN_R[4].r/u_allocator/output_owner_reg[3][0]/CE
0.792,18,4,4,intra,u_mesh/GEN_R[4].r/u_datapath/local_vc2_fifo/rd_ptr_reg[0]_replica/C,u_mesh/GEN_R[4].r/u_allocator/output_owner_reg[3][3]/CE
0.794,19,3,4,inter,u_mesh/GEN_R[3].r/u_datapath/east_vc1_fifo/rd_ptr_reg[1]_replica/C,u_mesh/GEN_R[4].r/u_datapath/west_vc1_fifo/fifo_mem_reg[0][flit_data]_0_3_18_23/RAMC_D1/I
0.794,19,3,4,inter,u_mesh/GEN_R[3].r/u_datapath/east_vc1_fifo/rd_ptr_reg[1]_replica/C,u_mesh/GEN_R[4].r/u_datapath/west_vc1_fifo/fifo_mem_reg[0][flit_data]_0_3_30_31__0/SP/I
0.794,19,5,2,inter,u_mesh/GEN_R[5].r/u_datapath/local_vc1_fifo/rd_ptr_reg[0]/C,u_mesh/GEN_R[2].r/u_datapath/south_vc1_fifo/fifo_mem_reg[0][flit_data]_0_3_12_17/RAMA/I
0.794,19,5,4,inter,u_mesh/GEN_R[5].r/u_datapath/local_vc1_fifo/rd_ptr_reg[0]/C,u_mesh/GEN_R[4].r/u_datapath/east_vc0_fifo/fifo_mem_reg[0][flit_data]_0_3_6_11/RAMA_D1/I
0.794,20,1,0,inter,u_mesh/GEN_R[1].r/u_datapath/west_vc2_fifo/rd_ptr_reg[1]/C,u_mesh/GEN_R[0].r/u_datapath/east_vc2_fifo/fifo_mem_reg[0][vc_id]_0_3_0_0/DP/I
0.794,20,0,1,inter,u_mesh/GEN_R[0].r/u_datapath/east_vc1_fifo/rd_ptr_reg[0]/C,u_mesh/GEN_R[1].r/u_datapath/west_vc2_fifo/fifo_mem_reg[0][flit_type]_0_3_1_1/SP/I
0.796,19,3,0,inter,u_mesh/GEN_R[3].r/u_datapath/east_vc1_fifo/rd_ptr_reg[1]_replica/C,u_mesh/GEN_R[0].r/u_datapath/south_vc2_fifo/fifo_mem_reg[0][flit_data]_0_3_30_31/SP/I
0.796,19,5,4,inter,u_mesh/GEN_R[5].r/u_datapath/local_vc1_fifo/rd_ptr_reg[0]/C,u_mesh/GEN_R[4].r/u_datapath/east_vc0_fifo/fifo_mem_reg[0][flit_type]_0_3_1_1/DP/I
0.798,20,2,1,inter,u_mesh/GEN_R[2].r/u_datapath/local_vc2_fifo/rd_ptr_reg[1]/C,u_mesh/GEN_R[1].r/u_datapath/east_vc2_fifo/fifo_mem_reg[0][vc_id]_0_3_0_0/DP/I
0.799,19,0,3,inter,u_mesh/GEN_R[0].r/u_datapath/east_vc1_fifo/rd_ptr_reg[0]/C,u_mesh/GEN_R[3].r/u_datapath/north_vc2_fifo/fifo_mem_reg[0][flit_data]_0_3_18_23/RAMA/I
0.799,20,1,1,intra,u_mesh/GEN_R[1].r/u_datapath/local_vc0_fifo/rd_ptr_reg[0]/C,u_mesh/GEN_R[1].r/u_eject_fifo/count_reg[1]/CE
0.799,20,1,1,intra,u_mesh/GEN_R[1].r/u_datapath/local_vc0_fifo/rd_ptr_reg[0]/C,u_mesh/GEN_R[1].r/u_eject_fifo/count_reg[2]/CE
0.799,20,1,1,intra,u_mesh/GEN_R[1].r/u_datapath/local_vc0_fifo/rd_ptr_reg[0]/C,u_mesh/GEN_R[1].r/u_eject_fifo/count_reg[3]/CE
0.800,19,5,4,inter,u_mesh/GEN_R[5].r/u_datapath/local_vc1_fifo/rd_ptr_reg[0]/C,u_mesh/GEN_R[4].r/u_datapath/east_vc2_fifo/fifo_mem_reg[0][flit_type]_0_3_0_0/DP/I
0.804,19,5,4,inter,u_mesh/GEN_R[5].r/u_datapath/local_vc1_fifo/rd_ptr_reg[0]/C,u_mesh/GEN_R[4].r/u_datapath/east_vc1_fifo/fifo_mem_reg[0][flit_data]_0_3_24_29/RAMB_D1/I
0.804,20,4,1,inter,u_mesh/GEN_R[4].r/u_datapath/west_vc0_fifo/rd_ptr_reg[0]/C,u_mesh/GEN_R[1].r/u_datapath/south_vc0_fifo/fifo_mem_reg[0][vc_id]_0_3_1_1/SP/I
0.805,20,2,5,inter,u_mesh/GEN_R[2].r/u_datapath/local_vc2_fifo/rd_ptr_reg[1]/C,u_mesh/GEN_R[5].r/u_datapath/north_vc1_fifo/fifo_mem_reg[0][flit_data]_0_3_6_11/RAMA_D1/I
0.806,19,3,3,intra,u_mesh/GEN_R[3].r/u_datapath/east_vc1_fifo/rd_ptr_reg[1]_replica/C,u_mesh/GEN_R[3].r/u_eject_fifo/fifo_mem_reg[0][flit_data]_0_15_30_31/SP/I
0.806,18,3,4,inter,u_mesh/GEN_R[3].r/u_datapath/local_vc2_fifo/rd_ptr_reg[1]/C,u_mesh/GEN_R[4].r/u_datapath/west_vc0_fifo/fifo_mem_reg[0][flit_data]_0_3_24_29/RAMA_D1/I
0.807,20,2,1,inter,u_mesh/GEN_R[2].r/u_datapath/local_vc2_fifo/rd_ptr_reg[1]/C,u_mesh/GEN_R[1].r/u_datapath/east_vc1_fifo/fifo_mem_reg[0][flit_data]_0_3_18_23/RAMB/I
0.807,20,2,2,intra,u_mesh/GEN_R[2].r/u_datapath/local_vc2_fifo/rd_ptr_reg[1]/C,u_mesh/GEN_R[2].r/u_eject_fifo/fifo_mem_reg[0][flit_type]_0_15_1_1/DP/I
0.807,19,3,4,inter,u_mesh/GEN_R[3].r/u_datapath/east_vc1_fifo/rd_ptr_reg[1]_replica/C,u_mesh/GEN_R[4].r/u_datapath/west_vc0_fifo/fifo_mem_reg[0][flit_data]_0_3_18_23/RAMC_D1/I
0.807,20,1,0,inter,u_mesh/GEN_R[1].r/u_datapath/west_vc2_fifo/rd_ptr_reg[1]/C,u_mesh/GEN_R[0].r/u_datapath/east_vc0_fifo/fifo_mem_reg[0][vc_id]_0_3_0_0/SP/I
0.811,19,3,0,inter,u_mesh/GEN_R[3].r/u_datapath/east_vc1_fifo/rd_ptr_reg[1]_replica/C,u_mesh/GEN_R[0].r/u_datapath/south_vc1_fifo/fifo_mem_reg[0][flit_data]_0_3_0_5/RAMA/I
0.811,19,0,1,inter,u_mesh/GEN_R[0].r/u_datapath/east_vc1_fifo/rd_ptr_reg[0]/C,u_mesh/GEN_R[1].r/u_datapath/west_vc1_fifo/fifo_mem_reg[0][flit_data]_0_3_12_17/RAMB_D1/I
0.813,19,3,4,inter,u_mesh/GEN_R[3].r/u_datapath/east_vc1_fifo/rd_ptr_reg[1]_replica/C,u_mesh/GEN_R[4].r/u_datapath/west_vc2_fifo/fifo_mem_reg[0][vc_id]_0_3_0_0/SP/I
0.813,18,3,4,inter,u_mesh/GEN_R[3].r/u_datapath/local_vc2_fifo/rd_ptr_reg[1]/C,u_mesh/GEN_R[4].r/u_datapath/west_vc0_fifo/fifo_mem_reg[0][flit_data]_0_3_18_23/RAMC/I
0.813,18,3,4,inter,u_mesh/GEN_R[3].r/u_datapath/local_vc2_fifo/rd_ptr_reg[1]/C,u_mesh/GEN_R[4].r/u_datapath/west_vc2_fifo/fifo_mem_reg[0][flit_type]_0_3_1_1/DP/I
0.814,20,1,2,inter,u_mesh/GEN_R[1].r/u_datapath/west_vc2_fifo/rd_ptr_reg[1]/C,u_mesh/GEN_R[2].r/u_datapath/west_vc1_fifo/fifo_mem_reg[0][flit_data]_0_3_0_5/RAMC/I
0.815,19,5,2,inter,u_mesh/GEN_R[5].r/u_datapath/local_vc1_fifo/rd_ptr_reg[0]/C,u_mesh/GEN_R[2].r/u_datapath/south_vc1_fifo/fifo_mem_reg[0][flit_data]_0_3_12_17/RAMB/I
0.815,19,3,4,inter,u_mesh/GEN_R[3].r/u_datapath/east_vc1_fifo/rd_ptr_reg[1]_replica/C,u_mesh/GEN_R[4].r/u_datapath/west_vc1_fifo/fifo_mem_reg[0][flit_data]_0_3_24_29/RAMB_D1/I
0.815,20,2,2,intra,u_mesh/GEN_R[2].r/u_datapath/local_vc2_fifo/rd_ptr_reg[1]/C,u_mesh/GEN_R[2].r/u_eject_fifo/fifo_mem_reg[0][vc_id]_0_15_0_0/SP/I
0.815,19,5,5,intra,u_mesh/GEN_R[5].r/u_datapath/local_vc1_fifo/rd_ptr_reg[0]/C,u_mesh/GEN_R[5].r/u_eject_fifo/fifo_mem_reg[0][flit_data]_0_15_6_11/RAMC/I
0.816,19,5,5,intra,u_mesh/GEN_R[5].r/u_datapath/west_vc1_fifo/rd_ptr_reg[1]/C,u_mesh/GEN_R[5].r/u_eject_fifo/fifo_mem_reg[0][flit_data]_0_15_24_29/RAMA/I
0.817,19,3,0,inter,u_mesh/GEN_R[3].r/u_datapath/east_vc1_fifo/rd_ptr_reg[1]_replica/C,u_mesh/GEN_R[0].r/u_datapath/south_vc1_fifo/fifo_mem_reg[0][flit_data]_0_3_6_11/RAMC_D1/I
0.817,19,0,1,inter,u_mesh/GEN_R[0].r/u_datapath/east_vc1_fifo/rd_ptr_reg[0]/C,u_mesh/GEN_R[1].r/u_datapath/west_vc2_fifo/fifo_mem_reg[0][flit_data]_0_3_0_5/RAMC/I
0.818,19,5,2,inter,u_mesh/GEN_R[5].r/u_datapath/local_vc1_fifo/rd_ptr_reg[0]/C,u_mesh/GEN_R[2].r/u_datapath/south_vc2_fifo/fifo_mem_reg[0][flit_data]_0_3_6_11/RAMA/I
0.819,19,5,2,inter,u_mesh/GEN_R[5].r/u_datapath/local_vc1_fifo/rd_ptr_reg[0]/C,u_mesh/GEN_R[2].r/u_datapath/south_vc0_fifo/fifo_mem_reg[0][flit_data]_0_3_6_11/RAMA/I
0.819,20,0,3,inter,u_mesh/GEN_R[0].r/u_datapath/east_vc1_fifo/rd_ptr_reg[0]/C,u_mesh/GEN_R[3].r/u_datapath/north_vc1_fifo/fifo_mem_reg[0][flit_data]_0_3_0_5/RAMC/I
0.819,19,3,0,inter,u_mesh/GEN_R[3].r/u_datapath/east_vc1_fifo/rd_ptr_reg[1]_replica/C,u_mesh/GEN_R[0].r/u_datapath/south_vc0_fifo/fifo_mem_reg[0][flit_data]_0_3_30_31__0/DP/I
0.819,19,5,4,inter,u_mesh/GEN_R[5].r/u_datapath/local_vc1_fifo/rd_ptr_reg[0]/C,u_mesh/GEN_R[4].r/u_datapath/east_vc1_fifo/fifo_mem_reg[0][flit_data]_0_3_12_17/RAMC_D1/I
0.820,20,1,2,inter,u_mesh/GEN_R[1].r/u_datapath/west_vc2_fifo/rd_ptr_reg[1]/C,u_mesh/GEN_R[2].r/u_datapath/west_vc0_fifo/fifo_mem_reg[0][vc_id]_0_3_1_1/SP/I
0.820,19,3,0,inter,u_mesh/GEN_R[3].r/u_datapath/east_vc1_fifo/rd_ptr_reg[1]_replica/C,u_mesh/GEN_R[0].r/u_datapath/south_vc0_fifo/fifo_mem_reg[0][flit_data]_0_3_0_5/RAMC_D1/I
0.820,20,1,2,inter,u_mesh/GEN_R[1].r/u_datapath/west_vc2_fifo/rd_ptr_reg[1]/C,u_mesh/GEN_R[2].r/u_datapath/west_vc2_fifo/fifo_mem_reg[0][flit_data]_0_3_30_31__0/SP/I
0.821,20,1,2,inter,u_mesh/GEN_R[1].r/u_datapath/west_vc2_fifo/rd_ptr_reg[1]/C,u_mesh/GEN_R[2].r/u_datapath/west_vc0_fifo/fifo_mem_reg[0][flit_data]_0_3_12_17/RAMA_D1/I
0.821,19,0,3,inter,u_mesh/GEN_R[0].r/u_datapath/south_vc1_fifo/rd_ptr_reg[1]/C,u_mesh/GEN_R[3].r/u_datapath/north_vc2_fifo/fifo_mem_reg[0][flit_data]_0_3_30_31/DP/I
0.821,20,1,4,inter,u_mesh/GEN_R[1].r/u_datapath/west_vc2_fifo/rd_ptr_reg[1]/C,u_mesh/GEN_R[4].r/u_datapath/north_vc0_fifo/fifo_mem_reg[0][flit_data]_0_3_0_5/RAMC_D1/I
0.822,19,0,3,inter,u_mesh/GEN_R[0].r/u_datapath/east_vc1_fifo/rd_ptr_reg[0]/C,u_mesh/GEN_R[3].r/u_datapath/north_vc1_fifo/fifo_mem_reg[0][flit_data]_0_3_6_11/RAMB/I
0.823,20,1,2,inter,u_mesh/GEN_R[1].r/u_datapath/west_vc2_fifo/rd_ptr_reg[1]/C,u_mesh/GEN_R[2].r/u_datapath/west_vc1_fifo/fifo_mem_reg[0][vc_id]_0_3_1_1/SP/I
0.823,19,5,4,inter,u_mesh/GEN_R[5].r/u_datapath/local_vc1_fifo/rd_ptr_reg[0]/C,u_mesh/GEN_R[4].r/u_datapath/east_vc0_fifo/fifo_mem_reg[0][flit_data]_0_3_12_17/RAMB_D1/I
0.823,19,1,2,inter,u_mesh/GEN_R[1].r/u_datapath/south_vc1_fifo/rd_ptr_reg[1]_replica/C,u_mesh/GEN_R[2].r/u_datapath/west_vc0_fifo/fifo_mem_reg[0][flit_data]_0_3_0_5/RAMB_D1/I
0.823,19,0,1,inter,u_mesh/GEN_R[0].r/u_datapath/east_vc1_fifo/rd_ptr_reg[0]/C,u_mesh/GEN_R[1].r/u_datapath/west_vc1_fifo/fifo_mem_reg[0][flit_data]_0_3_12_17/RAMC_D1/I
0.824,19,3,4,inter,u_mesh/GEN_R[3].r/u_datapath/east_vc1_fifo/rd_ptr_reg[1]_replica/C,u_mesh/GEN_R[4].r/u_datapath/west_vc0_fifo/fifo_mem_reg[0][vc_id]_0_3_0_0/SP/I
0.825,19,5,2,inter,u_mesh/GEN_R[5].r/u_datapath/west_vc1_fifo/rd_ptr_reg[1]/C,u_mesh/GEN_R[2].r/u_datapath/south_vc0_fifo/fifo_mem_reg[0][flit_data]_0_3_24_29/RAMA/I
0.825,21,5,4,inter,u_mesh/GEN_R[5].r/u_datapath/local_vc1_fifo/rd_ptr_reg[0]/C,u_mesh/GEN_R[4].r/u_datapath/east_vc1_fifo/wr_ptr_reg[0]/D
0.826,19,5,4,inter,u_mesh/GEN_R[5].r/u_datapath/local_vc1_fifo/rd_ptr_reg[0]/C,u_mesh/GEN_R[4].r/u_datapath/east_vc0_fifo/fifo_mem_reg[0][flit_type]_0_3_1_1/SP/I
0.827,20,0,1,inter,u_mesh/GEN_R[0].r/u_datapath/east_vc1_fifo/rd_ptr_reg[0]/C,u_mesh/GEN_R[1].r/u_datapath/west_vc2_fifo/fifo_mem_reg[0][flit_data]_0_3_0_5/RAMC_D1/I
0.827,19,5,5,intra,u_mesh/GEN_R[5].r/u_datapath/local_vc1_fifo/rd_ptr_reg[0]/C,u_mesh/GEN_R[5].r/u_eject_fifo/fifo_mem_reg[0][flit_data]_0_15_0_5/RAMC_D1/I
0.827,19,0,1,inter,u_mesh/GEN_R[0].r/u_datapath/east_vc1_fifo/rd_ptr_reg[0]/C,u_mesh/GEN_R[1].r/u_datapath/west_vc0_fifo/fifo_mem_reg[0][flit_type]_0_3_0_0/SP/I
0.827,19,0,3,inter,u_mesh/GEN_R[0].r/u_datapath/south_vc1_fifo/rd_ptr_reg[1]/C,u_mesh/GEN_R[3].r/u_datapath/north_vc2_fifo/fifo_mem_reg[0][flit_data]_0_3_24_29/RAMA_D1/I
0.828,19,0,0,intra,u_mesh/GEN_R[0].r/u_datapath/east_vc1_fifo/rd_ptr_reg[0]/C,u_mesh/GEN_R[0].r/u_allocator/output_owner_reg[3][0]/CE
0.828,19,0,0,intra,u_mesh/GEN_R[0].r/u_datapath/east_vc1_fifo/rd_ptr_reg[0]/C,u_mesh/GEN_R[0].r/u_allocator/output_owner_reg[3][1]/CE
0.828,19,0,0,intra,u_mesh/GEN_R[0].r/u_datapath/east_vc1_fifo/rd_ptr_reg[0]/C,u_mesh/GEN_R[0].r/u_allocator/output_owner_reg[3][2]/CE
0.828,19,0,0,intra,u_mesh/GEN_R[0].r/u_datapath/east_vc1_fifo/rd_ptr_reg[0]/C,u_mesh/GEN_R[0].r/u_allocator/output_owner_reg[3][3]/CE
0.828,19,5,4,inter,u_mesh/GEN_R[5].r/u_datapath/local_vc1_fifo/rd_ptr_reg[0]/C,u_mesh/GEN_R[4].r/u_datapath/east_vc2_fifo/fifo_mem_reg[0][flit_data]_0_3_12_17/RAMC/I
0.828,20,0,3,inter,u_mesh/GEN_R[0].r/u_datapath/east_vc1_fifo/rd_ptr_reg[0]/C,u_mesh/GEN_R[3].r/u_datapath/north_vc1_fifo/fifo_mem_reg[0][flit_data]_0_3_18_23/RAMA_D1/I
0.829,20,0,1,inter,u_mesh/GEN_R[0].r/u_datapath/east_vc1_fifo/rd_ptr_reg[0]/C,u_mesh/GEN_R[1].r/u_datapath/west_vc0_fifo/fifo_mem_reg[0][flit_data]_0_3_0_5/RAMA/I
0.829,20,1,4,inter,u_mesh/GEN_R[1].r/u_datapath/west_vc2_fifo/rd_ptr_reg[1]/C,u_mesh/GEN_R[4].r/u_datapath/north_vc0_fifo/fifo_mem_reg[0][flit_data]_0_3_6_11/RAMC/I
0.830,19,0,3,inter,u_mesh/GEN_R[0].r/u_datapath/south_vc1_fifo/rd_ptr_reg[1]/C,u_mesh/GEN_R[3].r/u_datapath/north_vc0_fifo/fifo_mem_reg[0][flit_data]_0_3_24_29/RAMB_D1/I
0.830,20,2,1,inter,u_mesh/GEN_R[2].r/u_datapath/local_vc2_fifo/rd_ptr_reg[1]/C,u_mesh/GEN_R[1].r/u_datapath/east_vc2_fifo/fifo_mem_reg[0][flit_data]_0_3_30_31__0/SP/I
0.830,19,3,3,intra,u_mesh/GEN_R[3].r/u_datapath/east_vc1_fifo/rd_ptr_reg[1]_replica/C,u_mesh/GEN_R[3].r/u_eject_fifo/fifo_mem_reg[0][flit_data]_0_15_30_31__0/DP/I
0.831,18,3,4,inter,u_mesh/GEN_R[3].r/u_datapath/local_vc2_fifo/rd_ptr_reg[1]/C,u_mesh/GEN_R[4].r/u_datapath/west_vc1_fifo/fifo_mem_reg[0][flit_data]_0_3_24_29/RAMC_D1/I
0.831,19,5,4,inter,u_mesh/GEN_R[5].r/u_datapath/local_vc1_fifo/rd_ptr_reg[0]/C,u_mesh/GEN_R[4].r/u_datapath/east_vc1_fifo/fifo_mem_reg[0][flit_data]_0_3_24_29/RAMA/I
0.832,19,5,4,inter,u_mesh/GEN_R[5].r/u_datapath/local_vc1_fifo/rd_ptr_reg[0]/C,u_mesh/GEN_R[4].r/u_datapath/east_vc1_fifo/fifo_mem_reg[0][flit_data]_0_3_0_5/RAMC/I
0.832,20,2,1,inter,u_mesh/GEN_R[2].r/u_datapath/local_vc2_fifo/rd_ptr_reg[1]/C,u_mesh/GEN_R[1].r/u_datapath/east_vc0_fifo/fifo_mem_reg[0][flit_data]_0_3_12_17/RAMA_D1/I
0.832,21,2,5,inter,u_mesh/GEN_R[2].r/u_datapath/local_vc2_fifo/rd_ptr_reg[1]/C,u_mesh/GEN_R[5].r/u_datapath/north_vc2_fifo/wr_ptr_reg[0]/D
0.833,19,3,4,inter,u_mesh/GEN_R[3].r/u_datapath/east_vc1_fifo/rd_ptr_reg[1]_replica/C,u_mesh/GEN_R[4].r/u_datapath/west_vc0_fifo/fifo_mem_reg[0][flit_data]_0_3_12_17/RAMA/I
0.833,20,0,1,inter,u_mesh/GEN_R[0].r/u_datapath/east_vc1_fifo/rd_ptr_reg[0]/C,u_mesh/GEN_R[1].r/u_datapath/west_vc2_fifo/fifo_mem_reg[0][flit_type]_0_3_1_1/DP/I
0.833,19,3,0,inter,u_mesh/GEN_R[3].r/u_datapath/east_vc1_fifo/rd_ptr_reg[1]_replica/C,u_mesh/GEN_R[0].r/u_datapath/south_vc0_fifo/fifo_mem_reg[0][flit_data]_0_3_18_23/RAMC/I
0.835,20,2,5,inter,u_mesh/GEN_R[2].r/u_datapath/local_vc2_fifo/rd_ptr_reg[1]/C,u_mesh/GEN_R[5].r/u_datapath/north_vc0_fifo/fifo_mem_reg[0][flit_data]_0_3_18_23/RAMA_D1/I
0.835,22,5,2,inter,u_mesh/GEN_R[5].r/u_datapath/local_vc1_fifo/rd_ptr_reg[0]/C,u_mesh/GEN_R[2].r/u_datapath/south_vc1_fifo/wr_ptr_reg[0]/D
0.835,20,2,5,inter,u_mesh/GEN_R[2].r/u_datapath/local_vc2_fifo/rd_ptr_reg[1]/C,u_mesh/GEN_R[5].r/u_datapath/north_vc1_fifo/fifo_mem_reg[0][flit_data]_0_3_24_29/RAMC_D1/I
0.836,18,3,4,inter,u_mesh/GEN_R[3].r/u_datapath/local_vc2_fifo/rd_ptr_reg[1]/C,u_mesh/GEN_R[4].r/u_datapath/west_vc2_fifo/fifo_mem_reg[0][flit_data]_0_3_12_17/RAMB_D1/I
0.836,20,0,3,inter,u_mesh/GEN_R[0].r/u_datapath/east_vc1_fifo/rd_ptr_reg[0]/C,u_mesh/GEN_R[3].r/u_datapath/north_vc1_fifo/fifo_mem_reg[0][flit_data]_0_3_18_23/RAMC_D1/I
0.837,21,2,5,inter,u_mesh/GEN_R[2].r/u_datapath/local_vc2_fifo/rd_ptr_reg[1]/C,u_mesh/GEN_R[5].r/u_datapath/north_vc2_fifo/wr_ptr_reg[1]/D
0.837,20,2,2,intra,u_mesh/GEN_R[2].r/u_datapath/local_vc2_fifo/rd_ptr_reg[1]/C,u_mesh/GEN_R[2].r/u_eject_fifo/fifo_mem_reg[0][flit_data]_0_15_24_29/RAMC_D1/I
0.837,20,2,2,intra,u_mesh/GEN_R[2].r/u_datapath/local_vc2_fifo/rd_ptr_reg[1]/C,u_mesh/GEN_R[2].r/u_eject_fifo/fifo_mem_reg[0][flit_type]_0_15_1_1/SP/I
0.837,19,3,3,intra,u_mesh/GEN_R[3].r/u_datapath/east_vc1_fifo/rd_ptr_reg[1]_replica/C,u_mesh/GEN_R[3].r/u_eject_fifo/fifo_mem_reg[0][flit_data]_0_15_24_29/RAMB/I
0.838,19,5,5,intra,u_mesh/GEN_R[5].r/u_datapath/local_vc1_fifo/rd_ptr_reg[0]/C,u_mesh/GEN_R[5].r/u_eject_fifo/fifo_mem_reg[0][flit_data]_0_15_12_17/RAMB_D1/I
0.838,19,5,2,inter,u_mesh/GEN_R[5].r/u_datapath/local_vc1_fifo/rd_ptr_reg[0]/C,u_mesh/GEN_R[2].r/u_datapath/south_vc2_fifo/fifo_mem_reg[0][flit_data]_0_3_12_17/RAMC_D1/I
0.838,20,0,3,inter,u_mesh/GEN_R[0].r/u_datapath/east_vc1_fifo/rd_ptr_reg[0]/C,u_mesh/GEN_R[3].r/u_datapath/north_vc0_fifo/fifo_mem_reg[0][flit_data]_0_3_0_5/RAMA_D1/I
0.839,19,5,4,inter,u_mesh/GEN_R[5].r/u_datapath/local_vc1_fifo/rd_ptr_reg[0]/C,u_mesh/GEN_R[4].r/u_datapath/east_vc2_fifo/fifo_mem_reg[0][flit_data]_0_3_6_11/RAMB/I
0.839,20,2,1,inter,u_mesh/GEN_R[2].r/u_datapath/local_vc2_fifo/rd_ptr_reg[1]/C,u_mesh/GEN_R[1].r/u_datapath/east_vc2_fifo/fifo_mem_reg[0][vc_id]_0_3_0_0/SP/I
0.839,18,4,4,intra,u_mesh/GEN_R[4].r/u_datapath/local_vc2_fifo/rd_ptr_reg[0]_replica/C,u_mesh/GEN_R[4].r/u_datapath/east_vc0_fifo/rd_ptr_reg[1]/D
0.840,19,4,5,inter,u_mesh/GEN_R[4].r/u_datapath/west_vc0_fifo/rd_ptr_reg[0]/C,u_mesh/GEN_R[5].r/u_datapath/west_vc1_fifo/fifo_mem_reg[0][vc_id]_0_3_1_1/SP/I
0.840,19,5,2,inter,u_mesh/GEN_R[5].r/u_datapath/west_vc1_fifo/rd_ptr_reg[1]/C,u_mesh/GEN_R[2].r/u_datapath/south_vc1_fifo/fifo_mem_reg[0][flit_type]_0_3_1_1/DP/I
0.841,20,1,2,inter,u_mesh/GEN_R[1].r/u_datapath/west_vc2_fifo/rd_ptr_reg[1]/C,u_mesh/GEN_R[2].r/u_datapath/west_vc2_fifo/fifo_mem_reg[0][flit_data]_0_3_30_31/DP/I
0.841,20,2,5,inter,u_mesh/GEN_R[2].r/u_datapath/local_vc2_fifo/rd_ptr_reg[1]/C,u_mesh/GEN_R[5].r/u_datapath/north_vc1_fifo/fifo_mem_reg[0][flit_data]_0_3_30_31__0/SP/I
0.842,19,5,4,inter,u_mesh/GEN_R[5].r/u_datapath/local_vc1_fifo/rd_ptr_reg[0]/C,u_mesh/GEN_R[4].r/u_datapath/east_vc2_fifo/fifo_mem_reg[0][flit_type]_0_3_1_1/SP/I
0.842,20,2,5,inter,u_mesh/GEN_R[2].r/u_datapath/local_vc2_fifo/rd_ptr_reg[1]/C,u_mesh/GEN_R[5].r/u_datapath/north_vc2_fifo/fifo_mem_reg[0][flit_data]_0_3_30_31__0/SP/I
0.842,19,3,0,inter,u_mesh/GEN_R[3].r/u_datapath/east_vc1_fifo/rd_ptr_reg[1]_replica/C,u_mesh/GEN_R[0].r/u_datapath/south_vc0_fifo/fifo_mem_reg[0][flit_data]_0_3_12_17/RAMC/I
0.842,19,0,3,inter,u_mesh/GEN_R[0].r/u_datapath/east_vc1_fifo/rd_ptr_reg[0]/C,u_mesh/GEN_R[3].r/u_datapath/north_vc1_fifo/fifo_mem_reg[0][flit_data]_0_3_12_17/RAMA/I
0.843,18,3,3,intra,u_mesh/GEN_R[3].r/u_datapath/local_vc2_fifo/rd_ptr_reg[1]/C,u_mesh/GEN_R[3].r/u_eject_fifo/fifo_mem_reg[0][flit_data]_0_15_0_5/RAMA/WE
0.843,18,3,3,intra,u_mesh/GEN_R[3].r/u_datapath/local_vc2_fifo/rd_ptr_reg[1]/C,u_mesh/GEN_R[3].r/u_eject_fifo/fifo_mem_reg[0][flit_data]_0_15_0_5/RAMA_D1/WE
0.843,18,3,3,intra,u_mesh/GEN_R[3].r/u_datapath/local_vc2_fifo/rd_ptr_reg[1]/C,u_mesh/GEN_R[3].r/u_eject_fifo/fifo_mem_reg[0][flit_data]_0_15_0_5/RAMB/WE
0.843,18,3,3,intra,u_mesh/GEN_R[3].r/u_datapath/local_vc2_fifo/rd_ptr_reg[1]/C,u_mesh/GEN_R[3].r/u_eject_fifo/fifo_mem_reg[0][flit_data]_0_15_0_5/RAMB_D1/WE
0.843,18,3,3,intra,u_mesh/GEN_R[3].r/u_datapath/local_vc2_fifo/rd_ptr_reg[1]/C,u_mesh/GEN_R[3].r/u_eject_fifo/fifo_mem_reg[0][flit_data]_0_15_0_5/RAMC/WE
0.843,18,3,3,intra,u_mesh/GEN_R[3].r/u_datapath/local_vc2_fifo/rd_ptr_reg[1]/C,u_mesh/GEN_R[3].r/u_eject_fifo/fifo_mem_reg[0][flit_data]_0_15_0_5/RAMC_D1/WE
0.843,18,3,3,intra,u_mesh/GEN_R[3].r/u_datapath/local_vc2_fifo/rd_ptr_reg[1]/C,u_mesh/GEN_R[3].r/u_eject_fifo/fifo_mem_reg[0][flit_data]_0_15_0_5/RAMD/WE
0.843,18,3,3,intra,u_mesh/GEN_R[3].r/u_datapath/local_vc2_fifo/rd_ptr_reg[1]/C,u_mesh/GEN_R[3].r/u_eject_fifo/fifo_mem_reg[0][flit_data]_0_15_0_5/RAMD_D1/WE
0.844,19,0,3,inter,u_mesh/GEN_R[0].r/u_datapath/east_vc1_fifo/rd_ptr_reg[0]/C,u_mesh/GEN_R[3].r/u_datapath/north_vc0_fifo/fifo_mem_reg[0][flit_data]_0_3_12_17/RAMA/I
0.845,19,0,1,inter,u_mesh/GEN_R[0].r/u_datapath/east_vc1_fifo/rd_ptr_reg[0]/C,u_mesh/GEN_R[1].r/u_datapath/west_vc1_fifo/fifo_mem_reg[0][flit_type]_0_3_0_0/SP/I
0.847,20,2,1,inter,u_mesh/GEN_R[2].r/u_datapath/local_vc2_fifo/rd_ptr_reg[1]/C,u_mesh/GEN_R[1].r/u_datapath/east_vc1_fifo/fifo_mem_reg[0][flit_data]_0_3_6_11/RAMA_D1/I
0.847,19,3,4,inter,u_mesh/GEN_R[3].r/u_datapath/east_vc1_fifo/rd_ptr_reg[1]_replica/C,u_mesh/GEN_R[4].r/u_datapath/west_vc1_fifo/fifo_mem_reg[0][flit_data]_0_3_18_23/RAMA/I
0.848,20,2,1,inter,u_mesh/GEN_R[2].r/u_datapath/local_vc2_fifo/rd_ptr_reg[1]/C,u_mesh/GEN_R[1].r/u_datapath/east_vc1_fifo/fifo_mem_reg[0][vc_id]_0_3_0_0/SP/I
0.849,20,5,5,intra,u_mesh/GEN_R[5].r/u_datapath/local_vc1_fifo/rd_ptr_reg[0]/C,u_mesh/GEN_R[5].r/u_eject_fifo/count_reg[1]/CE
0.849,19,5,4,inter,u_mesh/GEN_R[5].r/u_datapath/local_vc1_fifo/rd_ptr_reg[0]/C,u_mesh/GEN_R[4].r/u_datapath/east_vc1_fifo/fifo_mem_reg[0][flit_type]_0_3_1_1/SP/I
0.849,20,0,0,intra,u_mesh/GEN_R[0].r/u_datapath/south_vc1_fifo/rd_ptr_reg[1]/C,u_mesh/GEN_R[0].r/u_eject_fifo/fifo_mem_reg[0][flit_data]_0_15_12_17/RAMB/I
0.849,20,2,1,inter,u_mesh/GEN_R[2].r/u_datapath/local_vc2_fifo/rd_ptr_reg[1]/C,u_mesh/GEN_R[1].r/u_datapath/east_vc2_fifo/fifo_mem_reg[0][flit_data]_0_3_6_11/RAMA_D1/I
0.849,20,0,1,inter,u_mesh/GEN_R[0].r/u_datapath/east_vc1_fifo/rd_ptr_reg[0]/C,u_mesh/GEN_R[1].r/u_datapath/west_vc1_fifo/fifo_mem_reg[0][flit_data]_0_3_6_11/RAMB/I
0.849,20,1,2,inter,u_mesh/GEN_R[1].r/u_datapath/west_vc2_fifo/rd_ptr_reg[1]/C,u_mesh/GEN_R[2].r/u_datapath/west_vc2_fifo/fifo_mem_reg[0][flit_data]_0_3_6_11/RAMA/I
0.851,20,2,5,inter,u_mesh/GEN_R[2].r/u_datapath/local_vc2_fifo/rd_ptr_reg[1]/C,u_mesh/GEN_R[5].r/u_datapath/north_vc0_fifo/fifo_mem_reg[0][flit_data]_0_3_30_31__0/SP/I
0.851,19,5,4,inter,u_mesh/GEN_R[5].r/u_datapath/local_vc1_fifo/rd_ptr_reg[0]/C,u_mesh/GEN_R[4].r/u_datapath/east_vc0_fifo/fifo_mem_reg[0][flit_type]_0_3_0_0/SP/I
0.852,19,3,4,inter,u_mesh/GEN_R[3].r/u_datapath/east_vc1_fifo/rd_ptr_reg[1]_replica/C,u_mesh/GEN_R[4].r/u_datapath/west_vc2_fifo/fifo_mem_reg[0][flit_data]_0_3_30_31__0/DP/I
0.853,19,1,1,intra,u_mesh/GEN_R[1].r/u_datapath/west_vc2_fifo/rd_ptr_reg[1]/C,u_mesh/GEN_R[1].r/u_datapath/south_vc2_fifo/credit_valid_reg/D
0.857,19,3,4,inter,u_mesh/GEN_R[3].r/u_datapath/east_vc1_fifo/rd_ptr_reg[1]_replica/C,u_mesh/GEN_R[4].r/u_datapath/west_vc0_fifo/fifo_mem_reg[0][vc_id]_0_3_1_1/DP/I
0.857,20,0,1,inter,u_mesh/GEN_R[0].r/u_datapath/east_vc1_fifo/rd_ptr_reg[0]/C,u_mesh/GEN_R[1].r/u_datapath/west_vc0_fifo/fifo_mem_reg[0][flit_data]_0_3_18_23/RAMB/I
0.858,19,5,5,intra,u_mesh/GEN_R[5].r/u_datapath/west_vc1_fifo/rd_ptr_reg[1]/C,u_mesh/GEN_R[5].r/u_eject_fifo/fifo_mem_reg[0][flit_data]_0_15_24_29/RAMB/I
0.858,19,5,2,inter,u_mesh/GEN_R[5].r/u_datapath/west_vc1_fifo/rd_ptr_reg[1]/C,u_mesh/GEN_R[2].r/u_datapath/south_vc2_fifo/fifo_mem_reg[0][flit_data]_0_3_18_23/RAMC/I
0.859,20,2,5,inter,u_mesh/GEN_R[2].r/u_datapath/local_vc2_fifo/rd_ptr_reg[1]/C,u_mesh/GEN_R[5].r/u_datapath/north_vc1_fifo/fifo_mem_reg[0][flit_type]_0_3_1_1/DP/I
0.861,19,5,2,inter,u_mesh/GEN_R[5].r/u_datapath/local_vc1_fifo/rd_ptr_reg[0]/C,u_mesh/GEN_R[2].r/u_datapath/south_vc1_fifo/fifo_mem_reg[0][flit_data]_0_3_0_5/RAMB_D1/I
0.861,19,3,0,inter,u_mesh/GEN_R[3].r/u_datapath/east_vc1_fifo/rd_ptr_reg[1]_replica/C,u_mesh/GEN_R[0].r/u_datapath/south_vc0_fifo/fifo_mem_reg[0][flit_data]_0_3_6_11/RAMB/I
0.862,19,5,5,intra,u_mesh/GEN_R[5].r/u_datapath/local_vc1_fifo/rd_ptr_reg[0]/C,u_mesh/GEN_R[5].r/u_eject_fifo/fifo_mem_reg[0][flit_data]_0_15_12_17/RAMC/I
0.862,20,1,2,inter,u_mesh/GEN_R[1].r/u_datapath/local_vc0_fifo/rd_ptr_reg[0]/C,u_mesh/GEN_R[2].r/u_datapath/west_vc1_fifo/fifo_mem_reg[0][flit_data]_0_3_0_5/RAMC_D1/I
0.862,19,0,1,inter,u_mesh/GEN_R[0].r/u_datapath/east_vc1_fifo/rd_ptr_reg[0]/C,u_mesh/GEN_R[1].r/u_datapath/west_vc2_fifo/fifo_mem_reg[0][vc_id]_0_3_1_1/SP/I
0.862,19,0,3,inter,u_mesh/GEN_R[0].r/u_datapath/south_vc1_fifo/rd_ptr_reg[1]/C,u_mesh/GEN_R[3].r/u_datapath/north_vc2_fifo/fifo_mem_reg[0][flit_data]_0_3_30_31/SP/I
0.862,20,2,5,inter,u_mesh/GEN_R[2].r/u_datapath/local_vc2_fifo/rd_ptr_reg[1]/C,u_mesh/GEN_R[5].r/u_datapath/north_vc2_fifo/fifo_mem_reg[0][flit_type]_0_3_1_1/DP/I
0.862,20,2,5,inter,u_mesh/GEN_R[2].r/u_datapath/local_vc2_fifo/rd_ptr_reg[1]/C,u_mesh/GEN_R[5].r/u_datapath/north_vc0_fifo/fifo_mem_reg[0][flit_data]_0_3_18_23/RAMA/I
0.863,19,0,3,inter,u_mesh/GEN_R[0].r/u_datapath/east_vc1_fifo/rd_ptr_reg[0]/C,u_mesh/GEN_R[3].r/u_datapath/north_vc0_fifo/fifo_mem_reg[0][flit_data]_0_3_18_23/RAMA/I
0.864,19,3,3,intra,u_mesh/GEN_R[3].r/u_datapath/east_vc1_fifo/rd_ptr_reg[1]_replica/C,u_mesh/GEN_R[3].r/u_eject_fifo/fifo_mem_reg[0][vc_id]_0_15_0_0/DP/I
0.865,18,3,4,inter,u_mesh/GEN_R[3].r/u_datapath/local_vc2_fifo/rd_ptr_reg[1]/C,u_mesh/GEN_R[4].r/u_datapath/west_vc0_fifo/fifo_mem_reg[0][flit_type]_0_3_1_1/DP/I
0.865,20,2,2,intra,u_mesh/GEN_R[2].r/u_datapath/local_vc2_fifo/rd_ptr_reg[1]/C,u_mesh/GEN_R[2].r/u_eject_fifo/fifo_mem_reg[0][vc_id]_0_15_1_1/DP/I
0.865,19,0,3,inter,u_mesh/GEN_R[0].r/u_datapath/south_vc1_fifo/rd_ptr_reg[1]/C,u_mesh/GEN_R[3].r/u_datapath/north_vc1_fifo/fifo_mem_reg[0][flit_data]_0_3_12_17/RAMB/I
0.866,20,0,3,inter,u_mesh/GEN_R[0].r/u_datapath/east_vc1_fifo/rd_ptr_reg[0]/C,u_mesh/GEN_R[3].r/u_datapath/north_vc2_fifo/fifo_mem_reg[0][flit_data]_0_3_0_5/RAMA_D1/I
0.867,20,0,3,inter,u_mesh/GEN_R[0].r/u_datapath/east_vc1_fifo/rd_ptr_reg[0]/C,u_mesh/GEN_R[3].r/u_datapath/north_vc1_fifo/fifo_mem_reg[0][flit_data]_0_3_30_31__0/DP/I
0.867,19,0,1,inter,u_mesh/GEN_R[0].r/u_datapath/east_vc1_fifo/rd_ptr_reg[0]/C,u_mesh/GEN_R[1].r/u_datapath/west_vc2_fifo/fifo_mem_reg[0][flit_data]_0_3_24_29/RAMC_D1/I
0.867,19,0,1,inter,u_mesh/GEN_R[0].r/u_datapath/east_vc1_fifo/rd_ptr_reg[0]/C,u_mesh/GEN_R[1].r/u_datapath/west_vc1_fifo/fifo_mem_reg[0][vc_id]_0_3_1_1/DP/I
0.868,18,3,4,inter,u_mesh/GEN_R[3].r/u_datapath/local_vc2_fifo/rd_ptr_reg[1]/C,u_mesh/GEN_R[4].r/u_datapath/west_vc0_fifo/fifo_mem_reg[0][flit_data]_0_3_24_29/RAMC_D1/I
0.869,20,1,0,inter,u_mesh/GEN_R[1].r/u_datapath/west_vc2_fifo/rd_ptr_reg[1]/C,u_mesh/GEN_R[0].r/u_datapath/east_vc2_fifo/fifo_mem_reg[0][vc_id]_0_3_1_1/DP/I
0.869,20,1,2,inter,u_mesh/GEN_R[1].r/u_datapath/west_vc2_fifo/rd_ptr_reg[1]/C,u_mesh/GEN_R[2].r/u_datapath/west_vc2_fifo/fifo_mem_reg[0][flit_data]_0_3_12_17/RAMC_D1/I
0.872,19,5,5,intra,u_mesh/GEN_R[5].r/u_datapath/local_vc1_fifo/rd_ptr_reg[0]/C,u_mesh/GEN_R[5].r/u_eject_fifo/fifo_mem_reg[0][flit_data]_0_15_6_11/RAMB/I
0.872,19,3,0,inter,u_mesh/GEN_R[3].r/u_datapath/east_vc1_fifo/rd_ptr_reg[1]_replica/C,u_mesh/GEN_R[0].r/u_datapath/south_vc0_fifo/fifo_mem_reg[0][flit_data]_0_3_24_29/RAMA_D1/I
0.872,19,5,2,inter,u_mesh/GEN_R[5].r/u_datapath/local_vc1_fifo/rd_ptr_reg[0]/C,u_mesh/GEN_R[2].r/u_datapath/south_vc0_fifo/fifo_mem_reg[0][flit_data]_0_3_6_11/RAMC_D1/I
0.873,20,0,0,intra,u_mesh/GEN_R[0].r/u_datapath/east_vc1_fifo/rd_ptr_reg[0]/C,u_mesh/GEN_R[0].r/u_eject_fifo/count_reg[2]/D
0.875,18,3,0,inter,u_mesh/GEN_R[3].r/u_datapath/local_vc2_fifo/rd_ptr_reg[1]/C,u_mesh/GEN_R[0].r/u_datapath/south_vc2_fifo/fifo_mem_reg[0][vc_id]_0_3_0_0/DP/I
0.875,19,5,2,inter,u_mesh/GEN_R[5].r/u_datapath/local_vc1_fifo/rd_ptr_reg[0]/C,u_mesh/GEN_R[2].r/u_datapath/south_vc2_fifo/fifo_mem_reg[0][flit_data]_0_3_0_5/RAMC_D1/I
0.875,20,0,1,inter,u_mesh/GEN_R[0].r/u_datapath/east_vc1_fifo/rd_ptr_reg[0]/C,u_mesh/GEN_R[1].r/u_datapath/west_vc2_fifo/fifo_mem_reg[0][vc_id]_0_3_0_0/DP/I
0.876,19,0,3,inter,u_mesh/GEN_R[0].r/u_datapath/east_vc1_fifo/rd_ptr_reg[0]/C,u_mesh/GEN_R[3].r/u_datapath/north_vc2_fifo/fifo_mem_reg[0][flit_data]_0_3_12_17/RAMC_D1/I
0.876,19,5,5,intra,u_mesh/GEN_R[5].r/u_datapath/west_vc1_fifo/rd_ptr_reg[1]/C,u_mesh/GEN_R[5].r/u_eject_fifo/fifo_mem_reg[0][flit_data]_0_15_18_23/RAMA/I
0.879,19,5,4,inter,u_mesh/GEN_R[5].r/u_datapath/local_vc1_fifo/rd_ptr_reg[0]/C,u_mesh/GEN_R[4].r/u_datapath/east_vc0_fifo/fifo_mem_reg[0][flit_data]_0_3_6_11/RAMB/I
0.880,19,0,1,inter,u_mesh/GEN_R[0].r/u_datapath/east_vc1_fifo/rd_ptr_reg[0]/C,u_mesh/GEN_R[1].r/u_datapath/west_vc2_fifo/fifo_mem_reg[0][flit_data]_0_3_24_29/RAMA/I
0.880,18,3,3,intra,u_mesh/GEN_R[3].r/u_datapath/local_vc2_fifo/rd_ptr_reg[1]/C,u_mesh/GEN_R[3].r/u_eject_fifo/fifo_mem_reg[0][flit_type]_0_15_1_1/DP/I
0.880,19,5,4,inter,u_mesh/GEN_R[5].r/u_datapath/local_vc1_fifo/rd_ptr_reg[0]/C,u_mesh/GEN_R[4].r/u_datapath/east_vc0_fifo/fifo_mem_reg[0][flit_data]_0_3_18_23/RAMB_D1/I
0.880,20,0,1,inter,u_mesh/GEN_R[0].r/u_datapath/east_vc1_fifo/rd_ptr_reg[0]/C,u_mesh/GEN_R[1].r/u_datapath/west_vc0_fifo/fifo_mem_reg[0][vc_id]_0_3_0_0/DP/I
0.881,18,3,4,inter,u_mesh/GEN_R[3].r/u_datapath/local_vc2_fifo/rd_ptr_reg[1]/C,u_mesh/GEN_R[4].r/u_datapath/west_vc1_fifo/fifo_mem_reg[0][flit_data]_0_3_12_17/RAMB_D1/I
0.881,19,4,5,inter,u_mesh/GEN_R[4].r/u_datapath/west_vc0_fifo/rd_ptr_reg[0]/C,u_mesh/GEN_R[5].r/u_datapath/west_vc0_fifo/fifo_mem_reg[0][vc_id]_0_3_1_1/DP/I
0.881,19,0,1,inter,u_mesh/GEN_R[0].r/u_datapath/east_vc1_fifo/rd_ptr_reg[0]/C,u_mesh/GEN_R[1].r/u_datapath/west_vc2_fifo/fifo_mem_reg[0][flit_data]_0_3_24_29/RAMC/I
0.882,20,1,2,inter,u_mesh/GEN_R[1].r/u_datapath/west_vc2_fifo/rd_ptr_reg[1]/C,u_mesh/GEN_R[2].r/u_datapath/west_vc2_fifo/fifo_mem_reg[0][flit_data]_0_3_30_31/SP/I
0.882,18,3,4,inter,u_mesh/GEN_R[3].r/u_datapath/local_vc2_fifo/rd_ptr_reg[1]/C,u_mesh/GEN_R[4].r/u_datapath/west_vc0_fifo/fifo_mem_reg[0][flit_data]_0_3_18_23/RAMB_D1/I
0.882,19,5,2,inter,u_mesh/GEN_R[5].r/u_datapath/west_vc1_fifo/rd_ptr_reg[1]/C,u_mesh/GEN_R[2].r/u_datapath/south_vc2_fifo/fifo_mem_reg[0][flit_type]_0_3_1_1/SP/I
0.884,18,3,4,inter,u_mesh/GEN_R[3].r/u_datapath/local_vc2_fifo/rd_ptr_reg[1]/C,u_mesh/GEN_R[4].r/u_datapath/west_vc0_fifo/fifo_mem_reg[0][flit_data]_0_3_0_5/RAMA_D1/I
0.884,19,5,4,inter,u_mesh/GEN_R[5].r/u_datapath/local_vc1_fifo/rd_ptr_reg[0]/C,u_mesh/GEN_R[4].r/u_datapath/east_vc0_fifo/fifo_mem_reg[0][flit_data]_0_3_0_5/RAMB_D1/I
0.885,19,3,3,intra,u_mesh/GEN_R[3].r/u_datapath/east_vc1_fifo/rd_ptr_reg[1]_replica/C,u_mesh/GEN_R[3].r/u_eject_fifo/fifo_mem_reg[0][vc_id]_0_15_1_1/DP/I
0.885,19,5,4,inter,u_mesh/GEN_R[5].r/u_datapath/local_vc1_fifo/rd_ptr_reg[0]/C,u_mesh/GEN_R[4].r/u_datapath/east_vc2_fifo/fifo_mem_reg[0][flit_data]_0_3_6_11/RAMC/I
0.885,19,5,5,intra,u_mesh/GEN_R[5].r/u_datapath/local_vc1_fifo/rd_ptr_reg[0]/C,u_mesh/GEN_R[5].r/u_eject_fifo/fifo_mem_reg[0][flit_data]_0_15_6_11/RAMA/I
0.885,19,0,1,inter,u_mesh/GEN_R[0].r/u_datapath/south_vc1_fifo/rd_ptr_reg[1]/C,u_mesh/GEN_R[1].r/u_datapath/west_vc2_fifo/fifo_mem_reg[0][flit_data]_0_3_24_29/RAMA_D1/I
0.886,19,0,3,inter,u_mesh/GEN_R[0].r/u_datapath/east_vc1_fifo/rd_ptr_reg[0]/C,u_mesh/GEN_R[3].r/u_datapath/north_vc2_fifo/fifo_mem_reg[0][flit_data]_0_3_18_23/RAMB_D1/I
0.888,18,3,4,inter,u_mesh/GEN_R[3].r/u_datapath/local_vc2_fifo/rd_ptr_reg[1]/C,u_mesh/GEN_R[4].r/u_datapath/west_vc1_fifo/fifo_mem_reg[0][flit_data]_0_3_0_5/RAMA_D1/I
0.889,19,3,0,inter,u_mesh/GEN_R[3].r/u_datapath/east_vc1_fifo/rd_ptr_reg[1]_replica/C,u_mesh/GEN_R[0].r/u_datapath/south_vc1_fifo/fifo_mem_reg[0][flit_data]_0_3_0_5/RAMC_D1/I
0.889,19,5,5,intra,u_mesh/GEN_R[5].r/u_datapath/west_vc1_fifo/rd_ptr_reg[1]/C,u_mesh/GEN_R[5].r/u_eject_fifo/fifo_mem_reg[0][flit_data]_0_15_18_23/RAMC_D1/I
0.889,20,0,3,inter,u_mesh/GEN_R[0].r/u_datapath/east_vc1_fifo/rd_ptr_reg[0]/C,u_mesh/GEN_R[3].r/u_datapath/north_vc1_fifo/fifo_mem_reg[0][flit_type]_0_3_1_1/SP/I
0.890,19,5,4,inter,u_mesh/GEN_R[5].r/u_datapath/local_vc1_fifo/rd_ptr_reg[0]/C,u_mesh/GEN_R[4].r/u_datapath/east_vc2_fifo/fifo_mem_reg[0][flit_data]_0_3_24_29/RAMC/I
0.890,20,0,1,inter,u_mesh/GEN_R[0].r/u_datapath/east_vc1_fifo/rd_ptr_reg[0]/C,u_mesh/GEN_R[1].r/u_datapath/west_vc2_fifo/fifo_mem_reg[0][flit_data]_0_3_24_29/RAMB_D1/I
0.891,20,2,5,inter,u_mesh/GEN_R[2].r/u_datapath/local_vc2_fifo/rd_ptr_reg[1]/C,u_mesh/GEN_R[5].r/u_datapath/north_vc2_fifo/fifo_mem_reg[0][flit_data]_0_3_6_11/RAMA_D1/I
0.891,19,0,3,inter,u_mesh/GEN_R[0].r/u_datapath/east_vc1_fifo/rd_ptr_reg[0]/C,u_mesh/GEN_R[3].r/u_datapath/north_vc1_fifo/fifo_mem_reg[0][flit_data]_0_3_12_17/RAMB_D1/I
0.891,20,0,0,intra,u_mesh/GEN_R[0].r/u_datapath/east_vc1_fifo/rd_ptr_reg[0]/C,u_mesh/GEN_R[0].r/u_eject_fifo/fifo_mem_reg[0][vc_id]_0_15_0_0/DP/I
0.894,20,2,2,intra,u_mesh/GEN_R[2].r/u_datapath/local_vc2_fifo/rd_ptr_reg[1]/C,u_mesh/GEN_R[2].r/u_eject_fifo/fifo_mem_reg[0][flit_data]_0_15_30_31__0/SP/I
0.894,19,5,2,inter,u_mesh/GEN_R[5].r/u_datapath/local_vc1_fifo/rd_ptr_reg[0]/C,u_mesh/GEN_R[2].r/u_datapath/south_vc2_fifo/fifo_mem_reg[0][flit_data]_0_3_6_11/RAMC/I
0.894,19,5,4,inter,u_mesh/GEN_R[5].r/u_datapath/local_vc1_fifo/rd_ptr_reg[0]/C,u_mesh/GEN_R[4].r/u_datapath/east_vc2_fifo/fifo_mem_reg[0][flit_data]_0_3_18_23/RAMC_D1/I
0.894,19,5,2,inter,u_mesh/GEN_R[5].r/u_datapath/west_vc1_fifo/rd_ptr_reg[1]/C,u_mesh/GEN_R[2].r/u_datapath/south_vc0_fifo/fifo_mem_reg[0][flit_data]_0_3_18_23/RAMC/I
0.894,19,3,0,inter,u_mesh/GEN_R[3].r/u_datapath/east_vc1_fifo/rd_ptr_reg[1]_replica/C,u_mesh/GEN_R[0].r/u_datapath/south_vc0_fifo/fifo_mem_reg[0][flit_data]_0_3_0_5/RAMA_D1/I
0.896,20,2,1,inter,u_mesh/GEN_R[2].r/u_datapath/local_vc2_fifo/rd_ptr_reg[1]/C,u_mesh/GEN_R[1].r/u_datapath/east_vc2_fifo/fifo_mem_reg[0][vc_id]_0_3_1_1/SP/I
0.896,19,5,2,inter,u_mesh/GEN_R[5].r/u_datapath/local_vc1_fifo/rd_ptr_reg[0]/C,u_mesh/GEN_R[2].r/u_datapath/south_vc1_fifo/fifo_mem_reg[0][flit_data]_0_3_6_11/RAMC_D1/I
0.896,20,1,2,inter,u_mesh/GEN_R[1].r/u_datapath/west_vc2_fifo/rd_ptr_reg[1]/C,u_mesh/GEN_R[2].r/u_datapath/west_vc0_fifo/fifo_mem_reg[0][flit_data]_0_3_0_5/RAMB/I
0.897,19,5,4,inter,u_mesh/GEN_R[5].r/u_datapath/local_vc1_fifo/rd_ptr_reg[0]/C,u_mesh/GEN_R[4].r/u_datapath/east_vc2_fifo/fifo_mem_reg[0][flit_data]_0_3_12_17/RAMA/I
0.897,19,5,5,intra,u_mesh/GEN_R[5].r/u_datapath/west_vc1_fifo/rd_ptr_reg[1]/C,u_mesh/GEN_R[5].r/u_eject_fifo/fifo_mem_reg[0][flit_data]_0_15_24_29/RAMA_D1/I
0.897,19,3,0,inter,u_mesh/GEN_R[3].r/u_datapath/east_vc1_fifo/rd_ptr_reg[1]_replica/C,u_mesh/GEN_R[0].r/u_datapath/south_vc1_fifo/fifo_mem_reg[0][flit_data]_0_3_30_31__0/SP/I
0.897,20,4,4,intra,u_mesh/GEN_R[4].r/u_datapath/local_vc2_fifo/rd_ptr_reg[0]_replica/C,u_mesh/GEN_R[4].r/u_eject_fifo/fifo_mem_reg[0][vc_id]_0_15_1_1/SP/I
0.897,20,0,1,inter,u_mesh/GEN_R[0].r/u_datapath/east_vc1_fifo/rd_ptr_reg[0]/C,u_mesh/GEN_R[1].r/u_datapath/west_vc2_fifo/fifo_mem_reg[0][flit_data]_0_3_0_5/RAMA/I
0.898,20,1,1,intra,u_mesh/GEN_R[1].r/u_datapath/west_vc2_fifo/rd_ptr_reg[1]/C,u_mesh/GEN_R[1].r/u_eject_fifo/fifo_mem_reg[0][flit_data]_0_15_0_5/RAMB_D1/I
0.898,20,2,5,inter,u_mesh/GEN_R[2].r/u_datapath/local_vc2_fifo/rd_ptr_reg[1]/C,u_mesh/GEN_R[5].r/u_datapath/north_vc0_fifo/fifo_mem_reg[0][flit_type]_0_3_1_1/SP/I
0.900,19,0,3,inter,u_mesh/GEN_R[0].r/u_datapath/east_vc1_fifo/rd_ptr_reg[0]/C,u_mesh/GEN_R[3].r/u_datapath/north_vc1_fifo/fifo_mem_reg[0][vc_id]_0_3_1_1/DP/I
0.900,19,3,0,inter,u_mesh/GEN_R[3].r/u_datapath/east_vc1_fifo/rd_ptr_reg[1]_replica/C,u_mesh/GEN_R[0].r/u_datapath/south_vc0_fifo/fifo_mem_reg[0][flit_data]_0_3_12_17/RAMA_D1/I
0.900,20,0,3,inter,u_mesh/GEN_R[0].r/u_datapath/east_vc1_fifo/rd_ptr_reg[0]/C,u_mesh/GEN_R[3].r/u_datapath/north_vc2_fifo/fifo_mem_reg[0][flit_type]_0_3_1_1/SP/I
0.902,18,3,0,inter,u_mesh/GEN_R[3].r/u_datapath/local_vc2_fifo/rd_ptr_reg[1]/C,u_mesh/GEN_R[0].r/u_datapath/south_vc1_fifo/fifo_mem_reg[0][flit_data]_0_3_18_23/RAMB_D1/I
0.902,19,5,2,inter,u_mesh/GEN_R[5].r/u_datapath/local_vc1_fifo/rd_ptr_reg[0]/C,u_mesh/GEN_R[2].r/u_datapath/south_vc1_fifo/fifo_mem_reg[0][flit_data]_0_3_18_23/RAMC_D1/I
0.902,19,5,2,inter,u_mesh/GEN_R[5].r/u_datapath/local_vc1_fifo/rd_ptr_reg[0]/C,u_mesh/GEN_R[2].r/u_datapath/south_vc1_fifo/fifo_mem_reg[0][flit_data]_0_3_18_23/RAMA/I
0.902,19,3,0,inter,u_mesh/GEN_R[3].r/u_datapath/east_vc1_fifo/rd_ptr_reg[1]_replica/C,u_mesh/GEN_R[0].r/u_datapath/south_vc2_fifo/fifo_mem_reg[0][flit_data]_0_3_0_5/RAMC_D1/I
0.903,19,0,1,inter,u_mesh/GEN_R[0].r/u_datapath/south_vc1_fifo/rd_ptr_reg[1]/C,u_mesh/GEN_R[1].r/u_datapath/west_vc1_fifo/fifo_mem_reg[0][flit_data]_0_3_24_29/RAMA_D1/I
0.903,20,2,1,inter,u_mesh/GEN_R[2].r/u_datapath/local_vc2_fifo/rd_ptr_reg[1]/C,u_mesh/GEN_R[1].r/u_datapath/east_vc0_fifo/fifo_mem_reg[0][flit_data]_0_3_6_11/RAMA_D1/I
0.903,21,2,5,inter,u_mesh/GEN_R[2].r/u_datapath/local_vc2_fifo/rd_ptr_reg[1]/C,u_mesh/GEN_R[5].r/u_datapath/north_vc1_fifo/wr_ptr_reg[0]/D
0.903,19,0,3,inter,u_mesh/GEN_R[0].r/u_datapath/east_vc1_fifo/rd_ptr_reg[0]/C,u_mesh/GEN_R[3].r/u_datapath/north_vc0_fifo/fifo_mem_reg[0][flit_data]_0_3_12_17/RAMB_D1/I
0.905,19,3,0,inter,u_mesh/GEN_R[3].r/u_datapath/east_vc1_fifo/rd_ptr_reg[1]_replica/C,u_mesh/GEN_R[0].r/u_datapath/south_vc1_fifo/fifo_mem_reg[0][flit_data]_0_3_24_29/RAMA_D1/I
0.908,20,1,4,inter,u_mesh/GEN_R[1].r/u_datapath/local_vc0_fifo/rd_ptr_reg[0]/C,u_mesh/GEN_R[4].r/u_datapath/north_vc1_fifo/fifo_mem_reg[0][flit_data]_0_3_0_5/RAMB/I
0.908,18,3,3,intra,u_mesh/GEN_R[3].r/u_datapath/local_vc2_fifo/rd_ptr_reg[1]/C,u_mesh/GEN_R[3].r/u_eject_fifo/fifo_mem_reg[0][flit_data]_0_15_24_29/RAMC/I
0.908,21,2,5,inter,u_mesh/GEN_R[2].r/u_datapath/local_vc2_fifo/rd_ptr_reg[1]/C,u_mesh/GEN_R[5].r/u_datapath/north_vc1_fifo/wr_ptr_reg[1]/D
0.912,19,3,0,inter,u_mesh/GEN_R[3].r/u_datapath/east_vc1_fifo/rd_ptr_reg[1]_replica/C,u_mesh/GEN_R[0].r/u_datapath/south_vc2_fifo/fifo_mem_reg[0][flit_data]_0_3_12_17/RAMA/I
0.912,19,3,3,intra,u_mesh/GEN_R[3].r/u_datapath/east_vc1_fifo/rd_ptr_reg[1]_replica/C,u_mesh/GEN_R[3].r/u_eject_fifo/fifo_mem_reg[0][flit_data]_0_15_12_17/RAMB_D1/I
0.912,19,5,2,inter,u_mesh/GEN_R[5].r/u_datapath/local_vc1_fifo/rd_ptr_reg[0]/C,u_mesh/GEN_R[2].r/u_datapath/south_vc0_fifo/fifo_mem_reg[0][flit_data]_0_3_6_11/RAMC/I
0.913,19,5,4,inter,u_mesh/GEN_R[5].r/u_datapath/local_vc1_fifo/rd_ptr_reg[0]/C,u_mesh/GEN_R[4].r/u_datapath/east_vc1_fifo/fifo_mem_reg[0][flit_data]_0_3_12_17/RAMB/I
0.913,19,3,0,inter,u_mesh/GEN_R[3].r/u_datapath/east_vc1_fifo/rd_ptr_reg[1]_replica/C,u_mesh/GEN_R[0].r/u_datapath/south_vc1_fifo/fifo_mem_reg[0][flit_data]_0_3_0_5/RAMA_D1/I
0.914,19,3,3,intra,u_mesh/GEN_R[3].r/u_datapath/east_vc1_fifo/rd_ptr_reg[1]_replica/C,u_mesh/GEN_R[3].r/u_eject_fifo/fifo_mem_reg[0][flit_data]_0_15_12_17/RAMA/I
0.914,20,0,3,inter,u_mesh/GEN_R[0].r/u_datapath/east_vc1_fifo/rd_ptr_reg[0]/C,u_mesh/GEN_R[3].r/u_datapath/north_vc0_fifo/fifo_mem_reg[0][vc_id]_0_3_0_0/SP/I
0.915,19,5,2,inter,u_mesh/GEN_R[5].r/u_datapath/local_vc1_fifo/rd_ptr_reg[0]/C,u_mesh/GEN_R[2].r/u_datapath/south_vc1_fifo/fifo_mem_reg[0][flit_data]_0_3_0_5/RAMA_D1/I
0.915,19,5,4,inter,u_mesh/GEN_R[5].r/u_datapath/local_vc1_fifo/rd_ptr_reg[0]/C,u_mesh/GEN_R[4].r/u_datapath/east_vc0_fifo/fifo_mem_reg[0][flit_data]_0_3_24_29/RAMA/I
0.915,19,3,4,inter,u_mesh/GEN_R[3].r/u_datapath/east_vc1_fifo/rd_ptr_reg[1]_replica/C,u_mesh/GEN_R[4].r/u_datapath/west_vc2_fifo/fifo_mem_reg[0][flit_data]_0_3_18_23/RAMB/I
0.916,19,5,4,inter,u_mesh/GEN_R[5].r/u_datapath/local_vc1_fifo/rd_ptr_reg[0]/C,u_mesh/GEN_R[4].r/u_datapath/east_vc1_fifo/fifo_mem_reg[0][flit_data]_0_3_18_23/RAMC_D1/I
0.918,18,3,4,inter,u_mesh/GEN_R[3].r/u_datapath/local_vc2_fifo/rd_ptr_reg[1]/C,u_mesh/GEN_R[4].r/u_datapath/west_vc0_fifo/fifo_mem_reg[0][flit_data]_0_3_12_17/RAMC_D1/I
0.919,19,5,4,inter,u_mesh/GEN_R[5].r/u_datapath/local_vc1_fifo/rd_ptr_reg[0]/C,u_mesh/GEN_R[4].r/u_datapath/east_vc2_fifo/fifo_mem_reg[0][flit_data]_0_3_0_5/RAMA_D1/I
0.920,19,0,3,inter,u_mesh/GEN_R[0].r/u_datapath/east_vc1_fifo/rd_ptr_reg[0]/C,u_mesh/GEN_R[3].r/u_datapath/north_vc0_fifo/fifo_mem_reg[0][flit_data]_0_3_18_23/RAMB_D1/I
0.920,19,0,3,inter,u_mesh/GEN_R[0].r/u_datapath/east_vc1_fifo/rd_ptr_reg[0]/C,u_mesh/GEN_R[3].r/u_datapath/north_vc0_fifo/fifo_mem_reg[0][flit_data]_0_3_24_29/RAMA/I
0.920,20,0,1,inter,u_mesh/GEN_R[0].r/u_datapath/east_vc1_fifo/rd_ptr_reg[0]/C,u_mesh/GEN_R[1].r/u_datapath/west_vc2_fifo/fifo_mem_reg[0][flit_data]_0_3_6_11/RAMB/I
0.921,19,5,2,inter,u_mesh/GEN_R[5].r/u_datapath/local_vc1_fifo/rd_ptr_reg[0]/C,u_mesh/GEN_R[2].r/u_datapath/south_vc0_fifo/fifo_mem_reg[0][flit_data]_0_3_18_23/RAMB_D1/I
0.921,19,5,2,inter,u_mesh/GEN_R[5].r/u_datapath/local_vc1_fifo/rd_ptr_reg[0]/C,u_mesh/GEN_R[2].r/u_datapath/south_vc1_fifo/fifo_mem_reg[0][flit_data]_0_3_6_11/RAMC/I
0.921,20,1,0,inter,u_mesh/GEN_R[1].r/u_datapath/west_vc2_fifo/rd_ptr_reg[1]/C,u_mesh/GEN_R[0].r/u_datapath/east_vc0_fifo/fifo_mem_reg[0][vc_id]_0_3_1_1/SP/I
0.922,19,3,4,inter,u_mesh/GEN_R[3].r/u_datapath/east_vc1_fifo/rd_ptr_reg[1]_replica/C,u_mesh/GEN_R[4].r/u_datapath/west_vc1_fifo/fifo_mem_reg[0][vc_id]_0_3_0_0/DP/I
0.924,20,2,5,inter,u_mesh/GEN_R[2].r/u_datapath/local_vc2_fifo/rd_ptr_reg[1]/C,u_mesh/GEN_R[5].r/u_datapath/north_vc1_fifo/fifo_mem_reg[0][vc_id]_0_3_1_1/DP/I
0.924,18,1,1,intra,u_mesh/GEN_R[1].r/u_datapath/west_vc2_fifo/rd_ptr_reg[1]/C,u_mesh/GEN_R[1].r/u_datapath/south_vc1_fifo/rd_ptr_reg[1]_replica_1/D
0.925,18,3,4,inter,u_mesh/GEN_R[3].r/u_datapath/local_vc2_fifo/rd_ptr_reg[1]/C,u_mesh/GEN_R[4].r/u_datapath/west_vc0_fifo/fifo_mem_reg[0][flit_data]_0_3_24_29/RAMB/I
0.925,20,0,0,intra,u_mesh/GEN_R[0].r/u_datapath/east_vc1_fifo/rd_ptr_reg[0]/C,u_mesh/GEN_R[0].r/u_eject_fifo/count_reg[3]/D
0.926,20,0,3,inter,u_mesh/GEN_R[0].r/u_datapath/east_vc1_fifo/rd_ptr_reg[0]/C,u_mesh/GEN_R[3].r/u_datapath/north_vc0_fifo/fifo_mem_reg[0][flit_data]_0_3_18_23/RAMC/I
0.927,19,5,4,inter,u_mesh/GEN_R[5].r/u_datapath/local_vc1_fifo/rd_ptr_reg[0]/C,u_mesh/GEN_R[4].r/u_datapath/east_vc0_fifo/fifo_mem_reg[0][flit_data]_0_3_18_23/RAMC_D1/I
0.927,19,5,2,inter,u_mesh/GEN_R[5].r/u_datapath/west_vc1_fifo/rd_ptr_reg[1]/C,u_mesh/GEN_R[2].r/u_datapath/south_vc2_fifo/fifo_mem_reg[0][flit_data]_0_3_24_29/RAMC/I
0.928,19,5,2,inter,u_mesh/GEN_R[5].r/u_datapath/west_vc1_fifo/rd_ptr_reg[1]/C,u_mesh/GEN_R[2].r/u_datapath/south_vc0_fifo/fifo_mem_reg[0][flit_data]_0_3_18_23/RAMA/I
0.929,19,3,0,inter,u_mesh/GEN_R[3].r/u_datapath/east_vc1_fifo/rd_ptr_reg[1]_replica/C,u_mesh/GEN_R[0].r/u_datapath/south_vc0_fifo/fifo_mem_reg[0][flit_data]_0_3_12_17/RAMB/I
0.929,20,2,5,inter,u_mesh/GEN_R[2].r/u_datapath/local_vc2_fifo/rd_ptr_reg[1]/C,u_mesh/GEN_R[5].r/u_datapath/north_vc0_fifo/fifo_mem_reg[0][flit_data]_0_3_18_23/RAMB_D1/I
0.929,20,1,2,inter,u_mesh/GEN_R[1].r/u_datapath/west_vc2_fifo/rd_ptr_reg[1]/C,u_mesh/GEN_R[2].r/u_datapath/west_vc0_fifo/fifo_mem_reg[0][vc_id]_0_3_0_0/SP/I
0.929,20,1,2,inter,u_mesh/GEN_R[1].r/u_datapath/west_vc2_fifo/rd_ptr_reg[1]/C,u_mesh/GEN_R[2].r/u_datapath/west_vc2_fifo/fifo_mem_reg[0][flit_type]_0_3_0_0/SP/I
0.931,20,2,1,inter,u_mesh/GEN_R[2].r/u_datapath/local_vc2_fifo/rd_ptr_reg[1]/C,u_mesh/GEN_R[1].r/u_datapath/east_vc1_fifo/fifo_mem_reg[0][flit_data]_0_3_30_31__0/SP/I
0.932,20,0,0,intra,u_mesh/GEN_R[0].r/u_datapath/east_vc1_fifo/rd_ptr_reg[0]/C,u_mesh/GEN_R[0].r/u_eject_fifo/fifo_mem_reg[0][vc_id]_0_15_0_0/SP/I
0.933,18,3,0,inter,u_mesh/GEN_R[3].r/u_datapath/local_vc2_fifo/rd_ptr_reg[1]/C,u_mesh/GEN_R[0].r/u_datapath/south_vc2_fifo/fifo_mem_reg[0][flit_data]_0_3_6_11/RAMB_D1/I
0.934,19,0,1,inter,u_mesh/GEN_R[0].r/u_datapath/east_vc1_fifo/rd_ptr_reg[0]/C,u_mesh/GEN_R[1].r/u_datapath/west_vc2_fifo/fifo_mem_reg[0][flit_data]_0_3_6_11/RAMC_D1/I
0.936,19,5,2,inter,u_mesh/GEN_R[5].r/u_datapath/local_vc1_fifo/rd_ptr_reg[0]/C,u_mesh/GEN_R[2].r/u_datapath/south_vc1_fifo/fifo_mem_reg[0][flit_data]_0_3_6_11/RAMB/I
0.937,19,5,4,inter,u_mesh/GEN_R[5].r/u_datapath/local_vc1_fifo/rd_ptr_reg[0]/C,u_mesh/GEN_R[4].r/u_datapath/east_vc2_fifo/fifo_mem_reg[0][flit_data]_0_3_6_11/RAMB_D1/I
0.937,19,1,2,inter,u_mesh/GEN_R[1].r/u_datapath/south_vc1_fifo/rd_ptr_reg[1]_replica/C,u_mesh/GEN_R[2].r/u_datapath/west_vc2_fifo/fifo_mem_reg[0][flit_data]_0_3_0_5/RAMC_D1/I
0.939,19,5,2,inter,u_mesh/GEN_R[5].r/u_datapath/local_vc1_fifo/rd_ptr_reg[0]/C,u_mesh/GEN_R[2].r/u_datapath/south_vc0_fifo/fifo_mem_reg[0][flit_data]_0_3_30_31__0/DP/I
0.940,19,5,2,inter,u_mesh/GEN_R[5].r/u_datapath/local_vc1_fifo/rd_ptr_reg[0]/C,u_mesh/GEN_R[2].r/u_datapath/south_vc1_fifo/fifo_mem_reg[0][flit_data]_0_3_12_17/RAMB_D1/I
0.941,19,5,4,inter,u_mesh/GEN_R[5].r/u_datapath/local_vc1_fifo/rd_ptr_reg[0]/C,u_mesh/GEN_R[4].r/u_datapath/east_vc1_fifo/fifo_mem_reg[0][flit_data]_0_3_18_23/RAMB/I
0.941,19,3,0,inter,u_mesh/GEN_R[3].r/u_datapath/east_vc1_fifo/rd_ptr_reg[1]_replica/C,u_mesh/GEN_R[0].r/u_datapath/south_vc2_fifo/fifo_mem_reg[0][flit_data]_0_3_6_11/RAMB/I
0.943,19,3,0,inter,u_mesh/GEN_R[3].r/u_datapath/east_vc1_fifo/rd_ptr_reg[1]_replica/C,u_mesh/GEN_R[0].r/u_datapath/south_vc1_fifo/fifo_mem_reg[0][flit_data]_0_3_24_29/RAMA/I
0.944,19,5,4,inter,u_mesh/GEN_R[5].r/u_datapath/local_vc1_fifo/rd_ptr_reg[0]/C,u_mesh/GEN_R[4].r/u_datapath/east_vc0_fifo/fifo_mem_reg[0][flit_data]_0_3_6_11/RAMC_D1/I
0.944,19,5,4,inter,u_mesh/GEN_R[5].r/u_datapath/local_vc1_fifo/rd_ptr_reg[0]/C,u_mesh/GEN_R[4].r/u_datapath/east_vc2_fifo/fifo_mem_reg[0][flit_data]_0_3_24_29/RAMB_D1/I
0.946,20,2,1,inter,u_mesh/GEN_R[2].r/u_datapath/local_vc2_fifo/rd_ptr_reg[1]/C,u_mesh/GEN_R[1].r/u_datapath/east_vc1_fifo/fifo_mem_reg[0][vc_id]_0_3_1_1/SP/I
0.946,19,3,4,inter,u_mesh/GEN_R[3].r/u_datapath/east_vc1_fifo/rd_ptr_reg[1]_replica/C,u_mesh/GEN_R[4].r/u_datapath/west_vc0_fifo/fifo_mem_reg[0][flit_data]_0_3_24_29/RAMB_D1/I
0.947,19,3,4,inter,u_mesh/GEN_R[3].r/u_datapath/east_vc1_fifo/rd_ptr_reg[1]_replica/C,u_mesh/GEN_R[4].r/u_datapath/west_vc2_fifo/fifo_mem_reg[0][flit_data]_0_3_18_23/RAMC_D1/I
0.947,19,3,0,inter,u_mesh/GEN_R[3].r/u_datapath/east_vc1_fifo/rd_ptr_reg[1]_replica/C,u_mesh/GEN_R[0].r/u_datapath/south_vc1_fifo/fifo_mem_reg[0][flit_data]_0_3_12_17/RAMC_D1/I
0.947,20,1,4,inter,u_mesh/GEN_R[1].r/u_datapath/west_vc2_fifo/rd_ptr_reg[1]/C,u_mesh/GEN_R[4].r/u_datapath/north_vc0_fifo/fifo_mem_reg[0][vc_id]_0_3_1_1/SP/I
0.949,20,2,1,inter,u_mesh/GEN_R[2].r/u_datapath/local_vc2_fifo/rd_ptr_reg[1]/C,u_mesh/GEN_R[1].r/u_datapath/east_vc0_fifo/fifo_mem_reg[0][flit_data]_0_3_18_23/RAMB/I
0.949,19,3,4,inter,u_mesh/GEN_R[3].r/u_datapath/east_vc1_fifo/rd_ptr_reg[1]_replica/C,u_mesh/GEN_R[4].r/u_datapath/west_vc0_fifo/fifo_mem_reg[0][flit_data]_0_3_30_31__0/SP/I
0.950,20,1,2,inter,u_mesh/GEN_R[1].r/u_datapath/west_vc2_fifo/rd_ptr_reg[1]/C,u_mesh/GEN_R[2].r/u_datapath/west_vc0_fifo/fifo_mem_reg[0][flit_data]_0_3_12_17/RAMC/I
0.952,19,5,4,inter,u_mesh/GEN_R[5].r/u_datapath/local_vc1_fifo/rd_ptr_reg[0]/C,u_mesh/GEN_R[4].r/u_datapath/east_vc2_fifo/fifo_mem_reg[0][flit_data]_0_3_6_11/RAMC_D1/I
0.953,19,1,1,intra,u_mesh/GEN_R[1].r/u_datapath/local_vc0_fifo/rd_ptr_reg[0]/C,u_mesh/GEN_R[1].r/u_eject_fifo/wr_ptr_reg[1]/CE
0.953,19,1,1,intra,u_mesh/GEN_R[1].r/u_datapath/local_vc0_fifo/rd_ptr_reg[0]/C,u_mesh/GEN_R[1].r/u_eject_fifo/wr_ptr_reg[2]/CE
0.953,19,1,1,intra,u_mesh/GEN_R[1].r/u_datapath/local_vc0_fifo/rd_ptr_reg[0]/C,u_mesh/GEN_R[1].r/u_eject_fifo/wr_ptr_reg[3]/CE
0.953,19,3,0,inter,u_mesh/GEN_R[3].r/u_datapath/east_vc1_fifo/rd_ptr_reg[1]_replica/C,u_mesh/GEN_R[0].r/u_datapath/south_vc0_fifo/fifo_mem_reg[0][vc_id]_0_3_1_1/DP/I
0.954,19,3,0,inter,u_mesh/GEN_R[3].r/u_datapath/east_vc1_fifo/rd_ptr_reg[1]_replica/C,u_mesh/GEN_R[0].r/u_datapath/south_vc0_fifo/fifo_mem_reg[0][flit_data]_0_3_0_5/RAMB/I
0.955,20,0,3,inter,u_mesh/GEN_R[0].r/u_datapath/east_vc1_fifo/rd_ptr_reg[0]/C,u_mesh/GEN_R[3].r/u_datapath/north_vc2_fifo/fifo_mem_reg[0][flit_data]_0_3_30_31__0/SP/I
0.955,20,0,3,inter,u_mesh/GEN_R[0].r/u_datapath/east_vc1_fifo/rd_ptr_reg[0]/C,u_mesh/GEN_R[3].r/u_datapath/north_vc0_fifo/fifo_mem_reg[0][flit_data]_0_3_30_31__0/SP/I
0.955,19,3,0,inter,u_mesh/GEN_R[3].r/u_datapath/east_vc1_fifo/rd_ptr_reg[1]_replica/C,u_mesh/GEN_R[0].r/u_datapath/south_vc2_fifo/fifo_mem_reg[0][flit_data]_0_3_6_11/RAMC_D1/I
0.957,20,1,4,inter,u_mesh/GEN_R[1].r/u_datapath/west_vc2_fifo/rd_ptr_reg[1]/C,u_mesh/GEN_R[4].r/u_datapath/north_vc2_fifo/fifo_mem_reg[0][flit_data]_0_3_0_5/RAMB/I
0.957,19,0,1,inter,u_mesh/GEN_R[0].r/u_datapath/east_vc1_fifo/rd_ptr_reg[0]/C,u_mesh/GEN_R[1].r/u_datapath/west_vc2_fifo/fifo_mem_reg[0][flit_data]_0_3_0_5/RAMA_D1/I
0.958,18,3,4,inter,u_mesh/GEN_R[3].r/u_datapath/local_vc2_fifo/rd_ptr_reg[1]/C,u_mesh/GEN_R[4].r/u_datapath/west_vc1_fifo/fifo_mem_reg[0][flit_type]_0_3_1_1/SP/I
0.959,19,5,2,inter,u_mesh/GEN_R[5].r/u_datapath/local_vc1_fifo/rd_ptr_reg[0]/C,u_mesh/GEN_R[2].r/u_datapath/south_vc1_fifo/fifo_mem_reg[0][flit_type]_0_3_0_0/DP/I
0.959,19,5,4,inter,u_mesh/GEN_R[5].r/u_datapath/local_vc1_fifo/rd_ptr_reg[0]/C,u_mesh/GEN_R[4].r/u_datapath/east_vc0_fifo/fifo_mem_reg[0][flit_data]_0_3_12_17/RAMC_D1/I
0.963,19,5,4,inter,u_mesh/GEN_R[5].r/u_datapath/local_vc1_fifo/rd_ptr_reg[0]/C,u_mesh/GEN_R[4].r/u_datapath/east_vc1_fifo/fifo_mem_reg[0][flit_data]_0_3_30_31__0/DP/I
0.964,19,3,0,inter,u_mesh/GEN_R[3].r/u_datapath/east_vc1_fifo/rd_ptr_reg[1]_replica/C,u_mesh/GEN_R[0].r/u_datapath/south_vc2_fifo/fifo_mem_reg[0][flit_data]_0_3_12_17/RAMC/I
0.966,19,5,2,inter,u_mesh/GEN_R[5].r/u_datapath/west_vc1_fifo/rd_ptr_reg[1]/C,u_mesh/GEN_R[2].r/u_datapath/south_vc2_fifo/fifo_mem_reg[0][flit_data]_0_3_18_23/RAMA/I
0.966,19,5,4,inter,u_mesh/GEN_R[5].r/u_datapath/local_vc1_fifo/rd_ptr_reg[0]/C,u_mesh/GEN_R[4].r/u_datapath/east_vc1_fifo/fifo_mem_reg[0][flit_data]_0_3_0_5/RAMB_D1/I
0.967,19,3,0,inter,u_mesh/GEN_R[3].r/u_datapath/east_vc1_fifo/rd_ptr_reg[1]_replica/C,u_mesh/GEN_R[0].r/u_datapath/south_vc0_fifo/fifo_mem_reg[0][flit_data]_0_3_12_17/RAMA/I
0.967,20,2,5,inter,u_mesh/GEN_R[2].r/u_datapath/local_vc2_fifo/rd_ptr_reg[1]/C,u_mesh/GEN_R[5].r/u_datapath/north_vc0_fifo/fifo_mem_reg[0][flit_data]_0_3_12_17/RAMA_D1/I
0.967,18,3,4,inter,u_mesh/GEN_R[3].r/u_datapath/local_vc2_fifo/rd_ptr_reg[1]/C,u_mesh/GEN_R[4].r/u_datapath/west_vc2_fifo/fifo_mem_reg[0][flit_data]_0_3_18_23/RAMC/I
0.968,19,5,4,inter,u_mesh/GEN_R[5].r/u_datapath/local_vc1_fifo/rd_ptr_reg[0]/C,u_mesh/GEN_R[4].r/u_datapath/east_vc2_fifo/fifo_mem_reg[0][flit_data]_0_3_0_5/RAMB_D1/I
0.969,19,5,4,inter,u_mesh/GEN_R[5].r/u_datapath/local_vc1_fifo/rd_ptr_reg[0]/C,u_mesh/GEN_R[4].r/u_datapath/east_vc1_fifo/fifo_mem_reg[0][flit_data]_0_3_12_17/RAMA/I
0.969,19,3,0,inter,u_mesh/GEN_R[3].r/u_datapath/east_vc1_fifo/rd_ptr_reg[1]_replica/C,u_mesh/GEN_R[0].r/u_datapath/south_vc1_fifo/fifo_mem_reg[0][vc_id]_0_3_1_1/SP/I
0.970,20,1,2,inter,u_mesh/GEN_R[1].r/u_datapath/west_vc2_fifo/rd_ptr_reg[1]/C,u_mesh/GEN_R[2].r/u_datapath/west_vc2_fifo/fifo_mem_reg[0][vc_id]_0_3_1_1/SP/I
0.971,19,5,4,inter,u_mesh/GEN_R[5].r/u_datapath/local_vc1_fifo/rd_ptr_reg[0]/C,u_mesh/GEN_R[4].r/u_datapath/east_vc0_fifo/fifo_mem_reg[0][flit_data]_0_3_0_5/RAMC/I
0.972,19,5,4,inter,u_mesh/GEN_R[5].r/u_datapath/local_vc1_fifo/rd_ptr_reg[0]/C,u_mesh/GEN_R[4].r/u_datapath/east_vc0_fifo/fifo_mem_reg[0][flit_data]_0_3_0_5/RAMA/I
0.974,20,1,2,inter,u_mesh/GEN_R[1].r/u_datapath/west_vc2_fifo/rd_ptr_reg[1]/C,u_mesh/GEN_R[2].r/u_datapath/west_vc0_fifo/fifo_mem_reg[0][flit_data]_0_3_30_31__0/SP/I
0.974,19,5,5,intra,u_mesh/GEN_R[5].r/u_datapath/local_vc1_fifo/rd_ptr_reg[0]/C,u_mesh/GEN_R[5].r/u_eject_fifo/fifo_mem_reg[0][flit_data]_0_15_12_17/RAMB/I
0.975,20,2,5,inter,u_mesh/GEN_R[2].r/u_datapath/local_vc2_fifo/rd_ptr_reg[1]/C,u_mesh/GEN_R[5].r/u_datapath/north_vc2_fifo/fifo_mem_reg[0][flit_data]_0_3_24_29/RAMC_D1/I
0.976,19,5,5,intra,u_mesh/GEN_R[5].r/u_datapath/west_vc1_fifo/rd_ptr_reg[1]/C,u_mesh/GEN_R[5].r/u_eject_fifo/fifo_mem_reg[0][flit_type]_0_15_1_1/SP/I
0.976,20,2,1,inter,u_mesh/GEN_R[2].r/u_datapath/local_vc2_fifo/rd_ptr_reg[1]/C,u_mesh/GEN_R[1].r/u_datapath/east_vc0_fifo/fifo_mem_reg[0][flit_data]_0_3_30_31__0/SP/I
0.976,19,5,2,inter,u_mesh/GEN_R[5].r/u_datapath/local_vc1_fifo/rd_ptr_reg[0]/C,u_mesh/GEN_R[2].r/u_datapath/south_vc2_fifo/fifo_mem_reg[0][flit_data]_0_3_6_11/RAMA_D1/I
0.978,19,3,0,inter,u_mesh/GEN_R[3].r/u_datapath/east_vc1_fifo/rd_ptr_reg[1]_replica/C,u_mesh/GEN_R[0].r/u_datapath/south_vc2_fifo/fifo_mem_reg[0][flit_data]_0_3_18_23/RAMB/I
0.978,19,5,4,inter,u_mesh/GEN_R[5].r/u_datapath/local_vc1_fifo/rd_ptr_reg[0]/C,u_mesh/GEN_R[4].r/u_datapath/east_vc0_fifo/fifo_mem_reg[0][flit_data]_0_3_6_11/RAMC/I
0.979,19,5,2,inter,u_mesh/GEN_R[5].r/u_datapath/local_vc1_fifo/rd_ptr_reg[0]/C,u_mesh/GEN_R[2].r/u_datapath/south_vc0_fifo/fifo_mem_reg[0][flit_data]_0_3_12_17/RAMC/I
0.979,18,3,0,inter,u_mesh/GEN_R[3].r/u_datapath/local_vc2_fifo/rd_ptr_reg[1]/C,u_mesh/GEN_R[0].r/u_datapath/south_vc0_fifo/fifo_mem_reg[0][vc_id]_0_3_0_0/DP/I
0.982,19,0,3,inter,u_mesh/GEN_R[0].r/u_datapath/east_vc1_fifo/rd_ptr_reg[0]/C,u_mesh/GEN_R[3].r/u_datapath/north_vc2_fifo/fifo_mem_reg[0][flit_type]_0_3_0_0/SP/I
0.983,19,5,2,inter,u_mesh/GEN_R[5].r/u_datapath/local_vc1_fifo/rd_ptr_reg[0]/C,u_mesh/GEN_R[2].r/u_datapath/south_vc2_fifo/fifo_mem_reg[0][flit_data]_0_3_0_5/RAMC/I
0.983,20,1,4,inter,u_mesh/GEN_R[1].r/u_datapath/west_vc2_fifo/rd_ptr_reg[1]/C,u_mesh/GEN_R[4].r/u_datapath/north_vc2_fifo/fifo_mem_reg[0][vc_id]_0_3_1_1/SP/I
0.984,19,0,3,inter,u_mesh/GEN_R[0].r/u_datapath/east_vc1_fifo/rd_ptr_reg[0]/C,u_mesh/GEN_R[3].r/u_datapath/north_vc2_fifo/fifo_mem_reg[0][flit_data]_0_3_12_17/RAMA/I
0.985,18,3,0,inter,u_mesh/GEN_R[3].r/u_datapath/local_vc2_fifo/rd_ptr_reg[1]/C,u_mesh/GEN_R[0].r/u_datapath/south_vc0_fifo/fifo_mem_reg[0][flit_data]_0_3_18_23/RAMB_D1/I
0.987,19,5,4,inter,u_mesh/GEN_R[5].r/u_datapath/local_vc1_fifo/rd_ptr_reg[0]/C,u_mesh/GEN_R[4].r/u_datapath/east_vc2_fifo/fifo_mem_reg[0][flit_data]_0_3_0_5/RAMC/I
0.987,19,3,4,inter,u_mesh/GEN_R[3].r/u_datapath/east_vc1_fifo/rd_ptr_reg[1]_replica/C,u_mesh/GEN_R[4].r/u_datapath/west_vc1_fifo/fifo_mem_reg[0][flit_data]_0_3_0_5/RAMB/I
0.987,19,5,5,intra,u_mesh/GEN_R[5].r/u_datapath/local_vc1_fifo/rd_ptr_reg[0]/C,u_mesh/GEN_R[5].r/u_eject_fifo/fifo_mem_reg[0][flit_data]_0_15_12_17/RAMA/I
0.987,19,3,0,inter,u_mesh/GEN_R[3].r/u_datapath/east_vc1_fifo/rd_ptr_reg[1]_replica/C,u_mesh/GEN_R[0].r/u_datapath/south_vc2_fifo/fifo_mem_reg[0][flit_data]_0_3_0_5/RAMA/I
0.988,19,5,4,inter,u_mesh/GEN_R[5].r/u_datapath/local_vc1_fifo/rd_ptr_reg[0]/C,u_mesh/GEN_R[4].r/u_datapath/east_vc0_fifo/fifo_mem_reg[0][flit_data]_0_3_12_17/RAMA_D1/I
0.988,20,1,2,inter,u_mesh/GEN_R[1].r/u_datapath/west_vc2_fifo/rd_ptr_reg[1]/C,u_mesh/GEN_R[2].r/u_datapath/west_vc0_fifo/fifo_mem_reg[0][flit_data]_0_3_30_31/DP/I
0.991,19,3,4,inter,u_mesh/GEN_R[3].r/u_datapath/east_vc1_fifo/rd_ptr_reg[1]_replica/C,u_mesh/GEN_R[4].r/u_datapath/west_vc1_fifo/fifo_mem_reg[0][flit_data]_0_3_6_11/RAMA/I
0.991,19,5,4,inter,u_mesh/GEN_R[5].r/u_datapath/local_vc1_fifo/rd_ptr_reg[0]/C,u_mesh/GEN_R[4].r/u_datapath/east_vc0_fifo/fifo_mem_reg[0][flit_data]_0_3_24_29/RAMA_D1/I
0.992,19,5,4,inter,u_mesh/GEN_R[5].r/u_datapath/local_vc1_fifo/rd_ptr_reg[0]/C,u_mesh/GEN_R[4].r/u_datapath/east_vc2_fifo/fifo_mem_reg[0][flit_data]_0_3_18_23/RAMB/I
0.993,18,3,0,inter,u_mesh/GEN_R[3].r/u_datapath/local_vc2_fifo/rd_ptr_reg[1]/C,u_mesh/GEN_R[0].r/u_datapath/south_vc0_fifo/fifo_mem_reg[0][vc_id]_0_3_0_0/SP/I
0.995,19,0,1,inter,u_mesh/GEN_R[0].r/u_datapath/east_vc1_fifo/rd_ptr_reg[0]/C,u_mesh/GEN_R[1].r/u_datapath/west_vc2_fifo/fifo_mem_reg[0][flit_type]_0_3_0_0/SP/I
0.996,19,0,0,intra,u_mesh/GEN_R[0].r/u_datapath/east_vc1_fifo/rd_ptr_reg[0]/C,u_mesh/GEN_R[0].r/u_eject_fifo/wr_ptr_reg[2]/CE
0.996,19,0,0,intra,u_mesh/GEN_R[0].r/u_datapath/east_vc1_fifo/rd_ptr_reg[0]/C,u_mesh/GEN_R[0].r/u_eject_fifo/wr_ptr_reg[3]/CE
0.997,19,5,2,inter,u_mesh/GEN_R[5].r/u_datapath/local_vc1_fifo/rd_ptr_reg[0]/C,u_mesh/GEN_R[2].r/u_datapath/south_vc2_fifo/fifo_mem_reg[0][flit_type]_0_3_0_0/SP/I
0.997,19,3,4,inter,u_mesh/GEN_R[3].r/u_datapath/east_vc1_fifo/rd_ptr_reg[1]_replica/C,u_mesh/GEN_R[4].r/u_datapath/west_vc2_fifo/fifo_mem_reg[0][vc_id]_0_3_1_1/DP/I
0.997,20,0,3,inter,u_mesh/GEN_R[0].r/u_datapath/east_vc1_fifo/rd_ptr_reg[0]/C,u_mesh/GEN_R[3].r/u_datapath/north_vc0_fifo/fifo_mem_reg[0][flit_data]_0_3_0_5/RAMC/I
0.998,19,0,3,inter,u_mesh/GEN_R[0].r/u_datapath/east_vc1_fifo/rd_ptr_reg[0]/C,u_mesh/GEN_R[3].r/u_datapath/north_vc2_fifo/fifo_mem_reg[0][vc_id]_0_3_1_1/DP/I
0.998,20,2,5,inter,u_mesh/GEN_R[2].r/u_datapath/local_vc2_fifo/rd_ptr_reg[1]/C,u_mesh/GEN_R[5].r/u_datapath/north_vc0_fifo/fifo_mem_reg[0][vc_id]_0_3_1_1/DP/I
0.998,19,5,5,intra,u_mesh/GEN_R[5].r/u_datapath/local_vc1_fifo/rd_ptr_reg[0]/C,u_mesh/GEN_R[5].r/u_eject_fifo/fifo_mem_reg[0][flit_data]_0_15_6_11/RAMC_D1/I
1.000,20,4,3,inter,u_mesh/GEN_R[4].r/u_datapath/local_vc2_fifo/rd_ptr_reg[0]_replica/C,u_mesh/GEN_R[3].r/u_datapath/east_vc2_fifo/fifo_mem_reg[0][vc_id]_0_3_1_1/SP/I
1.001,19,1,1,intra,u_mesh/GEN_R[1].r/u_datapath/west_vc2_fifo/rd_ptr_reg[1]/C,u_mesh/GEN_R[1].r/u_allocator/output_owner_reg[2][0]/CE
1.001,19,1,1,intra,u_mesh/GEN_R[1].r/u_datapath/west_vc2_fifo/rd_ptr_reg[1]/C,u_mesh/GEN_R[1].r/u_allocator/output_owner_reg[2][1]/CE
1.001,19,1,1,intra,u_mesh/GEN_R[1].r/u_datapath/west_vc2_fifo/rd_ptr_reg[1]/C,u_mesh/GEN_R[1].r/u_allocator/output_owner_reg[2][2]/CE
1.001,19,1,1,intra,u_mesh/GEN_R[1].r/u_datapath/west_vc2_fifo/rd_ptr_reg[1]/C,u_mesh/GEN_R[1].r/u_allocator/output_owner_reg[2][3]/CE
1.001,19,5,4,inter,u_mesh/GEN_R[5].r/u_datapath/local_vc1_fifo/rd_ptr_reg[0]/C,u_mesh/GEN_R[4].r/u_datapath/east_vc2_fifo/fifo_mem_reg[0][flit_type]_0_3_1_1/DP/I
1.001,19,5,4,inter,u_mesh/GEN_R[5].r/u_datapath/local_vc1_fifo/rd_ptr_reg[0]/C,u_mesh/GEN_R[4].r/u_datapath/east_vc1_fifo/fifo_mem_reg[0][flit_data]_0_3_12_17/RAMC/I
1.002,19,0,3,inter,u_mesh/GEN_R[0].r/u_datapath/east_vc1_fifo/rd_ptr_reg[0]/C,u_mesh/GEN_R[3].r/u_datapath/north_vc1_fifo/fifo_mem_reg[0][flit_data]_0_3_18_23/RAMA/I
1.003,19,5,2,inter,u_mesh/GEN_R[5].r/u_datapath/local_vc1_fifo/rd_ptr_reg[0]/C,u_mesh/GEN_R[2].r/u_datapath/south_vc2_fifo/fifo_mem_reg[0][flit_data]_0_3_12_17/RAMC/I
1.005,19,0,1,inter,u_mesh/GEN_R[0].r/u_datapath/east_vc1_fifo/rd_ptr_reg[0]/C,u_mesh/GEN_R[1].r/u_datapath/west_vc0_fifo/fifo_mem_reg[0][flit_data]_0_3_0_5/RAMA_D1/I
1.008,19,5,4,inter,u_mesh/GEN_R[5].r/u_datapath/local_vc1_fifo/rd_ptr_reg[0]/C,u_mesh/GEN_R[4].r/u_datapath/east_vc1_fifo/fifo_mem_reg[0][flit_type]_0_3_1_1/DP/I
1.009,19,5,2,inter,u_mesh/GEN_R[5].r/u_datapath/local_vc1_fifo/rd_ptr_reg[0]/C,u_mesh/GEN_R[2].r/u_datapath/south_vc1_fifo/fifo_mem_reg[0][flit_data]_0_3_18_23/RAMB_D1/I
1.009,20,1,2,inter,u_mesh/GEN_R[1].r/u_datapath/west_vc2_fifo/rd_ptr_reg[1]/C,u_mesh/GEN_R[2].r/u_datapath/west_vc0_fifo/fifo_mem_reg[0][flit_data]_0_3_12_17/RAMC_D1/I
1.011,19,0,3,inter,u_mesh/GEN_R[0].r/u_datapath/south_vc1_fifo/rd_ptr_reg[1]/C,u_mesh/GEN_R[3].r/u_datapath/north_vc1_fifo/fifo_mem_reg[0][flit_data]_0_3_12_17/RAMC/I
1.012,19,0,3,inter,u_mesh/GEN_R[0].r/u_datapath/south_vc1_fifo/rd_ptr_reg[1]/C,u_mesh/GEN_R[3].r/u_datapath/north_vc0_fifo/fifo_mem_reg[0][flit_data]_0_3_24_29/RAMA_D1/I
1.013,19,3,0,inter,u_mesh/GEN_R[3].r/u_datapath/east_vc1_fifo/rd_ptr_reg[1]_replica/C,u_mesh/GEN_R[0].r/u_datapath/south_vc2_fifo/fifo_mem_reg[0][vc_id]_0_3_1_1/SP/I
1.013,19,3,0,inter,u_mesh/GEN_R[3].r/u_datapath/east_vc1_fifo/rd_ptr_reg[1]_replica/C,u_mesh/GEN_R[0].r/u_datapath/south_vc1_fifo/fifo_mem_reg[0][flit_data]_0_3_6_11/RAMB/I
1.018,19,5,4,inter,u_mesh/GEN_R[5].r/u_datapath/local_vc1_fifo/rd_ptr_reg[0]/C,u_mesh/GEN_R[4].r/u_datapath/east_vc2_fifo/fifo_mem_reg[0][flit_data]_0_3_0_5/RAMB/I
1.018,19,3,0,inter,u_mesh/GEN_R[3].r/u_datapath/east_vc1_fifo/rd_ptr_reg[1]_replica/C,u_mesh/GEN_R[0].r/u_datapath/south_vc0_fifo/fifo_mem_reg[0][flit_data]_0_3_24_29/RAMA/I
1.018,19,3,0,inter,u_mesh/GEN_R[3].r/u_datapath/east_vc1_fifo/rd_ptr_reg[1]_replica/C,u_mesh/GEN_R[0].r/u_datapath/south_vc2_fifo/fifo_mem_reg[0][flit_data]_0_3_12_17/RAMB/I
1.018,19,5,4,inter,u_mesh/GEN_R[5].r/u_datapath/local_vc1_fifo/rd_ptr_reg[0]/C,u_mesh/GEN_R[4].r/u_datapath/east_vc0_fifo/fifo_mem_reg[0][flit_data]_0_3_0_5/RAMB/I
1.018,20,0,3,inter,u_mesh/GEN_R[0].r/u_datapath/east_vc1_fifo/rd_ptr_reg[0]/C,u_mesh/GEN_R[3].r/u_datapath/north_vc0_fifo/fifo_mem_reg[0][flit_type]_0_3_1_1/DP/I
1.021,19,5,2,inter,u_mesh/GEN_R[5].r/u_datapath/west_vc1_fifo/rd_ptr_reg[1]/C,u_mesh/GEN_R[2].r/u_datapath/south_vc0_fifo/fifo_mem_reg[0][flit_data]_0_3_24_29/RAMB_D1/I
1.022,19,5,4,inter,u_mesh/GEN_R[5].r/u_datapath/local_vc1_fifo/rd_ptr_reg[0]/C,u_mesh/GEN_R[4].r/u_datapath/east_vc2_fifo/fifo_mem_reg[0][flit_type]_0_3_0_0/SP/I
1.023,19,3,0,inter,u_mesh/GEN_R[3].r/u_datapath/east_vc1_fifo/rd_ptr_reg[1]_replica/C,u_mesh/GEN_R[0].r/u_datapath/south_vc0_fifo/fifo_mem_reg[0][flit_data]_0_3_24_29/RAMC_D1/I
1.025,19,5,2,inter,u_mesh/GEN_R[5].r/u_datapath/local_vc1_fifo/rd_ptr_reg[0]/C,u_mesh/GEN_R[2].r/u_datapath/south_vc1_fifo/fifo_mem_reg[0][flit_data]_0_3_0_5/RAMC/I
1.026,20,1,2,inter,u_mesh/GEN_R[1].r/u_datapath/west_vc2_fifo/rd_ptr_reg[1]/C,u_mesh/GEN_R[2].r/u_datapath/west_vc1_fifo/fifo_mem_reg[0][flit_data]_0_3_0_5/RAMB/I
1.026,19,5,4,inter,u_mesh/GEN_R[5].r/u_datapath/local_vc1_fifo/rd_ptr_reg[0]/C,u_mesh/GEN_R[4].r/u_datapath/east_vc0_fifo/fifo_mem_reg[0][flit_data]_0_3_30_31__0/DP/I
1.028,19,5,2,inter,u_mesh/GEN_R[5].r/u_datapath/local_vc1_fifo/rd_ptr_reg[0]/C,u_mesh/GEN_R[2].r/u_datapath/south_vc0_fifo/fifo_mem_reg[0][flit_data]_0_3_6_11/RAMB/I
1.028,20,2,1,inter,u_mesh/GEN_R[2].r/u_datapath/local_vc2_fifo/rd_ptr_reg[1]/C,u_mesh/GEN_R[1].r/u_datapath/east_vc0_fifo/fifo_mem_reg[0][vc_id]_0_3_0_0/SP/I
1.028,19,0,3,inter,u_mesh/GEN_R[0].r/u_datapath/south_vc1_fifo/rd_ptr_reg[1]/C,u_mesh/GEN_R[3].r/u_datapath/north_vc2_fifo/fifo_mem_reg[0][flit_data]_0_3_12_17/RAMC/I
1.029,20,1,2,inter,u_mesh/GEN_R[1].r/u_datapath/west_vc2_fifo/rd_ptr_reg[1]/C,u_mesh/GEN_R[2].r/u_datapath/west_vc0_fifo/fifo_mem_reg[0][flit_data]_0_3_30_31/SP/I
1.033,20,0,3,inter,u_mesh/GEN_R[0].r/u_datapath/east_vc1_fifo/rd_ptr_reg[0]/C,u_mesh/GEN_R[3].r/u_datapath/north_vc2_fifo/fifo_mem_reg[0][vc_id]_0_3_0_0/SP/I
1.034,19,3,4,inter,u_mesh/GEN_R[3].r/u_datapath/east_vc1_fifo/rd_ptr_reg[1]_replica/C,u_mesh/GEN_R[4].r/u_datapath/west_vc0_fifo/fifo_mem_reg[0][flit_data]_0_3_6_11/RAMB_D1/I
1.034,19,5,5,intra,u_mesh/GEN_R[5].r/u_datapath/west_vc1_fifo/rd_ptr_reg[1]/C,u_mesh/GEN_R[5].r/u_eject_fifo/fifo_mem_reg[0][flit_data]_0_15_18_23/RAMC/I
1.034,19,1,1,intra,u_mesh/GEN_R[1].r/u_datapath/local_vc0_fifo/rd_ptr_reg[0]/C,u_mesh/GEN_R[1].r/u_allocator/output_locked_reg[4]/D
1.035,19,0,0,intra,u_mesh/GEN_R[0].r/u_datapath/east_vc1_fifo/rd_ptr_reg[0]/C,u_mesh/GEN_R[0].r/u_allocator/output_locked_reg[3]/D
1.036,20,0,1,inter,u_mesh/GEN_R[0].r/u_datapath/east_vc1_fifo/rd_ptr_reg[0]/C,u_mesh/GEN_R[1].r/u_datapath/west_vc2_fifo/fifo_mem_reg[0][vc_id]_0_3_0_0/SP/I
1.037,19,1,1,intra,u_mesh/GEN_R[1].r/u_datapath/west_vc2_fifo/rd_ptr_reg[1]/C,u_mesh/GEN_R[1].r/u_datapath/south_vc2_fifo/rd_ptr_reg[0]/D
1.037,19,3,4,inter,u_mesh/GEN_R[3].r/u_datapath/east_vc1_fifo/rd_ptr_reg[1]_replica/C,u_mesh/GEN_R[4].r/u_datapath/west_vc0_fifo/fifo_mem_reg[0][flit_data]_0_3_30_31/SP/I
1.038,19,5,2,inter,u_mesh/GEN_R[5].r/u_datapath/local_vc1_fifo/rd_ptr_reg[0]/C,u_mesh/GEN_R[2].r/u_datapath/south_vc1_fifo/fifo_mem_reg[0][flit_data]_0_3_12_17/RAMC_D1/I
1.039,21,2,5,inter,u_mesh/GEN_R[2].r/u_datapath/local_vc2_fifo/rd_ptr_reg[1]/C,u_mesh/GEN_R[5].r/u_datapath/north_vc0_fifo/wr_ptr_reg[0]/D
1.039,19,0,0,intra,u_mesh/GEN_R[0].r/u_datapath/east_vc1_fifo/rd_ptr_reg[0]/C,u_mesh/GEN_R[0].r/u_eject_fifo/wr_ptr_reg[1]/CE
1.041,19,5,4,inter,u_mesh/GEN_R[5].r/u_datapath/local_vc1_fifo/rd_ptr_reg[0]/C,u_mesh/GEN_R[4].r/u_datapath/east_vc1_fifo/fifo_mem_reg[0][flit_data]_0_3_6_11/RAMB_D1/I
1.041,19,5,4,inter,u_mesh/GEN_R[5].r/u_datapath/local_vc1_fifo/rd_ptr_reg[0]/C,u_mesh/GEN_R[4].r/u_datapath/east_vc1_fifo/fifo_mem_reg[0][flit_type]_0_3_0_0/DP/I
1.042,19,5,2,inter,u_mesh/GEN_R[5].r/u_datapath/local_vc1_fifo/rd_ptr_reg[0]/C,u_mesh/GEN_R[2].r/u_datapath/south_vc2_fifo/fifo_mem_reg[0][flit_data]_0_3_12_17/RAMB/I
1.043,19,0,3,inter,u_mesh/GEN_R[0].r/u_datapath/east_vc1_fifo/rd_ptr_reg[0]/C,u_mesh/GEN_R[3].r/u_datapath/north_vc2_fifo/fifo_mem_reg[0][flit_data]_0_3_12_17/RAMB_D1/I
1.043,19,5,4,inter,u_mesh/GEN_R[5].r/u_datapath/local_vc1_fifo/rd_ptr_reg[0]/C,u_mesh/GEN_R[4].r/u_datapath/east_vc0_fifo/fifo_mem_reg[0][flit_data]_0_3_18_23/RAMC/I
1.044,21,2,5,inter,u_mesh/GEN_R[2].r/u_datapath/local_vc2_fifo/rd_ptr_reg[1]/C,u_mesh/GEN_R[5].r/u_datapath/north_vc0_fifo/wr_ptr_reg[1]/D
1.044,20,0,0,intra,u_mesh/GEN_R[0].r/u_datapath/east_vc1_fifo/rd_ptr_reg[0]/C,u_mesh/GEN_R[0].r/u_eject_fifo/count_reg[1]/D
1.046,19,3,0,inter,u_mesh/GEN_R[3].r/u_datapath/east_vc1_fifo/rd_ptr_reg[1]_replica/C,u_mesh/GEN_R[0].r/u_datapath/south_vc0_fifo/fifo_mem_reg[0][flit_data]_0_3_30_31__0/SP/I
1.048,19,5,2,inter,u_mesh/GEN_R[5].r/u_datapath/west_vc1_fifo/rd_ptr_reg[1]/C,u_mesh/GEN_R[2].r/u_datapath/south_vc1_fifo/fifo_mem_reg[0][flit_data]_0_3_24_29/RAMA/I
1.048,19,5,5,intra,u_mesh/GEN_R[5].r/u_datapath/local_vc1_fifo/rd_ptr_reg[0]/C,u_mesh/GEN_R[5].r/u_eject_fifo/fifo_mem_reg[0][flit_data]_0_15_12_17/RAMC_D1/I
1.048,19,5,2,inter,u_mesh/GEN_R[5].r/u_datapath/local_vc1_fifo/rd_ptr_reg[0]/C,u_mesh/GEN_R[2].r/u_datapath/south_vc0_fifo/fifo_mem_reg[0][flit_data]_0_3_0_5/RAMA_D1/I
1.048,20,0,3,inter,u_mesh/GEN_R[0].r/u_datapath/east_vc1_fifo/rd_ptr_reg[0]/C,u_mesh/GEN_R[3].r/u_datapath/north_vc0_fifo/fifo_mem_reg[0][flit_type]_0_3_1_1/SP/I
1.048,19,5,2,inter,u_mesh/GEN_R[5].r/u_datapath/local_vc1_fifo/rd_ptr_reg[0]/C,u_mesh/GEN_R[2].r/u_datapath/south_vc0_fifo/fifo_mem_reg[0][flit_data]_0_3_30_31/DP/I
1.049,19,3,0,inter,u_mesh/GEN_R[3].r/u_datapath/east_vc1_fifo/rd_ptr_reg[1]_replica/C,u_mesh/GEN_R[0].r/u_datapath/south_vc1_fifo/fifo_mem_reg[0][flit_data]_0_3_12_17/RAMB/I
1.050,20,2,1,inter,u_mesh/GEN_R[2].r/u_datapath/local_vc2_fifo/rd_ptr_reg[1]/C,u_mesh/GEN_R[1].r/u_datapath/east_vc0_fifo/fifo_mem_reg[0][vc_id]_0_3_1_1/DP/I
1.050,19,5,5,intra,u_mesh/GEN_R[5].r/u_datapath/west_vc1_fifo/rd_ptr_reg[1]/C,u_mesh/GEN_R[5].r/u_eject_fifo/fifo_mem_reg[0][flit_data]_0_15_30_31__0/DP/I
1.051,19,3,3,intra,u_mesh/GEN_R[3].r/u_datapath/east_vc1_fifo/rd_ptr_reg[1]_replica/C,u_mesh/GEN_R[3].r/u_eject_fifo/fifo_mem_reg[0][flit_type]_0_15_0_0/DP/I
1.051,19,5,2,inter,u_mesh/GEN_R[5].r/u_datapath/west_vc1_fifo/rd_ptr_reg[1]/C,u_mesh/GEN_R[2].r/u_datapath/south_vc2_fifo/fifo_mem_reg[0][flit_data]_0_3_24_29/RAMB_D1/I
1.052,19,0,3,inter,u_mesh/GEN_R[0].r/u_datapath/south_vc1_fifo/rd_ptr_reg[1]/C,u_mesh/GEN_R[3].r/u_datapath/north_vc0_fifo/fifo_mem_reg[0][flit_data]_0_3_12_17/RAMB/I
1.053,19,5,5,intra,u_mesh/GEN_R[5].r/u_datapath/local_vc1_fifo/rd_ptr_reg[0]/C,u_mesh/GEN_R[5].r/u_eject_fifo/fifo_mem_reg[0][flit_data]_0_15_18_23/RAMA_D1/I
1.054,19,5,4,inter,u_mesh/GEN_R[5].r/u_datapath/local_vc1_fifo/rd_ptr_reg[0]/C,u_mesh/GEN_R[4].r/u_datapath/east_vc0_fifo/fifo_mem_reg[0][flit_data]_0_3_12_17/RAMB/I
1.054,18,3,4,inter,u_mesh/GEN_R[3].r/u_datapath/local_vc2_fifo/rd_ptr_reg[1]/C,u_mesh/GEN_R[4].r/u_datapath/west_vc0_fifo/fifo_mem_reg[0][flit_data]_0_3_12_17/RAMB_D1/I
1.054,19,3,0,inter,u_mesh/GEN_R[3].r/u_datapath/east_vc1_fifo/rd_ptr_reg[1]_replica/C,u_mesh/GEN_R[0].r/u_datapath/south_vc2_fifo/fifo_mem_reg[0][flit_data]_0_3_0_5/RAMA_D1/I
1.055,19,5,2,inter,u_mesh/GEN_R[5].r/u_datapath/local_vc1_fifo/rd_ptr_reg[0]/C,u_mesh/GEN_R[2].r/u_datapath/south_vc2_fifo/fifo_mem_reg[0][flit_data]_0_3_0_5/RAMA_D1/I
1.056,19,5,2,inter,u_mesh/GEN_R[5].r/u_datapath/west_vc1_fifo/rd_ptr_reg[1]/C,u_mesh/GEN_R[2].r/u_datapath/south_vc0_fifo/fifo_mem_reg[0][flit_data]_0_3_24_29/RAMC/I
1.057,20,2,5,inter,u_mesh/GEN_R[2].r/u_datapath/local_vc2_fifo/rd_ptr_reg[1]/C,u_mesh/GEN_R[5].r/u_datapath/north_vc0_fifo/fifo_mem_reg[0][flit_type]_0_3_1_1/DP/I
1.057,19,3,3,intra,u_mesh/GEN_R[3].r/u_datapath/east_vc1_fifo/rd_ptr_reg[1]_replica/C,u_mesh/GEN_R[3].r/u_eject_fifo/fifo_mem_reg[0][flit_data]_0_15_30_31__0/SP/I
1.059,19,0,3,inter,u_mesh/GEN_R[0].r/u_datapath/east_vc1_fifo/rd_ptr_reg[0]/C,u_mesh/GEN_R[3].r/u_datapath/north_vc1_fifo/fifo_mem_reg[0][flit_data]_0_3_18_23/RAMB_D1/I
1.062,19,5,2,inter,u_mesh/GEN_R[5].r/u_datapath/local_vc1_fifo/rd_ptr_reg[0]/C,u_mesh/GEN_R[2].r/u_datapath/south_vc0_fifo/fifo_mem_reg[0][flit_data]_0_3_12_17/RAMB/I
1.064,20,1,2,inter,u_mesh/GEN_R[1].r/u_datapath/west_vc2_fifo/rd_ptr_reg[1]/C,u_mesh/GEN_R[2].r/u_datapath/west_vc1_fifo/fifo_mem_reg[0][flit_data]_0_3_12_17/RAMC/I
1.066,19,5,2,inter,u_mesh/GEN_R[5].r/u_datapath/west_vc1_fifo/rd_ptr_reg[1]/C,u_mesh/GEN_R[2].r/u_datapath/south_vc1_fifo/fifo_mem_reg[0][flit_data]_0_3_24_29/RAMB_D1/I
1.066,20,0,3,inter,u_mesh/GEN_R[0].r/u_datapath/east_vc1_fifo/rd_ptr_reg[0]/C,u_mesh/GEN_R[3].r/u_datapath/north_vc1_fifo/fifo_mem_reg[0][flit_data]_0_3_18_23/RAMC/I
1.066,19,5,4,inter,u_mesh/GEN_R[5].r/u_datapath/local_vc1_fifo/rd_ptr_reg[0]/C,u_mesh/GEN_R[4].r/u_datapath/east_vc2_fifo/fifo_mem_reg[0][flit_data]_0_3_0_5/RAMC_D1/I
1.067,19,5,2,inter,u_mesh/GEN_R[5].r/u_datapath/local_vc1_fifo/rd_ptr_reg[0]/C,u_mesh/GEN_R[2].r/u_datapath/south_vc2_fifo/fifo_mem_reg[0][flit_data]_0_3_6_11/RAMB/I
1.068,19,3,0,inter,u_mesh/GEN_R[3].r/u_datapath/east_vc1_fifo/rd_ptr_reg[1]_replica/C,u_mesh/GEN_R[0].r/u_datapath/south_vc0_fifo/fifo_mem_reg[0][flit_data]_0_3_12_17/RAMB_D1/I
1.070,20,0,0,intra,u_mesh/GEN_R[0].r/u_datapath/south_vc1_fifo/rd_ptr_reg[1]/C,u_mesh/GEN_R[0].r/u_allocator/output_owner_reg[0][0]/CE
1.070,20,0,0,intra,u_mesh/GEN_R[0].r/u_datapath/south_vc1_fifo/rd_ptr_reg[1]/C,u_mesh/GEN_R[0].r/u_allocator/output_owner_reg[0][1]/CE
1.070,19,3,0,inter,u_mesh/GEN_R[3].r/u_datapath/east_vc1_fifo/rd_ptr_reg[1]_replica/C,u_mesh/GEN_R[0].r/u_datapath/south_vc2_fifo/fifo_mem_reg[0][flit_data]_0_3_12_17/RAMB_D1/I
1.070,19,4,4,intra,u_mesh/GEN_R[4].r/u_datapath/west_vc0_fifo/rd_ptr_reg[0]/C,u_mesh/GEN_R[4].r/u_allocator/output_owner_reg[2][2]/CE
1.070,19,4,4,intra,u_mesh/GEN_R[4].r/u_datapath/west_vc0_fifo/rd_ptr_reg[0]/C,u_mesh/GEN_R[4].r/u_allocator/output_owner_reg[2][3]/CE
1.071,18,3,0,inter,u_mesh/GEN_R[3].r/u_datapath/local_vc2_fifo/rd_ptr_reg[1]/C,u_mesh/GEN_R[0].r/u_datapath/south_vc0_fifo/fifo_mem_reg[0][flit_data]_0_3_6_11/RAMB_D1/I
1.071,20,1,2,inter,u_mesh/GEN_R[1].r/u_datapath/local_vc0_fifo/rd_ptr_reg[0]/C,u_mesh/GEN_R[2].r/u_datapath/west_vc0_fifo/fifo_mem_reg[0][flit_data]_0_3_0_5/RAMC_D1/I
1.074,20,5,5,intra,u_mesh/GEN_R[5].r/u_datapath/local_vc1_fifo/rd_ptr_reg[0]/C,u_mesh/GEN_R[5].r/u_eject_fifo/count_reg[0]/CE
1.074,20,5,5,intra,u_mesh/GEN_R[5].r/u_datapath/local_vc1_fifo/rd_ptr_reg[0]/C,u_mesh/GEN_R[5].r/u_eject_fifo/count_reg[2]/CE
1.074,20,5,5,intra,u_mesh/GEN_R[5].r/u_datapath/local_vc1_fifo/rd_ptr_reg[0]/C,u_mesh/GEN_R[5].r/u_eject_fifo/count_reg[3]/CE
1.075,20,2,2,intra,u_mesh/GEN_R[2].r/u_datapath/local_vc2_fifo/rd_ptr_reg[1]/C,u_mesh/GEN_R[2].r/u_eject_fifo/count_reg[1]/CE
1.075,20,2,2,intra,u_mesh/GEN_R[2].r/u_datapath/local_vc2_fifo/rd_ptr_reg[1]/C,u_mesh/GEN_R[2].r/u_eject_fifo/count_reg[2]/CE
1.075,20,2,2,intra,u_mesh/GEN_R[2].r/u_datapath/local_vc2_fifo/rd_ptr_reg[1]/C,u_mesh/GEN_R[2].r/u_eject_fifo/count_reg[3]/CE
1.075,19,3,0,inter,u_mesh/GEN_R[3].r/u_datapath/east_vc1_fifo/rd_ptr_reg[1]_replica/C,u_mesh/GEN_R[0].r/u_datapath/south_vc1_fifo/fifo_mem_reg[0][flit_data]_0_3_12_17/RAMA_D1/I
1.076,19,5,4,inter,u_mesh/GEN_R[5].r/u_datapath/local_vc1_fifo/rd_ptr_reg[0]/C,u_mesh/GEN_R[4].r/u_datapath/east_vc0_fifo/fifo_mem_reg[0][flit_data]_0_3_6_11/RAMB_D1/I
1.076,18,3,4,inter,u_mesh/GEN_R[3].r/u_datapath/local_vc2_fifo/rd_ptr_reg[1]/C,u_mesh/GEN_R[4].r/u_datapath/west_vc2_fifo/fifo_mem_reg[0][flit_type]_0_3_1_1/SP/I
1.077,19,3,0,inter,u_mesh/GEN_R[3].r/u_datapath/east_vc1_fifo/rd_ptr_reg[1]_replica/C,u_mesh/GEN_R[0].r/u_datapath/south_vc2_fifo/fifo_mem_reg[0][flit_data]_0_3_12_17/RAMA_D1/I
1.077,19,5,2,inter,u_mesh/GEN_R[5].r/u_datapath/local_vc1_fifo/rd_ptr_reg[0]/C,u_mesh/GEN_R[2].r/u_datapath/south_vc0_fifo/fifo_mem_reg[0][flit_data]_0_3_18_23/RAMA_D1/I
1.079,19,3,4,inter,u_mesh/GEN_R[3].r/u_datapath/east_vc1_fifo/rd_ptr_reg[1]_replica/C,u_mesh/GEN_R[4].r/u_datapath/west_vc2_fifo/fifo_mem_reg[0][flit_data]_0_3_30_31__0/SP/I
1.079,18,3,3,intra,u_mesh/GEN_R[3].r/u_datapath/local_vc2_fifo/rd_ptr_reg[1]/C,u_mesh/GEN_R[3].r/u_eject_fifo/count_reg[0]/CE
1.079,18,3,3,intra,u_mesh/GEN_R[3].r/u_datapath/local_vc2_fifo/rd_ptr_reg[1]/C,u_mesh/GEN_R[3].r/u_eject_fifo/count_reg[1]/CE
1.079,18,3,3,intra,u_mesh/GEN_R[3].r/u_datapath/local_vc2_fifo/rd_ptr_reg[1]/C,u_mesh/GEN_R[3].r/u_eject_fifo/count_reg[2]/CE
1.079,18,3,3,intra,u_mesh/GEN_R[3].r/u_datapath/local_vc2_fifo/rd_ptr_reg[1]/C,u_mesh/GEN_R[3].r/u_eject_fifo/count_reg[3]/CE
1.081,20,1,1,intra,u_mesh/GEN_R[1].r/u_datapath/local_vc0_fifo/rd_ptr_reg[0]/C,u_mesh/GEN_R[1].r/u_eject_fifo/count_reg[2]/D
1.082,20,2,5,inter,u_mesh/GEN_R[2].r/u_datapath/local_vc2_fifo/rd_ptr_reg[1]/C,u_mesh/GEN_R[5].r/u_datapath/north_vc2_fifo/fifo_mem_reg[0][vc_id]_0_3_1_1/DP/I
1.084,18,3,4,inter,u_mesh/GEN_R[3].r/u_datapath/local_vc2_fifo/rd_ptr_reg[1]/C,u_mesh/GEN_R[4].r/u_datapath/west_vc0_fifo/fifo_mem_reg[0][flit_type]_0_3_1_1/SP/I
1.084,19,3,4,inter,u_mesh/GEN_R[3].r/u_datapath/east_vc1_fifo/rd_ptr_reg[1]_replica/C,u_mesh/GEN_R[4].r/u_datapath/west_vc0_fifo/fifo_mem_reg[0][vc_id]_0_3_1_1/SP/I
1.089,19,0,3,inter,u_mesh/GEN_R[0].r/u_datapath/east_vc1_fifo/rd_ptr_reg[0]/C,u_mesh/GEN_R[3].r/u_datapath/north_vc0_fifo/fifo_mem_reg[0][vc_id]_0_3_1_1/DP/I
1.089,19,5,2,inter,u_mesh/GEN_R[5].r/u_datapath/local_vc1_fifo/rd_ptr_reg[0]/C,u_mesh/GEN_R[2].r/u_datapath/south_vc0_fifo/fifo_mem_reg[0][flit_data]_0_3_30_31/SP/I
1.090,19,3,4,inter,u_mesh/GEN_R[3].r/u_datapath/east_vc1_fifo/rd_ptr_reg[1]_replica/C,u_mesh/GEN_R[4].r/u_datapath/west_vc1_fifo/fifo_mem_reg[0][vc_id]_0_3_0_0/SP/I
1.091,19,0,1,inter,u_mesh/GEN_R[0].r/u_datapath/east_vc1_fifo/rd_ptr_reg[0]/C,u_mesh/GEN_R[1].r/u_datapath/west_vc2_fifo/fifo_mem_reg[0][flit_data]_0_3_6_11/RAMC/I
1.092,20,1,1,intra,u_mesh/GEN_R[1].r/u_datapath/local_vc0_fifo/rd_ptr_reg[0]/C,u_mesh/GEN_R[1].r/u_eject_fifo/count_reg[3]/D
1.092,20,2,2,intra,u_mesh/GEN_R[2].r/u_datapath/local_vc2_fifo/rd_ptr_reg[1]/C,u_mesh/GEN_R[2].r/u_eject_fifo/fifo_mem_reg[0][vc_id]_0_15_1_1/SP/I
1.092,19,5,2,inter,u_mesh/GEN_R[5].r/u_datapath/local_vc1_fifo/rd_ptr_reg[0]/C,u_mesh/GEN_R[2].r/u_datapath/south_vc1_fifo/fifo_mem_reg[0][flit_data]_0_3_18_23/RAMC/I
1.094,20,0,3,inter,u_mesh/GEN_R[0].r/u_datapath/east_vc1_fifo/rd_ptr_reg[0]/C,u_mesh/GEN_R[3].r/u_datapath/north_vc1_fifo/fifo_mem_reg[0][flit_data]_0_3_30_31__0/SP/I
1.094,20,2,5,inter,u_mesh/GEN_R[2].r/u_datapath/local_vc2_fifo/rd_ptr_reg[1]/C,u_mesh/GEN_R[5].r/u_datapath/north_vc0_fifo/fifo_mem_reg[0][flit_data]_0_3_6_11/RAMA_D1/I
1.094,19,0,1,inter,u_mesh/GEN_R[0].r/u_datapath/east_vc1_fifo/rd_ptr_reg[0]/C,u_mesh/GEN_R[1].r/u_datapath/west_vc1_fifo/fifo_mem_reg[0][vc_id]_0_3_1_1/SP/I
1.096,20,1,0,inter,u_mesh/GEN_R[1].r/u_datapath/west_vc2_fifo/rd_ptr_reg[1]/C,u_mesh/GEN_R[0].r/u_datapath/east_vc2_fifo/fifo_mem_reg[0][vc_id]_0_3_1_1/SP/I
1.097,18,3,0,inter,u_mesh/GEN_R[3].r/u_datapath/local_vc2_fifo/rd_ptr_reg[1]/C,u_mesh/GEN_R[0].r/u_datapath/south_vc1_fifo/fifo_mem_reg[0][vc_id]_0_3_0_0/DP/I
1.100,20,1,4,inter,u_mesh/GEN_R[1].r/u_datapath/west_vc2_fifo/rd_ptr_reg[1]/C,u_mesh/GEN_R[4].r/u_datapath/north_vc0_fifo/fifo_mem_reg[0][flit_data]_0_3_0_5/RAMB/I
1.100,19,5,5,intra,u_mesh/GEN_R[5].r/u_datapath/local_vc1_fifo/rd_ptr_reg[0]/C,u_mesh/GEN_R[5].r/u_eject_fifo/fifo_mem_reg[0][flit_data]_0_15_0_5/RAMB_D1/I
1.100,19,0,3,inter,u_mesh/GEN_R[0].r/u_datapath/south_vc1_fifo/rd_ptr_reg[1]/C,u_mesh/GEN_R[3].r/u_datapath/north_vc2_fifo/fifo_mem_reg[0][flit_data]_0_3_12_17/RAMB/I
1.101,19,3,0,inter,u_mesh/GEN_R[3].r/u_datapath/east_vc1_fifo/rd_ptr_reg[1]_replica/C,u_mesh/GEN_R[0].r/u_datapath/south_vc1_fifo/fifo_mem_reg[0][flit_data]_0_3_12_17/RAMC/I
1.102,19,0,3,inter,u_mesh/GEN_R[0].r/u_datapath/east_vc1_fifo/rd_ptr_reg[0]/C,u_mesh/GEN_R[3].r/u_datapath/north_vc0_fifo/fifo_mem_reg[0][flit_data]_0_3_24_29/RAMB/I
1.105,18,3,0,inter,u_mesh/GEN_R[3].r/u_datapath/local_vc2_fifo/rd_ptr_reg[1]/C,u_mesh/GEN_R[0].r/u_datapath/south_vc2_fifo/fifo_mem_reg[0][vc_id]_0_3_0_0/SP/I
1.105,19,0,0,intra,u_mesh/GEN_R[0].r/u_datapath/south_vc1_fifo/rd_ptr_reg[1]/C,u_mesh/GEN_R[0].r/u_datapath/east_vc2_fifo/rd_ptr_reg[0]/D
1.106,19,3,0,inter,u_mesh/GEN_R[3].r/u_datapath/east_vc1_fifo/rd_ptr_reg[1]_replica/C,u_mesh/GEN_R[0].r/u_datapath/south_vc2_fifo/fifo_mem_reg[0][flit_data]_0_3_24_29/RAMA/I
1.107,19,4,4,intra,u_mesh/GEN_R[4].r/u_datapath/local_vc2_fifo/rd_ptr_reg[0]_replica/C,u_mesh/GEN_R[4].r/u_allocator/output_owner_reg[4][0]/CE
1.107,19,4,4,intra,u_mesh/GEN_R[4].r/u_datapath/local_vc2_fifo/rd_ptr_reg[0]_replica/C,u_mesh/GEN_R[4].r/u_allocator/output_owner_reg[4][3]/CE
1.107,19,5,2,inter,u_mesh/GEN_R[5].r/u_datapath/west_vc1_fifo/rd_ptr_reg[1]/C,u_mesh/GEN_R[2].r/u_datapath/south_vc1_fifo/fifo_mem_reg[0][flit_type]_0_3_1_1/SP/I
1.108,19,4,5,inter,u_mesh/GEN_R[4].r/u_datapath/west_vc0_fifo/rd_ptr_reg[0]/C,u_mesh/GEN_R[5].r/u_datapath/west_vc0_fifo/fifo_mem_reg[0][vc_id]_0_3_1_1/SP/I
1.108,19,5,2,inter,u_mesh/GEN_R[5].r/u_datapath/local_vc1_fifo/rd_ptr_reg[0]/C,u_mesh/GEN_R[2].r/u_datapath/south_vc1_fifo/fifo_mem_reg[0][flit_data]_0_3_18_23/RAMA_D1/I
1.108,19,5,4,inter,u_mesh/GEN_R[5].r/u_datapath/local_vc1_fifo/rd_ptr_reg[0]/C,u_mesh/GEN_R[4].r/u_datapath/east_vc0_fifo/fifo_mem_reg[0][flit_data]_0_3_30_31/DP/I
1.109,19,5,5,intra,u_mesh/GEN_R[5].r/u_datapath/local_vc1_fifo/rd_ptr_reg[0]/C,u_mesh/GEN_R[5].r/u_eject_fifo/fifo_mem_reg[0][flit_data]_0_15_0_5/RAMC/I
1.110,19,5,5,intra,u_mesh/GEN_R[5].r/u_datapath/local_vc1_fifo/rd_ptr_reg[0]/C,u_mesh/GEN_R[5].r/u_eject_fifo/fifo_mem_reg[0][flit_data]_0_15_18_23/RAMB_D1/I
1.110,19,5,4,inter,u_mesh/GEN_R[5].r/u_datapath/local_vc1_fifo/rd_ptr_reg[0]/C,u_mesh/GEN_R[4].r/u_datapath/east_vc0_fifo/fifo_mem_reg[0][flit_data]_0_3_12_17/RAMA/I
1.111,19,4,4,intra,u_mesh/GEN_R[4].r/u_datapath/west_vc0_fifo/rd_ptr_reg[0]/C,u_mesh/GEN_R[4].r/u_eject_fifo/wr_ptr_reg[0]/CE
1.112,19,3,3,intra,u_mesh/GEN_R[3].r/u_datapath/east_vc1_fifo/rd_ptr_reg[1]_replica/C,u_mesh/GEN_R[3].r/u_eject_fifo/fifo_mem_reg[0][vc_id]_0_15_1_1/SP/I
1.112,19,3,0,inter,u_mesh/GEN_R[3].r/u_datapath/east_vc1_fifo/rd_ptr_reg[1]_replica/C,u_mesh/GEN_R[0].r/u_datapath/south_vc1_fifo/fifo_mem_reg[0][flit_data]_0_3_12_17/RAMA/I
1.113,19,3,0,inter,u_mesh/GEN_R[3].r/u_datapath/east_vc1_fifo/rd_ptr_reg[1]_replica/C,u_mesh/GEN_R[0].r/u_datapath/south_vc1_fifo/fifo_mem_reg[0][flit_data]_0_3_18_23/RAMB/I
1.113,19,5,4,inter,u_mesh/GEN_R[5].r/u_datapath/local_vc1_fifo/rd_ptr_reg[0]/C,u_mesh/GEN_R[4].r/u_datapath/east_vc1_fifo/fifo_mem_reg[0][flit_data]_0_3_0_5/RAMA/I
1.113,19,3,0,inter,u_mesh/GEN_R[3].r/u_datapath/east_vc1_fifo/rd_ptr_reg[1]_replica/C,u_mesh/GEN_R[0].r/u_datapath/south_vc2_fifo/fifo_mem_reg[0][flit_data]_0_3_0_5/RAMB/I
1.113,19,5,2,inter,u_mesh/GEN_R[5].r/u_datapath/west_vc1_fifo/rd_ptr_reg[1]/C,u_mesh/GEN_R[2].r/u_datapath/south_vc2_fifo/fifo_mem_reg[0][flit_data]_0_3_30_31__0/DP/I
1.116,19,5,4,inter,u_mesh/GEN_R[5].r/u_datapath/local_vc1_fifo/rd_ptr_reg[0]/C,u_mesh/GEN_R[4].r/u_datapath/east_vc2_fifo/fifo_mem_reg[0][flit_data]_0_3_0_5/RAMA/I
1.119,19,5,4,inter,u_mesh/GEN_R[5].r/u_datapath/local_vc1_fifo/rd_ptr_reg[0]/C,u_mesh/GEN_R[4].r/u_datapath/east_vc1_fifo/fifo_mem_reg[0][flit_data]_0_3_0_5/RAMC_D1/I
1.120,19,5,4,inter,u_mesh/GEN_R[5].r/u_datapath/local_vc1_fifo/rd_ptr_reg[0]/C,u_mesh/GEN_R[4].r/u_datapath/east_vc2_fifo/fifo_mem_reg[0][flit_data]_0_3_30_31__0/DP/I
1.123,19,5,2,inter,u_mesh/GEN_R[5].r/u_datapath/local_vc1_fifo/rd_ptr_reg[0]/C,u_mesh/GEN_R[2].r/u_datapath/south_vc0_fifo/fifo_mem_reg[0][vc_id]_0_3_1_1/DP/I
1.125,19,3,4,inter,u_mesh/GEN_R[3].r/u_datapath/east_vc1_fifo/rd_ptr_reg[1]_replica/C,u_mesh/GEN_R[4].r/u_datapath/west_vc0_fifo/fifo_mem_reg[0][flit_data]_0_3_0_5/RAMB/I
1.127,19,0,3,inter,u_mesh/GEN_R[0].r/u_datapath/east_vc1_fifo/rd_ptr_reg[0]/C,u_mesh/GEN_R[3].r/u_datapath/north_vc1_fifo/fifo_mem_reg[0][vc_id]_0_3_1_1/SP/I
1.128,19,5,4,inter,u_mesh/GEN_R[5].r/u_datapath/local_vc1_fifo/rd_ptr_reg[0]/C,u_mesh/GEN_R[4].r/u_datapath/east_vc1_fifo/fifo_mem_reg[0][flit_data]_0_3_12_17/RAMA_D1/I
1.129,19,5,2,inter,u_mesh/GEN_R[5].r/u_datapath/west_vc1_fifo/rd_ptr_reg[1]/C,u_mesh/GEN_R[2].r/u_datapath/south_vc2_fifo/fifo_mem_reg[0][flit_data]_0_3_30_31/SP/I
1.131,19,3,4,inter,u_mesh/GEN_R[3].r/u_datapath/east_vc1_fifo/rd_ptr_reg[1]_replica/C,u_mesh/GEN_R[4].r/u_datapath/west_vc1_fifo/fifo_mem_reg[0][vc_id]_0_3_1_1/DP/I
1.135,19,5,5,intra,u_mesh/GEN_R[5].r/u_datapath/west_vc1_fifo/rd_ptr_reg[1]/C,u_mesh/GEN_R[5].r/u_eject_fifo/fifo_mem_reg[0][flit_type]_0_15_1_1/DP/I
1.137,19,2,2,intra,u_mesh/GEN_R[2].r/u_datapath/local_vc2_fifo/rd_ptr_reg[1]/C,u_mesh/GEN_R[2].r/u_allocator/output_owner_reg[1][1]/CE
1.137,19,2,2,intra,u_mesh/GEN_R[2].r/u_datapath/local_vc2_fifo/rd_ptr_reg[1]/C,u_mesh/GEN_R[2].r/u_allocator/output_owner_reg[1][2]/CE
1.138,18,3,0,inter,u_mesh/GEN_R[3].r/u_datapath/local_vc2_fifo/rd_ptr_reg[1]/C,u_mesh/GEN_R[0].r/u_datapath/south_vc1_fifo/fifo_mem_reg[0][vc_id]_0_3_0_0/SP/I
1.141,19,5,5,intra,u_mesh/GEN_R[5].r/u_datapath/west_vc1_fifo/rd_ptr_reg[1]/C,u_mesh/GEN_R[5].r/u_eject_fifo/fifo_mem_reg[0][flit_data]_0_15_24_29/RAMB_D1/I
1.144,18,1,1,intra,u_mesh/GEN_R[1].r/u_datapath/west_vc2_fifo/rd_ptr_reg[1]/C,u_mesh/GEN_R[1].r/u_datapath/local_vc1_fifo/rd_ptr_reg[0]/D
1.149,19,3,0,inter,u_mesh/GEN_R[3].r/u_datapath/east_vc1_fifo/rd_ptr_reg[1]_replica/C,u_mesh/GEN_R[0].r/u_datapath/south_vc1_fifo/fifo_mem_reg[0][flit_data]_0_3_18_23/RAMC/I
1.151,20,2,5,inter,u_mesh/GEN_R[2].r/u_datapath/local_vc2_fifo/rd_ptr_reg[1]/C,u_mesh/GEN_R[5].r/u_datapath/north_vc1_fifo/fifo_mem_reg[0][vc_id]_0_3_1_1/SP/I
1.151,19,5,4,inter,u_mesh/GEN_R[5].r/u_datapath/local_vc1_fifo/rd_ptr_reg[0]/C,u_mesh/GEN_R[4].r/u_datapath/east_vc0_fifo/fifo_mem_reg[0][flit_data]_0_3_12_17/RAMC/I
1.152,19,5,2,inter,u_mesh/GEN_R[5].r/u_datapath/west_vc1_fifo/rd_ptr_reg[1]/C,u_mesh/GEN_R[2].r/u_datapath/south_vc1_fifo/fifo_mem_reg[0][flit_data]_0_3_30_31__0/DP/I
1.153,19,5,4,inter,u_mesh/GEN_R[5].r/u_datapath/local_vc1_fifo/rd_ptr_reg[0]/C,u_mesh/GEN_R[4].r/u_datapath/east_vc0_fifo/fifo_mem_reg[0][flit_data]_0_3_24_29/RAMB_D1/I
1.157,18,4,4,intra,u_mesh/GEN_R[4].r/u_datapath/local_vc2_fifo/rd_ptr_reg[1]_replica/C,u_mesh/GEN_R[4].r/u_datapath/local_vc2_fifo/rd_ptr_reg[0]_replica/D
1.157,19,5,4,inter,u_mesh/GEN_R[5].r/u_datapath/local_vc1_fifo/rd_ptr_reg[0]/C,u_mesh/GEN_R[4].r/u_datapath/east_vc0_fifo/fifo_mem_reg[0][flit_data]_0_3_18_23/RAMA_D1/I
1.158,18,4,4,intra,u_mesh/GEN_R[4].r/u_datapath/local_vc2_fifo/rd_ptr_reg[1]_replica/C,u_mesh/GEN_R[4].r/u_datapath/local_vc2_fifo/rd_ptr_reg[0]/D
1.158,19,5,4,inter,u_mesh/GEN_R[5].r/u_datapath/local_vc1_fifo/rd_ptr_reg[0]/C,u_mesh/GEN_R[4].r/u_datapath/east_vc1_fifo/fifo_mem_reg[0][flit_data]_0_3_0_5/RAMB/I
1.158,19,0,0,intra,u_mesh/GEN_R[0].r/u_datapath/east_vc1_fifo/rd_ptr_reg[0]/C,u_mesh/GEN_R[0].r/u_datapath/south_vc2_fifo/credit_valid_reg/D
1.159,19,5,5,intra,u_mesh/GEN_R[5].r/u_datapath/local_vc1_fifo/rd_ptr_reg[0]/C,u_mesh/GEN_R[5].r/u_allocator/output_owner_reg[4][0]/CE
1.159,19,3,0,inter,u_mesh/GEN_R[3].r/u_datapath/east_vc1_fifo/rd_ptr_reg[1]_replica/C,u_mesh/GEN_R[0].r/u_datapath/south_vc0_fifo/fifo_mem_reg[0][flit_data]_0_3_0_5/RAMA/I
1.163,19,4,4,intra,u_mesh/GEN_R[4].r/u_datapath/west_vc0_fifo/rd_ptr_reg[0]/C,u_mesh/GEN_R[4].r/u_eject_fifo/wr_ptr_reg[1]/CE
1.163,19,4,4,intra,u_mesh/GEN_R[4].r/u_datapath/west_vc0_fifo/rd_ptr_reg[0]/C,u_mesh/GEN_R[4].r/u_eject_fifo/wr_ptr_reg[2]/CE
1.163,19,4,4,intra,u_mesh/GEN_R[4].r/u_datapath/west_vc0_fifo/rd_ptr_reg[0]/C,u_mesh/GEN_R[4].r/u_eject_fifo/wr_ptr_reg[3]/CE
1.164,19,5,2,inter,u_mesh/GEN_R[5].r/u_datapath/local_vc1_fifo/rd_ptr_reg[0]/C,u_mesh/GEN_R[2].r/u_datapath/south_vc0_fifo/fifo_mem_reg[0][flit_data]_0_3_24_29/RAMB/I
1.165,19,5,4,inter,u_mesh/GEN_R[5].r/u_datapath/local_vc1_fifo/rd_ptr_reg[0]/C,u_mesh/GEN_R[4].r/u_datapath/east_vc2_fifo/fifo_mem_reg[0][flit_data]_0_3_30_31/DP/I
1.165,19,5,2,inter,u_mesh/GEN_R[5].r/u_datapath/local_vc1_fifo/rd_ptr_reg[0]/C,u_mesh/GEN_R[2].r/u_datapath/south_vc0_fifo/fifo_mem_reg[0][flit_data]_0_3_0_5/RAMC/I
1.166,19,5,2,inter,u_mesh/GEN_R[5].r/u_datapath/local_vc1_fifo/rd_ptr_reg[0]/C,u_mesh/GEN_R[2].r/u_datapath/south_vc0_fifo/fifo_mem_reg[0][flit_data]_0_3_30_31__0/SP/I
1.167,19,5,2,inter,u_mesh/GEN_R[5].r/u_datapath/local_vc1_fifo/rd_ptr_reg[0]/C,u_mesh/GEN_R[2].r/u_datapath/south_vc2_fifo/fifo_mem_reg[0][flit_data]_0_3_18_23/RAMB/I
1.172,19,5,4,inter,u_mesh/GEN_R[5].r/u_datapath/local_vc1_fifo/rd_ptr_reg[0]/C,u_mesh/GEN_R[4].r/u_datapath/east_vc1_fifo/fifo_mem_reg[0][flit_data]_0_3_24_29/RAMC/I
1.173,19,5,2,inter,u_mesh/GEN_R[5].r/u_datapath/local_vc1_fifo/rd_ptr_reg[0]/C,u_mesh/GEN_R[2].r/u_datapath/south_vc2_fifo/fifo_mem_reg[0][flit_data]_0_3_0_5/RAMB/I
1.174,18,4,4,intra,u_mesh/GEN_R[4].r/u_datapath/local_vc2_fifo/rd_ptr_reg[0]_replica/C,u_mesh/GEN_R[4].r/u_allocator/output_locked_reg[3]/D
1.176,20,2,1,inter,u_mesh/GEN_R[2].r/u_datapath/local_vc2_fifo/rd_ptr_reg[1]/C,u_mesh/GEN_R[1].r/u_datapath/east_vc0_fifo/fifo_mem_reg[0][vc_id]_0_3_0_0/DP/I
1.178,18,4,4,intra,u_mesh/GEN_R[4].r/u_datapath/local_vc2_fifo/rd_ptr_reg[1]_replica/C,u_mesh/GEN_R[4].r/u_datapath/local_vc2_fifo/rd_ptr_reg[1]/D
1.180,19,3,0,inter,u_mesh/GEN_R[3].r/u_datapath/east_vc1_fifo/rd_ptr_reg[1]_replica/C,u_mesh/GEN_R[0].r/u_datapath/south_vc0_fifo/fifo_mem_reg[0][vc_id]_0_3_1_1/SP/I
1.181,19,5,2,inter,u_mesh/GEN_R[5].r/u_datapath/local_vc1_fifo/rd_ptr_reg[0]/C,u_mesh/GEN_R[2].r/u_datapath/south_vc1_fifo/fifo_mem_reg[0][flit_data]_0_3_0_5/RAMA/I
1.181,19,5,2,inter,u_mesh/GEN_R[5].r/u_datapath/local_vc1_fifo/rd_ptr_reg[0]/C,u_mesh/GEN_R[2].r/u_datapath/south_vc1_fifo/fifo_mem_reg[0][flit_data]_0_3_12_17/RAMC/I
1.181,19,5,2,inter,u_mesh/GEN_R[5].r/u_datapath/local_vc1_fifo/rd_ptr_reg[0]/C,u_mesh/GEN_R[2].r/u_datapath/south_vc1_fifo/fifo_mem_reg[0][flit_type]_0_3_0_0/SP/I
1.181,19,5,2,inter,u_mesh/GEN_R[5].r/u_datapath/local_vc1_fifo/rd_ptr_reg[0]/C,u_mesh/GEN_R[2].r/u_datapath/south_vc2_fifo/fifo_mem_reg[0][flit_data]_0_3_24_29/RAMB/I
1.181,20,0,3,inter,u_mesh/GEN_R[0].r/u_datapath/east_vc1_fifo/rd_ptr_reg[0]/C,u_mesh/GEN_R[3].r/u_datapath/north_vc2_fifo/fifo_mem_reg[0][vc_id]_0_3_0_0/DP/I
1.184,19,3,0,inter,u_mesh/GEN_R[3].r/u_datapath/east_vc0_fifo/rd_ptr_reg[0]/C,u_mesh/GEN_R[0].r/u_datapath/south_vc0_fifo/fifo_mem_reg[0][flit_data]_0_3_0_5/RAMC/I
1.187,19,3,0,inter,u_mesh/GEN_R[3].r/u_datapath/east_vc0_fifo/rd_ptr_reg[0]/C,u_mesh/GEN_R[0].r/u_datapath/south_vc1_fifo/fifo_mem_reg[0][flit_data]_0_3_0_5/RAMC/I
1.188,20,2,5,inter,u_mesh/GEN_R[2].r/u_datapath/local_vc2_fifo/rd_ptr_reg[1]/C,u_mesh/GEN_R[5].r/u_datapath/north_vc0_fifo/fifo_mem_reg[0][flit_data]_0_3_24_29/RAMC_D1/I
1.190,19,5,4,inter,u_mesh/GEN_R[5].r/u_datapath/local_vc1_fifo/rd_ptr_reg[0]/C,u_mesh/GEN_R[4].r/u_datapath/east_vc1_fifo/fifo_mem_reg[0][flit_data]_0_3_30_31__0/SP/I
1.195,19,5,5,intra,u_mesh/GEN_R[5].r/u_datapath/local_vc1_fifo/rd_ptr_reg[0]/C,u_mesh/GEN_R[5].r/u_eject_fifo/fifo_mem_reg[0][flit_data]_0_15_0_5/RAMA/I
1.199,19,5,2,inter,u_mesh/GEN_R[5].r/u_datapath/local_vc1_fifo/rd_ptr_reg[0]/C,u_mesh/GEN_R[2].r/u_datapath/south_vc2_fifo/fifo_mem_reg[0][flit_data]_0_3_18_23/RAMA_D1/I
1.204,20,1,2,inter,u_mesh/GEN_R[1].r/u_datapath/west_vc2_fifo/rd_ptr_reg[1]/C,u_mesh/GEN_R[2].r/u_datapath/west_vc2_fifo/fifo_mem_reg[0][flit_data]_0_3_12_17/RAMC/I
1.205,19,5,4,inter,u_mesh/GEN_R[5].r/u_datapath/local_vc1_fifo/rd_ptr_reg[0]/C,u_mesh/GEN_R[4].r/u_datapath/east_vc0_fifo/fifo_mem_reg[0][flit_data]_0_3_30_31/SP/I
1.206,19,5,4,inter,u_mesh/GEN_R[5].r/u_datapath/local_vc1_fifo/rd_ptr_reg[0]/C,u_mesh/GEN_R[4].r/u_datapath/east_vc2_fifo/fifo_mem_reg[0][flit_data]_0_3_30_31/SP/I
1.207,18,3,0,inter,u_mesh/GEN_R[3].r/u_datapath/local_vc2_fifo/rd_ptr_reg[1]/C,u_mesh/GEN_R[0].r/u_datapath/south_vc2_fifo/fifo_mem_reg[0][flit_data]_0_3_18_23/RAMB_D1/I
1.209,19,3,0,inter,u_mesh/GEN_R[3].r/u_datapath/east_vc0_fifo/rd_ptr_reg[0]/C,u_mesh/GEN_R[0].r/u_datapath/south_vc0_fifo/fifo_mem_reg[0][flit_data]_0_3_24_29/RAMC/I
1.211,19,5,2,inter,u_mesh/GEN_R[5].r/u_datapath/local_vc1_fifo/rd_ptr_reg[0]/C,u_mesh/GEN_R[2].r/u_datapath/south_vc0_fifo/fifo_mem_reg[0][vc_id]_0_3_0_0/SP/I
1.212,19,3,0,inter,u_mesh/GEN_R[3].r/u_datapath/east_vc0_fifo/rd_ptr_reg[0]/C,u_mesh/GEN_R[0].r/u_datapath/south_vc2_fifo/fifo_mem_reg[0][flit_data]_0_3_0_5/RAMC/I
1.214,19,4,4,intra,u_mesh/GEN_R[4].r/u_datapath/west_vc0_fifo/rd_ptr_reg[0]/C,u_mesh/GEN_R[4].r/u_allocator/output_owner_reg[2][0]/CE
1.214,19,4,4,intra,u_mesh/GEN_R[4].r/u_datapath/west_vc0_fifo/rd_ptr_reg[0]/C,u_mesh/GEN_R[4].r/u_allocator/output_owner_reg[2][1]/CE
1.214,19,5,2,inter,u_mesh/GEN_R[5].r/u_datapath/local_vc1_fifo/rd_ptr_reg[0]/C,u_mesh/GEN_R[2].r/u_datapath/south_vc0_fifo/fifo_mem_reg[0][flit_data]_0_3_0_5/RAMB/I
1.216,19,0,0,intra,u_mesh/GEN_R[0].r/u_datapath/east_vc1_fifo/rd_ptr_reg[0]/C,u_mesh/GEN_R[0].r/u_eject_fifo/wr_ptr_reg[0]/CE
1.220,19,5,5,intra,u_mesh/GEN_R[5].r/u_datapath/west_vc1_fifo/rd_ptr_reg[1]/C,u_mesh/GEN_R[5].r/u_eject_fifo/fifo_mem_reg[0][flit_data]_0_15_24_29/RAMC/I
1.221,19,5,2,inter,u_mesh/GEN_R[5].r/u_datapath/local_vc1_fifo/rd_ptr_reg[0]/C,u_mesh/GEN_R[2].r/u_datapath/south_vc1_fifo/fifo_mem_reg[0][flit_data]_0_3_0_5/RAMB/I
1.222,20,0,1,inter,u_mesh/GEN_R[0].r/u_datapath/east_vc1_fifo/rd_ptr_reg[0]/C,u_mesh/GEN_R[1].r/u_datapath/west_vc1_fifo/fifo_mem_reg[0][vc_id]_0_3_0_0/DP/I
1.224,19,5,4,inter,u_mesh/GEN_R[5].r/u_datapath/local_vc1_fifo/rd_ptr_reg[0]/C,u_mesh/GEN_R[4].r/u_datapath/east_vc0_fifo/fifo_mem_reg[0][flit_data]_0_3_18_23/RAMB/I
1.224,19,3,4,inter,u_mesh/GEN_R[3].r/u_datapath/east_vc1_fifo/rd_ptr_reg[1]_replica/C,u_mesh/GEN_R[4].r/u_datapath/west_vc2_fifo/fifo_mem_reg[0][vc_id]_0_3_1_1/SP/I
1.225,19,0,3,inter,u_mesh/GEN_R[0].r/u_datapath/east_vc1_fifo/rd_ptr_reg[0]/C,u_mesh/GEN_R[3].r/u_datapath/north_vc2_fifo/fifo_mem_reg[0][vc_id]_0_3_1_1/SP/I
1.225,20,2,5,inter,u_mesh/GEN_R[2].r/u_datapath/local_vc2_fifo/rd_ptr_reg[1]/C,u_mesh/GEN_R[5].r/u_datapath/north_vc0_fifo/fifo_mem_reg[0][vc_id]_0_3_1_1/SP/I
1.226,19,3,0,inter,u_mesh/GEN_R[3].r/u_datapath/east_vc0_fifo/rd_ptr_reg[0]/C,u_mesh/GEN_R[0].r/u_datapath/south_vc1_fifo/fifo_mem_reg[0][flit_data]_0_3_24_29/RAMC/I
1.226,19,5,5,intra,u_mesh/GEN_R[5].r/u_datapath/west_vc1_fifo/rd_ptr_reg[1]/C,u_mesh/GEN_R[5].r/u_eject_fifo/fifo_mem_reg[0][flit_data]_0_15_18_23/RAMB/I
1.228,19,1,1,intra,u_mesh/GEN_R[1].r/u_datapath/local_vc0_fifo/rd_ptr_reg[0]/C,u_mesh/GEN_R[1].r/u_eject_fifo/wr_ptr_reg[0]/CE
1.229,19,5,2,inter,u_mesh/GEN_R[5].r/u_datapath/local_vc1_fifo/rd_ptr_reg[0]/C,u_mesh/GEN_R[2].r/u_datapath/south_vc0_fifo/fifo_mem_reg[0][flit_data]_0_3_18_23/RAMB/I
1.232,18,1,1,intra,u_mesh/GEN_R[1].r/u_datapath/local_vc0_fifo/rd_ptr_reg[0]/C,u_mesh/GEN_R[1].r/u_datapath/east_vc2_fifo/rd_ptr_reg[1]/D
1.233,19,5,5,intra,u_mesh/GEN_R[5].r/u_datapath/local_vc1_fifo/rd_ptr_reg[0]/C,u_mesh/GEN_R[5].r/u_eject_fifo/wr_ptr_reg[2]/CE
1.233,19,5,5,intra,u_mesh/GEN_R[5].r/u_datapath/local_vc1_fifo/rd_ptr_reg[0]/C,u_mesh/GEN_R[5].r/u_eject_fifo/wr_ptr_reg[3]/CE
1.235,19,3,3,intra,u_mesh/GEN_R[3].r/u_datapath/east_vc1_fifo/rd_ptr_reg[1]_replica/C,u_mesh/GEN_R[3].r/u_eject_fifo/fifo_mem_reg[0][vc_id]_0_15_0_0/SP/I
1.239,18,4,4,intra,u_mesh/GEN_R[4].r/u_datapath/local_vc2_fifo/rd_ptr_reg[1]_replica/C,u_mesh/GEN_R[4].r/u_datapath/local_vc2_fifo/count_reg[2]/D
1.240,19,5,2,inter,u_mesh/GEN_R[5].r/u_datapath/west_vc1_fifo/rd_ptr_reg[1]/C,u_mesh/GEN_R[2].r/u_datapath/south_vc1_fifo/fifo_mem_reg[0][flit_data]_0_3_24_29/RAMC/I
1.244,18,1,1,intra,u_mesh/GEN_R[1].r/u_datapath/west_vc2_fifo/rd_ptr_reg[1]/C,u_mesh/GEN_R[1].r/u_datapath/south_vc1_fifo/rd_ptr_reg[1]_replica/D
1.252,20,0,0,intra,u_mesh/GEN_R[0].r/u_datapath/south_vc1_fifo/rd_ptr_reg[1]/C,u_mesh/GEN_R[0].r/u_allocator/output_locked_reg[0]/D
1.253,19,4,4,intra,u_mesh/GEN_R[4].r/u_datapath/local_vc2_fifo/rd_ptr_reg[0]_replica/C,u_mesh/GEN_R[4].r/u_allocator/output_locked_reg[4]/D
1.254,19,5,4,inter,u_mesh/GEN_R[5].r/u_datapath/local_vc1_fifo/rd_ptr_reg[0]/C,u_mesh/GEN_R[4].r/u_datapath/east_vc0_fifo/fifo_mem_reg[0][flit_data]_0_3_30_31__0/SP/I
1.259,20,0,0,intra,u_mesh/GEN_R[0].r/u_datapath/south_vc1_fifo/rd_ptr_reg[1]/C,u_mesh/GEN_R[0].r/u_allocator/output_owner_reg[0][2]/CE
1.259,20,0,0,intra,u_mesh/GEN_R[0].r/u_datapath/south_vc1_fifo/rd_ptr_reg[1]/C,u_mesh/GEN_R[0].r/u_allocator/output_owner_reg[0][3]/CE
1.260,19,5,2,inter,u_mesh/GEN_R[5].r/u_datapath/local_vc1_fifo/rd_ptr_reg[0]/C,u_mesh/GEN_R[2].r/u_datapath/south_vc1_fifo/fifo_mem_reg[0][flit_data]_0_3_18_23/RAMB/I
1.263,19,5,5,intra,u_mesh/GEN_R[5].r/u_datapath/local_vc1_fifo/rd_ptr_reg[0]/C,u_mesh/GEN_R[5].r/u_allocator/output_owner_reg[4][3]/CE
1.263,19,3,0,inter,u_mesh/GEN_R[3].r/u_datapath/east_vc1_fifo/rd_ptr_reg[1]_replica/C,u_mesh/GEN_R[0].r/u_datapath/south_vc1_fifo/fifo_mem_reg[0][flit_data]_0_3_0_5/RAMB/I
1.263,20,0,1,inter,u_mesh/GEN_R[0].r/u_datapath/east_vc1_fifo/rd_ptr_reg[0]/C,u_mesh/GEN_R[1].r/u_datapath/west_vc1_fifo/fifo_mem_reg[0][vc_id]_0_3_0_0/SP/I
1.263,19,5,4,inter,u_mesh/GEN_R[5].r/u_datapath/local_vc1_fifo/rd_ptr_reg[0]/C,u_mesh/GEN_R[4].r/u_datapath/east_vc1_fifo/fifo_mem_reg[0][flit_type]_0_3_0_0/SP/I
1.265,19,5,5,intra,u_mesh/GEN_R[5].r/u_datapath/local_vc1_fifo/rd_ptr_reg[0]/C,u_mesh/GEN_R[5].r/u_eject_fifo/fifo_mem_reg[0][vc_id]_0_15_0_0/DP/I
1.266,19,5,2,inter,u_mesh/GEN_R[5].r/u_datapath/west_vc1_fifo/rd_ptr_reg[1]/C,u_mesh/GEN_R[2].r/u_datapath/south_vc2_fifo/fifo_mem_reg[0][flit_data]_0_3_30_31/DP/I
1.266,19,5,5,intra,u_mesh/GEN_R[5].r/u_datapath/local_vc1_fifo/rd_ptr_reg[0]/C,u_mesh/GEN_R[5].r/u_eject_fifo/fifo_mem_reg[0][flit_data]_0_15_0_5/RAMB/I
1.271,19,5,4,inter,u_mesh/GEN_R[5].r/u_datapath/local_vc1_fifo/rd_ptr_reg[0]/C,u_mesh/GEN_R[4].r/u_datapath/east_vc0_fifo/fifo_mem_reg[0][flit_data]_0_3_0_5/RAMC_D1/I
1.273,19,3,3,intra,u_mesh/GEN_R[3].r/u_datapath/east_vc1_fifo/rd_ptr_reg[1]_replica/C,u_mesh/GEN_R[3].r/u_eject_fifo/fifo_mem_reg[0][flit_type]_0_15_0_0/SP/I
1.277,20,2,1,inter,u_mesh/GEN_R[2].r/u_datapath/local_vc2_fifo/rd_ptr_reg[1]/C,u_mesh/GEN_R[1].r/u_datapath/east_vc0_fifo/fifo_mem_reg[0][vc_id]_0_3_1_1/SP/I
1.277,19,5,5,intra,u_mesh/GEN_R[5].r/u_datapath/west_vc1_fifo/rd_ptr_reg[1]/C,u_mesh/GEN_R[5].r/u_eject_fifo/fifo_mem_reg[0][flit_data]_0_15_30_31__0/SP/I
1.279,19,5,5,intra,u_mesh/GEN_R[5].r/u_datapath/local_vc1_fifo/rd_ptr_reg[0]/C,u_mesh/GEN_R[5].r/u_allocator/output_owner_reg[4][1]/CE
1.279,19,5,5,intra,u_mesh/GEN_R[5].r/u_datapath/local_vc1_fifo/rd_ptr_reg[0]/C,u_mesh/GEN_R[5].r/u_allocator/output_owner_reg[4][2]/CE
1.281,20,4,4,intra,u_mesh/GEN_R[4].r/u_datapath/west_vc0_fifo/rd_ptr_reg[0]/C,u_mesh/GEN_R[4].r/u_eject_fifo/count_reg[1]/D
1.282,19,5,5,intra,u_mesh/GEN_R[5].r/u_datapath/west_vc1_fifo/rd_ptr_reg[1]/C,u_mesh/GEN_R[5].r/u_eject_fifo/fifo_mem_reg[0][flit_data]_0_15_24_29/RAMC_D1/I
1.282,19,5,5,intra,u_mesh/GEN_R[5].r/u_datapath/local_vc1_fifo/rd_ptr_reg[0]/C,u_mesh/GEN_R[5].r/u_eject_fifo/fifo_mem_reg[0][flit_data]_0_15_0_5/RAMA_D1/I
1.283,20,4,4,intra,u_mesh/GEN_R[4].r/u_datapath/west_vc0_fifo/rd_ptr_reg[0]/C,u_mesh/GEN_R[4].r/u_eject_fifo/count_reg[2]/D
1.292,19,5,2,inter,u_mesh/GEN_R[5].r/u_datapath/local_vc1_fifo/rd_ptr_reg[0]/C,u_mesh/GEN_R[2].r/u_datapath/south_vc2_fifo/fifo_mem_reg[0][vc_id]_0_3_1_1/DP/I
1.294,19,5,2,inter,u_mesh/GEN_R[5].r/u_datapath/west_vc1_fifo/rd_ptr_reg[1]/C,u_mesh/GEN_R[2].r/u_datapath/south_vc0_fifo/fifo_mem_reg[0][flit_data]_0_3_24_29/RAMA_D1/I
1.299,19,3,0,inter,u_mesh/GEN_R[3].r/u_datapath/east_vc1_fifo/rd_ptr_reg[1]_replica/C,u_mesh/GEN_R[0].r/u_datapath/south_vc2_fifo/fifo_mem_reg[0][flit_data]_0_3_24_29/RAMC_D1/I
1.304,19,5,4,inter,u_mesh/GEN_R[5].r/u_datapath/local_vc1_fifo/rd_ptr_reg[0]/C,u_mesh/GEN_R[4].r/u_datapath/east_vc0_fifo/fifo_mem_reg[0][flit_data]_0_3_24_29/RAMC/I
1.306,19,5,2,inter,u_mesh/GEN_R[5].r/u_datapath/local_vc1_fifo/rd_ptr_reg[0]/C,u_mesh/GEN_R[2].r/u_datapath/south_vc0_fifo/fifo_mem_reg[0][flit_data]_0_3_0_5/RAMA/I
1.307,19,5,4,inter,u_mesh/GEN_R[5].r/u_datapath/local_vc1_fifo/rd_ptr_reg[0]/C,u_mesh/GEN_R[4].r/u_datapath/east_vc1_fifo/fifo_mem_reg[0][flit_data]_0_3_30_31/DP/I
1.307,19,3,0,inter,u_mesh/GEN_R[3].r/u_datapath/east_vc1_fifo/rd_ptr_reg[1]_replica/C,u_mesh/GEN_R[0].r/u_datapath/south_vc1_fifo/fifo_mem_reg[0][flit_data]_0_3_24_29/RAMC_D1/I
1.309,20,2,5,inter,u_mesh/GEN_R[2].r/u_datapath/local_vc2_fifo/rd_ptr_reg[1]/C,u_mesh/GEN_R[5].r/u_datapath/north_vc2_fifo/fifo_mem_reg[0][vc_id]_0_3_1_1/SP/I
1.313,19,1,1,intra,u_mesh/GEN_R[1].r/u_datapath/local_vc0_fifo/rd_ptr_reg[0]/C,u_mesh/GEN_R[1].r/u_allocator/output_owner_reg[4][0]/CE
1.313,19,1,1,intra,u_mesh/GEN_R[1].r/u_datapath/local_vc0_fifo/rd_ptr_reg[0]/C,u_mesh/GEN_R[1].r/u_allocator/output_owner_reg[4][3]/CE
1.316,19,0,3,inter,u_mesh/GEN_R[0].r/u_datapath/east_vc1_fifo/rd_ptr_reg[0]/C,u_mesh/GEN_R[3].r/u_datapath/north_vc0_fifo/fifo_mem_reg[0][vc_id]_0_3_1_1/SP/I
1.316,19,5,2,inter,u_mesh/GEN_R[5].r/u_datapath/west_vc1_fifo/rd_ptr_reg[1]/C,u_mesh/GEN_R[2].r/u_datapath/south_vc2_fifo/fifo_mem_reg[0][flit_data]_0_3_24_29/RAMA_D1/I
1.321,19,5,2,inter,u_mesh/GEN_R[5].r/u_datapath/local_vc1_fifo/rd_ptr_reg[0]/C,u_mesh/GEN_R[2].r/u_datapath/south_vc2_fifo/fifo_mem_reg[0][flit_data]_0_3_0_5/RAMA/I
1.326,19,5,2,inter,u_mesh/GEN_R[5].r/u_datapath/local_vc1_fifo/rd_ptr_reg[0]/C,u_mesh/GEN_R[2].r/u_datapath/south_vc2_fifo/fifo_mem_reg[0][flit_data]_0_3_24_29/RAMC_D1/I
1.330,19,1,1,intra,u_mesh/GEN_R[1].r/u_datapath/local_vc0_fifo/rd_ptr_reg[0]/C,u_mesh/GEN_R[1].r/u_allocator/output_owner_reg[4][1]/CE
1.330,19,1,1,intra,u_mesh/GEN_R[1].r/u_datapath/local_vc0_fifo/rd_ptr_reg[0]/C,u_mesh/GEN_R[1].r/u_allocator/output_owner_reg[4][2]/CE
1.334,18,1,1,intra,u_mesh/GEN_R[1].r/u_datapath/local_vc0_fifo/rd_ptr_reg[0]/C,u_mesh/GEN_R[1].r/u_datapath/east_vc2_fifo/rd_ptr_reg[1]_replica/D
1.335,20,4,4,intra,u_mesh/GEN_R[4].r/u_datapath/west_vc0_fifo/rd_ptr_reg[0]/C,u_mesh/GEN_R[4].r/u_eject_fifo/count_reg[3]/D
1.335,18,1,1,intra,u_mesh/GEN_R[1].r/u_datapath/east_vc1_fifo/rd_ptr_reg[1]/C,u_mesh/GEN_R[1].r/u_allocator/output_locked_reg[0]/D
1.340,19,5,2,inter,u_mesh/GEN_R[5].r/u_datapath/west_vc1_fifo/rd_ptr_reg[1]/C,u_mesh/GEN_R[2].r/u_datapath/south_vc2_fifo/fifo_mem_reg[0][flit_data]_0_3_30_31__0/SP/I
1.341,19,5,5,intra,u_mesh/GEN_R[5].r/u_datapath/local_vc1_fifo/rd_ptr_reg[0]/C,u_mesh/GEN_R[5].r/u_allocator/output_locked_reg[4]/D
1.346,19,5,5,intra,u_mesh/GEN_R[5].r/u_datapath/west_vc1_fifo/rd_ptr_reg[1]/C,u_mesh/GEN_R[5].r/u_eject_fifo/fifo_mem_reg[0][flit_data]_0_15_30_31/DP/I
1.347,19,5,4,inter,u_mesh/GEN_R[5].r/u_datapath/local_vc1_fifo/rd_ptr_reg[0]/C,u_mesh/GEN_R[4].r/u_datapath/east_vc2_fifo/fifo_mem_reg[0][flit_data]_0_3_30_31__0/SP/I
1.348,19,5,4,inter,u_mesh/GEN_R[5].r/u_datapath/local_vc1_fifo/rd_ptr_reg[0]/C,u_mesh/GEN_R[4].r/u_datapath/east_vc1_fifo/fifo_mem_reg[0][flit_data]_0_3_30_31/SP/I
1.350,19,5,2,inter,u_mesh/GEN_R[5].r/u_datapath/local_vc1_fifo/rd_ptr_reg[0]/C,u_mesh/GEN_R[2].r/u_datapath/south_vc0_fifo/fifo_mem_reg[0][vc_id]_0_3_1_1/SP/I
1.358,19,3,4,inter,u_mesh/GEN_R[3].r/u_datapath/east_vc1_fifo/rd_ptr_reg[1]_replica/C,u_mesh/GEN_R[4].r/u_datapath/west_vc1_fifo/fifo_mem_reg[0][vc_id]_0_3_1_1/SP/I
1.359,19,2,2,intra,u_mesh/GEN_R[2].r/u_datapath/local_vc2_fifo/rd_ptr_reg[1]/C,u_mesh/GEN_R[2].r/u_eject_fifo/wr_ptr_reg[2]/CE
1.359,19,2,2,intra,u_mesh/GEN_R[2].r/u_datapath/local_vc2_fifo/rd_ptr_reg[1]/C,u_mesh/GEN_R[2].r/u_eject_fifo/wr_ptr_reg[3]/CE
1.359,19,5,2,inter,u_mesh/GEN_R[5].r/u_datapath/local_vc1_fifo/rd_ptr_reg[0]/C,u_mesh/GEN_R[2].r/u_datapath/south_vc0_fifo/fifo_mem_reg[0][vc_id]_0_3_0_0/DP/I
1.367,20,1,1,intra,u_mesh/GEN_R[1].r/u_datapath/local_vc0_fifo/rd_ptr_reg[0]/C,u_mesh/GEN_R[1].r/u_eject_fifo/count_reg[1]/D
1.367,19,5,2,inter,u_mesh/GEN_R[5].r/u_datapath/local_vc1_fifo/rd_ptr_reg[0]/C,u_mesh/GEN_R[2].r/u_datapath/south_vc0_fifo/fifo_mem_reg[0][flit_data]_0_3_24_29/RAMC_D1/I
1.368,19,5,4,inter,u_mesh/GEN_R[5].r/u_datapath/local_vc1_fifo/rd_ptr_reg[0]/C,u_mesh/GEN_R[4].r/u_datapath/east_vc0_fifo/fifo_mem_reg[0][vc_id]_0_3_1_1/DP/I
1.369,19,3,0,inter,u_mesh/GEN_R[3].r/u_datapath/east_vc0_fifo/rd_ptr_reg[0]/C,u_mesh/GEN_R[0].r/u_datapath/south_vc2_fifo/fifo_mem_reg[0][flit_data]_0_3_24_29/RAMC/I
1.375,19,5,5,intra,u_mesh/GEN_R[5].r/u_datapath/local_vc1_fifo/rd_ptr_reg[0]/C,u_mesh/GEN_R[5].r/u_eject_fifo/wr_ptr_reg[1]/CE
1.379,19,5,2,inter,u_mesh/GEN_R[5].r/u_datapath/west_vc1_fifo/rd_ptr_reg[1]/C,u_mesh/GEN_R[2].r/u_datapath/south_vc1_fifo/fifo_mem_reg[0][flit_data]_0_3_30_31__0/SP/I
1.382,18,0,0,intra,u_mesh/GEN_R[0].r/u_datapath/east_vc1_fifo/rd_ptr_reg[0]/C,u_mesh/GEN_R[0].r/u_datapath/local_vc0_fifo/rd_ptr_reg[0]/D
1.390,18,0,0,intra,u_mesh/GEN_R[0].r/u_datapath/east_vc1_fifo/rd_ptr_reg[0]/C,u_mesh/GEN_R[0].r/u_datapath/south_vc0_fifo/rd_ptr_reg[1]/D
1.397,19,5,2,inter,u_mesh/GEN_R[5].r/u_datapath/local_vc1_fifo/rd_ptr_reg[0]/C,u_mesh/GEN_R[2].r/u_datapath/south_vc1_fifo/fifo_mem_reg[0][vc_id]_0_3_0_0/DP/I
1.403,19,5,2,inter,u_mesh/GEN_R[5].r/u_datapath/local_vc1_fifo/rd_ptr_reg[0]/C,u_mesh/GEN_R[2].r/u_datapath/south_vc1_fifo/fifo_mem_reg[0][flit_data]_0_3_24_29/RAMB/I
1.406,19,5,2,inter,u_mesh/GEN_R[5].r/u_datapath/local_vc1_fifo/rd_ptr_reg[0]/C,u_mesh/GEN_R[2].r/u_datapath/south_vc2_fifo/fifo_mem_reg[0][vc_id]_0_3_0_0/DP/I
1.408,18,1,1,intra,u_mesh/GEN_R[1].r/u_datapath/south_vc1_fifo/rd_ptr_reg[1]_replica/C,u_mesh/GEN_R[1].r/u_allocator/output_owner_reg[3][0]/CE
1.408,18,1,1,intra,u_mesh/GEN_R[1].r/u_datapath/south_vc1_fifo/rd_ptr_reg[1]_replica/C,u_mesh/GEN_R[1].r/u_allocator/output_owner_reg[3][1]/CE
1.408,18,1,1,intra,u_mesh/GEN_R[1].r/u_datapath/south_vc1_fifo/rd_ptr_reg[1]_replica/C,u_mesh/GEN_R[1].r/u_allocator/output_owner_reg[3][2]/CE
1.408,18,1,1,intra,u_mesh/GEN_R[1].r/u_datapath/south_vc1_fifo/rd_ptr_reg[1]_replica/C,u_mesh/GEN_R[1].r/u_allocator/output_owner_reg[3][3]/CE
1.420,19,0,0,intra,u_mesh/GEN_R[0].r/u_datapath/east_vc1_fifo/rd_ptr_reg[0]/C,u_mesh/GEN_R[0].r/u_allocator/output_owner_reg[1][1]/CE
1.420,19,0,0,intra,u_mesh/GEN_R[0].r/u_datapath/east_vc1_fifo/rd_ptr_reg[0]/C,u_mesh/GEN_R[0].r/u_allocator/output_owner_reg[1][2]/CE
1.422,20,5,5,intra,u_mesh/GEN_R[5].r/u_datapath/local_vc1_fifo/rd_ptr_reg[0]/C,u_mesh/GEN_R[5].r/u_allocator/output_owner_reg[1][0]/CE
1.422,20,5,5,intra,u_mesh/GEN_R[5].r/u_datapath/local_vc1_fifo/rd_ptr_reg[0]/C,u_mesh/GEN_R[5].r/u_allocator/output_owner_reg[1][1]/CE
1.422,20,5,5,intra,u_mesh/GEN_R[5].r/u_datapath/local_vc1_fifo/rd_ptr_reg[0]/C,u_mesh/GEN_R[5].r/u_allocator/output_owner_reg[1][2]/CE
1.422,20,5,5,intra,u_mesh/GEN_R[5].r/u_datapath/local_vc1_fifo/rd_ptr_reg[0]/C,u_mesh/GEN_R[5].r/u_allocator/output_owner_reg[1][3]/CE
1.428,19,0,0,intra,u_mesh/GEN_R[0].r/u_datapath/east_vc1_fifo/rd_ptr_reg[0]/C,u_mesh/GEN_R[0].r/u_allocator/output_owner_reg[1][0]/CE
1.428,19,0,0,intra,u_mesh/GEN_R[0].r/u_datapath/east_vc1_fifo/rd_ptr_reg[0]/C,u_mesh/GEN_R[0].r/u_allocator/output_owner_reg[1][3]/CE
1.430,17,3,3,intra,u_mesh/GEN_R[3].r/u_datapath/local_vc2_fifo/rd_ptr_reg[1]/C,u_mesh/GEN_R[3].r/u_datapath/local_vc0_fifo/rd_ptr_reg[0]/D
1.438,19,5,2,inter,u_mesh/GEN_R[5].r/u_datapath/local_vc1_fifo/rd_ptr_reg[0]/C,u_mesh/GEN_R[2].r/u_datapath/south_vc1_fifo/fifo_mem_reg[0][vc_id]_0_3_0_0/SP/I
1.445,18,4,4,intra,u_mesh/GEN_R[4].r/u_datapath/local_vc2_fifo/rd_ptr_reg[0]_replica/C,u_mesh/GEN_R[4].r/u_datapath/east_vc0_fifo/rd_ptr_reg[0]/D
1.447,19,0,0,intra,u_mesh/GEN_R[0].r/u_datapath/south_vc1_fifo/rd_ptr_reg[1]/C,u_mesh/GEN_R[0].r/u_datapath/east_vc2_fifo/credit_valid_reg/D
1.447,20,5,5,intra,u_mesh/GEN_R[5].r/u_datapath/local_vc1_fifo/rd_ptr_reg[0]/C,u_mesh/GEN_R[5].r/u_allocator/output_owner_reg[2][0]/CE
1.447,20,5,5,intra,u_mesh/GEN_R[5].r/u_datapath/local_vc1_fifo/rd_ptr_reg[0]/C,u_mesh/GEN_R[5].r/u_allocator/output_owner_reg[2][1]/CE
1.447,20,5,5,intra,u_mesh/GEN_R[5].r/u_datapath/local_vc1_fifo/rd_ptr_reg[0]/C,u_mesh/GEN_R[5].r/u_allocator/output_owner_reg[2][2]/CE
1.447,20,5,5,intra,u_mesh/GEN_R[5].r/u_datapath/local_vc1_fifo/rd_ptr_reg[0]/C,u_mesh/GEN_R[5].r/u_allocator/output_owner_reg[2][3]/CE
1.447,19,5,2,inter,u_mesh/GEN_R[5].r/u_datapath/local_vc1_fifo/rd_ptr_reg[0]/C,u_mesh/GEN_R[2].r/u_datapath/south_vc2_fifo/fifo_mem_reg[0][vc_id]_0_3_0_0/SP/I
1.448,19,0,0,intra,u_mesh/GEN_R[0].r/u_datapath/east_vc1_fifo/rd_ptr_reg[0]/C,u_mesh/GEN_R[0].r/u_datapath/south_vc2_fifo/rd_ptr_reg[0]/D
1.453,18,4,4,intra,u_mesh/GEN_R[4].r/u_datapath/west_vc0_fifo/rd_ptr_reg[0]/C,u_mesh/GEN_R[4].r/u_datapath/east_vc2_fifo/credit_valid_reg/D
1.470,19,5,5,intra,u_mesh/GEN_R[5].r/u_datapath/west_vc1_fifo/rd_ptr_reg[1]/C,u_mesh/GEN_R[5].r/u_eject_fifo/fifo_mem_reg[0][flit_data]_0_15_30_31/SP/I
1.471,19,5,2,inter,u_mesh/GEN_R[5].r/u_datapath/local_vc1_fifo/rd_ptr_reg[0]/C,u_mesh/GEN_R[2].r/u_datapath/south_vc1_fifo/fifo_mem_reg[0][vc_id]_0_3_1_1/DP/I
1.472,19,5,2,inter,u_mesh/GEN_R[5].r/u_datapath/west_vc1_fifo/rd_ptr_reg[1]/C,u_mesh/GEN_R[2].r/u_datapath/south_vc1_fifo/fifo_mem_reg[0][flit_data]_0_3_30_31/SP/I
1.476,19,5,5,intra,u_mesh/GEN_R[5].r/u_datapath/local_vc1_fifo/rd_ptr_reg[0]/C,u_mesh/GEN_R[5].r/u_eject_fifo/fifo_mem_reg[0][flit_type]_0_15_0_0/DP/I
1.480,19,5,5,intra,u_mesh/GEN_R[5].r/u_datapath/local_vc1_fifo/rd_ptr_reg[0]/C,u_mesh/GEN_R[5].r/u_eject_fifo/fifo_mem_reg[0][vc_id]_0_15_0_0/SP/I
1.482,18,0,0,intra,u_mesh/GEN_R[0].r/u_datapath/east_vc1_fifo/rd_ptr_reg[0]/C,u_mesh/GEN_R[0].r/u_datapath/local_vc2_fifo/rd_ptr_reg[0]/D
1.484,18,4,4,intra,u_mesh/GEN_R[4].r/u_datapath/local_vc2_fifo/rd_ptr_reg[0]_replica/C,u_mesh/GEN_R[4].r/u_datapath/local_vc2_fifo/rd_ptr_reg[1]_replica/D
1.494,19,0,0,intra,u_mesh/GEN_R[0].r/u_datapath/east_vc1_fifo/rd_ptr_reg[0]/C,u_mesh/GEN_R[0].r/u_datapath/south_vc2_fifo/rd_ptr_reg[1]/D
1.496,19,5,4,inter,u_mesh/GEN_R[5].r/u_datapath/local_vc1_fifo/rd_ptr_reg[0]/C,u_mesh/GEN_R[4].r/u_datapath/east_vc1_fifo/fifo_mem_reg[0][vc_id]_0_3_0_0/DP/I
1.502,19,5,2,inter,u_mesh/GEN_R[5].r/u_datapath/west_vc1_fifo/rd_ptr_reg[1]/C,u_mesh/GEN_R[2].r/u_datapath/south_vc1_fifo/fifo_mem_reg[0][flit_data]_0_3_24_29/RAMA_D1/I
1.505,19,5,4,inter,u_mesh/GEN_R[5].r/u_datapath/local_vc1_fifo/rd_ptr_reg[0]/C,u_mesh/GEN_R[4].r/u_datapath/east_vc0_fifo/fifo_mem_reg[0][vc_id]_0_3_0_0/DP/I
1.508,19,2,2,intra,u_mesh/GEN_R[2].r/u_datapath/local_vc2_fifo/rd_ptr_reg[1]/C,u_mesh/GEN_R[2].r/u_allocator/output_owner_reg[1][0]/CE
1.508,19,2,2,intra,u_mesh/GEN_R[2].r/u_datapath/local_vc2_fifo/rd_ptr_reg[1]/C,u_mesh/GEN_R[2].r/u_allocator/output_owner_reg[1][3]/CE
1.509,19,5,4,inter,u_mesh/GEN_R[5].r/u_datapath/local_vc1_fifo/rd_ptr_reg[0]/C,u_mesh/GEN_R[4].r/u_datapath/east_vc1_fifo/fifo_mem_reg[0][vc_id]_0_3_1_1/DP/I
1.519,19,5,2,inter,u_mesh/GEN_R[5].r/u_datapath/local_vc1_fifo/rd_ptr_reg[0]/C,u_mesh/GEN_R[2].r/u_datapath/south_vc2_fifo/fifo_mem_reg[0][vc_id]_0_3_1_1/SP/I
1.532,18,4,4,intra,u_mesh/GEN_R[4].r/u_datapath/local_vc2_fifo/rd_ptr_reg[0]_replica/C,u_mesh/GEN_R[4].r/u_datapath/north_vc2_fifo/credit_valid_reg/D
1.534,19,5,5,intra,u_mesh/GEN_R[5].r/u_datapath/local_vc1_fifo/rd_ptr_reg[0]/C,u_mesh/GEN_R[5].r/u_eject_fifo/wr_ptr_reg[0]/CE
1.537,18,4,4,intra,u_mesh/GEN_R[4].r/u_datapath/local_vc2_fifo/rd_ptr_reg[0]_replica/C,u_mesh/GEN_R[4].r/u_datapath/east_vc0_fifo/credit_valid_reg/D
1.537,19,5,4,inter,u_mesh/GEN_R[5].r/u_datapath/local_vc1_fifo/rd_ptr_reg[0]/C,u_mesh/GEN_R[4].r/u_datapath/east_vc1_fifo/fifo_mem_reg[0][vc_id]_0_3_0_0/SP/I
1.538,18,5,5,intra,u_mesh/GEN_R[5].r/u_datapath/west_vc1_fifo/rd_ptr_reg[1]/C,u_mesh/GEN_R[5].r/u_datapath/local_vc1_fifo/rd_ptr_reg[0]/D
1.540,19,5,2,inter,u_mesh/GEN_R[5].r/u_datapath/local_vc1_fifo/rd_ptr_reg[0]/C,u_mesh/GEN_R[2].r/u_datapath/south_vc1_fifo/fifo_mem_reg[0][flit_data]_0_3_24_29/RAMC_D1/I
1.545,19,5,2,inter,u_mesh/GEN_R[5].r/u_datapath/west_vc1_fifo/rd_ptr_reg[1]/C,u_mesh/GEN_R[2].r/u_datapath/south_vc1_fifo/fifo_mem_reg[0][flit_data]_0_3_30_31/DP/I
1.546,19,5,4,inter,u_mesh/GEN_R[5].r/u_datapath/local_vc1_fifo/rd_ptr_reg[0]/C,u_mesh/GEN_R[4].r/u_datapath/east_vc0_fifo/fifo_mem_reg[0][vc_id]_0_3_0_0/SP/I
1.549,17,3,3,intra,u_mesh/GEN_R[3].r/u_datapath/local_vc2_fifo/rd_ptr_reg[1]/C,u_mesh/GEN_R[3].r/u_eject_fifo/wr_ptr_reg[0]/CE
1.549,17,3,3,intra,u_mesh/GEN_R[3].r/u_datapath/local_vc2_fifo/rd_ptr_reg[1]/C,u_mesh/GEN_R[3].r/u_eject_fifo/wr_ptr_reg[1]/CE
1.551,20,5,5,intra,u_mesh/GEN_R[5].r/u_datapath/local_vc1_fifo/rd_ptr_reg[0]/C,u_mesh/GEN_R[5].r/u_eject_fifo/count_reg[1]/D
1.553,19,4,4,intra,u_mesh/GEN_R[4].r/u_datapath/west_vc0_fifo/rd_ptr_reg[0]/C,u_mesh/GEN_R[4].r/u_allocator/output_locked_reg[2]/D
1.578,17,3,3,intra,u_mesh/GEN_R[3].r/u_datapath/local_vc2_fifo/rd_ptr_reg[1]/C,u_mesh/GEN_R[3].r/u_datapath/east_vc2_fifo/rd_ptr_reg[1]/D
1.578,20,5,5,intra,u_mesh/GEN_R[5].r/u_datapath/local_vc1_fifo/rd_ptr_reg[0]/C,u_mesh/GEN_R[5].r/u_eject_fifo/count_reg[2]/D
1.584,18,1,1,intra,u_mesh/GEN_R[1].r/u_datapath/south_vc1_fifo/rd_ptr_reg[1]_replica/C,u_mesh/GEN_R[1].r/u_allocator/output_locked_reg[3]/D
1.591,18,1,1,intra,u_mesh/GEN_R[1].r/u_datapath/west_vc2_fifo/rd_ptr_reg[1]/C,u_mesh/GEN_R[1].r/u_datapath/south_vc0_fifo/credit_valid_reg/D
1.591,20,2,2,intra,u_mesh/GEN_R[2].r/u_datapath/local_vc2_fifo/rd_ptr_reg[1]/C,u_mesh/GEN_R[2].r/u_eject_fifo/count_reg[1]/D
1.595,18,1,1,intra,u_mesh/GEN_R[1].r/u_datapath/west_vc2_fifo/rd_ptr_reg[1]/C,u_mesh/GEN_R[1].r/u_datapath/local_vc0_fifo/rd_ptr_reg[0]/D
1.595,19,5,4,inter,u_mesh/GEN_R[5].r/u_datapath/local_vc1_fifo/rd_ptr_reg[0]/C,u_mesh/GEN_R[4].r/u_datapath/east_vc0_fifo/fifo_mem_reg[0][vc_id]_0_3_1_1/SP/I
1.597,18,0,0,intra,u_mesh/GEN_R[0].r/u_datapath/east_vc1_fifo/rd_ptr_reg[0]/C,u_mesh/GEN_R[0].r/u_datapath/east_vc1_fifo/rd_ptr_reg[1]/D
1.598,20,2,2,intra,u_mesh/GEN_R[2].r/u_datapath/local_vc2_fifo/rd_ptr_reg[1]/C,u_mesh/GEN_R[2].r/u_eject_fifo/count_reg[2]/D
1.601,17,3,3,intra,u_mesh/GEN_R[3].r/u_datapath/local_vc2_fifo/rd_ptr_reg[1]/C,u_mesh/GEN_R[3].r/u_datapath/local_vc1_fifo/rd_ptr_reg[0]/D
1.604,17,3,3,intra,u_mesh/GEN_R[3].r/u_datapath/local_vc2_fifo/rd_ptr_reg[1]/C,u_mesh/GEN_R[3].r/u_eject_fifo/wr_ptr_reg[2]/CE
1.604,17,3,3,intra,u_mesh/GEN_R[3].r/u_datapath/local_vc2_fifo/rd_ptr_reg[1]/C,u_mesh/GEN_R[3].r/u_eject_fifo/wr_ptr_reg[3]/CE
1.604,17,4,4,intra,u_mesh/GEN_R[4].r/u_datapath/local_vc2_fifo/rd_ptr_reg[0]_replica/C,u_mesh/GEN_R[4].r/u_datapath/north_vc1_fifo/credit_valid_reg/D
1.608,18,1,1,intra,u_mesh/GEN_R[1].r/u_datapath/local_vc0_fifo/rd_ptr_reg[0]/C,u_mesh/GEN_R[1].r/u_datapath/west_vc2_fifo/credit_valid_reg/D
1.622,20,5,5,intra,u_mesh/GEN_R[5].r/u_datapath/local_vc1_fifo/rd_ptr_reg[0]/C,u_mesh/GEN_R[5].r/u_eject_fifo/count_reg[3]/D
1.627,18,1,1,intra,u_mesh/GEN_R[1].r/u_datapath/west_vc2_fifo/rd_ptr_reg[1]/C,u_mesh/GEN_R[1].r/u_datapath/east_vc0_fifo/credit_valid_reg/D
1.635,19,2,2,intra,u_mesh/GEN_R[2].r/u_datapath/south_vc1_fifo/rd_ptr_reg[1]/C,u_mesh/GEN_R[2].r/u_eject_fifo/wr_ptr_reg[0]/CE
1.635,19,2,2,intra,u_mesh/GEN_R[2].r/u_datapath/south_vc1_fifo/rd_ptr_reg[1]/C,u_mesh/GEN_R[2].r/u_eject_fifo/wr_ptr_reg[1]/CE
1.641,18,2,2,intra,u_mesh/GEN_R[2].r/u_datapath/local_vc2_fifo/rd_ptr_reg[1]/C,u_mesh/GEN_R[2].r/u_datapath/local_vc2_fifo/rd_ptr_reg[0]/D
1.642,18,4,4,intra,u_mesh/GEN_R[4].r/u_datapath/west_vc0_fifo/rd_ptr_reg[0]/C,u_mesh/GEN_R[4].r/u_datapath/east_vc2_fifo/rd_ptr_reg[0]/D
1.647,20,2,2,intra,u_mesh/GEN_R[2].r/u_datapath/local_vc2_fifo/rd_ptr_reg[1]/C,u_mesh/GEN_R[2].r/u_eject_fifo/count_reg[3]/D
1.648,19,5,4,inter,u_mesh/GEN_R[5].r/u_datapath/local_vc1_fifo/rd_ptr_reg[0]/C,u_mesh/GEN_R[4].r/u_datapath/east_vc2_fifo/fifo_mem_reg[0][vc_id]_0_3_0_0/DP/I
1.651,18,0,0,intra,u_mesh/GEN_R[0].r/u_datapath/south_vc1_fifo/rd_ptr_reg[1]/C,u_mesh/GEN_R[0].r/u_allocator/output_owner_reg[4][1]/CE
1.651,18,0,0,intra,u_mesh/GEN_R[0].r/u_datapath/south_vc1_fifo/rd_ptr_reg[1]/C,u_mesh/GEN_R[0].r/u_allocator/output_owner_reg[4][2]/CE
1.651,18,0,0,intra,u_mesh/GEN_R[0].r/u_datapath/south_vc1_fifo/rd_ptr_reg[1]/C,u_mesh/GEN_R[0].r/u_allocator/output_owner_reg[4][3]/CE
1.656,18,1,1,intra,u_mesh/GEN_R[1].r/u_datapath/west_vc2_fifo/rd_ptr_reg[1]/C,u_mesh/GEN_R[1].r/u_datapath/south_vc1_fifo/credit_valid_reg/D
1.659,19,5,4,inter,u_mesh/GEN_R[5].r/u_datapath/local_vc1_fifo/rd_ptr_reg[0]/C,u_mesh/GEN_R[4].r/u_datapath/east_vc2_fifo/fifo_mem_reg[0][vc_id]_0_3_1_1/DP/I
1.673,18,4,4,intra,u_mesh/GEN_R[4].r/u_datapath/local_vc2_fifo/rd_ptr_reg[0]_replica/C,u_mesh/GEN_R[4].r/u_allocator/output_owner_reg[3][1]/D
1.674,18,1,1,intra,u_mesh/GEN_R[1].r/u_datapath/local_vc0_fifo/rd_ptr_reg[0]/C,u_mesh/GEN_R[1].r/u_datapath/west_vc2_fifo/rd_ptr_reg[1]/D
1.681,18,4,4,intra,u_mesh/GEN_R[4].r/u_datapath/west_vc0_fifo/rd_ptr_reg[0]/C,u_mesh/GEN_R[4].r/u_datapath/local_vc1_fifo/count_reg[2]/D
1.686,19,5,5,intra,u_mesh/GEN_R[5].r/u_datapath/west_vc1_fifo/rd_ptr_reg[1]/C,u_mesh/GEN_R[5].r/u_eject_fifo/fifo_mem_reg[0][vc_id]_0_15_1_1/DP/I
1.686,18,1,1,intra,u_mesh/GEN_R[1].r/u_datapath/west_vc2_fifo/rd_ptr_reg[1]/C,u_mesh/GEN_R[1].r/u_datapath/south_vc1_fifo/rd_ptr_reg[1]/D
1.689,19,5,4,inter,u_mesh/GEN_R[5].r/u_datapath/local_vc1_fifo/rd_ptr_reg[0]/C,u_mesh/GEN_R[4].r/u_datapath/east_vc2_fifo/fifo_mem_reg[0][vc_id]_0_3_0_0/SP/I
1.691,18,4,4,intra,u_mesh/GEN_R[4].r/u_datapath/local_vc2_fifo/rd_ptr_reg[0]_replica/C,u_mesh/GEN_R[4].r/u_datapath/north_vc0_fifo/rd_ptr_reg[1]/D
1.694,19,0,0,intra,u_mesh/GEN_R[0].r/u_datapath/east_vc1_fifo/rd_ptr_reg[0]/C,u_mesh/GEN_R[0].r/u_allocator/output_locked_reg[1]/D
1.697,19,4,4,intra,u_mesh/GEN_R[4].r/u_datapath/west_vc0_fifo/rd_ptr_reg[0]/C,u_mesh/GEN_R[4].r/u_allocator/output_owner_reg[1][1]/D
1.698,19,5,5,intra,u_mesh/GEN_R[5].r/u_datapath/local_vc1_fifo/rd_ptr_reg[0]/C,u_mesh/GEN_R[5].r/u_eject_fifo/fifo_mem_reg[0][flit_type]_0_15_0_0/SP/I
1.698,19,5,2,inter,u_mesh/GEN_R[5].r/u_datapath/local_vc1_fifo/rd_ptr_reg[0]/C,u_mesh/GEN_R[2].r/u_datapath/south_vc1_fifo/fifo_mem_reg[0][vc_id]_0_3_1_1/SP/I
1.702,19,1,1,intra,u_mesh/GEN_R[1].r/u_datapath/west_vc2_fifo/rd_ptr_reg[1]/C,u_mesh/GEN_R[1].r/u_datapath/west_vc1_fifo/rd_ptr_reg[1]/D
1.702,18,5,5,intra,u_mesh/GEN_R[5].r/u_datapath/west_vc1_fifo/rd_ptr_reg[1]/C,u_mesh/GEN_R[5].r/u_allocator/output_owner_reg[0][2]/CE
1.704,19,0,0,intra,u_mesh/GEN_R[0].r/u_datapath/south_vc1_fifo/rd_ptr_reg[1]/C,u_mesh/GEN_R[0].r/u_datapath/east_vc2_fifo/rd_ptr_reg[1]/D
1.713,19,4,4,intra,u_mesh/GEN_R[4].r/u_datapath/west_vc0_fifo/rd_ptr_reg[0]/C,u_mesh/GEN_R[4].r/u_allocator/output_owner_reg[1][2]/D
1.713,18,0,0,intra,u_mesh/GEN_R[0].r/u_datapath/south_vc1_fifo/rd_ptr_reg[1]/C,u_mesh/GEN_R[0].r/u_allocator/output_owner_reg[4][0]/CE
1.722,18,4,4,intra,u_mesh/GEN_R[4].r/u_datapath/local_vc2_fifo/rd_ptr_reg[0]_replica/C,u_mesh/GEN_R[4].r/u_allocator/output_owner_reg[3][2]/D
1.725,19,1,1,intra,u_mesh/GEN_R[1].r/u_datapath/west_vc2_fifo/rd_ptr_reg[1]/C,u_mesh/GEN_R[1].r/u_datapath/west_vc1_fifo/credit_valid_reg/D
1.727,18,0,0,intra,u_mesh/GEN_R[0].r/u_datapath/east_vc1_fifo/rd_ptr_reg[0]/C,u_mesh/GEN_R[0].r/u_datapath/south_vc0_fifo/rd_ptr_reg[0]/D
1.727,19,2,2,intra,u_mesh/GEN_R[2].r/u_datapath/local_vc2_fifo/rd_ptr_reg[1]/C,u_mesh/GEN_R[2].r/u_allocator/output_owner_reg[4][1]/CE
1.730,19,2,2,intra,u_mesh/GEN_R[2].r/u_datapath/local_vc2_fifo/rd_ptr_reg[1]/C,u_mesh/GEN_R[2].r/u_datapath/south_vc2_fifo/credit_valid_reg/D
1.732,19,2,2,intra,u_mesh/GEN_R[2].r/u_datapath/local_vc2_fifo/rd_ptr_reg[1]/C,u_mesh/GEN_R[2].r/u_allocator/output_locked_reg[1]/D
1.733,18,4,4,intra,u_mesh/GEN_R[4].r/u_datapath/west_vc0_fifo/rd_ptr_reg[0]/C,u_mesh/GEN_R[4].r/u_datapath/local_vc1_fifo/rd_ptr_reg[0]/D
1.735,18,1,1,intra,u_mesh/GEN_R[1].r/u_datapath/west_vc2_fifo/rd_ptr_reg[1]/C,u_mesh/GEN_R[1].r/u_datapath/south_vc1_fifo/rd_ptr_reg[0]/D
1.736,19,5,4,inter,u_mesh/GEN_R[5].r/u_datapath/local_vc1_fifo/rd_ptr_reg[0]/C,u_mesh/GEN_R[4].r/u_datapath/east_vc1_fifo/fifo_mem_reg[0][vc_id]_0_3_1_1/SP/I
1.756,20,4,4,intra,u_mesh/GEN_R[4].r/u_datapath/west_vc0_fifo/rd_ptr_reg[0]/C,u_mesh/GEN_R[4].r/u_allocator/output_locked_reg[1]/D
1.760,18,0,0,intra,u_mesh/GEN_R[0].r/u_datapath/east_vc1_fifo/rd_ptr_reg[1]/C,u_mesh/GEN_R[0].r/u_datapath/east_vc1_fifo/rd_ptr_reg[0]/D
1.760,18,0,0,intra,u_mesh/GEN_R[0].r/u_datapath/east_vc1_fifo/rd_ptr_reg[0]/C,u_mesh/GEN_R[0].r/u_datapath/east_vc0_fifo/rd_ptr_reg[1]/D
1.764,18,2,2,intra,u_mesh/GEN_R[2].r/u_datapath/local_vc2_fifo/rd_ptr_reg[1]/C,u_mesh/GEN_R[2].r/u_datapath/local_vc0_fifo/rd_ptr_reg[0]/D
1.772,19,2,2,intra,u_mesh/GEN_R[2].r/u_datapath/local_vc2_fifo/rd_ptr_reg[1]/C,u_mesh/GEN_R[2].r/u_allocator/output_owner_reg[4][2]/CE
1.772,19,2,2,intra,u_mesh/GEN_R[2].r/u_datapath/local_vc2_fifo/rd_ptr_reg[1]/C,u_mesh/GEN_R[2].r/u_allocator/output_owner_reg[4][3]/CE
1.773,18,3,3,intra,u_mesh/GEN_R[3].r/u_datapath/local_vc2_fifo/rd_ptr_reg[1]/C,u_mesh/GEN_R[3].r/u_eject_fifo/count_reg[2]/D
1.776,18,4,4,intra,u_mesh/GEN_R[4].r/u_datapath/local_vc2_fifo/rd_ptr_reg[0]_replica/C,u_mesh/GEN_R[4].r/u_datapath/north_vc0_fifo/credit_valid_reg/D
1.788,19,1,1,intra,u_mesh/GEN_R[1].r/u_datapath/west_vc2_fifo/rd_ptr_reg[1]/C,u_mesh/GEN_R[1].r/u_datapath/west_vc1_fifo/rd_ptr_reg[0]/D
1.794,18,5,5,intra,u_mesh/GEN_R[5].r/u_datapath/west_vc1_fifo/rd_ptr_reg[1]/C,u_mesh/GEN_R[5].r/u_datapath/local_vc1_fifo/rd_ptr_reg[1]_replica/D
1.802,18,5,5,intra,u_mesh/GEN_R[5].r/u_datapath/west_vc1_fifo/rd_ptr_reg[1]/C,u_mesh/GEN_R[5].r/u_datapath/local_vc1_fifo/rd_ptr_reg[1]/D
1.807,18,1,1,intra,u_mesh/GEN_R[1].r/u_datapath/local_vc0_fifo/rd_ptr_reg[0]/C,u_mesh/GEN_R[1].r/u_datapath/local_vc2_fifo/rd_ptr_reg[0]/D
1.808,18,5,5,intra,u_mesh/GEN_R[5].r/u_datapath/west_vc1_fifo/rd_ptr_reg[1]/C,u_mesh/GEN_R[5].r/u_datapath/local_vc1_fifo/rd_ptr_reg[1]_replica_1/D
1.810,18,1,1,intra,u_mesh/GEN_R[1].r/u_datapath/west_vc2_fifo/rd_ptr_reg[1]/C,u_mesh/GEN_R[1].r/u_datapath/south_vc0_fifo/rd_ptr_reg[0]/D
1.811,18,4,4,intra,u_mesh/GEN_R[4].r/u_datapath/local_vc2_fifo/rd_ptr_reg[0]_replica/C,u_mesh/GEN_R[4].r/u_allocator/output_owner_reg[3][0]/D
1.811,18,4,4,intra,u_mesh/GEN_R[4].r/u_datapath/west_vc0_fifo/rd_ptr_reg[0]/C,u_mesh/GEN_R[4].r/u_datapath/east_vc2_fifo/rd_ptr_reg[1]/D
1.814,18,1,1,intra,u_mesh/GEN_R[1].r/u_datapath/west_vc2_fifo/rd_ptr_reg[1]/C,u_mesh/GEN_R[1].r/u_datapath/south_vc0_fifo/rd_ptr_reg[1]/D
1.818,18,3,3,intra,u_mesh/GEN_R[3].r/u_datapath/local_vc2_fifo/rd_ptr_reg[1]/C,u_mesh/GEN_R[3].r/u_datapath/north_vc0_fifo/credit_valid_reg/D
1.822,18,4,4,intra,u_mesh/GEN_R[4].r/u_datapath/local_vc2_fifo/rd_ptr_reg[1]_replica/C,u_mesh/GEN_R[4].r/u_datapath/local_vc2_fifo/count_reg[0]/D
1.822,18,3,3,intra,u_mesh/GEN_R[3].r/u_datapath/local_vc2_fifo/rd_ptr_reg[1]/C,u_mesh/GEN_R[3].r/u_eject_fifo/count_reg[3]/D
1.841,19,2,2,intra,u_mesh/GEN_R[2].r/u_datapath/south_vc1_fifo/rd_ptr_reg[1]/C,u_mesh/GEN_R[2].r/u_allocator/output_owner_reg[2][2]/CE
1.841,19,2,2,intra,u_mesh/GEN_R[2].r/u_datapath/south_vc1_fifo/rd_ptr_reg[1]/C,u_mesh/GEN_R[2].r/u_allocator/output_owner_reg[2][3]/CE
1.856,18,5,5,intra,u_mesh/GEN_R[5].r/u_datapath/local_vc1_fifo/rd_ptr_reg[0]/C,u_mesh/GEN_R[5].r/u_datapath/west_vc1_fifo/rd_ptr_reg[0]/D
1.860,17,3,3,intra,u_mesh/GEN_R[3].r/u_datapath/local_vc2_fifo/rd_ptr_reg[1]/C,u_mesh/GEN_R[3].r/u_allocator/output_owner_reg[4][0]/CE
1.860,17,3,3,intra,u_mesh/GEN_R[3].r/u_datapath/local_vc2_fifo/rd_ptr_reg[1]/C,u_mesh/GEN_R[3].r/u_allocator/output_owner_reg[4][1]/CE
1.860,17,3,3,intra,u_mesh/GEN_R[3].r/u_datapath/local_vc2_fifo/rd_ptr_reg[1]/C,u_mesh/GEN_R[3].r/u_allocator/output_owner_reg[4][2]/CE
1.860,17,3,3,intra,u_mesh/GEN_R[3].r/u_datapath/local_vc2_fifo/rd_ptr_reg[1]/C,u_mesh/GEN_R[3].r/u_allocator/output_owner_reg[4][3]/CE
1.861,18,0,0,intra,u_mesh/GEN_R[0].r/u_datapath/south_vc1_fifo/rd_ptr_reg[1]/C,u_mesh/GEN_R[0].r/u_allocator/output_locked_reg[4]/D
1.862,18,0,0,intra,u_mesh/GEN_R[0].r/u_datapath/east_vc1_fifo/rd_ptr_reg[0]/C,u_mesh/GEN_R[0].r/u_datapath/south_vc1_fifo/credit_valid_reg/D
1.863,18,4,4,intra,u_mesh/GEN_R[4].r/u_datapath/local_vc2_fifo/rd_ptr_reg[0]_replica/C,u_mesh/GEN_R[4].r/u_allocator/output_owner_reg[3][3]/D
1.874,18,4,4,intra,u_mesh/GEN_R[4].r/u_datapath/local_vc2_fifo/rd_ptr_reg[1]_replica/C,u_mesh/GEN_R[4].r/u_datapath/local_vc2_fifo/count_reg[1]/D
1.881,19,2,2,intra,u_mesh/GEN_R[2].r/u_datapath/local_vc2_fifo/rd_ptr_reg[1]/C,u_mesh/GEN_R[2].r/u_datapath/south_vc2_fifo/rd_ptr_reg[1]/D
1.884,18,1,1,intra,u_mesh/GEN_R[1].r/u_datapath/local_vc0_fifo/rd_ptr_reg[0]/C,u_mesh/GEN_R[1].r/u_datapath/local_vc2_fifo/rd_ptr_reg[1]_replica/D
1.886,19,5,4,inter,u_mesh/GEN_R[5].r/u_datapath/local_vc1_fifo/rd_ptr_reg[0]/C,u_mesh/GEN_R[4].r/u_datapath/east_vc2_fifo/fifo_mem_reg[0][vc_id]_0_3_1_1/SP/I
1.891,18,5,5,intra,u_mesh/GEN_R[5].r/u_datapath/west_vc1_fifo/rd_ptr_reg[1]/C,u_mesh/GEN_R[5].r/u_allocator/output_owner_reg[0][0]/CE
1.891,18,5,5,intra,u_mesh/GEN_R[5].r/u_datapath/west_vc1_fifo/rd_ptr_reg[1]/C,u_mesh/GEN_R[5].r/u_allocator/output_owner_reg[0][1]/CE
1.891,18,5,5,intra,u_mesh/GEN_R[5].r/u_datapath/west_vc1_fifo/rd_ptr_reg[1]/C,u_mesh/GEN_R[5].r/u_allocator/output_owner_reg[0][3]/CE
1.899,18,0,0,intra,u_mesh/GEN_R[0].r/u_datapath/east_vc1_fifo/rd_ptr_reg[0]/C,u_mesh/GEN_R[0].r/u_datapath/local_vc2_fifo/rd_ptr_reg[1]/D
1.900,19,2,2,intra,u_mesh/GEN_R[2].r/u_datapath/south_vc1_fifo/rd_ptr_reg[1]/C,u_mesh/GEN_R[2].r/u_allocator/output_locked_reg[2]/D
1.902,18,2,2,intra,u_mesh/GEN_R[2].r/u_datapath/local_vc2_fifo/rd_ptr_reg[1]/C,u_mesh/GEN_R[2].r/u_allocator/output_owner_reg[0][0]/CE
1.902,18,2,2,intra,u_mesh/GEN_R[2].r/u_datapath/local_vc2_fifo/rd_ptr_reg[1]/C,u_mesh/GEN_R[2].r/u_allocator/output_owner_reg[0][1]/CE
1.902,18,2,2,intra,u_mesh/GEN_R[2].r/u_datapath/local_vc2_fifo/rd_ptr_reg[1]/C,u_mesh/GEN_R[2].r/u_allocator/output_owner_reg[0][3]/CE
1.903,18,5,5,intra,u_mesh/GEN_R[5].r/u_datapath/local_vc1_fifo/rd_ptr_reg[0]/C,u_mesh/GEN_R[5].r/u_datapath/west_vc1_fifo/credit_valid_reg/D
1.912,19,5,5,intra,u_mesh/GEN_R[5].r/u_datapath/west_vc1_fifo/rd_ptr_reg[1]/C,u_mesh/GEN_R[5].r/u_datapath/east_vc2_fifo/count_reg[0]/D
1.913,19,5,5,intra,u_mesh/GEN_R[5].r/u_datapath/west_vc1_fifo/rd_ptr_reg[1]/C,u_mesh/GEN_R[5].r/u_eject_fifo/fifo_mem_reg[0][vc_id]_0_15_1_1/SP/I
1.915,18,0,0,intra,u_mesh/GEN_R[0].r/u_datapath/east_vc1_fifo/rd_ptr_reg[0]/C,u_mesh/GEN_R[0].r/u_datapath/south_vc1_fifo/rd_ptr_reg[0]/D
1.915,19,2,2,intra,u_mesh/GEN_R[2].r/u_datapath/local_vc2_fifo/rd_ptr_reg[1]/C,u_mesh/GEN_R[2].r/u_allocator/output_owner_reg[4][0]/CE
1.921,18,0,0,intra,u_mesh/GEN_R[0].r/u_datapath/east_vc1_fifo/rd_ptr_reg[0]/C,u_mesh/GEN_R[0].r/u_datapath/south_vc0_fifo/credit_valid_reg/D
1.924,18,4,4,intra,u_mesh/GEN_R[4].r/u_datapath/local_vc2_fifo/rd_ptr_reg[1]_replica/C,u_mesh/GEN_R[4].r/u_allocator/output_owner_reg[0][0]/D
1.926,18,3,3,intra,u_mesh/GEN_R[3].r/u_datapath/local_vc2_fifo/rd_ptr_reg[1]/C,u_mesh/GEN_R[3].r/u_eject_fifo/count_reg[1]/D
1.928,18,4,4,intra,u_mesh/GEN_R[4].r/u_datapath/local_vc2_fifo/rd_ptr_reg[1]_replica/C,u_mesh/GEN_R[4].r/u_datapath/local_vc0_fifo/rd_ptr_reg[0]/D
1.932,19,4,4,intra,u_mesh/GEN_R[4].r/u_datapath/west_vc0_fifo/rd_ptr_reg[0]/C,u_mesh/GEN_R[4].r/u_allocator/output_owner_reg[1][0]/D
1.932,18,1,1,intra,u_mesh/GEN_R[1].r/u_datapath/local_vc0_fifo/rd_ptr_reg[0]/C,u_mesh/GEN_R[1].r/u_datapath/east_vc2_fifo/rd_ptr_reg[0]/D
1.937,18,3,3,intra,u_mesh/GEN_R[3].r/u_datapath/local_vc2_fifo/rd_ptr_reg[1]/C,u_mesh/GEN_R[3].r/u_datapath/north_vc0_fifo/rd_ptr_reg[1]/D
1.941,18,4,4,intra,u_mesh/GEN_R[4].r/u_datapath/west_vc0_fifo/rd_ptr_reg[0]/C,u_mesh/GEN_R[4].r/u_datapath/west_vc1_fifo/credit_valid_reg/D
1.961,17,3,3,intra,u_mesh/GEN_R[3].r/u_datapath/east_vc0_fifo/rd_ptr_reg[0]/C,u_mesh/GEN_R[3].r/u_datapath/east_vc1_fifo/rd_ptr_reg[1]_replica/D
1.961,18,1,1,intra,u_mesh/GEN_R[1].r/u_datapath/local_vc0_fifo/rd_ptr_reg[0]/C,u_mesh/GEN_R[1].r/u_datapath/east_vc2_fifo/credit_valid_reg/D
1.961,18,0,0,intra,u_mesh/GEN_R[0].r/u_datapath/east_vc1_fifo/rd_ptr_reg[0]/C,u_mesh/GEN_R[0].r/u_datapath/east_vc1_fifo/credit_valid_reg/D
1.984,19,4,4,intra,u_mesh/GEN_R[4].r/u_datapath/west_vc0_fifo/rd_ptr_reg[0]/C,u_mesh/GEN_R[4].r/u_allocator/output_owner_reg[1][3]/D
1.985,19,1,1,intra,u_mesh/GEN_R[1].r/u_datapath/west_vc2_fifo/rd_ptr_reg[1]/C,u_mesh/GEN_R[1].r/u_allocator/output_locked_reg[2]/D
1.997,19,1,1,intra,u_mesh/GEN_R[1].r/u_datapath/west_vc2_fifo/rd_ptr_reg[1]/C,u_mesh/GEN_R[1].r/u_allocator/output_owner_reg[1][0]/CE
1.997,19,1,1,intra,u_mesh/GEN_R[1].r/u_datapath/west_vc2_fifo/rd_ptr_reg[1]/C,u_mesh/GEN_R[1].r/u_allocator/output_owner_reg[1][1]/CE
1.997,19,1,1,intra,u_mesh/GEN_R[1].r/u_datapath/west_vc2_fifo/rd_ptr_reg[1]/C,u_mesh/GEN_R[1].r/u_allocator/output_owner_reg[1][2]/CE
1.997,19,1,1,intra,u_mesh/GEN_R[1].r/u_datapath/west_vc2_fifo/rd_ptr_reg[1]/C,u_mesh/GEN_R[1].r/u_allocator/output_owner_reg[1][3]/CE
1.998,18,1,1,intra,u_mesh/GEN_R[1].r/u_datapath/local_vc0_fifo/rd_ptr_reg[0]/C,u_mesh/GEN_R[1].r/u_datapath/west_vc0_fifo/rd_ptr_reg[0]/D
2.013,17,3,3,intra,u_mesh/GEN_R[3].r/u_datapath/local_vc2_fifo/rd_ptr_reg[1]/C,u_mesh/GEN_R[3].r/u_allocator/output_locked_reg[4]/D
2.018,18,4,4,intra,u_mesh/GEN_R[4].r/u_datapath/local_vc2_fifo/rd_ptr_reg[0]_replica/C,u_mesh/GEN_R[4].r/u_datapath/north_vc2_fifo/rd_ptr_reg[0]/D
2.026,18,0,0,intra,u_mesh/GEN_R[0].r/u_datapath/east_vc1_fifo/rd_ptr_reg[0]/C,u_mesh/GEN_R[0].r/u_datapath/south_vc1_fifo/rd_ptr_reg[1]/D
2.027,17,2,2,intra,u_mesh/GEN_R[2].r/u_datapath/local_vc2_fifo/rd_ptr_reg[1]/C,u_mesh/GEN_R[2].r/u_datapath/west_vc0_fifo/rd_ptr_reg[0]/D
2.031,19,2,2,intra,u_mesh/GEN_R[2].r/u_datapath/south_vc1_fifo/rd_ptr_reg[1]/C,u_mesh/GEN_R[2].r/u_allocator/output_owner_reg[2][0]/CE
2.031,19,2,2,intra,u_mesh/GEN_R[2].r/u_datapath/south_vc1_fifo/rd_ptr_reg[1]/C,u_mesh/GEN_R[2].r/u_allocator/output_owner_reg[2][1]/CE
2.033,18,5,5,intra,u_mesh/GEN_R[5].r/u_datapath/local_vc1_fifo/rd_ptr_reg[0]/C,u_mesh/GEN_R[5].r/u_allocator/output_owner_reg[3][1]/CE
2.033,18,5,5,intra,u_mesh/GEN_R[5].r/u_datapath/local_vc1_fifo/rd_ptr_reg[0]/C,u_mesh/GEN_R[5].r/u_allocator/output_owner_reg[3][2]/CE
2.033,19,2,2,intra,u_mesh/GEN_R[2].r/u_datapath/local_vc2_fifo/rd_ptr_reg[1]/C,u_mesh/GEN_R[2].r/u_allocator/output_owner_reg[3][0]/CE
2.033,19,2,2,intra,u_mesh/GEN_R[2].r/u_datapath/local_vc2_fifo/rd_ptr_reg[1]/C,u_mesh/GEN_R[2].r/u_allocator/output_owner_reg[3][3]/CE
2.035,18,3,3,intra,u_mesh/GEN_R[3].r/u_datapath/local_vc2_fifo/rd_ptr_reg[1]/C,u_mesh/GEN_R[3].r/u_datapath/north_vc0_fifo/rd_ptr_reg[0]/D
2.047,19,4,4,intra,u_mesh/GEN_R[4].r/u_datapath/local_vc2_fifo/rd_ptr_reg[0]_replica/C,u_mesh/GEN_R[4].r/u_allocator/output_owner_reg[4][1]/D
2.053,18,1,1,intra,u_mesh/GEN_R[1].r/u_datapath/local_vc0_fifo/rd_ptr_reg[0]/C,u_mesh/GEN_R[1].r/u_allocator/output_owner_reg[3][0]/D
2.062,18,5,5,intra,u_mesh/GEN_R[5].r/u_datapath/local_vc1_fifo/rd_ptr_reg[0]/C,u_mesh/GEN_R[5].r/u_allocator/output_owner_reg[3][0]/CE
2.062,18,5,5,intra,u_mesh/GEN_R[5].r/u_datapath/local_vc1_fifo/rd_ptr_reg[0]/C,u_mesh/GEN_R[5].r/u_allocator/output_owner_reg[3][3]/CE
2.065,19,4,4,intra,u_mesh/GEN_R[4].r/u_datapath/local_vc2_fifo/rd_ptr_reg[0]_replica/C,u_mesh/GEN_R[4].r/u_allocator/output_owner_reg[4][2]/D
2.069,18,1,1,intra,u_mesh/GEN_R[1].r/u_datapath/local_vc0_fifo/rd_ptr_reg[0]/C,u_mesh/GEN_R[1].r/u_allocator/output_owner_reg[3][3]/D
2.071,18,0,0,intra,u_mesh/GEN_R[0].r/u_datapath/east_vc1_fifo/rd_ptr_reg[0]/C,u_mesh/GEN_R[0].r/u_datapath/local_vc0_fifo/rd_ptr_reg[1]/D
2.075,18,0,0,intra,u_mesh/GEN_R[0].r/u_datapath/east_vc1_fifo/rd_ptr_reg[0]/C,u_mesh/GEN_R[0].r/u_datapath/east_vc0_fifo/credit_valid_reg/D
2.076,18,2,2,intra,u_mesh/GEN_R[2].r/u_datapath/local_vc2_fifo/rd_ptr_reg[1]/C,u_mesh/GEN_R[2].r/u_allocator/output_owner_reg[0][2]/CE
2.082,19,2,2,intra,u_mesh/GEN_R[2].r/u_datapath/local_vc2_fifo/rd_ptr_reg[1]/C,u_mesh/GEN_R[2].r/u_datapath/south_vc2_fifo/rd_ptr_reg[0]/D
2.082,19,3,3,intra,u_mesh/GEN_R[3].r/u_datapath/east_vc1_fifo/rd_ptr_reg[1]_replica/C,u_mesh/GEN_R[3].r/u_allocator/output_owner_reg[1][0]/CE
2.082,19,3,3,intra,u_mesh/GEN_R[3].r/u_datapath/east_vc1_fifo/rd_ptr_reg[1]_replica/C,u_mesh/GEN_R[3].r/u_allocator/output_owner_reg[1][1]/CE
2.082,19,3,3,intra,u_mesh/GEN_R[3].r/u_datapath/east_vc1_fifo/rd_ptr_reg[1]_replica/C,u_mesh/GEN_R[3].r/u_allocator/output_owner_reg[1][2]/CE
2.082,19,3,3,intra,u_mesh/GEN_R[3].r/u_datapath/east_vc1_fifo/rd_ptr_reg[1]_replica/C,u_mesh/GEN_R[3].r/u_allocator/output_owner_reg[1][3]/CE
2.083,18,1,1,intra,u_mesh/GEN_R[1].r/u_datapath/local_vc0_fifo/rd_ptr_reg[0]/C,u_mesh/GEN_R[1].r/u_datapath/west_vc2_fifo/rd_ptr_reg[0]/D
2.086,19,5,5,intra,u_mesh/GEN_R[5].r/u_datapath/west_vc1_fifo/rd_ptr_reg[1]/C,u_mesh/GEN_R[5].r/u_datapath/east_vc2_fifo/count_reg[1]/D
2.095,17,4,4,intra,u_mesh/GEN_R[4].r/u_datapath/local_vc2_fifo/rd_ptr_reg[0]_replica/C,u_mesh/GEN_R[4].r/u_datapath/west_vc2_fifo/rd_ptr_reg[0]/D
2.113,18,0,0,intra,u_mesh/GEN_R[0].r/u_datapath/east_vc1_fifo/rd_ptr_reg[0]/C,u_mesh/GEN_R[0].r/u_datapath/local_vc1_fifo/rd_ptr_reg[0]/D
2.116,18,5,5,intra,u_mesh/GEN_R[5].r/u_datapath/west_vc1_fifo/rd_ptr_reg[1]/C,u_mesh/GEN_R[5].r/u_datapath/north_vc2_fifo/rd_ptr_reg[1]/D
2.116,18,5,5,intra,u_mesh/GEN_R[5].r/u_datapath/local_vc1_fifo/rd_ptr_reg[0]/C,u_mesh/GEN_R[5].r/u_datapath/west_vc2_fifo/rd_ptr_reg[0]_replica/D
2.121,18,0,0,intra,u_mesh/GEN_R[0].r/u_datapath/east_vc1_fifo/rd_ptr_reg[0]/C,u_mesh/GEN_R[0].r/u_datapath/east_vc0_fifo/rd_ptr_reg[0]/D
2.127,17,4,4,intra,u_mesh/GEN_R[4].r/u_datapath/local_vc2_fifo/rd_ptr_reg[0]_replica/C,u_mesh/GEN_R[4].r/u_datapath/north_vc1_fifo/rd_ptr_reg[1]/D
2.127,18,1,1,intra,u_mesh/GEN_R[1].r/u_datapath/west_vc2_fifo/rd_ptr_reg[1]/C,u_mesh/GEN_R[1].r/u_datapath/east_vc1_fifo/credit_valid_reg/D
2.132,19,5,5,intra,u_mesh/GEN_R[5].r/u_datapath/west_vc1_fifo/rd_ptr_reg[1]/C,u_mesh/GEN_R[5].r/u_datapath/east_vc2_fifo/count_reg[2]/D
2.135,18,4,4,intra,u_mesh/GEN_R[4].r/u_datapath/local_vc2_fifo/rd_ptr_reg[0]_replica/C,u_mesh/GEN_R[4].r/u_datapath/north_vc0_fifo/rd_ptr_reg[0]/D
2.135,17,4,4,intra,u_mesh/GEN_R[4].r/u_datapath/local_vc2_fifo/rd_ptr_reg[0]_replica/C,u_mesh/GEN_R[4].r/u_datapath/north_vc1_fifo/rd_ptr_reg[0]/D
2.135,18,1,1,intra,u_mesh/GEN_R[1].r/u_datapath/local_vc0_fifo/rd_ptr_reg[0]/C,u_mesh/GEN_R[1].r/u_datapath/west_vc0_fifo/rd_ptr_reg[1]/D
2.141,18,1,1,intra,u_mesh/GEN_R[1].r/u_datapath/local_vc0_fifo/rd_ptr_reg[0]/C,u_mesh/GEN_R[1].r/u_datapath/west_vc0_fifo/credit_valid_reg/D
2.157,18,4,4,intra,u_mesh/GEN_R[4].r/u_datapath/local_vc2_fifo/rd_ptr_reg[0]_replica/C,u_mesh/GEN_R[4].r/u_datapath/east_vc1_fifo/credit_valid_reg/D
2.170,18,5,5,intra,u_mesh/GEN_R[5].r/u_datapath/west_vc1_fifo/rd_ptr_reg[1]/C,u_mesh/GEN_R[5].r/u_datapath/local_vc0_fifo/rd_ptr_reg[0]/D
2.171,18,4,4,intra,u_mesh/GEN_R[4].r/u_datapath/local_vc2_fifo/rd_ptr_reg[0]_replica/C,u_mesh/GEN_R[4].r/u_datapath/north_vc2_fifo/rd_ptr_reg[1]/D
2.172,18,5,5,intra,u_mesh/GEN_R[5].r/u_datapath/west_vc1_fifo/rd_ptr_reg[1]/C,u_mesh/GEN_R[5].r/u_datapath/north_vc2_fifo/rd_ptr_reg[1]_replica/D
2.176,18,1,1,intra,u_mesh/GEN_R[1].r/u_datapath/west_vc2_fifo/rd_ptr_reg[1]/C,u_mesh/GEN_R[1].r/u_datapath/east_vc0_fifo/rd_ptr_reg[0]/D
2.181,18,1,1,intra,u_mesh/GEN_R[1].r/u_datapath/west_vc2_fifo/rd_ptr_reg[1]/C,u_mesh/GEN_R[1].r/u_datapath/east_vc0_fifo/rd_ptr_reg[1]/D
2.181,19,0,0,intra,u_mesh/GEN_R[0].r/u_datapath/south_vc1_fifo/rd_ptr_reg[1]/C,u_mesh/GEN_R[0].r/u_credit_control/credit_count_reg[0][1][0]/D
2.187,19,2,2,intra,u_mesh/GEN_R[2].r/u_datapath/local_vc2_fifo/rd_ptr_reg[1]/C,u_mesh/GEN_R[2].r/u_allocator/output_owner_reg[3][1]/CE
2.187,19,2,2,intra,u_mesh/GEN_R[2].r/u_datapath/local_vc2_fifo/rd_ptr_reg[1]/C,u_mesh/GEN_R[2].r/u_allocator/output_owner_reg[3][2]/CE
2.196,17,3,3,intra,u_mesh/GEN_R[3].r/u_datapath/local_vc2_fifo/rd_ptr_reg[1]/C,u_mesh/GEN_R[3].r/u_datapath/local_vc2_fifo/rd_ptr_reg[0]/D
2.205,18,4,4,intra,u_mesh/GEN_R[4].r/u_datapath/west_vc0_fifo/rd_ptr_reg[0]/C,u_mesh/GEN_R[4].r/u_datapath/west_vc1_fifo/rd_ptr_reg[1]/D
2.205,17,3,3,intra,u_mesh/GEN_R[3].r/u_datapath/local_vc2_fifo/rd_ptr_reg[1]/C,u_mesh/GEN_R[3].r/u_datapath/north_vc1_fifo/rd_ptr_reg[1]/D
2.211,18,1,1,intra,u_mesh/GEN_R[1].r/u_datapath/west_vc2_fifo/rd_ptr_reg[1]/C,u_mesh/GEN_R[1].r/u_datapath/east_vc1_fifo/rd_ptr_reg[1]/D
2.212,18,4,4,intra,u_mesh/GEN_R[4].r/u_datapath/west_vc0_fifo/rd_ptr_reg[0]/C,u_mesh/GEN_R[4].r/u_datapath/west_vc1_fifo/rd_ptr_reg[0]/D
2.216,17,3,3,intra,u_mesh/GEN_R[3].r/u_datapath/local_vc2_fifo/rd_ptr_reg[1]/C,u_mesh/GEN_R[3].r/u_datapath/east_vc0_fifo/rd_ptr_reg[0]/D
2.227,17,3,3,intra,u_mesh/GEN_R[3].r/u_datapath/local_vc2_fifo/rd_ptr_reg[1]/C,u_mesh/GEN_R[3].r/u_datapath/north_vc1_fifo/credit_valid_reg/D
2.227,17,3,3,intra,u_mesh/GEN_R[3].r/u_datapath/east_vc0_fifo/rd_ptr_reg[0]/C,u_mesh/GEN_R[3].r/u_datapath/east_vc1_fifo/rd_ptr_reg[0]/D
2.230,20,5,5,intra,u_mesh/GEN_R[5].r/u_datapath/local_vc1_fifo/rd_ptr_reg[0]/C,u_mesh/GEN_R[5].r/u_allocator/output_locked_reg[2]/D
2.245,17,4,4,intra,u_mesh/GEN_R[4].r/u_datapath/local_vc2_fifo/rd_ptr_reg[0]_replica/C,u_mesh/GEN_R[4].r/u_datapath/west_vc0_fifo/rd_ptr_reg[1]/D
2.246,18,4,4,intra,u_mesh/GEN_R[4].r/u_datapath/west_vc0_fifo/rd_ptr_reg[0]/C,u_mesh/GEN_R[4].r/u_datapath/local_vc1_fifo/count_reg[0]/D
2.253,19,4,4,intra,u_mesh/GEN_R[4].r/u_datapath/local_vc2_fifo/rd_ptr_reg[1]_replica/C,u_mesh/GEN_R[4].r/u_allocator/output_owner_reg[0][0]/CE
2.253,19,4,4,intra,u_mesh/GEN_R[4].r/u_datapath/local_vc2_fifo/rd_ptr_reg[1]_replica/C,u_mesh/GEN_R[4].r/u_allocator/output_owner_reg[0][1]/CE
2.253,19,4,4,intra,u_mesh/GEN_R[4].r/u_datapath/local_vc2_fifo/rd_ptr_reg[1]_replica/C,u_mesh/GEN_R[4].r/u_allocator/output_owner_reg[0][2]/CE
2.253,19,4,4,intra,u_mesh/GEN_R[4].r/u_datapath/local_vc2_fifo/rd_ptr_reg[1]_replica/C,u_mesh/GEN_R[4].r/u_allocator/output_owner_reg[0][3]/CE
2.261,17,4,4,intra,u_mesh/GEN_R[4].r/u_datapath/local_vc2_fifo/rd_ptr_reg[0]_replica/C,u_mesh/GEN_R[4].r/u_datapath/west_vc0_fifo/credit_valid_reg/D
2.263,18,1,1,intra,u_mesh/GEN_R[1].r/u_datapath/south_vc1_fifo/rd_ptr_reg[1]_replica/C,u_mesh/GEN_R[1].r/u_allocator/output_owner_reg[3][1]/D
2.266,18,4,4,intra,u_mesh/GEN_R[4].r/u_datapath/west_vc0_fifo/rd_ptr_reg[0]/C,u_mesh/GEN_R[4].r/u_datapath/local_vc1_fifo/count_reg[1]/D
2.281,18,5,5,intra,u_mesh/GEN_R[5].r/u_datapath/local_vc1_fifo/rd_ptr_reg[0]/C,u_mesh/GEN_R[5].r/u_datapath/north_vc0_fifo/credit_valid_reg/D
2.282,18,0,0,intra,u_mesh/GEN_R[0].r/u_datapath/east_vc1_fifo/rd_ptr_reg[0]/C,u_mesh/GEN_R[0].r/u_datapath/local_vc1_fifo/count_reg[2]/D
2.283,18,1,1,intra,u_mesh/GEN_R[1].r/u_datapath/south_vc1_fifo/rd_ptr_reg[1]_replica/C,u_mesh/GEN_R[1].r/u_allocator/output_owner_reg[3][2]/D
2.302,18,0,0,intra,u_mesh/GEN_R[0].r/u_datapath/east_vc1_fifo/rd_ptr_reg[0]/C,u_mesh/GEN_R[0].r/u_datapath/local_vc0_fifo/count_reg[0]/D
2.306,17,2,2,intra,u_mesh/GEN_R[2].r/u_datapath/local_vc2_fifo/rd_ptr_reg[1]/C,u_mesh/GEN_R[2].r/u_datapath/south_vc0_fifo/credit_valid_reg/D
2.307,18,1,1,intra,u_mesh/GEN_R[1].r/u_datapath/local_vc0_fifo/rd_ptr_reg[0]/C,u_mesh/GEN_R[1].r/u_datapath/local_vc0_fifo/count_reg[0]/D
2.309,18,1,1,intra,u_mesh/GEN_R[1].r/u_datapath/west_vc2_fifo/rd_ptr_reg[1]/C,u_mesh/GEN_R[1].r/u_datapath/local_vc1_fifo/count_reg[0]/D
2.313,18,5,5,intra,u_mesh/GEN_R[5].r/u_datapath/local_vc1_fifo/rd_ptr_reg[0]/C,u_mesh/GEN_R[5].r/u_datapath/west_vc1_fifo/rd_ptr_reg[1]/D
2.316,18,1,1,intra,u_mesh/GEN_R[1].r/u_datapath/local_vc0_fifo/rd_ptr_reg[0]/C,u_mesh/GEN_R[1].r/u_datapath/local_vc0_fifo/count_reg[2]/D
2.318,18,1,1,intra,u_mesh/GEN_R[1].r/u_datapath/west_vc2_fifo/rd_ptr_reg[1]/C,u_mesh/GEN_R[1].r/u_datapath/local_vc1_fifo/count_reg[2]/D
2.321,19,4,4,intra,u_mesh/GEN_R[4].r/u_datapath/west_vc0_fifo/rd_ptr_reg[0]/C,u_mesh/GEN_R[4].r/u_datapath/south_vc2_fifo/count_reg[2]/D
2.327,18,1,1,intra,u_mesh/GEN_R[1].r/u_datapath/local_vc0_fifo/rd_ptr_reg[0]/C,u_mesh/GEN_R[1].r/u_datapath/local_vc0_fifo/count_reg[1]/D
2.329,18,1,1,intra,u_mesh/GEN_R[1].r/u_datapath/west_vc2_fifo/rd_ptr_reg[1]/C,u_mesh/GEN_R[1].r/u_datapath/local_vc1_fifo/count_reg[1]/D
2.337,17,2,2,intra,u_mesh/GEN_R[2].r/u_datapath/local_vc2_fifo/rd_ptr_reg[1]/C,u_mesh/GEN_R[2].r/u_datapath/west_vc0_fifo/credit_valid_reg/D
2.349,17,3,3,intra,u_mesh/GEN_R[3].r/u_datapath/local_vc2_fifo/rd_ptr_reg[1]/C,u_mesh/GEN_R[3].r/u_datapath/east_vc2_fifo/rd_ptr_reg[0]/D
2.354,18,0,0,intra,u_mesh/GEN_R[0].r/u_datapath/east_vc1_fifo/rd_ptr_reg[0]/C,u_mesh/GEN_R[0].r/u_datapath/local_vc0_fifo/count_reg[1]/D
2.359,19,2,2,intra,u_mesh/GEN_R[2].r/u_datapath/local_vc2_fifo/rd_ptr_reg[1]/C,u_mesh/GEN_R[2].r/u_datapath/west_vc1_fifo/credit_valid_reg/D
2.362,17,3,3,intra,u_mesh/GEN_R[3].r/u_datapath/local_vc2_fifo/rd_ptr_reg[1]/C,u_mesh/GEN_R[3].r/u_datapath/east_vc0_fifo/rd_ptr_reg[1]/D
2.364,19,3,3,intra,u_mesh/GEN_R[3].r/u_datapath/north_vc0_fifo/rd_ptr_reg[0]/C,u_mesh/GEN_R[3].r/u_allocator/output_locked_reg[2]/D
2.369,20,5,5,intra,u_mesh/GEN_R[5].r/u_datapath/local_vc1_fifo/rd_ptr_reg[0]/C,u_mesh/GEN_R[5].r/u_allocator/output_locked_reg[1]/D
2.380,17,5,5,intra,u_mesh/GEN_R[5].r/u_datapath/local_vc1_fifo/rd_ptr_reg[0]/C,u_mesh/GEN_R[5].r/u_credit_control/credit_count_reg[1][0][1]/D
2.383,17,3,3,intra,u_mesh/GEN_R[3].r/u_datapath/local_vc2_fifo/rd_ptr_reg[1]/C,u_mesh/GEN_R[3].r/u_datapath/east_vc2_fifo/credit_valid_reg/D
2.387,17,2,2,intra,u_mesh/GEN_R[2].r/u_datapath/local_vc2_fifo/rd_ptr_reg[1]/C,u_mesh/GEN_R[2].r/u_datapath/south_vc0_fifo/rd_ptr_reg[0]/D
2.393,18,4,4,intra,u_mesh/GEN_R[4].r/u_datapath/local_vc2_fifo/rd_ptr_reg[0]_replica/C,u_mesh/GEN_R[4].r/u_datapath/east_vc1_fifo/rd_ptr_reg[0]/D
2.397,18,0,0,intra,u_mesh/GEN_R[0].r/u_datapath/south_vc1_fifo/rd_ptr_reg[1]/C,u_mesh/GEN_R[0].r/u_credit_control/credit_count_reg[0][1][1]/D
2.398,18,4,4,intra,u_mesh/GEN_R[4].r/u_datapath/local_vc2_fifo/rd_ptr_reg[0]_replica/C,u_mesh/GEN_R[4].r/u_datapath/east_vc1_fifo/rd_ptr_reg[1]/D
2.401,17,2,2,intra,u_mesh/GEN_R[2].r/u_datapath/local_vc2_fifo/rd_ptr_reg[1]/C,u_mesh/GEN_R[2].r/u_datapath/south_vc1_fifo/credit_valid_reg/D
2.406,17,3,3,intra,u_mesh/GEN_R[3].r/u_datapath/local_vc2_fifo/rd_ptr_reg[1]/C,u_mesh/GEN_R[3].r/u_allocator/output_owner_reg[0][0]/D
2.411,19,3,3,intra,u_mesh/GEN_R[3].r/u_datapath/north_vc0_fifo/rd_ptr_reg[0]/C,u_mesh/GEN_R[3].r/u_allocator/output_owner_reg[2][0]/CE
2.411,19,3,3,intra,u_mesh/GEN_R[3].r/u_datapath/north_vc0_fifo/rd_ptr_reg[0]/C,u_mesh/GEN_R[3].r/u_allocator/output_owner_reg[2][1]/CE
2.411,19,3,3,intra,u_mesh/GEN_R[3].r/u_datapath/north_vc0_fifo/rd_ptr_reg[0]/C,u_mesh/GEN_R[3].r/u_allocator/output_owner_reg[2][2]/CE
2.411,19,3,3,intra,u_mesh/GEN_R[3].r/u_datapath/north_vc0_fifo/rd_ptr_reg[0]/C,u_mesh/GEN_R[3].r/u_allocator/output_owner_reg[2][3]/CE
2.412,17,3,3,intra,u_mesh/GEN_R[3].r/u_datapath/east_vc0_fifo/rd_ptr_reg[0]/C,u_mesh/GEN_R[3].r/u_allocator/output_owner_reg[3][0]/CE
2.412,17,3,3,intra,u_mesh/GEN_R[3].r/u_datapath/east_vc0_fifo/rd_ptr_reg[0]/C,u_mesh/GEN_R[3].r/u_allocator/output_owner_reg[3][1]/CE
2.412,17,3,3,intra,u_mesh/GEN_R[3].r/u_datapath/east_vc0_fifo/rd_ptr_reg[0]/C,u_mesh/GEN_R[3].r/u_allocator/output_owner_reg[3][2]/CE
2.412,17,3,3,intra,u_mesh/GEN_R[3].r/u_datapath/east_vc0_fifo/rd_ptr_reg[0]/C,u_mesh/GEN_R[3].r/u_allocator/output_owner_reg[3][3]/CE
2.419,18,0,0,intra,u_mesh/GEN_R[0].r/u_datapath/east_vc1_fifo/rd_ptr_reg[0]/C,u_mesh/GEN_R[0].r/u_datapath/local_vc1_fifo/count_reg[0]/D
2.426,18,5,5,intra,u_mesh/GEN_R[5].r/u_datapath/local_vc1_fifo/rd_ptr_reg[0]/C,u_mesh/GEN_R[5].r/u_datapath/west_vc2_fifo/rd_ptr_reg[0]/D
2.428,19,4,4,intra,u_mesh/GEN_R[4].r/u_datapath/west_vc0_fifo/rd_ptr_reg[0]/C,u_mesh/GEN_R[4].r/u_datapath/south_vc2_fifo/count_reg[0]/D
2.429,18,1,1,intra,u_mesh/GEN_R[1].r/u_datapath/west_vc2_fifo/rd_ptr_reg[1]/C,u_mesh/GEN_R[1].r/u_allocator/output_owner_reg[2][0]/D
2.433,19,4,4,intra,u_mesh/GEN_R[4].r/u_datapath/west_vc0_fifo/rd_ptr_reg[0]/C,u_mesh/GEN_R[4].r/u_datapath/south_vc2_fifo/count_reg[1]/D
2.436,18,5,5,intra,u_mesh/GEN_R[5].r/u_datapath/local_vc1_fifo/rd_ptr_reg[0]/C,u_mesh/GEN_R[5].r/u_datapath/west_vc2_fifo/rd_ptr_reg[0]_replica_1/D
2.437,18,3,3,intra,u_mesh/GEN_R[3].r/u_datapath/local_vc2_fifo/rd_ptr_reg[1]/C,u_mesh/GEN_R[3].r/u_allocator/output_owner_reg[0][0]/CE
2.437,18,3,3,intra,u_mesh/GEN_R[3].r/u_datapath/local_vc2_fifo/rd_ptr_reg[1]/C,u_mesh/GEN_R[3].r/u_allocator/output_owner_reg[0][1]/CE
2.437,18,3,3,intra,u_mesh/GEN_R[3].r/u_datapath/local_vc2_fifo/rd_ptr_reg[1]/C,u_mesh/GEN_R[3].r/u_allocator/output_owner_reg[0][2]/CE
2.437,18,3,3,intra,u_mesh/GEN_R[3].r/u_datapath/local_vc2_fifo/rd_ptr_reg[1]/C,u_mesh/GEN_R[3].r/u_allocator/output_owner_reg[0][3]/CE
2.438,18,5,5,intra,u_mesh/GEN_R[5].r/u_datapath/west_vc1_fifo/rd_ptr_reg[1]/C,u_mesh/GEN_R[5].r/u_datapath/local_vc2_fifo/rd_ptr_reg[0]/D
2.441,19,2,2,intra,u_mesh/GEN_R[2].r/u_datapath/local_vc2_fifo/rd_ptr_reg[1]/C,u_mesh/GEN_R[2].r/u_allocator/output_locked_reg[3]/D
2.442,18,1,1,intra,u_mesh/GEN_R[1].r/u_datapath/west_vc2_fifo/rd_ptr_reg[1]/C,u_mesh/GEN_R[1].r/u_datapath/local_vc2_fifo/count_reg[0]/D
2.446,17,3,3,intra,u_mesh/GEN_R[3].r/u_datapath/local_vc2_fifo/rd_ptr_reg[1]/C,u_mesh/GEN_R[3].r/u_datapath/east_vc0_fifo/credit_valid_reg/D
2.447,18,1,1,intra,u_mesh/GEN_R[1].r/u_datapath/west_vc2_fifo/rd_ptr_reg[1]/C,u_mesh/GEN_R[1].r/u_allocator/output_owner_reg[2][1]/D
2.449,17,2,2,intra,u_mesh/GEN_R[2].r/u_datapath/local_vc2_fifo/rd_ptr_reg[1]/C,u_mesh/GEN_R[2].r/u_datapath/south_vc0_fifo/rd_ptr_reg[1]/D
2.450,18,0,0,intra,u_mesh/GEN_R[0].r/u_datapath/east_vc1_fifo/rd_ptr_reg[0]/C,u_mesh/GEN_R[0].r/u_datapath/local_vc2_fifo/count_reg[0]/D
2.452,18,5,5,intra,u_mesh/GEN_R[5].r/u_datapath/local_vc1_fifo/rd_ptr_reg[0]/C,u_mesh/GEN_R[5].r/u_allocator/output_locked_reg[3]/D
2.455,18,4,4,intra,u_mesh/GEN_R[4].r/u_datapath/local_vc2_fifo/rd_ptr_reg[0]_replica/C,u_mesh/GEN_R[4].r/u_datapath/south_vc1_fifo/count_reg[1]/D
2.457,18,1,1,intra,u_mesh/GEN_R[1].r/u_datapath/west_vc2_fifo/rd_ptr_reg[1]/C,u_mesh/GEN_R[1].r/u_datapath/local_vc2_fifo/count_reg[1]/D
2.457,18,4,4,intra,u_mesh/GEN_R[4].r/u_datapath/local_vc2_fifo/rd_ptr_reg[0]_replica/C,u_mesh/GEN_R[4].r/u_datapath/south_vc1_fifo/count_reg[0]/D
2.465,17,3,3,intra,u_mesh/GEN_R[3].r/u_datapath/local_vc2_fifo/rd_ptr_reg[1]/C,u_mesh/GEN_R[3].r/u_datapath/north_vc1_fifo/rd_ptr_reg[0]/D
2.466,18,0,0,intra,u_mesh/GEN_R[0].r/u_datapath/east_vc1_fifo/rd_ptr_reg[0]/C,u_mesh/GEN_R[0].r/u_credit_control/credit_count_reg[3][1][0]/D
2.467,18,4,4,intra,u_mesh/GEN_R[4].r/u_datapath/local_vc2_fifo/rd_ptr_reg[0]_replica/C,u_mesh/GEN_R[4].r/u_datapath/local_vc0_fifo/count_reg[2]/D
2.469,18,4,4,intra,u_mesh/GEN_R[4].r/u_datapath/local_vc2_fifo/rd_ptr_reg[0]_replica/C,u_mesh/GEN_R[4].r/u_datapath/local_vc0_fifo/count_reg[0]/D
2.471,18,0,0,intra,u_mesh/GEN_R[0].r/u_datapath/east_vc1_fifo/rd_ptr_reg[0]/C,u_mesh/GEN_R[0].r/u_datapath/local_vc1_fifo/count_reg[1]/D
2.487,18,5,5,intra,u_mesh/GEN_R[5].r/u_datapath/west_vc1_fifo/rd_ptr_reg[1]/C,u_mesh/GEN_R[5].r/u_datapath/west_vc0_fifo/credit_valid_reg/D
2.502,18,0,0,intra,u_mesh/GEN_R[0].r/u_datapath/east_vc1_fifo/rd_ptr_reg[0]/C,u_mesh/GEN_R[0].r/u_datapath/local_vc2_fifo/count_reg[1]/D
2.504,18,4,4,intra,u_mesh/GEN_R[4].r/u_datapath/local_vc2_fifo/rd_ptr_reg[0]_replica/C,u_mesh/GEN_R[4].r/u_datapath/south_vc1_fifo/count_reg[2]/D
2.507,18,3,3,intra,u_mesh/GEN_R[3].r/u_datapath/local_vc2_fifo/rd_ptr_reg[1]/C,u_mesh/GEN_R[3].r/u_datapath/west_vc1_fifo/count_reg[1]/D
2.514,18,3,3,intra,u_mesh/GEN_R[3].r/u_datapath/local_vc2_fifo/rd_ptr_reg[1]/C,u_mesh/GEN_R[3].r/u_datapath/west_vc1_fifo/count_reg[0]/D
2.518,18,0,0,intra,u_mesh/GEN_R[0].r/u_datapath/east_vc1_fifo/rd_ptr_reg[0]/C,u_mesh/GEN_R[0].r/u_datapath/north_vc1_fifo/count_reg[1]/D
2.521,17,3,3,intra,u_mesh/GEN_R[3].r/u_datapath/east_vc0_fifo/rd_ptr_reg[0]/C,u_mesh/GEN_R[3].r/u_datapath/east_vc1_fifo/rd_ptr_reg[1]/D
2.521,18,4,4,intra,u_mesh/GEN_R[4].r/u_datapath/local_vc2_fifo/rd_ptr_reg[0]_replica/C,u_mesh/GEN_R[4].r/u_datapath/local_vc0_fifo/count_reg[1]/D
2.522,18,0,0,intra,u_mesh/GEN_R[0].r/u_datapath/east_vc1_fifo/rd_ptr_reg[0]/C,u_mesh/GEN_R[0].r/u_datapath/local_vc2_fifo/count_reg[2]/D
2.522,19,0,0,intra,u_mesh/GEN_R[0].r/u_datapath/east_vc1_fifo/rd_ptr_reg[0]/C,u_mesh/GEN_R[0].r/u_datapath/west_vc1_fifo/count_reg[1]/D
2.524,19,0,0,intra,u_mesh/GEN_R[0].r/u_datapath/east_vc1_fifo/rd_ptr_reg[0]/C,u_mesh/GEN_R[0].r/u_datapath/west_vc1_fifo/count_reg[0]/D
2.525,18,1,1,intra,u_mesh/GEN_R[1].r/u_datapath/west_vc2_fifo/rd_ptr_reg[1]/C,u_mesh/GEN_R[1].r/u_datapath/north_vc0_fifo/count_reg[1]/D
2.531,18,4,4,intra,u_mesh/GEN_R[4].r/u_datapath/west_vc0_fifo/rd_ptr_reg[0]/C,u_mesh/GEN_R[4].r/u_allocator/output_owner_reg[2][2]/D
2.532,18,4,4,intra,u_mesh/GEN_R[4].r/u_datapath/local_vc2_fifo/rd_ptr_reg[0]_replica/C,u_mesh/GEN_R[4].r/u_allocator/output_owner_reg[4][0]/D
2.535,17,2,2,intra,u_mesh/GEN_R[2].r/u_datapath/local_vc2_fifo/rd_ptr_reg[1]/C,u_mesh/GEN_R[2].r/u_datapath/south_vc1_fifo/rd_ptr_reg[1]/D
2.536,18,0,0,intra,u_mesh/GEN_R[0].r/u_datapath/east_vc1_fifo/rd_ptr_reg[0]/C,u_mesh/GEN_R[0].r/u_datapath/north_vc1_fifo/count_reg[2]/D
2.536,17,2,2,intra,u_mesh/GEN_R[2].r/u_datapath/local_vc2_fifo/rd_ptr_reg[1]/C,u_mesh/GEN_R[2].r/u_datapath/west_vc0_fifo/rd_ptr_reg[1]/D
2.541,17,1,1,intra,u_mesh/GEN_R[1].r/u_datapath/east_vc1_fifo/rd_ptr_reg[1]/C,u_mesh/GEN_R[1].r/u_credit_control/credit_count_reg[0][2][0]/D
2.541,18,1,1,intra,u_mesh/GEN_R[1].r/u_datapath/local_vc0_fifo/rd_ptr_reg[0]/C,u_mesh/GEN_R[1].r/u_datapath/local_vc2_fifo/rd_ptr_reg[1]/D
2.542,17,4,4,intra,u_mesh/GEN_R[4].r/u_datapath/local_vc2_fifo/rd_ptr_reg[0]_replica/C,u_mesh/GEN_R[4].r/u_datapath/west_vc0_fifo/rd_ptr_reg[0]/D
2.543,18,0,0,intra,u_mesh/GEN_R[0].r/u_datapath/south_vc1_fifo/rd_ptr_reg[1]/C,u_mesh/GEN_R[0].r/u_credit_control/credit_count_reg[0][1][2]/D
2.547,18,4,4,intra,u_mesh/GEN_R[4].r/u_datapath/local_vc2_fifo/rd_ptr_reg[0]_replica/C,u_mesh/GEN_R[4].r/u_allocator/output_owner_reg[4][3]/D
2.551,18,4,4,intra,u_mesh/GEN_R[4].r/u_datapath/west_vc0_fifo/rd_ptr_reg[0]/C,u_mesh/GEN_R[4].r/u_allocator/output_owner_reg[2][3]/D
2.551,18,3,3,intra,u_mesh/GEN_R[3].r/u_datapath/local_vc2_fifo/rd_ptr_reg[1]/C,u_mesh/GEN_R[3].r/u_datapath/west_vc1_fifo/count_reg[2]/D
2.551,17,2,2,intra,u_mesh/GEN_R[2].r/u_datapath/local_vc2_fifo/rd_ptr_reg[1]/C,u_mesh/GEN_R[2].r/u_datapath/south_vc1_fifo/rd_ptr_reg[0]/D
2.552,18,1,1,intra,u_mesh/GEN_R[1].r/u_datapath/local_vc0_fifo/rd_ptr_reg[0]/C,u_mesh/GEN_R[1].r/u_datapath/local_vc2_fifo/count_reg[2]/D
2.554,18,0,0,intra,u_mesh/GEN_R[0].r/u_datapath/east_vc1_fifo/rd_ptr_reg[0]/C,u_mesh/GEN_R[0].r/u_credit_control/credit_count_reg[3][2][0]/D
2.556,18,1,1,intra,u_mesh/GEN_R[1].r/u_datapath/west_vc2_fifo/rd_ptr_reg[1]/C,u_mesh/GEN_R[1].r/u_datapath/east_vc1_fifo/rd_ptr_reg[0]/D
2.558,18,1,1,intra,u_mesh/GEN_R[1].r/u_datapath/west_vc2_fifo/rd_ptr_reg[1]/C,u_mesh/GEN_R[1].r/u_datapath/north_vc2_fifo/count_reg[1]/D
2.560,18,1,1,intra,u_mesh/GEN_R[1].r/u_datapath/west_vc2_fifo/rd_ptr_reg[1]/C,u_mesh/GEN_R[1].r/u_datapath/north_vc2_fifo/count_reg[0]/D
2.565,18,5,5,intra,u_mesh/GEN_R[5].r/u_datapath/local_vc1_fifo/rd_ptr_reg[0]/C,u_mesh/GEN_R[5].r/u_datapath/north_vc1_fifo/credit_valid_reg/D
2.571,19,2,2,intra,u_mesh/GEN_R[2].r/u_datapath/local_vc2_fifo/rd_ptr_reg[1]/C,u_mesh/GEN_R[2].r/u_datapath/local_vc1_fifo/rd_ptr_reg[1]/D
2.571,19,0,0,intra,u_mesh/GEN_R[0].r/u_datapath/east_vc1_fifo/rd_ptr_reg[0]/C,u_mesh/GEN_R[0].r/u_datapath/west_vc1_fifo/count_reg[2]/D
2.574,18,1,1,intra,u_mesh/GEN_R[1].r/u_datapath/west_vc2_fifo/rd_ptr_reg[1]/C,u_mesh/GEN_R[1].r/u_datapath/north_vc0_fifo/count_reg[2]/D
2.577,18,0,0,intra,u_mesh/GEN_R[0].r/u_datapath/south_vc1_fifo/rd_ptr_reg[1]/C,u_mesh/GEN_R[0].r/u_allocator/output_locked_reg[2]/D
2.578,17,3,3,intra,u_mesh/GEN_R[3].r/u_datapath/local_vc2_fifo/rd_ptr_reg[1]/C,u_mesh/GEN_R[3].r/u_datapath/local_vc0_fifo/count_reg[0]/D
2.583,18,0,0,intra,u_mesh/GEN_R[0].r/u_datapath/east_vc1_fifo/rd_ptr_reg[0]/C,u_mesh/GEN_R[0].r/u_datapath/west_vc2_fifo/count_reg[1]/D
2.586,18,4,4,intra,u_mesh/GEN_R[4].r/u_datapath/west_vc0_fifo/rd_ptr_reg[0]/C,u_mesh/GEN_R[4].r/u_credit_control/credit_count_reg[1][1][1]/D
2.589,18,1,1,intra,u_mesh/GEN_R[1].r/u_datapath/west_vc2_fifo/rd_ptr_reg[1]/C,u_mesh/GEN_R[1].r/u_datapath/local_vc1_fifo/rd_ptr_reg[1]/D
2.594,18,1,1,intra,u_mesh/GEN_R[1].r/u_datapath/local_vc0_fifo/rd_ptr_reg[0]/C,u_mesh/GEN_R[1].r/u_allocator/output_locked_reg[1]/D
2.594,17,3,3,intra,u_mesh/GEN_R[3].r/u_datapath/local_vc2_fifo/rd_ptr_reg[1]/C,u_mesh/GEN_R[3].r/u_datapath/local_vc2_fifo/rd_ptr_reg[1]/D
2.597,18,5,5,intra,u_mesh/GEN_R[5].r/u_datapath/west_vc1_fifo/rd_ptr_reg[1]/C,u_mesh/GEN_R[5].r/u_allocator/output_locked_reg[0]/D
2.598,17,3,3,intra,u_mesh/GEN_R[3].r/u_datapath/local_vc2_fifo/rd_ptr_reg[1]/C,u_mesh/GEN_R[3].r/u_datapath/local_vc0_fifo/count_reg[1]/D
2.601,18,0,0,intra,u_mesh/GEN_R[0].r/u_datapath/east_vc1_fifo/rd_ptr_reg[0]/C,u_mesh/GEN_R[0].r/u_datapath/west_vc2_fifo/count_reg[2]/D
2.605,18,0,0,intra,u_mesh/GEN_R[0].r/u_datapath/south_vc1_fifo/rd_ptr_reg[1]/C,u_mesh/GEN_R[0].r/u_allocator/output_owner_reg[2][0]/CE
2.605,18,0,0,intra,u_mesh/GEN_R[0].r/u_datapath/south_vc1_fifo/rd_ptr_reg[1]/C,u_mesh/GEN_R[0].r/u_allocator/output_owner_reg[2][1]/CE
2.605,18,0,0,intra,u_mesh/GEN_R[0].r/u_datapath/south_vc1_fifo/rd_ptr_reg[1]/C,u_mesh/GEN_R[0].r/u_allocator/output_owner_reg[2][2]/CE
2.605,18,0,0,intra,u_mesh/GEN_R[0].r/u_datapath/south_vc1_fifo/rd_ptr_reg[1]/C,u_mesh/GEN_R[0].r/u_allocator/output_owner_reg[2][3]/CE
2.605,18,1,1,intra,u_mesh/GEN_R[1].r/u_datapath/west_vc2_fifo/rd_ptr_reg[1]/C,u_mesh/GEN_R[1].r/u_datapath/local_vc0_fifo/rd_ptr_reg[1]/D
2.606,18,0,0,intra,u_mesh/GEN_R[0].r/u_datapath/east_vc1_fifo/rd_ptr_reg[0]/C,u_mesh/GEN_R[0].r/u_credit_control/credit_count_reg[3][2][1]/D
2.607,18,1,1,intra,u_mesh/GEN_R[1].r/u_datapath/west_vc2_fifo/rd_ptr_reg[1]/C,u_mesh/GEN_R[1].r/u_datapath/north_vc2_fifo/count_reg[2]/D
2.609,18,4,4,intra,u_mesh/GEN_R[4].r/u_datapath/local_vc2_fifo/rd_ptr_reg[0]_replica/C,u_mesh/GEN_R[4].r/u_allocator/output_locked_reg[0]/D
2.612,18,0,0,intra,u_mesh/GEN_R[0].r/u_datapath/east_vc1_fifo/rd_ptr_reg[0]/C,u_mesh/GEN_R[0].r/u_datapath/local_vc0_fifo/count_reg[2]/D
2.613,17,4,4,intra,u_mesh/GEN_R[4].r/u_datapath/local_vc2_fifo/rd_ptr_reg[0]_replica/C,u_mesh/GEN_R[4].r/u_datapath/west_vc2_fifo/rd_ptr_reg[1]/D
2.619,18,4,4,intra,u_mesh/GEN_R[4].r/u_datapath/west_vc0_fifo/rd_ptr_reg[0]/C,u_mesh/GEN_R[4].r/u_allocator/output_owner_reg[2][0]/D
2.639,18,4,4,intra,u_mesh/GEN_R[4].r/u_datapath/west_vc0_fifo/rd_ptr_reg[0]/C,u_mesh/GEN_R[4].r/u_allocator/output_owner_reg[2][1]/D
2.639,18,5,5,intra,u_mesh/GEN_R[5].r/u_datapath/west_vc1_fifo/rd_ptr_reg[1]/C,u_mesh/GEN_R[5].r/u_datapath/local_vc1_fifo/count_reg[2]/D
2.649,18,5,5,intra,u_mesh/GEN_R[5].r/u_datapath/west_vc1_fifo/rd_ptr_reg[1]/C,u_mesh/GEN_R[5].r/u_datapath/north_vc2_fifo/credit_valid_reg/D
2.650,19,4,4,intra,u_mesh/GEN_R[4].r/u_datapath/west_vc0_fifo/rd_ptr_reg[0]/C,u_mesh/GEN_R[4].r/u_credit_control/credit_count_reg[1][1][0]/D
2.656,18,1,1,intra,u_mesh/GEN_R[1].r/u_datapath/west_vc2_fifo/rd_ptr_reg[1]/C,u_mesh/GEN_R[1].r/u_allocator/output_owner_reg[2][2]/D
2.674,18,1,1,intra,u_mesh/GEN_R[1].r/u_datapath/west_vc2_fifo/rd_ptr_reg[1]/C,u_mesh/GEN_R[1].r/u_allocator/output_owner_reg[2][3]/D
2.675,19,2,2,intra,u_mesh/GEN_R[2].r/u_datapath/local_vc2_fifo/rd_ptr_reg[1]/C,u_mesh/GEN_R[2].r/u_datapath/west_vc1_fifo/rd_ptr_reg[1]/D
2.675,18,2,2,intra,u_mesh/GEN_R[2].r/u_datapath/local_vc2_fifo/rd_ptr_reg[1]/C,u_mesh/GEN_R[2].r/u_allocator/output_locked_reg[0]/D
2.675,18,0,0,intra,u_mesh/GEN_R[0].r/u_datapath/east_vc1_fifo/rd_ptr_reg[0]/C,u_mesh/GEN_R[0].r/u_datapath/west_vc2_fifo/count_reg[0]/D
2.681,18,5,5,intra,u_mesh/GEN_R[5].r/u_datapath/west_vc1_fifo/rd_ptr_reg[1]/C,u_mesh/GEN_R[5].r/u_datapath/local_vc1_fifo/count_reg[0]/D
2.684,18,5,5,intra,u_mesh/GEN_R[5].r/u_datapath/west_vc1_fifo/rd_ptr_reg[1]/C,u_mesh/GEN_R[5].r/u_credit_control/credit_count_reg[0][0][2]/D
2.688,18,5,5,intra,u_mesh/GEN_R[5].r/u_datapath/local_vc1_fifo/rd_ptr_reg[0]/C,u_mesh/GEN_R[5].r/u_datapath/north_vc1_fifo/rd_ptr_reg[0]/D
2.691,18,0,0,intra,u_mesh/GEN_R[0].r/u_datapath/east_vc1_fifo/rd_ptr_reg[0]/C,u_mesh/GEN_R[0].r/u_datapath/local_vc1_fifo/rd_ptr_reg[1]/D
2.691,18,0,0,intra,u_mesh/GEN_R[0].r/u_datapath/east_vc1_fifo/rd_ptr_reg[0]/C,u_mesh/GEN_R[0].r/u_datapath/north_vc2_fifo/count_reg[1]/D
2.693,18,5,5,intra,u_mesh/GEN_R[5].r/u_datapath/local_vc1_fifo/rd_ptr_reg[0]/C,u_mesh/GEN_R[5].r/u_datapath/north_vc1_fifo/rd_ptr_reg[1]/D
2.693,18,0,0,intra,u_mesh/GEN_R[0].r/u_datapath/east_vc1_fifo/rd_ptr_reg[0]/C,u_mesh/GEN_R[0].r/u_datapath/north_vc2_fifo/count_reg[0]/D
2.695,18,1,1,intra,u_mesh/GEN_R[1].r/u_datapath/west_vc2_fifo/rd_ptr_reg[1]/C,u_mesh/GEN_R[1].r/u_datapath/north_vc0_fifo/count_reg[0]/D
2.701,17,3,3,intra,u_mesh/GEN_R[3].r/u_datapath/east_vc0_fifo/rd_ptr_reg[0]/C,u_mesh/GEN_R[3].r/u_datapath/east_vc1_fifo/credit_valid_reg/D
2.703,17,4,4,intra,u_mesh/GEN_R[4].r/u_datapath/west_vc0_fifo/rd_ptr_reg[0]/C,u_mesh/GEN_R[4].r/u_credit_control/credit_count_reg[1][0][1]/D
2.703,18,5,5,intra,u_mesh/GEN_R[5].r/u_datapath/local_vc1_fifo/rd_ptr_reg[0]/C,u_mesh/GEN_R[5].r/u_datapath/north_vc0_fifo/rd_ptr_reg[0]/D
2.708,18,2,2,intra,u_mesh/GEN_R[2].r/u_datapath/local_vc2_fifo/rd_ptr_reg[1]/C,u_mesh/GEN_R[2].r/u_datapath/local_vc2_fifo/count_reg[2]/D
2.708,18,5,5,intra,u_mesh/GEN_R[5].r/u_datapath/local_vc1_fifo/rd_ptr_reg[0]/C,u_mesh/GEN_R[5].r/u_datapath/north_vc0_fifo/rd_ptr_reg[1]/D
2.711,18,1,1,intra,u_mesh/GEN_R[1].r/u_datapath/local_vc0_fifo/rd_ptr_reg[0]/C,u_mesh/GEN_R[1].r/u_allocator/output_owner_reg[1][1]/D
2.711,18,0,0,intra,u_mesh/GEN_R[0].r/u_datapath/east_vc1_fifo/rd_ptr_reg[0]/C,u_mesh/GEN_R[0].r/u_credit_control/credit_count_reg[3][2][2]/D
2.712,18,4,4,intra,u_mesh/GEN_R[4].r/u_datapath/west_vc0_fifo/rd_ptr_reg[0]/C,u_mesh/GEN_R[4].r/u_datapath/local_vc1_fifo/rd_ptr_reg[1]/D
2.724,17,3,3,intra,u_mesh/GEN_R[3].r/u_datapath/local_vc2_fifo/rd_ptr_reg[1]/C,u_mesh/GEN_R[3].r/u_datapath/local_vc1_fifo/rd_ptr_reg[1]/D
2.727,18,1,1,intra,u_mesh/GEN_R[1].r/u_datapath/local_vc0_fifo/rd_ptr_reg[0]/C,u_mesh/GEN_R[1].r/u_allocator/output_owner_reg[1][2]/D
2.733,18,5,5,intra,u_mesh/GEN_R[5].r/u_datapath/west_vc1_fifo/rd_ptr_reg[1]/C,u_mesh/GEN_R[5].r/u_datapath/local_vc1_fifo/count_reg[1]/D
2.740,18,0,0,intra,u_mesh/GEN_R[0].r/u_datapath/east_vc1_fifo/rd_ptr_reg[0]/C,u_mesh/GEN_R[0].r/u_datapath/north_vc2_fifo/count_reg[2]/D
2.741,17,3,3,intra,u_mesh/GEN_R[3].r/u_datapath/local_vc2_fifo/rd_ptr_reg[1]/C,u_mesh/GEN_R[3].r/u_datapath/local_vc1_fifo/count_reg[2]/D
2.743,19,2,2,intra,u_mesh/GEN_R[2].r/u_datapath/local_vc2_fifo/rd_ptr_reg[1]/C,u_mesh/GEN_R[2].r/u_allocator/output_locked_reg[4]/D
2.746,18,0,0,intra,u_mesh/GEN_R[0].r/u_datapath/east_vc1_fifo/rd_ptr_reg[0]/C,u_mesh/GEN_R[0].r/u_credit_control/credit_count_reg[1][0][1]/D
2.750,19,3,3,intra,u_mesh/GEN_R[3].r/u_datapath/east_vc1_fifo/rd_ptr_reg[1]_replica/C,u_mesh/GEN_R[3].r/u_allocator/output_locked_reg[1]/D
2.757,17,4,4,intra,u_mesh/GEN_R[4].r/u_datapath/local_vc2_fifo/rd_ptr_reg[0]_replica/C,u_mesh/GEN_R[4].r/u_datapath/west_vc2_fifo/credit_valid_reg/D
2.757,18,5,5,intra,u_mesh/GEN_R[5].r/u_datapath/west_vc1_fifo/rd_ptr_reg[1]/C,u_mesh/GEN_R[5].r/u_datapath/west_vc0_fifo/rd_ptr_reg[0]/D
2.761,18,0,0,intra,u_mesh/GEN_R[0].r/u_datapath/east_vc1_fifo/rd_ptr_reg[0]/C,u_mesh/GEN_R[0].r/u_credit_control/credit_count_reg[1][0][2]/D
2.762,18,5,5,intra,u_mesh/GEN_R[5].r/u_datapath/west_vc1_fifo/rd_ptr_reg[1]/C,u_mesh/GEN_R[5].r/u_datapath/west_vc0_fifo/rd_ptr_reg[1]/D
2.767,17,3,3,intra,u_mesh/GEN_R[3].r/u_datapath/local_vc2_fifo/rd_ptr_reg[1]/C,u_mesh/GEN_R[3].r/u_datapath/local_vc1_fifo/count_reg[0]/D
2.768,18,4,4,intra,u_mesh/GEN_R[4].r/u_datapath/local_vc2_fifo/rd_ptr_reg[1]_replica/C,u_mesh/GEN_R[4].r/u_datapath/local_vc0_fifo/rd_ptr_reg[1]/D
2.779,18,1,1,intra,u_mesh/GEN_R[1].r/u_datapath/local_vc0_fifo/rd_ptr_reg[0]/C,u_mesh/GEN_R[1].r/u_credit_control/credit_count_reg[4][1][1]/D
2.779,18,0,0,intra,u_mesh/GEN_R[0].r/u_datapath/east_vc1_fifo/rd_ptr_reg[0]/C,u_mesh/GEN_R[0].r/u_allocator/output_owner_reg[1][0]/D
2.781,18,1,1,intra,u_mesh/GEN_R[1].r/u_datapath/local_vc0_fifo/rd_ptr_reg[0]/C,u_mesh/GEN_R[1].r/u_credit_control/credit_count_reg[4][1][0]/D
2.787,18,0,0,intra,u_mesh/GEN_R[0].r/u_datapath/east_vc1_fifo/rd_ptr_reg[0]/C,u_mesh/GEN_R[0].r/u_datapath/north_vc1_fifo/count_reg[0]/D
2.794,19,2,2,intra,u_mesh/GEN_R[2].r/u_datapath/local_vc2_fifo/rd_ptr_reg[1]/C,u_mesh/GEN_R[2].r/u_datapath/west_vc1_fifo/rd_ptr_reg[0]/D
2.798,19,2,2,intra,u_mesh/GEN_R[2].r/u_datapath/local_vc2_fifo/rd_ptr_reg[1]/C,u_mesh/GEN_R[2].r/u_datapath/local_vc1_fifo/count_reg[0]/D
2.799,18,0,0,intra,u_mesh/GEN_R[0].r/u_datapath/east_vc1_fifo/rd_ptr_reg[0]/C,u_mesh/GEN_R[0].r/u_allocator/output_owner_reg[1][3]/D
2.805,18,0,0,intra,u_mesh/GEN_R[0].r/u_datapath/east_vc1_fifo/rd_ptr_reg[0]/C,u_mesh/GEN_R[0].r/u_datapath/north_vc0_fifo/count_reg[1]/D
2.807,18,0,0,intra,u_mesh/GEN_R[0].r/u_datapath/east_vc1_fifo/rd_ptr_reg[0]/C,u_mesh/GEN_R[0].r/u_datapath/north_vc0_fifo/count_reg[0]/D
2.808,18,5,5,intra,u_mesh/GEN_R[5].r/u_datapath/west_vc1_fifo/rd_ptr_reg[1]/C,u_mesh/GEN_R[5].r/u_datapath/north_vc2_fifo/rd_ptr_reg[0]/D
2.816,17,3,3,intra,u_mesh/GEN_R[3].r/u_datapath/local_vc2_fifo/rd_ptr_reg[1]/C,u_mesh/GEN_R[3].r/u_datapath/local_vc1_fifo/count_reg[1]/D
2.830,18,0,0,intra,u_mesh/GEN_R[0].r/u_datapath/east_vc1_fifo/rd_ptr_reg[0]/C,u_mesh/GEN_R[0].r/u_allocator/output_owner_reg[1][1]/D
2.831,18,2,2,intra,u_mesh/GEN_R[2].r/u_datapath/local_vc2_fifo/rd_ptr_reg[1]/C,u_mesh/GEN_R[2].r/u_datapath/west_vc2_fifo/credit_valid_reg/D
2.837,18,2,2,intra,u_mesh/GEN_R[2].r/u_datapath/local_vc2_fifo/rd_ptr_reg[1]/C,u_mesh/GEN_R[2].r/u_datapath/local_vc2_fifo/count_reg[0]/D
2.838,17,3,3,intra,u_mesh/GEN_R[3].r/u_datapath/east_vc1_fifo/rd_ptr_reg[1]_replica/C,u_mesh/GEN_R[3].r/u_datapath/north_vc2_fifo/credit_valid_reg/D
2.839,18,0,0,intra,u_mesh/GEN_R[0].r/u_datapath/east_vc1_fifo/rd_ptr_reg[0]/C,u_mesh/GEN_R[0].r/u_credit_control/credit_count_reg[3][0][0]/D
2.845,18,1,1,intra,u_mesh/GEN_R[1].r/u_datapath/west_vc2_fifo/rd_ptr_reg[1]/C,u_mesh/GEN_R[1].r/u_datapath/north_vc1_fifo/count_reg[1]/D
2.850,18,0,0,intra,u_mesh/GEN_R[0].r/u_datapath/east_vc1_fifo/rd_ptr_reg[0]/C,u_mesh/GEN_R[0].r/u_allocator/output_owner_reg[1][2]/D
2.850,19,2,2,intra,u_mesh/GEN_R[2].r/u_datapath/local_vc2_fifo/rd_ptr_reg[1]/C,u_mesh/GEN_R[2].r/u_datapath/local_vc1_fifo/count_reg[1]/D
2.852,18,1,1,intra,u_mesh/GEN_R[1].r/u_datapath/west_vc2_fifo/rd_ptr_reg[1]/C,u_mesh/GEN_R[1].r/u_datapath/north_vc1_fifo/count_reg[0]/D
2.854,18,0,0,intra,u_mesh/GEN_R[0].r/u_datapath/east_vc1_fifo/rd_ptr_reg[0]/C,u_mesh/GEN_R[0].r/u_datapath/north_vc0_fifo/count_reg[2]/D
2.871,18,5,5,intra,u_mesh/GEN_R[5].r/u_datapath/local_vc1_fifo/rd_ptr_reg[0]/C,u_mesh/GEN_R[5].r/u_datapath/west_vc2_fifo/credit_valid_reg/D
2.871,18,1,1,intra,u_mesh/GEN_R[1].r/u_datapath/west_vc2_fifo/rd_ptr_reg[1]/C,u_mesh/GEN_R[1].r/u_allocator/output_owner_reg[0][2]/D
2.872,18,1,1,intra,u_mesh/GEN_R[1].r/u_datapath/west_vc2_fifo/rd_ptr_reg[1]/C,u_mesh/GEN_R[1].r/u_credit_control/credit_count_reg[1][0][2]/D
2.877,19,5,5,intra,u_mesh/GEN_R[5].r/u_datapath/west_vc1_fifo/rd_ptr_reg[1]/C,u_mesh/GEN_R[5].r/u_datapath/south_vc2_fifo/count_reg[0]/D
2.887,18,1,1,intra,u_mesh/GEN_R[1].r/u_datapath/west_vc2_fifo/rd_ptr_reg[1]/C,u_mesh/GEN_R[1].r/u_credit_control/credit_count_reg[2][2][0]/D
2.889,18,1,1,intra,u_mesh/GEN_R[1].r/u_datapath/west_vc2_fifo/rd_ptr_reg[1]/C,u_mesh/GEN_R[1].r/u_datapath/north_vc1_fifo/count_reg[2]/D
2.889,18,2,2,intra,u_mesh/GEN_R[2].r/u_datapath/local_vc2_fifo/rd_ptr_reg[1]/C,u_mesh/GEN_R[2].r/u_datapath/local_vc2_fifo/count_reg[1]/D
2.892,18,1,1,intra,u_mesh/GEN_R[1].r/u_datapath/west_vc2_fifo/rd_ptr_reg[1]/C,u_mesh/GEN_R[1].r/u_credit_control/credit_count_reg[2][2][1]/D
2.893,18,0,0,intra,u_mesh/GEN_R[0].r/u_datapath/east_vc1_fifo/rd_ptr_reg[0]/C,u_mesh/GEN_R[0].r/u_credit_control/credit_count_reg[1][1][2]/D
2.894,18,4,4,intra,u_mesh/GEN_R[4].r/u_datapath/local_vc2_fifo/rd_ptr_reg[1]_replica/C,u_mesh/GEN_R[4].r/u_allocator/output_owner_reg[0][2]/D
2.895,18,1,1,intra,u_mesh/GEN_R[1].r/u_datapath/local_vc0_fifo/rd_ptr_reg[0]/C,u_mesh/GEN_R[1].r/u_credit_control/credit_count_reg[4][1][2]/D
2.896,18,5,5,intra,u_mesh/GEN_R[5].r/u_datapath/west_vc1_fifo/rd_ptr_reg[1]/C,u_mesh/GEN_R[5].r/u_credit_control/credit_count_reg[0][0][1]/D
2.901,18,4,4,intra,u_mesh/GEN_R[4].r/u_datapath/local_vc2_fifo/rd_ptr_reg[1]_replica/C,u_mesh/GEN_R[4].r/u_allocator/output_owner_reg[0][1]/D
2.904,20,2,2,intra,u_mesh/GEN_R[2].r/u_datapath/local_vc2_fifo/rd_ptr_reg[1]/C,u_mesh/GEN_R[2].r/u_datapath/east_vc2_fifo/count_reg[0]/D
2.905,18,2,2,intra,u_mesh/GEN_R[2].r/u_datapath/local_vc2_fifo/rd_ptr_reg[1]/C,u_mesh/GEN_R[2].r/u_datapath/local_vc0_fifo/count_reg[0]/D
2.914,18,5,5,intra,u_mesh/GEN_R[5].r/u_datapath/west_vc1_fifo/rd_ptr_reg[1]/C,u_mesh/GEN_R[5].r/u_datapath/local_vc0_fifo/count_reg[0]/D
2.916,20,2,2,intra,u_mesh/GEN_R[2].r/u_datapath/local_vc2_fifo/rd_ptr_reg[1]/C,u_mesh/GEN_R[2].r/u_datapath/east_vc2_fifo/count_reg[1]/D
2.919,18,1,1,intra,u_mesh/GEN_R[1].r/u_datapath/west_vc2_fifo/rd_ptr_reg[1]/C,u_mesh/GEN_R[1].r/u_allocator/output_owner_reg[0][3]/D
2.934,15,1,1,intra,u_mesh/GEN_R[1].r/u_datapath/east_vc1_fifo/rd_ptr_reg[1]/C,u_mesh/GEN_R[1].r/u_credit_control/credit_count_reg[0][1][1]/D
2.934,18,5,5,intra,u_mesh/GEN_R[5].r/u_datapath/west_vc1_fifo/rd_ptr_reg[1]/C,u_mesh/GEN_R[5].r/u_datapath/local_vc0_fifo/count_reg[1]/D
2.937,18,2,2,intra,u_mesh/GEN_R[2].r/u_datapath/local_vc2_fifo/rd_ptr_reg[1]/C,u_mesh/GEN_R[2].r/u_datapath/local_vc0_fifo/count_reg[2]/D
2.946,18,1,1,intra,u_mesh/GEN_R[1].r/u_datapath/local_vc0_fifo/rd_ptr_reg[0]/C,u_mesh/GEN_R[1].r/u_allocator/output_owner_reg[1][0]/D
2.950,18,4,4,intra,u_mesh/GEN_R[4].r/u_datapath/local_vc2_fifo/rd_ptr_reg[1]_replica/C,u_mesh/GEN_R[4].r/u_allocator/output_owner_reg[0][3]/D
2.956,18,4,4,intra,u_mesh/GEN_R[4].r/u_datapath/west_vc0_fifo/rd_ptr_reg[0]/C,u_mesh/GEN_R[4].r/u_credit_control/credit_count_reg[1][1][2]/D
2.957,18,2,2,intra,u_mesh/GEN_R[2].r/u_datapath/local_vc2_fifo/rd_ptr_reg[1]/C,u_mesh/GEN_R[2].r/u_datapath/local_vc0_fifo/count_reg[1]/D
2.959,18,2,2,intra,u_mesh/GEN_R[2].r/u_datapath/local_vc2_fifo/rd_ptr_reg[1]/C,u_mesh/GEN_R[2].r/u_datapath/local_vc0_fifo/rd_ptr_reg[1]/D
2.959,18,0,0,intra,u_mesh/GEN_R[0].r/u_datapath/east_vc1_fifo/rd_ptr_reg[0]/C,u_mesh/GEN_R[0].r/u_credit_control/credit_count_reg[1][1][1]/D
2.965,20,2,2,intra,u_mesh/GEN_R[2].r/u_datapath/local_vc2_fifo/rd_ptr_reg[1]/C,u_mesh/GEN_R[2].r/u_datapath/east_vc2_fifo/count_reg[2]/D
2.966,18,0,0,intra,u_mesh/GEN_R[0].r/u_datapath/east_vc1_fifo/rd_ptr_reg[0]/C,u_mesh/GEN_R[0].r/u_credit_control/credit_count_reg[1][1][0]/D
2.970,18,3,3,intra,u_mesh/GEN_R[3].r/u_datapath/east_vc1_fifo/rd_ptr_reg[1]_replica/C,u_mesh/GEN_R[3].r/u_credit_control/credit_count_reg[1][1][0]/D
2.980,18,0,0,intra,u_mesh/GEN_R[0].r/u_datapath/east_vc1_fifo/rd_ptr_reg[0]/C,u_mesh/GEN_R[0].r/u_datapath/west_vc0_fifo/count_reg[1]/D
2.981,19,5,5,intra,u_mesh/GEN_R[5].r/u_datapath/west_vc1_fifo/rd_ptr_reg[1]/C,u_mesh/GEN_R[5].r/u_datapath/south_vc2_fifo/count_reg[1]/D
2.981,19,5,5,intra,u_mesh/GEN_R[5].r/u_datapath/west_vc1_fifo/rd_ptr_reg[1]/C,u_mesh/GEN_R[5].r/u_datapath/south_vc2_fifo/count_reg[2]/D
2.984,18,0,0,intra,u_mesh/GEN_R[0].r/u_datapath/east_vc1_fifo/rd_ptr_reg[0]/C,u_mesh/GEN_R[0].r/u_credit_control/credit_count_reg[1][0][0]/D
2.987,18,0,0,intra,u_mesh/GEN_R[0].r/u_datapath/east_vc1_fifo/rd_ptr_reg[0]/C,u_mesh/GEN_R[0].r/u_datapath/west_vc0_fifo/count_reg[0]/D
2.989,17,3,3,intra,u_mesh/GEN_R[3].r/u_datapath/local_vc2_fifo/rd_ptr_reg[1]/C,u_mesh/GEN_R[3].r/u_datapath/south_vc0_fifo/count_reg[1]/D
2.992,18,5,5,intra,u_mesh/GEN_R[5].r/u_datapath/local_vc1_fifo/rd_ptr_reg[0]/C,u_mesh/GEN_R[5].r/u_credit_control/credit_count_reg[1][0][0]/D
2.998,18,1,1,intra,u_mesh/GEN_R[1].r/u_datapath/local_vc0_fifo/rd_ptr_reg[0]/C,u_mesh/GEN_R[1].r/u_allocator/output_owner_reg[1][3]/D
