slack_ns,logic_levels,src_router,dst_router,class,src_pin,dst_pin
0.202,19,0,0,intra,u_mesh/GEN_R[0].r/u_datapath/south_vc1_fifo/rd_ptr_reg[0]/C,u_mesh/GEN_R[0].r/G_EJECT_REG.eject_flit_q_reg[flit_data][12]/D
0.203,19,1,1,intra,u_mesh/GEN_R[1].r/u_datapath/south_vc2_fifo/rd_ptr_reg[0]/C,u_mesh/GEN_R[1].G_LINK_REG.q_w_reg[flit_data][4]/D
0.280,19,0,0,intra,u_mesh/GEN_R[0].r/u_datapath/south_vc1_fifo/rd_ptr_reg[0]/C,u_mesh/GEN_R[0].r/G_EJECT_REG.eject_flit_q_reg[flit_data][19]/D
0.292,19,0,0,intra,u_mesh/GEN_R[0].r/u_datapath/south_vc1_fifo/rd_ptr_reg[0]/C,u_mesh/GEN_R[0].r/G_EJECT_REG.eject_flit_q_reg[flit_data][22]/D
0.293,19,2,2,intra,u_mesh/GEN_R[2].r/u_datapath/local_vc1_fifo/rd_ptr_reg[0]/C,u_mesh/GEN_R[2].r/u_allocator/output_owner_reg[4][0]/CE
0.295,19,1,1,intra,u_mesh/GEN_R[1].r/u_datapath/south_vc2_fifo/rd_ptr_reg[0]/C,u_mesh/GEN_R[1].r/G_EJECT_REG.eject_flit_q_reg[flit_data][7]/D
0.297,19,0,0,intra,u_mesh/GEN_R[0].r/u_datapath/south_vc1_fifo/rd_ptr_reg[0]/C,u_mesh/GEN_R[0].G_LINK_REG.q_s_reg[flit_data][22]/D
0.313,19,0,0,intra,u_mesh/GEN_R[0].r/u_datapath/south_vc1_fifo/rd_ptr_reg[0]/C,u_mesh/GEN_R[0].G_LINK_REG.q_e_reg[flit_data][22]/D
0.316,19,0,0,intra,u_mesh/GEN_R[0].r/u_datapath/south_vc1_fifo/rd_ptr_reg[0]/C,u_mesh/GEN_R[0].G_LINK_REG.q_e_reg[flit_data][23]/D
0.334,19,1,1,intra,u_mesh/GEN_R[1].r/u_datapath/south_vc2_fifo/rd_ptr_reg[0]/C,u_mesh/GEN_R[1].r/G_EJECT_REG.eject_flit_q_reg[flit_data][14]/D
0.342,19,0,0,intra,u_mesh/GEN_R[0].r/u_datapath/south_vc1_fifo/rd_ptr_reg[0]/C,u_mesh/GEN_R[0].G_LINK_REG.q_s_reg[flit_data][31]/D
0.343,18,0,0,intra,u_mesh/GEN_R[0].r/u_datapath/south_vc1_fifo/rd_ptr_reg[0]/C,u_mesh/GEN_R[0].G_LINK_REG.q_e_reg[flit_data][9]/D
0.348,19,1,1,intra,u_mesh/GEN_R[1].r/u_datapath/south_vc2_fifo/rd_ptr_reg[0]/C,u_mesh/GEN_R[1].r/G_EJECT_REG.eject_flit_q_reg[flit_data][4]/D
0.351,19,0,0,intra,u_mesh/GEN_R[0].r/u_datapath/south_vc1_fifo/rd_ptr_reg[0]/C,u_mesh/GEN_R[0].G_LINK_REG.q_e_reg[flit_data][5]/D
0.355,19,1,1,intra,u_mesh/GEN_R[1].r/u_datapath/south_vc2_fifo/rd_ptr_reg[0]/C,u_mesh/GEN_R[1].r/G_EJECT_REG.eject_flit_q_reg[flit_data][10]/D
0.367,19,1,1,intra,u_mesh/GEN_R[1].r/u_datapath/south_vc2_fifo/rd_ptr_reg[0]/C,u_mesh/GEN_R[1].G_LINK_REG.q_e_reg[flit_data][15]/D
0.377,19,0,0,intra,u_mesh/GEN_R[0].r/u_datapath/south_vc1_fifo/rd_ptr_reg[0]/C,u_mesh/GEN_R[0].G_LINK_REG.q_e_reg[flit_data][1]/D
0.377,19,0,0,intra,u_mesh/GEN_R[0].r/u_datapath/south_vc1_fifo/rd_ptr_reg[0]/C,u_mesh/GEN_R[0].G_LINK_REG.q_s_reg[flit_data][3]/D
0.382,19,0,0,intra,u_mesh/GEN_R[0].r/u_datapath/south_vc1_fifo/rd_ptr_reg[0]/C,u_mesh/GEN_R[0].G_LINK_REG.q_e_reg[flit_data][28]/D
0.384,19,0,0,intra,u_mesh/GEN_R[0].r/u_datapath/south_vc1_fifo/rd_ptr_reg[0]/C,u_mesh/GEN_R[0].G_LINK_REG.q_s_reg[flit_data][5]/D
0.392,19,1,1,intra,u_mesh/GEN_R[1].r/u_datapath/south_vc2_fifo/rd_ptr_reg[0]/C,u_mesh/GEN_R[1].r/G_EJECT_REG.eject_flit_q_reg[flit_data][16]/D
0.396,19,1,1,intra,u_mesh/GEN_R[1].r/u_datapath/south_vc2_fifo/rd_ptr_reg[0]/C,u_mesh/GEN_R[1].G_LINK_REG.q_w_reg[flit_data][7]/D
0.397,19,1,1,intra,u_mesh/GEN_R[1].r/u_datapath/south_vc2_fifo/rd_ptr_reg[0]/C,u_mesh/GEN_R[1].G_LINK_REG.q_s_reg[flit_data][5]/D
0.401,19,0,0,intra,u_mesh/GEN_R[0].r/u_datapath/south_vc1_fifo/rd_ptr_reg[0]/C,u_mesh/GEN_R[0].G_LINK_REG.q_s_reg[flit_data][4]/D
0.401,19,0,0,intra,u_mesh/GEN_R[0].r/u_datapath/south_vc1_fifo/rd_ptr_reg[0]/C,u_mesh/GEN_R[0].G_LINK_REG.q_s_reg[flit_data][23]/D
0.402,19,0,0,intra,u_mesh/GEN_R[0].r/u_datapath/south_vc1_fifo/rd_ptr_reg[0]/C,u_mesh/GEN_R[0].r/G_EJECT_REG.eject_flit_q_reg[flit_data][31]/D
0.402,19,1,1,intra,u_mesh/GEN_R[1].r/u_datapath/south_vc2_fifo/rd_ptr_reg[0]/C,u_mesh/GEN_R[1].r/G_EJECT_REG.eject_flit_q_reg[flit_data][17]/D
0.403,19,1,1,intra,u_mesh/GEN_R[1].r/u_datapath/south_vc2_fifo/rd_ptr_reg[0]/C,u_mesh/GEN_R[1].G_LINK_REG.q_s_reg[flit_data][12]/D
0.404,19,1,1,intra,u_mesh/GEN_R[1].r/u_datapath/south_vc2_fifo/rd_ptr_reg[0]/C,u_mesh/GEN_R[1].G_LINK_REG.q_s_reg[flit_data][10]/D
0.409,19,1,1,intra,u_mesh/GEN_R[1].r/u_datapath/south_vc2_fifo/rd_ptr_reg[0]/C,u_mesh/GEN_R[1].G_LINK_REG.q_s_reg[flit_data][17]/D
0.409,19,0,0,intra,u_mesh/GEN_R[0].r/u_datapath/south_vc1_fifo/rd_ptr_reg[0]/C,u_mesh/GEN_R[0].r/G_EJECT_REG.eject_flit_q_reg[flit_data][5]/D
0.416,19,0,0,intra,u_mesh/GEN_R[0].r/u_datapath/south_vc1_fifo/rd_ptr_reg[0]/C,u_mesh/GEN_R[0].G_LINK_REG.q_s_reg[flit_data][19]/D
0.421,19,1,1,intra,u_mesh/GEN_R[1].r/u_datapath/south_vc2_fifo/rd_ptr_reg[0]/C,u_mesh/GEN_R[1].G_LINK_REG.qv_s_reg/D
0.422,19,0,0,intra,u_mesh/GEN_R[0].r/u_datapath/south_vc1_fifo/rd_ptr_reg[0]/C,u_mesh/GEN_R[0].G_LINK_REG.q_s_reg[flit_data][16]/D
0.427,19,0,0,intra,u_mesh/GEN_R[0].r/u_datapath/south_vc1_fifo/rd_ptr_reg[0]/C,u_mesh/GEN_R[0].r/G_EJECT_REG.eject_flit_q_reg[flit_data][14]/D
0.442,19,1,1,intra,u_mesh/GEN_R[1].r/u_datapath/south_vc2_fifo/rd_ptr_reg[0]/C,u_mesh/GEN_R[1].G_LINK_REG.q_w_reg[flit_data][15]/D
0.451,18,1,1,intra,u_mesh/GEN_R[1].r/u_datapath/south_vc2_fifo/rd_ptr_reg[0]/C,u_mesh/GEN_R[1].r/u_allocator/output_owner_reg[1][0]/CE
0.451,18,1,1,intra,u_mesh/GEN_R[1].r/u_datapath/south_vc2_fifo/rd_ptr_reg[0]/C,u_mesh/GEN_R[1].r/u_allocator/output_owner_reg[1][1]/CE
0.451,18,1,1,intra,u_mesh/GEN_R[1].r/u_datapath/south_vc2_fifo/rd_ptr_reg[0]/C,u_mesh/GEN_R[1].r/u_allocator/output_owner_reg[1][2]/CE
0.451,18,1,1,intra,u_mesh/GEN_R[1].r/u_datapath/south_vc2_fifo/rd_ptr_reg[0]/C,u_mesh/GEN_R[1].r/u_allocator/output_owner_reg[1][3]/CE
0.452,19,0,0,intra,u_mesh/GEN_R[0].r/u_datapath/south_vc1_fifo/rd_ptr_reg[0]/C,u_mesh/GEN_R[0].G_LINK_REG.q_e_reg[flit_data][18]/D
0.454,19,0,0,intra,u_mesh/GEN_R[0].r/u_datapath/south_vc1_fifo/rd_ptr_reg[0]/C,u_mesh/GEN_R[0].r/G_EJECT_REG.eject_flit_q_reg[flit_data][1]/D
0.460,19,1,1,intra,u_mesh/GEN_R[1].r/u_datapath/south_vc2_fifo/rd_ptr_reg[0]/C,u_mesh/GEN_R[1].G_LINK_REG.q_e_reg[flit_data][9]/D
0.460,19,1,1,intra,u_mesh/GEN_R[1].r/u_datapath/south_vc2_fifo/rd_ptr_reg[0]/C,u_mesh/GEN_R[1].r/G_EJECT_REG.eject_flit_q_reg[flit_data][5]/D
0.466,19,1,1,intra,u_mesh/GEN_R[1].r/u_datapath/south_vc2_fifo/rd_ptr_reg[0]/C,u_mesh/GEN_R[1].r/G_EJECT_REG.eject_flit_q_reg[flit_data][6]/D
0.470,19,0,0,intra,u_mesh/GEN_R[0].r/u_datapath/south_vc1_fifo/rd_ptr_reg[0]/C,u_mesh/GEN_R[0].G_LINK_REG.q_e_reg[flit_data][3]/D
0.470,19,1,1,intra,u_mesh/GEN_R[1].r/u_datapath/south_vc2_fifo/rd_ptr_reg[0]/C,u_mesh/GEN_R[1].G_LINK_REG.q_e_reg[flit_data][0]/D
0.473,19,1,1,intra,u_mesh/GEN_R[1].r/u_datapath/south_vc2_fifo/rd_ptr_reg[0]/C,u_mesh/GEN_R[1].G_LINK_REG.q_w_reg[flit_data][5]/D
0.475,19,0,0,intra,u_mesh/GEN_R[0].r/u_datapath/south_vc1_fifo/rd_ptr_reg[0]/C,u_mesh/GEN_R[0].r/G_EJECT_REG.eject_flit_q_reg[flit_data][15]/D
0.481,19,1,1,intra,u_mesh/GEN_R[1].r/u_datapath/south_vc2_fifo/rd_ptr_reg[0]/C,u_mesh/GEN_R[1].G_LINK_REG.q_s_reg[flit_data][13]/D
0.483,19,1,1,intra,u_mesh/GEN_R[1].r/u_datapath/south_vc2_fifo/rd_ptr_reg[0]/C,u_mesh/GEN_R[1].G_LINK_REG.q_s_reg[flit_type][0]/D
0.485,19,0,0,intra,u_mesh/GEN_R[0].r/u_datapath/south_vc1_fifo/rd_ptr_reg[0]/C,u_mesh/GEN_R[0].G_LINK_REG.q_s_reg[flit_data][20]/D
0.487,19,0,0,intra,u_mesh/GEN_R[0].r/u_datapath/south_vc1_fifo/rd_ptr_reg[0]/C,u_mesh/GEN_R[0].r/G_EJECT_REG.eject_flit_q_reg[flit_data][2]/D
0.489,19,0,0,intra,u_mesh/GEN_R[0].r/u_datapath/south_vc1_fifo/rd_ptr_reg[0]/C,u_mesh/GEN_R[0].r/G_EJECT_REG.eject_flit_q_reg[flit_data][23]/D
0.489,19,0,0,intra,u_mesh/GEN_R[0].r/u_datapath/south_vc1_fifo/rd_ptr_reg[0]/C,u_mesh/GEN_R[0].G_LINK_REG.q_s_reg[flit_data][28]/D
0.490,19,0,0,intra,u_mesh/GEN_R[0].r/u_datapath/south_vc1_fifo/rd_ptr_reg[0]/C,u_mesh/GEN_R[0].r/G_EJECT_REG.eject_wr_q_reg/D
0.501,19,1,1,intra,u_mesh/GEN_R[1].r/u_datapath/south_vc2_fifo/rd_ptr_reg[0]/C,u_mesh/GEN_R[1].G_LINK_REG.q_s_reg[flit_data][14]/D
0.503,19,1,1,intra,u_mesh/GEN_R[1].r/u_datapath/south_vc2_fifo/rd_ptr_reg[0]/C,u_mesh/GEN_R[1].G_LINK_REG.q_s_reg[flit_data][15]/D
0.508,19,5,5,intra,u_mesh/GEN_R[5].r/u_datapath/west_vc0_fifo/rd_ptr_reg[0]/C,u_mesh/GEN_R[5].G_LINK_REG.q_n_reg[flit_data][19]/D
0.508,19,1,1,intra,u_mesh/GEN_R[1].r/u_datapath/south_vc2_fifo/rd_ptr_reg[0]/C,u_mesh/GEN_R[1].r/G_EJECT_REG.eject_flit_q_reg[flit_data][8]/D
0.510,19,1,1,intra,u_mesh/GEN_R[1].r/u_datapath/south_vc2_fifo/rd_ptr_reg[0]/C,u_mesh/GEN_R[1].G_LINK_REG.q_w_reg[vc_id][1]/D
0.512,19,0,0,intra,u_mesh/GEN_R[0].r/u_datapath/south_vc1_fifo/rd_ptr_reg[0]/C,u_mesh/GEN_R[0].G_LINK_REG.q_e_reg[flit_data][31]/D
0.515,19,0,0,intra,u_mesh/GEN_R[0].r/u_datapath/south_vc1_fifo/rd_ptr_reg[0]/C,u_mesh/GEN_R[0].G_LINK_REG.q_e_reg[flit_data][13]/D
0.515,19,0,0,intra,u_mesh/GEN_R[0].r/u_datapath/south_vc1_fifo/rd_ptr_reg[0]/C,u_mesh/GEN_R[0].G_LINK_REG.q_s_reg[flit_data][1]/D
0.516,19,0,0,intra,u_mesh/GEN_R[0].r/u_datapath/south_vc1_fifo/rd_ptr_reg[0]/C,u_mesh/GEN_R[0].r/G_EJECT_REG.eject_flit_q_reg[flit_data][28]/D
0.518,19,0,0,intra,u_mesh/GEN_R[0].r/u_datapath/south_vc1_fifo/rd_ptr_reg[0]/C,u_mesh/GEN_R[0].r/G_EJECT_REG.eject_flit_q_reg[flit_data][4]/D
0.518,19,1,1,intra,u_mesh/GEN_R[1].r/u_datapath/south_vc2_fifo/rd_ptr_reg[0]/C,u_mesh/GEN_R[1].G_LINK_REG.q_s_reg[flit_data][0]/D
0.522,19,0,0,intra,u_mesh/GEN_R[0].r/u_datapath/south_vc1_fifo/rd_ptr_reg[0]/C,u_mesh/GEN_R[0].r/G_EJECT_REG.eject_flit_q_reg[flit_data][3]/D
0.525,19,1,1,intra,u_mesh/GEN_R[1].r/u_datapath/south_vc2_fifo/rd_ptr_reg[0]/C,u_mesh/GEN_R[1].G_LINK_REG.q_s_reg[flit_data][8]/D
0.525,19,1,1,intra,u_mesh/GEN_R[1].r/u_datapath/south_vc2_fifo/rd_ptr_reg[0]/C,u_mesh/GEN_R[1].r/G_EJECT_REG.eject_flit_q_reg[flit_data][1]/D
0.525,19,0,0,intra,u_mesh/GEN_R[0].r/u_datapath/south_vc1_fifo/rd_ptr_reg[0]/C,u_mesh/GEN_R[0].G_LINK_REG.q_e_reg[flit_data][15]/D
0.525,19,1,1,intra,u_mesh/GEN_R[1].r/u_datapath/south_vc2_fifo/rd_ptr_reg[0]/C,u_mesh/GEN_R[1].G_LINK_REG.q_w_reg[flit_data][11]/D
0.526,18,1,1,intra,u_mesh/GEN_R[1].r/u_datapath/west_vc0_fifo/rd_ptr_reg[0]/C,u_mesh/GEN_R[1].r/u_allocator/output_owner_reg[3][1]/CE
0.526,18,1,1,intra,u_mesh/GEN_R[1].r/u_datapath/west_vc0_fifo/rd_ptr_reg[0]/C,u_mesh/GEN_R[1].r/u_allocator/output_owner_reg[3][2]/CE
0.532,19,0,0,intra,u_mesh/GEN_R[0].r/u_datapath/south_vc1_fifo/rd_ptr_reg[0]/C,u_mesh/GEN_R[0].G_LINK_REG.q_e_reg[flit_data][16]/D
0.533,19,5,5,intra,u_mesh/GEN_R[5].r/u_datapath/west_vc0_fifo/rd_ptr_reg[0]/C,u_mesh/GEN_R[5].G_LINK_REG.q_w_reg[flit_data][8]/D
0.534,19,0,0,intra,u_mesh/GEN_R[0].r/u_datapath/south_vc1_fifo/rd_ptr_reg[0]/C,u_mesh/GEN_R[0].r/G_EJECT_REG.eject_flit_q_reg[flit_data][21]/D
0.535,19,0,0,intra,u_mesh/GEN_R[0].r/u_datapath/south_vc1_fifo/rd_ptr_reg[0]/C,u_mesh/GEN_R[0].G_LINK_REG.q_e_reg[flit_data][20]/D
0.536,19,0,0,intra,u_mesh/GEN_R[0].r/u_datapath/south_vc1_fifo/rd_ptr_reg[0]/C,u_mesh/GEN_R[0].G_LINK_REG.q_s_reg[flit_data][14]/D
0.541,19,1,1,intra,u_mesh/GEN_R[1].r/u_datapath/south_vc2_fifo/rd_ptr_reg[0]/C,u_mesh/GEN_R[1].G_LINK_REG.q_s_reg[flit_data][11]/D
0.543,19,1,1,intra,u_mesh/GEN_R[1].r/u_datapath/south_vc2_fifo/rd_ptr_reg[0]/C,u_mesh/GEN_R[1].G_LINK_REG.q_w_reg[flit_data][28]/D
0.545,19,1,1,intra,u_mesh/GEN_R[1].r/u_datapath/south_vc2_fifo/rd_ptr_reg[0]/C,u_mesh/GEN_R[1].G_LINK_REG.q_w_reg[flit_data][10]/D
0.547,19,0,0,intra,u_mesh/GEN_R[0].r/u_datapath/south_vc1_fifo/rd_ptr_reg[0]/C,u_mesh/GEN_R[0].G_LINK_REG.q_e_reg[flit_data][21]/D
0.548,19,1,1,intra,u_mesh/GEN_R[1].r/u_datapath/south_vc2_fifo/rd_ptr_reg[0]/C,u_mesh/GEN_R[1].G_LINK_REG.q_s_reg[flit_data][3]/D
0.550,19,5,5,intra,u_mesh/GEN_R[5].r/u_datapath/west_vc0_fifo/rd_ptr_reg[0]/C,u_mesh/GEN_R[5].G_LINK_REG.q_n_reg[flit_data][8]/D
0.551,19,1,1,intra,u_mesh/GEN_R[1].r/u_datapath/south_vc2_fifo/rd_ptr_reg[0]/C,u_mesh/GEN_R[1].G_LINK_REG.q_e_reg[flit_data][4]/D
0.551,19,0,0,intra,u_mesh/GEN_R[0].r/u_datapath/south_vc1_fifo/rd_ptr_reg[0]/C,u_mesh/GEN_R[0].r/G_EJECT_REG.eject_flit_q_reg[flit_data][0]/D
0.551,19,0,0,intra,u_mesh/GEN_R[0].r/u_datapath/south_vc1_fifo/rd_ptr_reg[0]/C,u_mesh/GEN_R[0].G_LINK_REG.q_s_reg[flit_data][21]/D
0.552,19,0,0,intra,u_mesh/GEN_R[0].r/u_datapath/south_vc1_fifo/rd_ptr_reg[0]/C,u_mesh/GEN_R[0].r/u_datapath/south_vc2_fifo/credit_valid_reg/D
0.552,19,0,0,intra,u_mesh/GEN_R[0].r/u_datapath/south_vc1_fifo/rd_ptr_reg[0]/C,u_mesh/GEN_R[0].r/G_EJECT_REG.eject_flit_q_reg[flit_data][29]/D
0.553,19,0,0,intra,u_mesh/GEN_R[0].r/u_datapath/south_vc1_fifo/rd_ptr_reg[0]/C,u_mesh/GEN_R[0].G_LINK_REG.q_s_reg[flit_data][30]/D
0.555,19,1,1,intra,u_mesh/GEN_R[1].r/u_datapath/south_vc2_fifo/rd_ptr_reg[0]/C,u_mesh/GEN_R[1].G_LINK_REG.q_w_reg[flit_data][0]/D
0.556,18,0,0,intra,u_mesh/GEN_R[0].r/u_datapath/south_vc1_fifo/rd_ptr_reg[0]/C,u_mesh/GEN_R[0].G_LINK_REG.q_s_reg[flit_data][12]/D
0.558,19,0,0,intra,u_mesh/GEN_R[0].r/u_datapath/south_vc1_fifo/rd_ptr_reg[0]/C,u_mesh/GEN_R[0].r/u_allocator/output_owner_reg[2][0]/CE
0.558,19,0,0,intra,u_mesh/GEN_R[0].r/u_datapath/south_vc1_fifo/rd_ptr_reg[0]/C,u_mesh/GEN_R[0].r/u_allocator/output_owner_reg[2][1]/CE
0.558,19,0,0,intra,u_mesh/GEN_R[0].r/u_datapath/south_vc1_fifo/rd_ptr_reg[0]/C,u_mesh/GEN_R[0].r/u_allocator/output_owner_reg[2][2]/CE
0.558,19,0,0,intra,u_mesh/GEN_R[0].r/u_datapath/south_vc1_fifo/rd_ptr_reg[0]/C,u_mesh/GEN_R[0].r/u_allocator/output_owner_reg[2][3]/CE
0.561,19,0,0,intra,u_mesh/GEN_R[0].r/u_datapath/south_vc1_fifo/rd_ptr_reg[0]/C,u_mesh/GEN_R[0].G_LINK_REG.q_e_reg[flit_data][19]/D
0.562,19,0,0,intra,u_mesh/GEN_R[0].r/u_datapath/south_vc1_fifo/rd_ptr_reg[0]/C,u_mesh/GEN_R[0].G_LINK_REG.q_e_reg[flit_data][17]/D
0.565,19,0,0,intra,u_mesh/GEN_R[0].r/u_datapath/south_vc1_fifo/rd_ptr_reg[0]/C,u_mesh/GEN_R[0].r/G_EJECT_REG.eject_flit_q_reg[flit_data][16]/D
0.566,19,5,5,intra,u_mesh/GEN_R[5].r/u_datapath/west_vc0_fifo/rd_ptr_reg[0]/C,u_mesh/GEN_R[5].G_LINK_REG.q_n_reg[flit_data][4]/D
0.569,19,1,1,intra,u_mesh/GEN_R[1].r/u_datapath/south_vc2_fifo/rd_ptr_reg[0]/C,u_mesh/GEN_R[1].G_LINK_REG.q_e_reg[flit_data][2]/D
0.571,19,1,1,intra,u_mesh/GEN_R[1].r/u_datapath/south_vc2_fifo/rd_ptr_reg[0]/C,u_mesh/GEN_R[1].G_LINK_REG.q_w_reg[flit_data][3]/D
0.572,19,1,1,intra,u_mesh/GEN_R[1].r/u_datapath/south_vc2_fifo/rd_ptr_reg[0]/C,u_mesh/GEN_R[1].G_LINK_REG.q_s_reg[flit_data][16]/D
0.573,19,0,0,intra,u_mesh/GEN_R[0].r/u_datapath/south_vc1_fifo/rd_ptr_reg[0]/C,u_mesh/GEN_R[0].r/G_EJECT_REG.eject_flit_q_reg[flit_data][17]/D
0.574,19,0,0,intra,u_mesh/GEN_R[0].r/u_datapath/south_vc1_fifo/rd_ptr_reg[0]/C,u_mesh/GEN_R[0].G_LINK_REG.q_s_reg[flit_data][17]/D
0.576,19,0,0,intra,u_mesh/GEN_R[0].r/u_datapath/south_vc1_fifo/rd_ptr_reg[0]/C,u_mesh/GEN_R[0].G_LINK_REG.q_e_reg[flit_data][4]/D
0.582,18,2,2,intra,u_mesh/GEN_R[2].r/u_datapath/local_vc1_fifo/rd_ptr_reg[0]/C,u_mesh/GEN_R[2].r/u_allocator/output_owner_reg[0][0]/CE
0.582,18,2,2,intra,u_mesh/GEN_R[2].r/u_datapath/local_vc1_fifo/rd_ptr_reg[0]/C,u_mesh/GEN_R[2].r/u_allocator/output_owner_reg[0][1]/CE
0.582,18,2,2,intra,u_mesh/GEN_R[2].r/u_datapath/local_vc1_fifo/rd_ptr_reg[0]/C,u_mesh/GEN_R[2].r/u_allocator/output_owner_reg[0][2]/CE
0.582,18,2,2,intra,u_mesh/GEN_R[2].r/u_datapath/local_vc1_fifo/rd_ptr_reg[0]/C,u_mesh/GEN_R[2].r/u_allocator/output_owner_reg[0][3]/CE
0.582,19,1,1,intra,u_mesh/GEN_R[1].r/u_datapath/south_vc2_fifo/rd_ptr_reg[0]/C,u_mesh/GEN_R[1].r/G_EJECT_REG.eject_flit_q_reg[flit_data][15]/D
0.583,19,2,2,intra,u_mesh/GEN_R[2].r/u_datapath/local_vc1_fifo/rd_ptr_reg[0]/C,u_mesh/GEN_R[2].G_LINK_REG.q_w_reg[flit_data][23]/D
0.586,19,0,0,intra,u_mesh/GEN_R[0].r/u_datapath/south_vc1_fifo/rd_ptr_reg[0]/C,u_mesh/GEN_R[0].G_LINK_REG.q_s_reg[flit_data][13]/D
0.588,19,1,1,intra,u_mesh/GEN_R[1].r/u_datapath/south_vc2_fifo/rd_ptr_reg[0]/C,u_mesh/GEN_R[1].G_LINK_REG.q_e_reg[flit_data][5]/D
0.589,18,0,0,intra,u_mesh/GEN_R[0].r/u_datapath/south_vc1_fifo/rd_ptr_reg[0]/C,u_mesh/GEN_R[0].r/G_EJECT_REG.eject_flit_q_reg[flit_data][30]/D
0.590,19,1,1,intra,u_mesh/GEN_R[1].r/u_datapath/south_vc2_fifo/rd_ptr_reg[0]/C,u_mesh/GEN_R[1].r/G_EJECT_REG.eject_flit_q_reg[flit_data][2]/D
0.591,19,0,0,intra,u_mesh/GEN_R[0].r/u_datapath/south_vc1_fifo/rd_ptr_reg[0]/C,u_mesh/GEN_R[0].G_LINK_REG.q_s_reg[flit_data][18]/D
0.593,19,1,1,intra,u_mesh/GEN_R[1].r/u_datapath/south_vc2_fifo/rd_ptr_reg[0]/C,u_mesh/GEN_R[1].G_LINK_REG.q_s_reg[flit_data][1]/D
0.593,19,2,2,intra,u_mesh/GEN_R[2].r/u_datapath/local_vc1_fifo/rd_ptr_reg[0]/C,u_mesh/GEN_R[2].r/G_EJECT_REG.eject_flit_q_reg[flit_data][0]/D
0.594,19,2,2,intra,u_mesh/GEN_R[2].r/u_datapath/local_vc1_fifo/rd_ptr_reg[0]/C,u_mesh/GEN_R[2].r/u_allocator/output_owner_reg[1][0]/CE
0.594,19,2,2,intra,u_mesh/GEN_R[2].r/u_datapath/local_vc1_fifo/rd_ptr_reg[0]/C,u_mesh/GEN_R[2].r/u_allocator/output_owner_reg[1][1]/CE
0.594,19,2,2,intra,u_mesh/GEN_R[2].r/u_datapath/local_vc1_fifo/rd_ptr_reg[0]/C,u_mesh/GEN_R[2].r/u_allocator/output_owner_reg[1][2]/CE
0.594,19,2,2,intra,u_mesh/GEN_R[2].r/u_datapath/local_vc1_fifo/rd_ptr_reg[0]/C,u_mesh/GEN_R[2].r/u_allocator/output_owner_reg[1][3]/CE
0.594,18,3,3,intra,u_mesh/GEN_R[3].r/u_datapath/east_vc2_fifo/rd_ptr_reg[0]/C,u_mesh/GEN_R[3].G_LINK_REG.q_e_reg[flit_data][18]/D
0.595,19,5,5,intra,u_mesh/GEN_R[5].r/u_datapath/west_vc0_fifo/rd_ptr_reg[0]/C,u_mesh/GEN_R[5].G_LINK_REG.q_n_reg[flit_data][22]/D
0.596,19,1,1,intra,u_mesh/GEN_R[1].r/u_datapath/south_vc2_fifo/rd_ptr_reg[0]/C,u_mesh/GEN_R[1].G_LINK_REG.q_w_reg[flit_data][12]/D
0.597,19,0,0,intra,u_mesh/GEN_R[0].r/u_datapath/south_vc1_fifo/rd_ptr_reg[0]/C,u_mesh/GEN_R[0].r/G_EJECT_REG.eject_flit_q_reg[flit_data][8]/D
0.598,18,3,3,intra,u_mesh/GEN_R[3].r/u_datapath/east_vc2_fifo/rd_ptr_reg[0]/C,u_mesh/GEN_R[3].r/G_EJECT_REG.eject_flit_q_reg[flit_data][18]/D
0.599,18,3,3,intra,u_mesh/GEN_R[3].r/u_datapath/east_vc2_fifo/rd_ptr_reg[0]/C,u_mesh/GEN_R[3].G_LINK_REG.q_n_reg[flit_data][19]/D
0.600,19,1,1,intra,u_mesh/GEN_R[1].r/u_datapath/south_vc2_fifo/rd_ptr_reg[0]/C,u_mesh/GEN_R[1].r/G_EJECT_REG.eject_flit_q_reg[flit_data][3]/D
0.601,19,0,0,intra,u_mesh/GEN_R[0].r/u_datapath/south_vc1_fifo/rd_ptr_reg[0]/C,u_mesh/GEN_R[0].r/u_datapath/south_vc2_fifo/rd_ptr_reg[0]/D
0.603,19,1,1,intra,u_mesh/GEN_R[1].r/u_datapath/south_vc2_fifo/rd_ptr_reg[0]/C,u_mesh/GEN_R[1].G_LINK_REG.q_e_reg[flit_data][13]/D
0.605,19,2,2,intra,u_mesh/GEN_R[2].r/u_datapath/local_vc1_fifo/rd_ptr_reg[0]/C,u_mesh/GEN_R[2].G_LINK_REG.q_s_reg[flit_data][0]/D
0.606,19,1,1,intra,u_mesh/GEN_R[1].r/u_datapath/south_vc2_fifo/rd_ptr_reg[0]/C,u_mesh/GEN_R[1].r/G_EJECT_REG.eject_flit_q_reg[flit_data][26]/D
0.608,19,0,0,intra,u_mesh/GEN_R[0].r/u_datapath/south_vc1_fifo/rd_ptr_reg[0]/C,u_mesh/GEN_R[0].G_LINK_REG.q_e_reg[flit_data][25]/D
0.609,19,0,0,intra,u_mesh/GEN_R[0].r/u_datapath/south_vc1_fifo/rd_ptr_reg[0]/C,u_mesh/GEN_R[0].G_LINK_REG.q_e_reg[flit_data][27]/D
0.609,19,1,1,intra,u_mesh/GEN_R[1].r/u_datapath/south_vc2_fifo/rd_ptr_reg[0]/C,u_mesh/GEN_R[1].G_LINK_REG.q_e_reg[flit_data][8]/D
0.611,19,1,1,intra,u_mesh/GEN_R[1].r/u_datapath/south_vc2_fifo/rd_ptr_reg[0]/C,u_mesh/GEN_R[1].G_LINK_REG.q_e_reg[flit_data][17]/D
0.612,19,0,0,intra,u_mesh/GEN_R[0].r/u_datapath/south_vc1_fifo/rd_ptr_reg[0]/C,u_mesh/GEN_R[0].G_LINK_REG.q_e_reg[flit_data][30]/D
0.613,19,0,0,intra,u_mesh/GEN_R[0].r/u_datapath/south_vc1_fifo/rd_ptr_reg[0]/C,u_mesh/GEN_R[0].G_LINK_REG.q_s_reg[flit_data][25]/D
0.614,19,0,0,intra,u_mesh/GEN_R[0].r/u_datapath/south_vc1_fifo/rd_ptr_reg[0]/C,u_mesh/GEN_R[0].G_LINK_REG.q_s_reg[flit_data][27]/D
0.618,19,0,0,intra,u_mesh/GEN_R[0].r/u_datapath/south_vc1_fifo/rd_ptr_reg[0]/C,u_mesh/GEN_R[0].r/G_EJECT_REG.eject_flit_q_reg[flit_data][25]/D
0.618,19,5,5,intra,u_mesh/GEN_R[5].r/u_datapath/west_vc0_fifo/rd_ptr_reg[0]/C,u_mesh/GEN_R[5].G_LINK_REG.q_n_reg[flit_data][9]/D
0.619,19,0,0,intra,u_mesh/GEN_R[0].r/u_datapath/south_vc1_fifo/rd_ptr_reg[0]/C,u_mesh/GEN_R[0].r/G_EJECT_REG.eject_flit_q_reg[flit_data][27]/D
0.623,19,1,1,intra,u_mesh/GEN_R[1].r/u_datapath/south_vc2_fifo/rd_ptr_reg[0]/C,u_mesh/GEN_R[1].G_LINK_REG.q_s_reg[flit_data][2]/D
0.623,19,0,0,intra,u_mesh/GEN_R[0].r/u_datapath/south_vc1_fifo/rd_ptr_reg[0]/C,u_mesh/GEN_R[0].G_LINK_REG.q_s_reg[flit_data][11]/D
0.625,19,0,0,intra,u_mesh/GEN_R[0].r/u_datapath/south_vc1_fifo/rd_ptr_reg[0]/C,u_mesh/GEN_R[0].r/u_allocator/output_locked_reg[0]/D
0.626,19,1,1,intra,u_mesh/GEN_R[1].r/u_datapath/south_vc2_fifo/rd_ptr_reg[0]/C,u_mesh/GEN_R[1].G_LINK_REG.q_w_reg[flit_data][6]/D
0.627,19,0,0,intra,u_mesh/GEN_R[0].r/u_datapath/south_vc1_fifo/rd_ptr_reg[0]/C,u_mesh/GEN_R[0].r/G_EJECT_REG.eject_flit_q_reg[flit_data][11]/D
0.631,19,0,0,intra,u_mesh/GEN_R[0].r/u_datapath/south_vc1_fifo/rd_ptr_reg[0]/C,u_mesh/GEN_R[0].G_LINK_REG.q_s_reg[flit_data][15]/D
0.632,19,0,0,intra,u_mesh/GEN_R[0].r/u_datapath/south_vc1_fifo/rd_ptr_reg[0]/C,u_mesh/GEN_R[0].r/u_allocator/output_owner_reg[0][0]/CE
0.632,19,0,0,intra,u_mesh/GEN_R[0].r/u_datapath/south_vc1_fifo/rd_ptr_reg[0]/C,u_mesh/GEN_R[0].r/u_allocator/output_owner_reg[0][1]/CE
0.632,19,1,1,intra,u_mesh/GEN_R[1].r/u_datapath/south_vc2_fifo/rd_ptr_reg[0]/C,u_mesh/GEN_R[1].G_LINK_REG.q_e_reg[flit_data][6]/D
0.633,19,0,0,intra,u_mesh/GEN_R[0].r/u_datapath/south_vc1_fifo/rd_ptr_reg[0]/C,u_mesh/GEN_R[0].G_LINK_REG.q_e_reg[flit_data][11]/D
0.633,19,1,1,intra,u_mesh/GEN_R[1].r/u_datapath/south_vc2_fifo/rd_ptr_reg[0]/C,u_mesh/GEN_R[1].r/G_EJECT_REG.eject_flit_q_reg[flit_data][9]/D
0.633,18,0,0,intra,u_mesh/GEN_R[0].r/u_datapath/south_vc1_fifo/rd_ptr_reg[0]/C,u_mesh/GEN_R[0].G_LINK_REG.q_s_reg[vc_id][0]/D
0.634,19,5,5,intra,u_mesh/GEN_R[5].r/u_datapath/west_vc0_fifo/rd_ptr_reg[0]/C,u_mesh/GEN_R[5].G_LINK_REG.q_w_reg[flit_data][18]/D
0.634,19,1,1,intra,u_mesh/GEN_R[1].r/u_datapath/south_vc2_fifo/rd_ptr_reg[0]/C,u_mesh/GEN_R[1].G_LINK_REG.q_e_reg[flit_data][31]/D
0.634,19,2,2,intra,u_mesh/GEN_R[2].r/u_datapath/local_vc1_fifo/rd_ptr_reg[0]/C,u_mesh/GEN_R[2].G_LINK_REG.q_s_reg[flit_data][5]/D
0.635,19,1,1,intra,u_mesh/GEN_R[1].r/u_datapath/south_vc2_fifo/rd_ptr_reg[0]/C,u_mesh/GEN_R[1].G_LINK_REG.q_w_reg[flit_data][1]/D
0.639,19,4,4,intra,u_mesh/GEN_R[4].r/u_datapath/north_vc2_fifo/rd_ptr_reg[1]/C,u_mesh/GEN_R[4].G_LINK_REG.q_w_reg[flit_data][17]/D
0.641,19,0,0,intra,u_mesh/GEN_R[0].r/u_datapath/south_vc1_fifo/rd_ptr_reg[0]/C,u_mesh/GEN_R[0].r/u_datapath/south_vc2_fifo/count_reg[1]/D
0.641,18,0,0,intra,u_mesh/GEN_R[0].r/u_datapath/south_vc1_fifo/rd_ptr_reg[0]/C,u_mesh/GEN_R[0].G_LINK_REG.q_e_reg[flit_type][1]/D
0.644,19,1,1,intra,u_mesh/GEN_R[1].r/u_datapath/south_vc2_fifo/rd_ptr_reg[0]/C,u_mesh/GEN_R[1].G_LINK_REG.q_w_reg[flit_data][18]/D
0.644,18,0,0,intra,u_mesh/GEN_R[0].r/u_datapath/south_vc1_fifo/rd_ptr_reg[0]/C,u_mesh/GEN_R[0].r/G_EJECT_REG.eject_flit_q_reg[flit_data][9]/D
0.645,19,0,0,intra,u_mesh/GEN_R[0].r/u_datapath/south_vc1_fifo/rd_ptr_reg[0]/C,u_mesh/GEN_R[0].r/u_datapath/south_vc2_fifo/count_reg[0]/D
0.647,19,0,0,intra,u_mesh/GEN_R[0].r/u_datapath/south_vc1_fifo/rd_ptr_reg[0]/C,u_mesh/GEN_R[0].G_LINK_REG.q_e_reg[flit_data][0]/D
0.647,19,1,1,intra,u_mesh/GEN_R[1].r/u_datapath/south_vc2_fifo/rd_ptr_reg[0]/C,u_mesh/GEN_R[1].G_LINK_REG.q_w_reg[flit_data][31]/D
0.649,19,0,0,intra,u_mesh/GEN_R[0].r/u_datapath/south_vc1_fifo/rd_ptr_reg[0]/C,u_mesh/GEN_R[0].G_LINK_REG.q_s_reg[flit_data][24]/D
0.649,19,1,1,intra,u_mesh/GEN_R[1].r/u_datapath/south_vc2_fifo/rd_ptr_reg[0]/C,u_mesh/GEN_R[1].r/G_EJECT_REG.eject_flit_q_reg[vc_id][1]/D
0.651,19,0,0,intra,u_mesh/GEN_R[0].r/u_datapath/south_vc1_fifo/rd_ptr_reg[0]/C,u_mesh/GEN_R[0].G_LINK_REG.q_e_reg[flit_data][29]/D
0.652,19,1,1,intra,u_mesh/GEN_R[1].r/u_datapath/south_vc2_fifo/rd_ptr_reg[0]/C,u_mesh/GEN_R[1].G_LINK_REG.q_s_reg[vc_id][1]/D
0.654,19,2,2,intra,u_mesh/GEN_R[2].r/u_datapath/local_vc1_fifo/rd_ptr_reg[0]/C,u_mesh/GEN_R[2].G_LINK_REG.q_s_reg[flit_data][1]/D
0.654,18,0,0,intra,u_mesh/GEN_R[0].r/u_datapath/south_vc1_fifo/rd_ptr_reg[0]/C,u_mesh/GEN_R[0].G_LINK_REG.qv_e_reg/D
0.654,19,1,1,intra,u_mesh/GEN_R[1].r/u_datapath/south_vc2_fifo/rd_ptr_reg[0]/C,u_mesh/GEN_R[1].G_LINK_REG.q_e_reg[flit_data][3]/D
0.660,18,0,0,intra,u_mesh/GEN_R[0].r/u_datapath/south_vc1_fifo/rd_ptr_reg[0]/C,u_mesh/GEN_R[0].r/u_allocator/output_locked_reg[1]/D
0.660,19,0,0,intra,u_mesh/GEN_R[0].r/u_datapath/south_vc1_fifo/rd_ptr_reg[0]/C,u_mesh/GEN_R[0].G_LINK_REG.q_s_reg[flit_data][0]/D
0.661,19,0,0,intra,u_mesh/GEN_R[0].r/u_datapath/south_vc1_fifo/rd_ptr_reg[0]/C,u_mesh/GEN_R[0].r/G_EJECT_REG.eject_flit_q_reg[flit_data][24]/D
0.663,19,2,2,intra,u_mesh/GEN_R[2].r/u_datapath/local_vc1_fifo/rd_ptr_reg[0]/C,u_mesh/GEN_R[2].r/G_EJECT_REG.eject_wr_q_reg/D
0.666,19,0,0,intra,u_mesh/GEN_R[0].r/u_datapath/south_vc1_fifo/rd_ptr_reg[0]/C,u_mesh/GEN_R[0].G_LINK_REG.q_e_reg[flit_data][14]/D
0.666,18,3,3,intra,u_mesh/GEN_R[3].r/u_datapath/north_vc2_fifo/rd_ptr_reg[0]/C,u_mesh/GEN_R[3].r/u_allocator/output_owner_reg[4][0]/CE
0.666,18,3,3,intra,u_mesh/GEN_R[3].r/u_datapath/north_vc2_fifo/rd_ptr_reg[0]/C,u_mesh/GEN_R[3].r/u_allocator/output_owner_reg[4][1]/CE
0.666,18,3,3,intra,u_mesh/GEN_R[3].r/u_datapath/north_vc2_fifo/rd_ptr_reg[0]/C,u_mesh/GEN_R[3].r/u_allocator/output_owner_reg[4][2]/CE
0.666,18,3,3,intra,u_mesh/GEN_R[3].r/u_datapath/north_vc2_fifo/rd_ptr_reg[0]/C,u_mesh/GEN_R[3].r/u_allocator/output_owner_reg[4][3]/CE
0.666,19,1,1,intra,u_mesh/GEN_R[1].r/u_datapath/south_vc2_fifo/rd_ptr_reg[0]/C,u_mesh/GEN_R[1].r/G_EJECT_REG.eject_flit_q_reg[flit_data][11]/D
0.668,19,1,1,intra,u_mesh/GEN_R[1].r/u_datapath/south_vc2_fifo/rd_ptr_reg[0]/C,u_mesh/GEN_R[1].G_LINK_REG.q_e_reg[flit_data][30]/D
0.669,19,2,2,intra,u_mesh/GEN_R[2].r/u_datapath/local_vc1_fifo/rd_ptr_reg[0]/C,u_mesh/GEN_R[2].r/u_allocator/output_owner_reg[4][1]/CE
0.669,19,0,0,intra,u_mesh/GEN_R[0].r/u_datapath/south_vc1_fifo/rd_ptr_reg[0]/C,u_mesh/GEN_R[0].G_LINK_REG.q_e_reg[flit_data][2]/D
0.670,19,1,1,intra,u_mesh/GEN_R[1].r/u_datapath/south_vc2_fifo/rd_ptr_reg[0]/C,u_mesh/GEN_R[1].G_LINK_REG.q_e_reg[flit_data][11]/D
0.670,19,5,5,intra,u_mesh/GEN_R[5].r/u_datapath/west_vc0_fifo/rd_ptr_reg[0]/C,u_mesh/GEN_R[5].G_LINK_REG.q_n_reg[flit_data][11]/D
0.671,19,0,0,intra,u_mesh/GEN_R[0].r/u_datapath/south_vc1_fifo/rd_ptr_reg[0]/C,u_mesh/GEN_R[0].G_LINK_REG.q_e_reg[flit_data][7]/D
0.675,19,2,2,intra,u_mesh/GEN_R[2].r/u_datapath/local_vc1_fifo/rd_ptr_reg[0]/C,u_mesh/GEN_R[2].G_LINK_REG.q_w_reg[flit_data][5]/D
0.677,19,2,2,intra,u_mesh/GEN_R[2].r/u_datapath/local_vc1_fifo/rd_ptr_reg[0]/C,u_mesh/GEN_R[2].r/G_EJECT_REG.eject_flit_q_reg[flit_data][5]/D
0.678,19,1,1,intra,u_mesh/GEN_R[1].r/u_datapath/south_vc2_fifo/rd_ptr_reg[0]/C,u_mesh/GEN_R[1].G_LINK_REG.q_e_reg[flit_type][0]/D
0.681,18,3,3,intra,u_mesh/GEN_R[3].r/u_datapath/east_vc2_fifo/rd_ptr_reg[0]/C,u_mesh/GEN_R[3].G_LINK_REG.q_n_reg[flit_data][22]/D
0.682,19,5,5,intra,u_mesh/GEN_R[5].r/u_datapath/west_vc0_fifo/rd_ptr_reg[0]/C,u_mesh/GEN_R[5].r/G_EJECT_REG.eject_flit_q_reg[flit_data][18]/D
0.682,19,1,1,intra,u_mesh/GEN_R[1].r/u_datapath/south_vc2_fifo/rd_ptr_reg[0]/C,u_mesh/GEN_R[1].G_LINK_REG.q_e_reg[flit_data][1]/D
0.684,18,0,0,intra,u_mesh/GEN_R[0].r/u_datapath/south_vc1_fifo/rd_ptr_reg[0]/C,u_mesh/GEN_R[0].G_LINK_REG.q_e_reg[flit_data][12]/D
0.685,19,5,5,intra,u_mesh/GEN_R[5].r/u_datapath/west_vc0_fifo/rd_ptr_reg[0]/C,u_mesh/GEN_R[5].r/G_EJECT_REG.eject_flit_q_reg[flit_data][23]/D
0.687,19,1,1,intra,u_mesh/GEN_R[1].r/u_datapath/south_vc2_fifo/rd_ptr_reg[0]/C,u_mesh/GEN_R[1].G_LINK_REG.q_w_reg[flit_data][2]/D
0.687,19,1,1,intra,u_mesh/GEN_R[1].r/u_datapath/south_vc2_fifo/rd_ptr_reg[0]/C,u_mesh/GEN_R[1].G_LINK_REG.q_e_reg[flit_data][14]/D
0.688,19,2,2,intra,u_mesh/GEN_R[2].r/u_datapath/local_vc1_fifo/rd_ptr_reg[0]/C,u_mesh/GEN_R[2].r/G_EJECT_REG.eject_flit_q_reg[flit_data][23]/D
0.689,19,1,1,intra,u_mesh/GEN_R[1].r/u_datapath/south_vc2_fifo/rd_ptr_reg[0]/C,u_mesh/GEN_R[1].G_LINK_REG.q_e_reg[flit_data][10]/D
0.689,19,1,1,intra,u_mesh/GEN_R[1].r/u_datapath/south_vc2_fifo/rd_ptr_reg[0]/C,u_mesh/GEN_R[1].G_LINK_REG.q_s_reg[flit_data][26]/D
0.693,19,0,0,intra,u_mesh/GEN_R[0].r/u_datapath/south_vc1_fifo/rd_ptr_reg[0]/C,u_mesh/GEN_R[0].r/u_datapath/south_vc2_fifo/count_reg[2]/D
0.695,19,1,1,intra,u_mesh/GEN_R[1].r/u_datapath/south_vc2_fifo/rd_ptr_reg[0]/C,u_mesh/GEN_R[1].G_LINK_REG.q_w_reg[flit_data][13]/D
0.695,19,1,1,intra,u_mesh/GEN_R[1].r/u_datapath/south_vc2_fifo/rd_ptr_reg[0]/C,u_mesh/GEN_R[1].G_LINK_REG.q_s_reg[flit_data][23]/D
0.695,19,1,1,intra,u_mesh/GEN_R[1].r/u_datapath/south_vc2_fifo/rd_ptr_reg[0]/C,u_mesh/GEN_R[1].G_LINK_REG.q_w_reg[vc_id][0]/D
0.696,19,2,2,intra,u_mesh/GEN_R[2].r/u_datapath/local_vc1_fifo/rd_ptr_reg[0]/C,u_mesh/GEN_R[2].G_LINK_REG.q_w_reg[flit_data][21]/D
0.698,18,3,3,intra,u_mesh/GEN_R[3].r/u_datapath/east_vc2_fifo/rd_ptr_reg[0]/C,u_mesh/GEN_R[3].G_LINK_REG.q_e_reg[flit_type][0]/D
0.698,19,5,5,intra,u_mesh/GEN_R[5].r/u_datapath/west_vc0_fifo/rd_ptr_reg[0]/C,u_mesh/GEN_R[5].G_LINK_REG.q_n_reg[flit_data][6]/D
0.700,19,2,2,intra,u_mesh/GEN_R[2].r/u_datapath/local_vc1_fifo/rd_ptr_reg[0]/C,u_mesh/GEN_R[2].G_LINK_REG.q_s_reg[flit_data][24]/D
0.703,19,1,1,intra,u_mesh/GEN_R[1].r/u_datapath/south_vc2_fifo/rd_ptr_reg[0]/C,u_mesh/GEN_R[1].G_LINK_REG.q_w_reg[flit_data][8]/D
0.703,19,0,0,intra,u_mesh/GEN_R[0].r/u_datapath/south_vc1_fifo/rd_ptr_reg[0]/C,u_mesh/GEN_R[0].G_LINK_REG.q_e_reg[flit_type][0]/D
0.704,19,2,2,intra,u_mesh/GEN_R[2].r/u_datapath/local_vc1_fifo/rd_ptr_reg[0]/C,u_mesh/GEN_R[2].G_LINK_REG.q_w_reg[flit_data][24]/D
0.704,19,1,1,intra,u_mesh/GEN_R[1].r/u_datapath/south_vc2_fifo/rd_ptr_reg[0]/C,u_mesh/GEN_R[1].G_LINK_REG.q_s_reg[flit_data][18]/D
0.704,19,1,1,intra,u_mesh/GEN_R[1].r/u_datapath/south_vc2_fifo/rd_ptr_reg[0]/C,u_mesh/GEN_R[1].G_LINK_REG.q_w_reg[flit_data][21]/D
0.705,19,5,5,intra,u_mesh/GEN_R[5].r/u_datapath/west_vc0_fifo/rd_ptr_reg[0]/C,u_mesh/GEN_R[5].G_LINK_REG.q_n_reg[flit_data][21]/D
0.705,19,0,0,intra,u_mesh/GEN_R[0].r/u_datapath/south_vc1_fifo/rd_ptr_reg[0]/C,u_mesh/GEN_R[0].r/G_EJECT_REG.eject_flit_q_reg[flit_data][10]/D
0.707,19,0,0,intra,u_mesh/GEN_R[0].r/u_datapath/south_vc1_fifo/rd_ptr_reg[0]/C,u_mesh/GEN_R[0].r/G_EJECT_REG.eject_flit_q_reg[flit_data][18]/D
0.707,19,4,4,intra,u_mesh/GEN_R[4].r/u_datapath/north_vc2_fifo/rd_ptr_reg[1]/C,u_mesh/GEN_R[4].G_LINK_REG.q_e_reg[flit_data][17]/D
0.708,18,5,5,intra,u_mesh/GEN_R[5].r/u_datapath/west_vc0_fifo/rd_ptr_reg[0]/C,u_mesh/GEN_R[5].G_LINK_REG.q_w_reg[flit_data][9]/D
0.708,19,1,1,intra,u_mesh/GEN_R[1].r/u_datapath/south_vc2_fifo/rd_ptr_reg[0]/C,u_mesh/GEN_R[1].G_LINK_REG.q_s_reg[flit_data][4]/D
0.709,19,2,2,intra,u_mesh/GEN_R[2].r/u_datapath/local_vc1_fifo/rd_ptr_reg[0]/C,u_mesh/GEN_R[2].G_LINK_REG.q_w_reg[vc_id][1]/D
0.713,19,5,5,intra,u_mesh/GEN_R[5].r/u_datapath/west_vc0_fifo/rd_ptr_reg[0]/C,u_mesh/GEN_R[5].r/G_EJECT_REG.eject_flit_q_reg[flit_data][16]/D
0.714,19,1,1,intra,u_mesh/GEN_R[1].r/u_datapath/south_vc2_fifo/rd_ptr_reg[0]/C,u_mesh/GEN_R[1].G_LINK_REG.q_e_reg[flit_data][23]/D
0.714,19,0,0,intra,u_mesh/GEN_R[0].r/u_datapath/south_vc1_fifo/rd_ptr_reg[0]/C,u_mesh/GEN_R[0].G_LINK_REG.q_e_reg[flit_data][8]/D
0.715,18,1,1,intra,u_mesh/GEN_R[1].r/u_datapath/west_vc0_fifo/rd_ptr_reg[0]/C,u_mesh/GEN_R[1].r/u_allocator/output_owner_reg[3][0]/CE
0.715,18,1,1,intra,u_mesh/GEN_R[1].r/u_datapath/west_vc0_fifo/rd_ptr_reg[0]/C,u_mesh/GEN_R[1].r/u_allocator/output_owner_reg[3][3]/CE
0.716,19,5,5,intra,u_mesh/GEN_R[5].r/u_datapath/west_vc0_fifo/rd_ptr_reg[0]/C,u_mesh/GEN_R[5].G_LINK_REG.q_n_reg[flit_data][14]/D
0.717,19,5,5,intra,u_mesh/GEN_R[5].r/u_datapath/west_vc0_fifo/rd_ptr_reg[0]/C,u_mesh/GEN_R[5].G_LINK_REG.q_w_reg[flit_data][11]/D
0.718,19,0,0,intra,u_mesh/GEN_R[0].r/u_datapath/south_vc1_fifo/rd_ptr_reg[0]/C,u_mesh/GEN_R[0].G_LINK_REG.q_s_reg[flit_data][2]/D
0.718,19,1,1,intra,u_mesh/GEN_R[1].r/u_datapath/south_vc2_fifo/rd_ptr_reg[0]/C,u_mesh/GEN_R[1].G_LINK_REG.q_w_reg[flit_data][20]/D
0.719,19,1,1,intra,u_mesh/GEN_R[1].r/u_datapath/south_vc2_fifo/rd_ptr_reg[0]/C,u_mesh/GEN_R[1].G_LINK_REG.q_e_reg[flit_data][16]/D
0.720,19,2,2,intra,u_mesh/GEN_R[2].r/u_datapath/local_vc1_fifo/rd_ptr_reg[0]/C,u_mesh/GEN_R[2].G_LINK_REG.q_w_reg[flit_data][12]/D
0.720,19,1,1,intra,u_mesh/GEN_R[1].r/u_datapath/south_vc2_fifo/rd_ptr_reg[0]/C,u_mesh/GEN_R[1].G_LINK_REG.q_s_reg[flit_data][6]/D
0.725,19,0,0,intra,u_mesh/GEN_R[0].r/u_datapath/south_vc1_fifo/rd_ptr_reg[0]/C,u_mesh/GEN_R[0].r/G_EJECT_REG.eject_flit_q_reg[flit_type][0]/D
0.726,19,1,1,intra,u_mesh/GEN_R[1].r/u_datapath/south_vc2_fifo/rd_ptr_reg[0]/C,u_mesh/GEN_R[1].r/G_EJECT_REG.eject_flit_q_reg[flit_data][13]/D
0.727,19,5,5,intra,u_mesh/GEN_R[5].r/u_datapath/west_vc0_fifo/rd_ptr_reg[0]/C,u_mesh/GEN_R[5].G_LINK_REG.q_w_reg[flit_data][12]/D
0.730,18,0,0,intra,u_mesh/GEN_R[0].r/u_datapath/south_vc1_fifo/rd_ptr_reg[0]/C,u_mesh/GEN_R[0].r/u_allocator/output_owner_reg[1][0]/CE
0.730,18,0,0,intra,u_mesh/GEN_R[0].r/u_datapath/south_vc1_fifo/rd_ptr_reg[0]/C,u_mesh/GEN_R[0].r/u_allocator/output_owner_reg[1][1]/CE
0.730,18,0,0,intra,u_mesh/GEN_R[0].r/u_datapath/south_vc1_fifo/rd_ptr_reg[0]/C,u_mesh/GEN_R[0].r/u_allocator/output_owner_reg[1][2]/CE
0.730,18,0,0,intra,u_mesh/GEN_R[0].r/u_datapath/south_vc1_fifo/rd_ptr_reg[0]/C,u_mesh/GEN_R[0].r/u_allocator/output_owner_reg[1][3]/CE
0.731,19,2,2,intra,u_mesh/GEN_R[2].r/u_datapath/local_vc1_fifo/rd_ptr_reg[0]/C,u_mesh/GEN_R[2].G_LINK_REG.q_w_reg[flit_data][14]/D
0.732,19,0,0,intra,u_mesh/GEN_R[0].r/u_datapath/south_vc1_fifo/rd_ptr_reg[0]/C,u_mesh/GEN_R[0].r/G_EJECT_REG.eject_flit_q_reg[flit_data][13]/D
0.733,19,0,0,intra,u_mesh/GEN_R[0].r/u_datapath/south_vc1_fifo/rd_ptr_reg[0]/C,u_mesh/GEN_R[0].G_LINK_REG.q_s_reg[flit_data][10]/D
0.734,19,1,1,intra,u_mesh/GEN_R[1].r/u_datapath/south_vc2_fifo/rd_ptr_reg[0]/C,u_mesh/GEN_R[1].G_LINK_REG.q_w_reg[flit_data][17]/D
0.734,19,0,0,intra,u_mesh/GEN_R[0].r/u_datapath/south_vc1_fifo/rd_ptr_reg[0]/C,u_mesh/GEN_R[0].G_LINK_REG.q_s_reg[flit_data][29]/D
0.734,19,1,1,intra,u_mesh/GEN_R[1].r/u_datapath/south_vc2_fifo/rd_ptr_reg[0]/C,u_mesh/GEN_R[1].G_LINK_REG.q_e_reg[flit_data][12]/D
0.734,19,0,0,intra,u_mesh/GEN_R[0].r/u_datapath/south_vc1_fifo/rd_ptr_reg[0]/C,u_mesh/GEN_R[0].r/G_EJECT_REG.eject_flit_q_reg[flit_data][26]/D
0.738,19,1,1,intra,u_mesh/GEN_R[1].r/u_datapath/south_vc2_fifo/rd_ptr_reg[0]/C,u_mesh/GEN_R[1].r/G_EJECT_REG.eject_flit_q_reg[flit_data][22]/D
0.738,19,1,1,intra,u_mesh/GEN_R[1].r/u_datapath/south_vc2_fifo/rd_ptr_reg[0]/C,u_mesh/GEN_R[1].G_LINK_REG.q_w_reg[flit_data][16]/D
0.739,19,0,0,intra,u_mesh/GEN_R[0].r/u_datapath/south_vc1_fifo/rd_ptr_reg[0]/C,u_mesh/GEN_R[0].r/u_allocator/output_locked_reg[2]/D
0.739,19,5,5,intra,u_mesh/GEN_R[5].r/u_datapath/west_vc0_fifo/rd_ptr_reg[0]/C,u_mesh/GEN_R[5].G_LINK_REG.q_w_reg[flit_data][0]/D
0.741,18,0,0,intra,u_mesh/GEN_R[0].r/u_datapath/south_vc1_fifo/rd_ptr_reg[0]/C,u_mesh/GEN_R[0].G_LINK_REG.q_e_reg[vc_id][1]/D
0.742,18,3,3,intra,u_mesh/GEN_R[3].r/u_datapath/east_vc2_fifo/rd_ptr_reg[0]/C,u_mesh/GEN_R[3].G_LINK_REG.q_e_reg[flit_data][0]/D
0.742,19,1,1,intra,u_mesh/GEN_R[1].r/u_datapath/south_vc2_fifo/rd_ptr_reg[0]/C,u_mesh/GEN_R[1].G_LINK_REG.q_w_reg[flit_data][9]/D
0.745,18,3,3,intra,u_mesh/GEN_R[3].r/u_datapath/east_vc2_fifo/rd_ptr_reg[0]/C,u_mesh/GEN_R[3].G_LINK_REG.q_e_reg[flit_data][12]/D
0.746,18,0,0,intra,u_mesh/GEN_R[0].r/u_datapath/south_vc1_fifo/rd_ptr_reg[0]/C,u_mesh/GEN_R[0].r/G_EJECT_REG.eject_flit_q_reg[vc_id][1]/D
0.747,19,1,1,intra,u_mesh/GEN_R[1].r/u_datapath/south_vc2_fifo/rd_ptr_reg[0]/C,u_mesh/GEN_R[1].r/G_EJECT_REG.eject_flit_q_reg[flit_data][20]/D
0.748,19,1,1,intra,u_mesh/GEN_R[1].r/u_datapath/south_vc2_fifo/rd_ptr_reg[0]/C,u_mesh/GEN_R[1].G_LINK_REG.q_w_reg[flit_data][23]/D
0.748,19,1,1,intra,u_mesh/GEN_R[1].r/u_datapath/south_vc2_fifo/rd_ptr_reg[0]/C,u_mesh/GEN_R[1].r/G_EJECT_REG.eject_flit_q_reg[flit_data][12]/D
0.751,19,5,5,intra,u_mesh/GEN_R[5].r/u_datapath/west_vc0_fifo/rd_ptr_reg[0]/C,u_mesh/GEN_R[5].G_LINK_REG.q_w_reg[flit_data][21]/D
0.752,19,0,0,intra,u_mesh/GEN_R[0].r/u_datapath/south_vc1_fifo/rd_ptr_reg[0]/C,u_mesh/GEN_R[0].G_LINK_REG.q_s_reg[flit_data][6]/D
0.752,19,0,0,intra,u_mesh/GEN_R[0].r/u_datapath/south_vc1_fifo/rd_ptr_reg[0]/C,u_mesh/GEN_R[0].G_LINK_REG.q_s_reg[flit_type][0]/D
0.752,19,1,1,intra,u_mesh/GEN_R[1].r/u_datapath/south_vc2_fifo/rd_ptr_reg[0]/C,u_mesh/GEN_R[1].G_LINK_REG.q_s_reg[flit_data][24]/D
0.754,19,4,4,intra,u_mesh/GEN_R[4].r/u_datapath/north_vc2_fifo/rd_ptr_reg[1]/C,u_mesh/GEN_R[4].G_LINK_REG.q_n_reg[flit_data][5]/D
0.757,19,1,1,intra,u_mesh/GEN_R[1].r/u_datapath/south_vc2_fifo/rd_ptr_reg[0]/C,u_mesh/GEN_R[1].G_LINK_REG.q_s_reg[flit_data][21]/D
0.757,19,2,2,intra,u_mesh/GEN_R[2].r/u_datapath/local_vc1_fifo/rd_ptr_reg[0]/C,u_mesh/GEN_R[2].G_LINK_REG.qv_s_reg/D
0.758,19,2,2,intra,u_mesh/GEN_R[2].r/u_datapath/local_vc1_fifo/rd_ptr_reg[0]/C,u_mesh/GEN_R[2].G_LINK_REG.q_s_reg[flit_data][2]/D
0.758,19,1,1,intra,u_mesh/GEN_R[1].r/u_datapath/south_vc2_fifo/rd_ptr_reg[0]/C,u_mesh/GEN_R[1].G_LINK_REG.q_s_reg[flit_data][30]/D
0.759,18,5,5,intra,u_mesh/GEN_R[5].r/u_datapath/west_vc0_fifo/rd_ptr_reg[0]/C,u_mesh/GEN_R[5].G_LINK_REG.q_w_reg[flit_data][27]/D
0.760,19,2,2,intra,u_mesh/GEN_R[2].r/u_datapath/local_vc1_fifo/rd_ptr_reg[0]/C,u_mesh/GEN_R[2].G_LINK_REG.q_s_reg[flit_data][25]/D
0.762,19,2,2,intra,u_mesh/GEN_R[2].r/u_datapath/local_vc1_fifo/rd_ptr_reg[0]/C,u_mesh/GEN_R[2].G_LINK_REG.q_w_reg[flit_data][4]/D
0.762,19,2,2,intra,u_mesh/GEN_R[2].r/u_datapath/local_vc1_fifo/rd_ptr_reg[0]/C,u_mesh/GEN_R[2].G_LINK_REG.q_s_reg[flit_data][4]/D
0.763,19,0,0,intra,u_mesh/GEN_R[0].r/u_datapath/south_vc1_fifo/rd_ptr_reg[0]/C,u_mesh/GEN_R[0].G_LINK_REG.q_s_reg[flit_data][7]/D
0.765,19,2,2,intra,u_mesh/GEN_R[2].r/u_datapath/local_vc1_fifo/rd_ptr_reg[0]/C,u_mesh/GEN_R[2].G_LINK_REG.q_s_reg[flit_data][12]/D
0.765,19,2,2,intra,u_mesh/GEN_R[2].r/u_datapath/local_vc1_fifo/rd_ptr_reg[0]/C,u_mesh/GEN_R[2].G_LINK_REG.q_w_reg[flit_data][0]/D
0.765,19,0,0,intra,u_mesh/GEN_R[0].r/u_datapath/south_vc1_fifo/rd_ptr_reg[0]/C,u_mesh/GEN_R[0].r/G_EJECT_REG.eject_flit_q_reg[flit_data][7]/D
0.765,19,4,4,intra,u_mesh/GEN_R[4].r/u_datapath/north_vc2_fifo/rd_ptr_reg[1]/C,u_mesh/GEN_R[4].r/G_EJECT_REG.eject_flit_q_reg[flit_data][17]/D
0.766,19,1,1,intra,u_mesh/GEN_R[1].r/u_datapath/south_vc2_fifo/rd_ptr_reg[0]/C,u_mesh/GEN_R[1].G_LINK_REG.q_e_reg[flit_data][21]/D
0.766,19,5,5,intra,u_mesh/GEN_R[5].r/u_datapath/west_vc0_fifo/rd_ptr_reg[0]/C,u_mesh/GEN_R[5].r/G_EJECT_REG.eject_flit_q_reg[flit_data][11]/D
0.767,19,4,4,intra,u_mesh/GEN_R[4].r/u_datapath/north_vc2_fifo/rd_ptr_reg[1]/C,u_mesh/GEN_R[4].G_LINK_REG.q_n_reg[flit_type][1]/D
0.767,19,2,2,intra,u_mesh/GEN_R[2].r/u_datapath/local_vc1_fifo/rd_ptr_reg[0]/C,u_mesh/GEN_R[2].r/G_EJECT_REG.eject_flit_q_reg[flit_data][10]/D
0.768,19,1,1,intra,u_mesh/GEN_R[1].r/u_datapath/south_vc2_fifo/rd_ptr_reg[0]/C,u_mesh/GEN_R[1].G_LINK_REG.q_s_reg[flit_data][9]/D
0.769,19,5,5,intra,u_mesh/GEN_R[5].r/u_datapath/west_vc0_fifo/rd_ptr_reg[0]/C,u_mesh/GEN_R[5].r/G_EJECT_REG.eject_flit_q_reg[flit_data][12]/D
0.771,19,1,1,intra,u_mesh/GEN_R[1].r/u_datapath/south_vc2_fifo/rd_ptr_reg[0]/C,u_mesh/GEN_R[1].G_LINK_REG.q_e_reg[flit_data][7]/D
0.772,19,0,0,intra,u_mesh/GEN_R[0].r/u_datapath/south_vc1_fifo/rd_ptr_reg[0]/C,u_mesh/GEN_R[0].G_LINK_REG.q_s_reg[vc_id][1]/D
0.773,19,0,0,intra,u_mesh/GEN_R[0].r/u_datapath/south_vc1_fifo/rd_ptr_reg[0]/C,u_mesh/GEN_R[0].r/u_allocator/output_owner_reg[0][2]/CE
0.773,19,0,0,intra,u_mesh/GEN_R[0].r/u_datapath/south_vc1_fifo/rd_ptr_reg[0]/C,u_mesh/GEN_R[0].r/u_allocator/output_owner_reg[0][3]/CE
0.773,19,1,1,intra,u_mesh/GEN_R[1].r/u_datapath/south_vc2_fifo/rd_ptr_reg[0]/C,u_mesh/GEN_R[1].G_LINK_REG.q_s_reg[flit_data][19]/D
0.773,19,0,0,intra,u_mesh/GEN_R[0].r/u_datapath/south_vc1_fifo/rd_ptr_reg[0]/C,u_mesh/GEN_R[0].G_LINK_REG.q_e_reg[flit_data][6]/D
0.773,18,0,0,intra,u_mesh/GEN_R[0].r/u_datapath/south_vc1_fifo/rd_ptr_reg[0]/C,u_mesh/GEN_R[0].r/G_EJECT_REG.eject_flit_q_reg[vc_id][0]/D
0.774,19,5,5,intra,u_mesh/GEN_R[5].r/u_datapath/west_vc0_fifo/rd_ptr_reg[0]/C,u_mesh/GEN_R[5].G_LINK_REG.q_n_reg[flit_data][3]/D
0.778,18,3,3,intra,u_mesh/GEN_R[3].r/u_datapath/east_vc2_fifo/rd_ptr_reg[0]/C,u_mesh/GEN_R[3].G_LINK_REG.q_n_reg[flit_data][12]/D
0.780,19,1,1,intra,u_mesh/GEN_R[1].r/u_datapath/south_vc2_fifo/rd_ptr_reg[0]/C,u_mesh/GEN_R[1].r/G_EJECT_REG.eject_flit_q_reg[flit_data][21]/D
0.780,19,2,2,intra,u_mesh/GEN_R[2].r/u_datapath/local_vc1_fifo/rd_ptr_reg[0]/C,u_mesh/GEN_R[2].G_LINK_REG.q_s_reg[flit_data][7]/D
0.781,18,3,3,intra,u_mesh/GEN_R[3].r/u_datapath/east_vc2_fifo/rd_ptr_reg[0]/C,u_mesh/GEN_R[3].r/G_EJECT_REG.eject_flit_q_reg[flit_data][22]/D
0.782,18,3,3,intra,u_mesh/GEN_R[3].r/u_datapath/east_vc2_fifo/rd_ptr_reg[0]/C,u_mesh/GEN_R[3].G_LINK_REG.q_e_reg[flit_data][19]/D
0.783,19,2,2,intra,u_mesh/GEN_R[2].r/u_datapath/local_vc1_fifo/rd_ptr_reg[0]/C,u_mesh/GEN_R[2].G_LINK_REG.q_s_reg[flit_data][10]/D
0.784,19,0,0,intra,u_mesh/GEN_R[0].r/u_datapath/south_vc1_fifo/rd_ptr_reg[0]/C,u_mesh/GEN_R[0].G_LINK_REG.qv_s_reg/D
0.784,19,1,1,intra,u_mesh/GEN_R[1].r/u_datapath/south_vc2_fifo/rd_ptr_reg[0]/C,u_mesh/GEN_R[1].G_LINK_REG.q_s_reg[flit_data][7]/D
0.785,19,1,1,intra,u_mesh/GEN_R[1].r/u_datapath/south_vc2_fifo/rd_ptr_reg[0]/C,u_mesh/GEN_R[1].G_LINK_REG.q_e_reg[vc_id][0]/D
0.786,19,2,2,intra,u_mesh/GEN_R[2].r/u_datapath/local_vc1_fifo/rd_ptr_reg[0]/C,u_mesh/GEN_R[2].G_LINK_REG.q_w_reg[flit_data][28]/D
0.786,19,2,2,intra,u_mesh/GEN_R[2].r/u_datapath/local_vc1_fifo/rd_ptr_reg[0]/C,u_mesh/GEN_R[2].G_LINK_REG.q_w_reg[flit_data][10]/D
0.786,18,0,0,intra,u_mesh/GEN_R[0].r/u_datapath/south_vc1_fifo/rd_ptr_reg[0]/C,u_mesh/GEN_R[0].G_LINK_REG.q_s_reg[flit_data][9]/D
0.789,19,1,1,intra,u_mesh/GEN_R[1].r/u_datapath/south_vc2_fifo/rd_ptr_reg[0]/C,u_mesh/GEN_R[1].r/G_EJECT_REG.eject_flit_q_reg[flit_data][18]/D
0.791,19,1,1,intra,u_mesh/GEN_R[1].r/u_datapath/south_vc2_fifo/rd_ptr_reg[0]/C,u_mesh/GEN_R[1].r/G_EJECT_REG.eject_flit_q_reg[flit_data][0]/D
0.791,19,5,5,intra,u_mesh/GEN_R[5].r/u_datapath/west_vc0_fifo/rd_ptr_reg[0]/C,u_mesh/GEN_R[5].G_LINK_REG.q_w_reg[flit_data][22]/D
0.792,19,5,5,intra,u_mesh/GEN_R[5].r/u_datapath/west_vc0_fifo/rd_ptr_reg[0]/C,u_mesh/GEN_R[5].G_LINK_REG.q_w_reg[flit_data][2]/D
0.792,19,1,1,intra,u_mesh/GEN_R[1].r/u_datapath/south_vc2_fifo/rd_ptr_reg[0]/C,u_mesh/GEN_R[1].G_LINK_REG.q_e_reg[flit_data][20]/D
0.792,19,1,1,intra,u_mesh/GEN_R[1].r/u_datapath/south_vc2_fifo/rd_ptr_reg[0]/C,u_mesh/GEN_R[1].G_LINK_REG.q_e_reg[flit_data][18]/D
0.793,19,2,2,intra,u_mesh/GEN_R[2].r/u_datapath/local_vc1_fifo/rd_ptr_reg[0]/C,u_mesh/GEN_R[2].G_LINK_REG.q_w_reg[flit_data][2]/D
0.795,19,5,5,intra,u_mesh/GEN_R[5].r/u_datapath/west_vc0_fifo/rd_ptr_reg[0]/C,u_mesh/GEN_R[5].G_LINK_REG.q_n_reg[flit_data][30]/D
0.796,19,5,5,intra,u_mesh/GEN_R[5].r/u_datapath/west_vc0_fifo/rd_ptr_reg[0]/C,u_mesh/GEN_R[5].r/G_EJECT_REG.eject_flit_q_reg[flit_data][19]/D
0.796,19,4,4,intra,u_mesh/GEN_R[4].r/u_datapath/local_vc1_fifo/rd_ptr_reg[1]/C,u_mesh/GEN_R[4].G_LINK_REG.q_w_reg[flit_data][4]/D
0.797,19,0,0,intra,u_mesh/GEN_R[0].r/u_datapath/south_vc1_fifo/rd_ptr_reg[0]/C,u_mesh/GEN_R[0].r/u_datapath/south_vc2_fifo/rd_ptr_reg[1]/D
0.798,19,5,5,intra,u_mesh/GEN_R[5].r/u_datapath/west_vc0_fifo/rd_ptr_reg[0]/C,u_mesh/GEN_R[5].r/G_EJECT_REG.eject_flit_q_reg[flit_data][21]/D
0.798,18,0,0,intra,u_mesh/GEN_R[0].r/u_datapath/south_vc1_fifo/rd_ptr_reg[0]/C,u_mesh/GEN_R[0].r/G_EJECT_REG.eject_flit_q_reg[flit_type][1]/D
0.799,19,2,2,intra,u_mesh/GEN_R[2].r/u_datapath/local_vc1_fifo/rd_ptr_reg[0]/C,u_mesh/GEN_R[2].r/G_EJECT_REG.eject_flit_q_reg[flit_data][15]/D
0.799,19,0,0,intra,u_mesh/GEN_R[0].r/u_datapath/south_vc1_fifo/rd_ptr_reg[0]/C,u_mesh/GEN_R[0].G_LINK_REG.q_s_reg[flit_data][8]/D
0.800,18,0,0,intra,u_mesh/GEN_R[0].r/u_datapath/south_vc1_fifo/rd_ptr_reg[0]/C,u_mesh/GEN_R[0].G_LINK_REG.q_s_reg[flit_type][1]/D
0.800,19,2,2,intra,u_mesh/GEN_R[2].r/u_datapath/local_vc1_fifo/rd_ptr_reg[0]/C,u_mesh/GEN_R[2].r/G_EJECT_REG.eject_flit_q_reg[flit_data][2]/D
0.802,19,0,0,intra,u_mesh/GEN_R[0].r/u_datapath/south_vc1_fifo/rd_ptr_reg[0]/C,u_mesh/GEN_R[0].G_LINK_REG.q_e_reg[flit_data][24]/D
0.807,19,1,1,intra,u_mesh/GEN_R[1].r/u_datapath/south_vc2_fifo/rd_ptr_reg[0]/C,u_mesh/GEN_R[1].G_LINK_REG.q_s_reg[flit_data][31]/D
0.807,19,0,0,intra,u_mesh/GEN_R[0].r/u_datapath/south_vc1_fifo/rd_ptr_reg[0]/C,u_mesh/GEN_R[0].G_LINK_REG.q_e_reg[flit_data][26]/D
0.808,18,3,3,intra,u_mesh/GEN_R[3].r/u_datapath/east_vc2_fifo/rd_ptr_reg[0]/C,u_mesh/GEN_R[3].G_LINK_REG.q_e_reg[flit_data][6]/D
0.811,19,2,2,intra,u_mesh/GEN_R[2].r/u_datapath/local_vc1_fifo/rd_ptr_reg[0]/C,u_mesh/GEN_R[2].G_LINK_REG.q_s_reg[flit_data][13]/D
0.812,19,5,5,intra,u_mesh/GEN_R[5].r/u_datapath/west_vc0_fifo/rd_ptr_reg[0]/C,u_mesh/GEN_R[5].r/G_EJECT_REG.eject_flit_q_reg[flit_data][9]/D
0.813,19,0,0,intra,u_mesh/GEN_R[0].r/u_datapath/south_vc1_fifo/rd_ptr_reg[0]/C,u_mesh/GEN_R[0].r/G_EJECT_REG.eject_flit_q_reg[flit_data][6]/D
0.813,19,2,2,intra,u_mesh/GEN_R[2].r/u_datapath/local_vc1_fifo/rd_ptr_reg[0]/C,u_mesh/GEN_R[2].r/u_allocator/output_owner_reg[4][2]/CE
0.813,19,2,2,intra,u_mesh/GEN_R[2].r/u_datapath/local_vc1_fifo/rd_ptr_reg[0]/C,u_mesh/GEN_R[2].r/u_allocator/output_owner_reg[4][3]/CE
0.813,18,3,3,intra,u_mesh/GEN_R[3].r/u_datapath/east_vc2_fifo/rd_ptr_reg[0]/C,u_mesh/GEN_R[3].G_LINK_REG.q_e_reg[flit_data][13]/D
0.816,19,1,1,intra,u_mesh/GEN_R[1].r/u_datapath/south_vc2_fifo/rd_ptr_reg[0]/C,u_mesh/GEN_R[1].r/G_EJECT_REG.eject_flit_q_reg[vc_id][0]/D
0.816,19,1,1,intra,u_mesh/GEN_R[1].r/u_datapath/south_vc2_fifo/rd_ptr_reg[0]/C,u_mesh/GEN_R[1].G_LINK_REG.q_w_reg[flit_data][26]/D
0.818,19,2,2,intra,u_mesh/GEN_R[2].r/u_datapath/local_vc1_fifo/rd_ptr_reg[0]/C,u_mesh/GEN_R[2].G_LINK_REG.q_s_reg[flit_data][9]/D
0.819,19,2,2,intra,u_mesh/GEN_R[2].r/u_datapath/local_vc1_fifo/rd_ptr_reg[0]/C,u_mesh/GEN_R[2].G_LINK_REG.q_w_reg[flit_data][19]/D
0.819,19,2,2,intra,u_mesh/GEN_R[2].r/u_datapath/local_vc1_fifo/rd_ptr_reg[0]/C,u_mesh/GEN_R[2].G_LINK_REG.q_s_reg[flit_data][16]/D
0.819,19,1,1,intra,u_mesh/GEN_R[1].r/u_datapath/south_vc2_fifo/rd_ptr_reg[0]/C,u_mesh/GEN_R[1].r/G_EJECT_REG.eject_flit_q_reg[flit_data][30]/D
0.821,19,5,5,intra,u_mesh/GEN_R[5].r/u_datapath/west_vc0_fifo/rd_ptr_reg[0]/C,u_mesh/GEN_R[5].r/G_EJECT_REG.eject_wr_q_reg/D
0.822,19,2,2,intra,u_mesh/GEN_R[2].r/u_datapath/local_vc1_fifo/rd_ptr_reg[0]/C,u_mesh/GEN_R[2].G_LINK_REG.q_w_reg[flit_data][11]/D
0.824,19,2,2,intra,u_mesh/GEN_R[2].r/u_datapath/local_vc1_fifo/rd_ptr_reg[0]/C,u_mesh/GEN_R[2].r/G_EJECT_REG.eject_flit_q_reg[flit_data][13]/D
0.826,19,4,4,intra,u_mesh/GEN_R[4].r/u_datapath/north_vc2_fifo/rd_ptr_reg[1]/C,u_mesh/GEN_R[4].G_LINK_REG.q_n_reg[flit_data][1]/D
0.827,19,2,2,intra,u_mesh/GEN_R[2].r/u_datapath/local_vc1_fifo/rd_ptr_reg[0]/C,u_mesh/GEN_R[2].G_LINK_REG.q_s_reg[flit_data][19]/D
0.827,19,2,2,intra,u_mesh/GEN_R[2].r/u_datapath/local_vc1_fifo/rd_ptr_reg[0]/C,u_mesh/GEN_R[2].G_LINK_REG.qv_w_reg/D
0.829,19,2,2,intra,u_mesh/GEN_R[2].r/u_datapath/local_vc1_fifo/rd_ptr_reg[0]/C,u_mesh/GEN_R[2].G_LINK_REG.q_s_reg[flit_data][18]/D
0.835,19,1,1,intra,u_mesh/GEN_R[1].r/u_datapath/south_vc2_fifo/rd_ptr_reg[0]/C,u_mesh/GEN_R[1].G_LINK_REG.q_s_reg[flit_type][1]/D
0.836,19,1,1,intra,u_mesh/GEN_R[1].r/u_datapath/south_vc2_fifo/rd_ptr_reg[0]/C,u_mesh/GEN_R[1].G_LINK_REG.q_w_reg[flit_data][22]/D
0.840,18,1,1,intra,u_mesh/GEN_R[1].r/u_datapath/east_vc1_fifo/rd_ptr_reg[0]/C,u_mesh/GEN_R[1].r/u_allocator/output_owner_reg[4][0]/CE
0.840,18,1,1,intra,u_mesh/GEN_R[1].r/u_datapath/east_vc1_fifo/rd_ptr_reg[0]/C,u_mesh/GEN_R[1].r/u_allocator/output_owner_reg[4][1]/CE
0.840,18,1,1,intra,u_mesh/GEN_R[1].r/u_datapath/east_vc1_fifo/rd_ptr_reg[0]/C,u_mesh/GEN_R[1].r/u_allocator/output_owner_reg[4][2]/CE
0.840,18,1,1,intra,u_mesh/GEN_R[1].r/u_datapath/east_vc1_fifo/rd_ptr_reg[0]/C,u_mesh/GEN_R[1].r/u_allocator/output_owner_reg[4][3]/CE
0.840,18,3,3,intra,u_mesh/GEN_R[3].r/u_datapath/east_vc2_fifo/rd_ptr_reg[0]/C,u_mesh/GEN_R[3].G_LINK_REG.q_e_reg[flit_data][28]/D
0.840,19,0,0,intra,u_mesh/GEN_R[0].r/u_datapath/south_vc1_fifo/rd_ptr_reg[0]/C,u_mesh/GEN_R[0].r/G_EJECT_REG.eject_flit_q_reg[flit_data][20]/D
0.842,19,2,2,intra,u_mesh/GEN_R[2].r/u_datapath/local_vc1_fifo/rd_ptr_reg[0]/C,u_mesh/GEN_R[2].G_LINK_REG.q_w_reg[flit_data][3]/D
0.842,19,4,4,intra,u_mesh/GEN_R[4].r/u_datapath/north_vc2_fifo/rd_ptr_reg[1]/C,u_mesh/GEN_R[4].G_LINK_REG.q_n_reg[flit_data][17]/D
0.843,19,5,5,intra,u_mesh/GEN_R[5].r/u_datapath/west_vc0_fifo/rd_ptr_reg[0]/C,u_mesh/GEN_R[5].G_LINK_REG.q_w_reg[flit_data][14]/D
0.843,19,2,2,intra,u_mesh/GEN_R[2].r/u_datapath/local_vc1_fifo/rd_ptr_reg[0]/C,u_mesh/GEN_R[2].r/G_EJECT_REG.eject_flit_q_reg[flit_data][6]/D
0.843,18,3,3,intra,u_mesh/GEN_R[3].r/u_datapath/east_vc2_fifo/rd_ptr_reg[0]/C,u_mesh/GEN_R[3].G_LINK_REG.q_n_reg[flit_data][16]/D
0.845,19,2,2,intra,u_mesh/GEN_R[2].r/u_datapath/local_vc1_fifo/rd_ptr_reg[0]/C,u_mesh/GEN_R[2].r/G_EJECT_REG.eject_flit_q_reg[flit_data][17]/D
0.846,18,5,5,intra,u_mesh/GEN_R[5].r/u_datapath/west_vc0_fifo/rd_ptr_reg[0]/C,u_mesh/GEN_R[5].r/u_allocator/output_owner_reg[4][0]/CE
0.846,18,5,5,intra,u_mesh/GEN_R[5].r/u_datapath/west_vc0_fifo/rd_ptr_reg[0]/C,u_mesh/GEN_R[5].r/u_allocator/output_owner_reg[4][1]/CE
0.846,18,5,5,intra,u_mesh/GEN_R[5].r/u_datapath/west_vc0_fifo/rd_ptr_reg[0]/C,u_mesh/GEN_R[5].r/u_allocator/output_owner_reg[4][2]/CE
0.846,18,5,5,intra,u_mesh/GEN_R[5].r/u_datapath/west_vc0_fifo/rd_ptr_reg[0]/C,u_mesh/GEN_R[5].r/u_allocator/output_owner_reg[4][3]/CE
0.848,18,3,3,intra,u_mesh/GEN_R[3].r/u_datapath/east_vc2_fifo/rd_ptr_reg[0]/C,u_mesh/GEN_R[3].G_LINK_REG.q_e_reg[flit_data][16]/D
0.848,18,3,3,intra,u_mesh/GEN_R[3].r/u_datapath/east_vc2_fifo/rd_ptr_reg[0]/C,u_mesh/GEN_R[3].G_LINK_REG.q_e_reg[flit_data][23]/D
0.850,19,5,5,intra,u_mesh/GEN_R[5].r/u_datapath/west_vc0_fifo/rd_ptr_reg[0]/C,u_mesh/GEN_R[5].G_LINK_REG.q_w_reg[flit_data][6]/D
0.850,19,2,2,intra,u_mesh/GEN_R[2].r/u_datapath/local_vc1_fifo/rd_ptr_reg[0]/C,u_mesh/GEN_R[2].G_LINK_REG.q_s_reg[flit_data][3]/D
0.851,19,5,5,intra,u_mesh/GEN_R[5].r/u_datapath/west_vc0_fifo/rd_ptr_reg[0]/C,u_mesh/GEN_R[5].G_LINK_REG.q_w_reg[flit_data][23]/D
0.851,19,1,1,intra,u_mesh/GEN_R[1].r/u_datapath/south_vc2_fifo/rd_ptr_reg[0]/C,u_mesh/GEN_R[1].r/G_EJECT_REG.eject_flit_q_reg[flit_data][23]/D
0.853,19,1,1,intra,u_mesh/GEN_R[1].r/u_datapath/local_vc0_fifo/rd_ptr_reg[0]/C,u_mesh/GEN_R[1].G_LINK_REG.q_e_reg[flit_data][24]/D
0.853,19,5,5,intra,u_mesh/GEN_R[5].r/u_datapath/west_vc0_fifo/rd_ptr_reg[0]/C,u_mesh/GEN_R[5].G_LINK_REG.q_n_reg[flit_data][1]/D
0.856,19,2,2,intra,u_mesh/GEN_R[2].r/u_datapath/local_vc1_fifo/rd_ptr_reg[0]/C,u_mesh/GEN_R[2].r/G_EJECT_REG.eject_flit_q_reg[flit_data][24]/D
0.859,19,4,4,intra,u_mesh/GEN_R[4].r/u_datapath/north_vc2_fifo/rd_ptr_reg[1]/C,u_mesh/GEN_R[4].G_LINK_REG.q_w_reg[flit_data][26]/D
0.863,19,2,2,intra,u_mesh/GEN_R[2].r/u_datapath/local_vc1_fifo/rd_ptr_reg[0]/C,u_mesh/GEN_R[2].G_LINK_REG.q_w_reg[flit_data][6]/D
0.863,19,2,2,intra,u_mesh/GEN_R[2].r/u_datapath/local_vc1_fifo/rd_ptr_reg[0]/C,u_mesh/GEN_R[2].r/G_EJECT_REG.eject_flit_q_reg[flit_data][12]/D
0.865,19,1,1,intra,u_mesh/GEN_R[1].r/u_datapath/south_vc2_fifo/rd_ptr_reg[0]/C,u_mesh/GEN_R[1].r/G_EJECT_REG.eject_flit_q_reg[flit_data][19]/D
0.865,19,5,5,intra,u_mesh/GEN_R[5].r/u_datapath/west_vc0_fifo/rd_ptr_reg[0]/C,u_mesh/GEN_R[5].G_LINK_REG.q_w_reg[flit_data][4]/D
0.866,18,3,3,intra,u_mesh/GEN_R[3].r/u_datapath/east_vc2_fifo/rd_ptr_reg[0]/C,u_mesh/GEN_R[3].G_LINK_REG.q_e_reg[vc_id][1]/D
0.866,19,2,2,intra,u_mesh/GEN_R[2].r/u_datapath/local_vc1_fifo/rd_ptr_reg[0]/C,u_mesh/GEN_R[2].r/G_EJECT_REG.eject_flit_q_reg[flit_type][1]/D
0.867,19,2,2,intra,u_mesh/GEN_R[2].r/u_datapath/local_vc1_fifo/rd_ptr_reg[0]/C,u_mesh/GEN_R[2].G_LINK_REG.q_s_reg[flit_data][23]/D
0.870,18,3,3,intra,u_mesh/GEN_R[3].r/u_datapath/east_vc2_fifo/rd_ptr_reg[0]/C,u_mesh/GEN_R[3].r/G_EJECT_REG.eject_flit_q_reg[vc_id][1]/D
0.870,19,2,2,intra,u_mesh/GEN_R[2].r/u_datapath/local_vc1_fifo/rd_ptr_reg[0]/C,u_mesh/GEN_R[2].r/G_EJECT_REG.eject_flit_q_reg[flit_data][19]/D
0.872,19,2,2,intra,u_mesh/GEN_R[2].r/u_datapath/local_vc1_fifo/rd_ptr_reg[0]/C,u_mesh/GEN_R[2].G_LINK_REG.q_w_reg[flit_data][15]/D
0.874,19,2,2,intra,u_mesh/GEN_R[2].r/u_datapath/local_vc1_fifo/rd_ptr_reg[0]/C,u_mesh/GEN_R[2].G_LINK_REG.q_s_reg[flit_data][15]/D
0.876,19,5,5,intra,u_mesh/GEN_R[5].r/u_datapath/west_vc0_fifo/rd_ptr_reg[0]/C,u_mesh/GEN_R[5].r/G_EJECT_REG.eject_flit_q_reg[flit_data][28]/D
0.876,18,0,0,intra,u_mesh/GEN_R[0].r/u_datapath/south_vc1_fifo/rd_ptr_reg[0]/C,u_mesh/GEN_R[0].G_LINK_REG.q_e_reg[vc_id][0]/D
0.877,19,5,5,intra,u_mesh/GEN_R[5].r/u_datapath/west_vc0_fifo/rd_ptr_reg[0]/C,u_mesh/GEN_R[5].G_LINK_REG.q_w_reg[flit_data][5]/D
0.878,19,0,0,intra,u_mesh/GEN_R[0].r/u_datapath/south_vc1_fifo/rd_ptr_reg[0]/C,u_mesh/GEN_R[0].G_LINK_REG.q_s_reg[flit_data][26]/D
0.879,19,1,1,intra,u_mesh/GEN_R[1].r/u_datapath/south_vc2_fifo/rd_ptr_reg[0]/C,u_mesh/GEN_R[1].r/G_EJECT_REG.eject_flit_q_reg[flit_data][25]/D
0.880,19,1,1,intra,u_mesh/GEN_R[1].r/u_datapath/local_vc0_fifo/rd_ptr_reg[0]/C,u_mesh/GEN_R[1].r/u_allocator/output_owner_reg[2][0]/CE
0.880,19,1,1,intra,u_mesh/GEN_R[1].r/u_datapath/local_vc0_fifo/rd_ptr_reg[0]/C,u_mesh/GEN_R[1].r/u_allocator/output_owner_reg[2][1]/CE
0.880,19,1,1,intra,u_mesh/GEN_R[1].r/u_datapath/local_vc0_fifo/rd_ptr_reg[0]/C,u_mesh/GEN_R[1].r/u_allocator/output_owner_reg[2][2]/CE
0.880,19,1,1,intra,u_mesh/GEN_R[1].r/u_datapath/local_vc0_fifo/rd_ptr_reg[0]/C,u_mesh/GEN_R[1].r/u_allocator/output_owner_reg[2][3]/CE
0.881,19,2,2,intra,u_mesh/GEN_R[2].r/u_datapath/local_vc1_fifo/rd_ptr_reg[0]/C,u_mesh/GEN_R[2].r/G_EJECT_REG.eject_flit_q_reg[flit_data][21]/D
0.881,19,1,1,intra,u_mesh/GEN_R[1].r/u_datapath/south_vc2_fifo/rd_ptr_reg[0]/C,u_mesh/GEN_R[1].G_LINK_REG.qv_e_reg/D
0.882,19,1,1,intra,u_mesh/GEN_R[1].r/u_datapath/south_vc2_fifo/rd_ptr_reg[0]/C,u_mesh/GEN_R[1].G_LINK_REG.q_e_reg[flit_data][19]/D
0.883,18,3,3,intra,u_mesh/GEN_R[3].r/u_datapath/east_vc2_fifo/rd_ptr_reg[0]/C,u_mesh/GEN_R[3].G_LINK_REG.q_n_reg[flit_data][14]/D
0.883,19,4,4,intra,u_mesh/GEN_R[4].r/u_datapath/north_vc2_fifo/rd_ptr_reg[1]/C,u_mesh/GEN_R[4].G_LINK_REG.q_n_reg[flit_data][8]/D
0.884,19,5,5,intra,u_mesh/GEN_R[5].r/u_datapath/west_vc0_fifo/rd_ptr_reg[0]/C,u_mesh/GEN_R[5].r/G_EJECT_REG.eject_flit_q_reg[flit_data][0]/D
0.885,19,1,1,intra,u_mesh/GEN_R[1].r/u_datapath/south_vc2_fifo/rd_ptr_reg[0]/C,u_mesh/GEN_R[1].G_LINK_REG.q_w_reg[flit_data][14]/D
0.885,18,3,3,intra,u_mesh/GEN_R[3].r/u_datapath/east_vc2_fifo/rd_ptr_reg[0]/C,u_mesh/GEN_R[3].G_LINK_REG.q_e_reg[flit_data][15]/D
0.885,19,5,5,intra,u_mesh/GEN_R[5].r/u_datapath/west_vc0_fifo/rd_ptr_reg[0]/C,u_mesh/GEN_R[5].G_LINK_REG.q_n_reg[flit_data][12]/D
0.885,19,2,2,intra,u_mesh/GEN_R[2].r/u_datapath/local_vc1_fifo/rd_ptr_reg[0]/C,u_mesh/GEN_R[2].G_LINK_REG.q_w_reg[flit_data][17]/D
0.885,19,1,1,intra,u_mesh/GEN_R[1].r/u_datapath/south_vc2_fifo/rd_ptr_reg[0]/C,u_mesh/GEN_R[1].G_LINK_REG.q_w_reg[flit_type][0]/D
0.885,18,3,3,intra,u_mesh/GEN_R[3].r/u_datapath/east_vc2_fifo/rd_ptr_reg[0]/C,u_mesh/GEN_R[3].G_LINK_REG.q_e_reg[flit_data][27]/D
0.886,19,2,2,intra,u_mesh/GEN_R[2].r/u_datapath/local_vc1_fifo/rd_ptr_reg[0]/C,u_mesh/GEN_R[2].G_LINK_REG.q_s_reg[flit_data][11]/D
0.888,19,2,2,intra,u_mesh/GEN_R[2].r/u_datapath/local_vc1_fifo/rd_ptr_reg[0]/C,u_mesh/GEN_R[2].G_LINK_REG.q_s_reg[flit_data][17]/D
0.888,19,1,1,intra,u_mesh/GEN_R[1].r/u_datapath/south_vc2_fifo/rd_ptr_reg[0]/C,u_mesh/GEN_R[1].G_LINK_REG.q_e_reg[flit_data][26]/D
0.889,18,2,2,intra,u_mesh/GEN_R[2].r/u_datapath/local_vc1_fifo/rd_ptr_reg[0]/C,u_mesh/GEN_R[2].r/u_allocator/output_locked_reg[0]/D
0.890,19,0,0,intra,u_mesh/GEN_R[0].r/u_datapath/south_vc1_fifo/rd_ptr_reg[0]/C,u_mesh/GEN_R[0].G_LINK_REG.q_e_reg[flit_data][10]/D
0.890,19,5,5,intra,u_mesh/GEN_R[5].r/u_datapath/west_vc0_fifo/rd_ptr_reg[0]/C,u_mesh/GEN_R[5].G_LINK_REG.q_w_reg[flit_data][19]/D
0.891,19,1,1,intra,u_mesh/GEN_R[1].r/u_datapath/south_vc2_fifo/rd_ptr_reg[0]/C,u_mesh/GEN_R[1].r/G_EJECT_REG.eject_flit_q_reg[flit_data][31]/D
0.891,19,1,1,intra,u_mesh/GEN_R[1].r/u_datapath/south_vc2_fifo/rd_ptr_reg[0]/C,u_mesh/GEN_R[1].G_LINK_REG.q_s_reg[flit_data][28]/D
0.892,19,1,1,intra,u_mesh/GEN_R[1].r/u_datapath/south_vc2_fifo/rd_ptr_reg[0]/C,u_mesh/GEN_R[1].r/G_EJECT_REG.eject_flit_q_reg[flit_type][0]/D
0.893,19,2,2,intra,u_mesh/GEN_R[2].r/u_datapath/local_vc1_fifo/rd_ptr_reg[0]/C,u_mesh/GEN_R[2].G_LINK_REG.q_s_reg[flit_data][21]/D
0.895,19,1,1,intra,u_mesh/GEN_R[1].r/u_datapath/south_vc2_fifo/rd_ptr_reg[0]/C,u_mesh/GEN_R[1].G_LINK_REG.q_e_reg[flit_data][22]/D
0.895,18,3,3,intra,u_mesh/GEN_R[3].r/u_datapath/east_vc2_fifo/rd_ptr_reg[0]/C,u_mesh/GEN_R[3].G_LINK_REG.q_n_reg[flit_data][27]/D
0.895,18,3,3,intra,u_mesh/GEN_R[3].r/u_datapath/east_vc2_fifo/rd_ptr_reg[0]/C,u_mesh/GEN_R[3].r/G_EJECT_REG.eject_flit_q_reg[flit_data][3]/D
0.902,19,1,1,intra,u_mesh/GEN_R[1].r/u_datapath/south_vc2_fifo/rd_ptr_reg[0]/C,u_mesh/GEN_R[1].r/G_EJECT_REG.eject_flit_q_reg[flit_data][28]/D
0.904,19,5,5,intra,u_mesh/GEN_R[5].r/u_datapath/west_vc0_fifo/rd_ptr_reg[0]/C,u_mesh/GEN_R[5].G_LINK_REG.q_n_reg[flit_data][15]/D
0.906,19,1,1,intra,u_mesh/GEN_R[1].r/u_datapath/south_vc2_fifo/rd_ptr_reg[0]/C,u_mesh/GEN_R[1].G_LINK_REG.q_s_reg[flit_data][22]/D
0.906,18,5,5,intra,u_mesh/GEN_R[5].r/u_datapath/west_vc0_fifo/rd_ptr_reg[0]/C,u_mesh/GEN_R[5].r/G_EJECT_REG.eject_flit_q_reg[flit_data][14]/D
0.909,19,5,5,intra,u_mesh/GEN_R[5].r/u_datapath/west_vc0_fifo/rd_ptr_reg[0]/C,u_mesh/GEN_R[5].G_LINK_REG.q_n_reg[flit_data][26]/D
0.911,19,5,5,intra,u_mesh/GEN_R[5].r/u_datapath/west_vc0_fifo/rd_ptr_reg[0]/C,u_mesh/GEN_R[5].G_LINK_REG.q_n_reg[flit_data][27]/D
0.912,18,3,3,intra,u_mesh/GEN_R[3].r/u_datapath/east_vc2_fifo/rd_ptr_reg[0]/C,u_mesh/GEN_R[3].G_LINK_REG.q_e_reg[flit_data][22]/D
0.912,19,2,2,intra,u_mesh/GEN_R[2].r/u_datapath/local_vc1_fifo/rd_ptr_reg[0]/C,u_mesh/GEN_R[2].G_LINK_REG.q_w_reg[flit_data][9]/D
0.913,19,5,5,intra,u_mesh/GEN_R[5].r/u_datapath/west_vc0_fifo/rd_ptr_reg[0]/C,u_mesh/GEN_R[5].G_LINK_REG.q_n_reg[flit_data][18]/D
0.914,18,0,0,intra,u_mesh/GEN_R[0].r/u_datapath/south_vc1_fifo/rd_ptr_reg[0]/C,u_mesh/GEN_R[0].r/u_datapath/north_vc0_fifo/count_reg[0]/D
0.916,19,2,2,intra,u_mesh/GEN_R[2].r/u_datapath/local_vc1_fifo/rd_ptr_reg[0]/C,u_mesh/GEN_R[2].r/G_EJECT_REG.eject_flit_q_reg[flit_data][16]/D
0.918,19,2,2,intra,u_mesh/GEN_R[2].r/u_datapath/local_vc1_fifo/rd_ptr_reg[0]/C,u_mesh/GEN_R[2].G_LINK_REG.q_s_reg[flit_data][28]/D
0.920,19,1,1,intra,u_mesh/GEN_R[1].r/u_datapath/south_vc2_fifo/rd_ptr_reg[0]/C,u_mesh/GEN_R[1].G_LINK_REG.q_w_reg[flit_type][1]/D
0.920,19,2,2,intra,u_mesh/GEN_R[2].r/u_datapath/local_vc1_fifo/rd_ptr_reg[0]/C,u_mesh/GEN_R[2].G_LINK_REG.q_s_reg[flit_type][1]/D
0.924,19,1,1,intra,u_mesh/GEN_R[1].r/u_datapath/south_vc2_fifo/rd_ptr_reg[0]/C,u_mesh/GEN_R[1].G_LINK_REG.qv_w_reg/D
0.924,19,2,2,intra,u_mesh/GEN_R[2].r/u_datapath/local_vc1_fifo/rd_ptr_reg[0]/C,u_mesh/GEN_R[2].G_LINK_REG.q_w_reg[flit_data][1]/D
0.924,18,3,3,intra,u_mesh/GEN_R[3].r/u_datapath/east_vc2_fifo/rd_ptr_reg[0]/C,u_mesh/GEN_R[3].r/G_EJECT_REG.eject_flit_q_reg[flit_data][12]/D
0.924,18,3,3,intra,u_mesh/GEN_R[3].r/u_datapath/east_vc2_fifo/rd_ptr_reg[0]/C,u_mesh/GEN_R[3].G_LINK_REG.q_e_reg[flit_data][17]/D
0.924,19,4,4,intra,u_mesh/GEN_R[4].r/u_datapath/local_vc1_fifo/rd_ptr_reg[1]/C,u_mesh/GEN_R[4].r/G_EJECT_REG.eject_flit_q_reg[flit_data][13]/D
0.926,19,1,1,intra,u_mesh/GEN_R[1].r/u_datapath/south_vc2_fifo/rd_ptr_reg[0]/C,u_mesh/GEN_R[1].G_LINK_REG.q_e_reg[flit_data][28]/D
0.927,19,2,2,intra,u_mesh/GEN_R[2].r/u_datapath/local_vc1_fifo/rd_ptr_reg[0]/C,u_mesh/GEN_R[2].G_LINK_REG.q_s_reg[flit_data][8]/D
0.928,19,5,5,intra,u_mesh/GEN_R[5].r/u_datapath/west_vc0_fifo/rd_ptr_reg[0]/C,u_mesh/GEN_R[5].G_LINK_REG.q_n_reg[flit_data][28]/D
0.928,19,5,5,intra,u_mesh/GEN_R[5].r/u_datapath/west_vc0_fifo/rd_ptr_reg[0]/C,u_mesh/GEN_R[5].G_LINK_REG.q_n_reg[flit_data][13]/D
0.929,19,5,5,intra,u_mesh/GEN_R[5].r/u_datapath/west_vc0_fifo/rd_ptr_reg[0]/C,u_mesh/GEN_R[5].G_LINK_REG.q_n_reg[flit_data][23]/D
0.929,18,3,3,intra,u_mesh/GEN_R[3].r/u_datapath/east_vc2_fifo/rd_ptr_reg[0]/C,u_mesh/GEN_R[3].G_LINK_REG.q_e_reg[flit_data][4]/D
0.929,19,5,5,intra,u_mesh/GEN_R[5].r/u_datapath/west_vc0_fifo/rd_ptr_reg[0]/C,u_mesh/GEN_R[5].G_LINK_REG.q_n_reg[vc_id][1]/D
0.933,19,2,2,intra,u_mesh/GEN_R[2].r/u_datapath/local_vc1_fifo/rd_ptr_reg[0]/C,u_mesh/GEN_R[2].G_LINK_REG.q_w_reg[flit_data][20]/D
0.933,19,4,4,intra,u_mesh/GEN_R[4].r/u_datapath/local_vc1_fifo/rd_ptr_reg[1]/C,u_mesh/GEN_R[4].G_LINK_REG.q_n_reg[flit_data][15]/D
0.935,19,5,5,intra,u_mesh/GEN_R[5].r/u_datapath/west_vc0_fifo/rd_ptr_reg[0]/C,u_mesh/GEN_R[5].r/G_EJECT_REG.eject_flit_q_reg[flit_data][1]/D
0.935,19,1,1,intra,u_mesh/GEN_R[1].r/u_datapath/south_vc2_fifo/rd_ptr_reg[0]/C,u_mesh/GEN_R[1].r/G_EJECT_REG.eject_flit_q_reg[flit_type][1]/D
0.935,19,1,1,intra,u_mesh/GEN_R[1].r/u_datapath/south_vc2_fifo/rd_ptr_reg[0]/C,u_mesh/GEN_R[1].G_LINK_REG.q_s_reg[flit_data][29]/D
0.936,19,1,1,intra,u_mesh/GEN_R[1].r/u_datapath/south_vc2_fifo/rd_ptr_reg[0]/C,u_mesh/GEN_R[1].G_LINK_REG.q_s_reg[flit_data][25]/D
0.936,18,3,3,intra,u_mesh/GEN_R[3].r/u_datapath/east_vc2_fifo/rd_ptr_reg[0]/C,u_mesh/GEN_R[3].G_LINK_REG.q_e_reg[flit_data][20]/D
0.937,19,4,4,intra,u_mesh/GEN_R[4].r/u_datapath/north_vc2_fifo/rd_ptr_reg[1]/C,u_mesh/GEN_R[4].G_LINK_REG.q_e_reg[flit_data][2]/D
0.937,18,3,3,intra,u_mesh/GEN_R[3].r/u_datapath/east_vc2_fifo/rd_ptr_reg[0]/C,u_mesh/GEN_R[3].G_LINK_REG.q_n_reg[flit_data][18]/D
0.937,19,2,2,intra,u_mesh/GEN_R[2].r/u_datapath/local_vc1_fifo/rd_ptr_reg[0]/C,u_mesh/GEN_R[2].G_LINK_REG.q_w_reg[flit_data][16]/D
0.937,19,5,5,intra,u_mesh/GEN_R[5].r/u_datapath/west_vc0_fifo/rd_ptr_reg[0]/C,u_mesh/GEN_R[5].G_LINK_REG.q_n_reg[flit_data][2]/D
0.938,19,5,5,intra,u_mesh/GEN_R[5].r/u_datapath/west_vc0_fifo/rd_ptr_reg[0]/C,u_mesh/GEN_R[5].r/G_EJECT_REG.eject_flit_q_reg[flit_data][10]/D
0.938,19,4,4,intra,u_mesh/GEN_R[4].r/u_datapath/north_vc2_fifo/rd_ptr_reg[1]/C,u_mesh/GEN_R[4].G_LINK_REG.q_e_reg[flit_data][1]/D
0.939,19,2,2,intra,u_mesh/GEN_R[2].r/u_datapath/local_vc1_fifo/rd_ptr_reg[0]/C,u_mesh/GEN_R[2].G_LINK_REG.q_w_reg[flit_data][8]/D
0.942,19,1,1,intra,u_mesh/GEN_R[1].r/u_datapath/south_vc2_fifo/rd_ptr_reg[0]/C,u_mesh/GEN_R[1].r/G_EJECT_REG.eject_flit_q_reg[flit_data][29]/D
0.942,18,3,3,intra,u_mesh/GEN_R[3].r/u_datapath/east_vc2_fifo/rd_ptr_reg[0]/C,u_mesh/GEN_R[3].G_LINK_REG.q_n_reg[flit_data][21]/D
0.947,18,3,3,intra,u_mesh/GEN_R[3].r/u_datapath/east_vc2_fifo/rd_ptr_reg[0]/C,u_mesh/GEN_R[3].G_LINK_REG.q_e_reg[flit_data][9]/D
0.947,19,2,2,intra,u_mesh/GEN_R[2].r/u_datapath/local_vc1_fifo/rd_ptr_reg[0]/C,u_mesh/GEN_R[2].G_LINK_REG.q_w_reg[flit_data][13]/D
0.948,19,2,2,intra,u_mesh/GEN_R[2].r/u_datapath/local_vc1_fifo/rd_ptr_reg[0]/C,u_mesh/GEN_R[2].r/G_EJECT_REG.eject_flit_q_reg[flit_type][0]/D
0.950,19,2,2,intra,u_mesh/GEN_R[2].r/u_datapath/local_vc1_fifo/rd_ptr_reg[0]/C,u_mesh/GEN_R[2].r/G_EJECT_REG.eject_flit_q_reg[flit_data][11]/D
0.951,19,5,5,intra,u_mesh/GEN_R[5].r/u_datapath/west_vc0_fifo/rd_ptr_reg[0]/C,u_mesh/GEN_R[5].G_LINK_REG.q_n_reg[flit_data][29]/D
0.951,18,0,0,intra,u_mesh/GEN_R[0].r/u_datapath/south_vc1_fifo/rd_ptr_reg[0]/C,u_mesh/GEN_R[0].r/u_datapath/local_vc0_fifo/rd_ptr_reg[0]/D
0.954,19,5,5,intra,u_mesh/GEN_R[5].r/u_datapath/west_vc0_fifo/rd_ptr_reg[0]/C,u_mesh/GEN_R[5].r/G_EJECT_REG.eject_flit_q_reg[flit_data][6]/D
0.954,19,5,5,intra,u_mesh/GEN_R[5].r/u_datapath/west_vc0_fifo/rd_ptr_reg[0]/C,u_mesh/GEN_R[5].r/G_EJECT_REG.eject_flit_q_reg[flit_data][8]/D
0.955,18,3,3,intra,u_mesh/GEN_R[3].r/u_datapath/east_vc2_fifo/rd_ptr_reg[0]/C,u_mesh/GEN_R[3].r/G_EJECT_REG.eject_flit_q_reg[flit_data][19]/D
0.958,19,2,2,intra,u_mesh/GEN_R[2].r/u_datapath/local_vc1_fifo/rd_ptr_reg[0]/C,u_mesh/GEN_R[2].r/G_EJECT_REG.eject_flit_q_reg[flit_data][28]/D
0.959,19,4,4,intra,u_mesh/GEN_R[4].r/u_datapath/north_vc2_fifo/rd_ptr_reg[1]/C,u_mesh/GEN_R[4].G_LINK_REG.q_w_reg[flit_data][14]/D
0.960,19,1,1,intra,u_mesh/GEN_R[1].r/u_datapath/south_vc2_fifo/rd_ptr_reg[0]/C,u_mesh/GEN_R[1].G_LINK_REG.q_e_reg[vc_id][1]/D
0.961,18,2,2,intra,u_mesh/GEN_R[2].r/u_datapath/local_vc1_fifo/rd_ptr_reg[0]/C,u_mesh/GEN_R[2].r/u_allocator/output_owner_reg[3][0]/CE
0.961,18,2,2,intra,u_mesh/GEN_R[2].r/u_datapath/local_vc1_fifo/rd_ptr_reg[0]/C,u_mesh/GEN_R[2].r/u_allocator/output_owner_reg[3][1]/CE
0.961,18,2,2,intra,u_mesh/GEN_R[2].r/u_datapath/local_vc1_fifo/rd_ptr_reg[0]/C,u_mesh/GEN_R[2].r/u_allocator/output_owner_reg[3][2]/CE
0.961,18,2,2,intra,u_mesh/GEN_R[2].r/u_datapath/local_vc1_fifo/rd_ptr_reg[0]/C,u_mesh/GEN_R[2].r/u_allocator/output_owner_reg[3][3]/CE
0.961,19,2,2,intra,u_mesh/GEN_R[2].r/u_datapath/local_vc1_fifo/rd_ptr_reg[0]/C,u_mesh/GEN_R[2].G_LINK_REG.q_s_reg[flit_data][6]/D
0.963,19,1,1,intra,u_mesh/GEN_R[1].r/u_datapath/south_vc2_fifo/rd_ptr_reg[0]/C,u_mesh/GEN_R[1].G_LINK_REG.q_e_reg[flit_type][1]/D
0.964,19,2,2,intra,u_mesh/GEN_R[2].r/u_datapath/local_vc1_fifo/rd_ptr_reg[0]/C,u_mesh/GEN_R[2].r/G_EJECT_REG.eject_flit_q_reg[flit_data][20]/D
0.966,19,4,4,intra,u_mesh/GEN_R[4].r/u_datapath/north_vc2_fifo/rd_ptr_reg[1]/C,u_mesh/GEN_R[4].G_LINK_REG.q_e_reg[flit_data][14]/D
0.966,19,2,2,intra,u_mesh/GEN_R[2].r/u_datapath/local_vc1_fifo/rd_ptr_reg[0]/C,u_mesh/GEN_R[2].r/G_EJECT_REG.eject_flit_q_reg[flit_data][9]/D
0.966,19,2,2,intra,u_mesh/GEN_R[2].r/u_datapath/local_vc1_fifo/rd_ptr_reg[0]/C,u_mesh/GEN_R[2].r/G_EJECT_REG.eject_flit_q_reg[flit_data][18]/D
0.968,18,3,3,intra,u_mesh/GEN_R[3].r/u_datapath/east_vc2_fifo/rd_ptr_reg[0]/C,u_mesh/GEN_R[3].G_LINK_REG.q_n_reg[flit_data][17]/D
0.969,19,5,5,intra,u_mesh/GEN_R[5].r/u_datapath/west_vc0_fifo/rd_ptr_reg[0]/C,u_mesh/GEN_R[5].r/G_EJECT_REG.eject_flit_q_reg[flit_data][22]/D
0.969,19,4,4,intra,u_mesh/GEN_R[4].r/u_datapath/local_vc1_fifo/rd_ptr_reg[1]/C,u_mesh/GEN_R[4].G_LINK_REG.q_e_reg[flit_data][30]/D
0.969,19,4,4,intra,u_mesh/GEN_R[4].r/u_datapath/north_vc2_fifo/rd_ptr_reg[1]/C,u_mesh/GEN_R[4].G_LINK_REG.q_w_reg[flit_data][1]/D
0.970,19,4,4,intra,u_mesh/GEN_R[4].r/u_datapath/north_vc2_fifo/rd_ptr_reg[1]/C,u_mesh/GEN_R[4].G_LINK_REG.q_w_reg[flit_data][5]/D
0.970,19,1,1,intra,u_mesh/GEN_R[1].r/u_datapath/south_vc2_fifo/rd_ptr_reg[0]/C,u_mesh/GEN_R[1].G_LINK_REG.q_w_reg[flit_data][24]/D
0.971,19,5,5,intra,u_mesh/GEN_R[5].r/u_datapath/west_vc0_fifo/rd_ptr_reg[0]/C,u_mesh/GEN_R[5].G_LINK_REG.q_w_reg[flit_data][15]/D
0.972,18,3,3,intra,u_mesh/GEN_R[3].r/u_datapath/east_vc2_fifo/rd_ptr_reg[0]/C,u_mesh/GEN_R[3].r/G_EJECT_REG.eject_flit_q_reg[flit_data][17]/D
0.973,19,1,1,intra,u_mesh/GEN_R[1].r/u_datapath/south_vc2_fifo/rd_ptr_reg[0]/C,u_mesh/GEN_R[1].G_LINK_REG.q_s_reg[flit_data][20]/D
0.973,18,4,4,intra,u_mesh/GEN_R[4].r/u_datapath/north_vc2_fifo/rd_ptr_reg[1]/C,u_mesh/GEN_R[4].r/u_allocator/output_locked_reg[3]/D
0.974,19,5,5,intra,u_mesh/GEN_R[5].r/u_datapath/west_vc0_fifo/rd_ptr_reg[0]/C,u_mesh/GEN_R[5].G_LINK_REG.q_w_reg[flit_data][17]/D
0.974,19,2,2,intra,u_mesh/GEN_R[2].r/u_datapath/local_vc1_fifo/rd_ptr_reg[0]/C,u_mesh/GEN_R[2].G_LINK_REG.q_s_reg[flit_data][14]/D
0.976,19,2,2,intra,u_mesh/GEN_R[2].r/u_datapath/local_vc1_fifo/rd_ptr_reg[0]/C,u_mesh/GEN_R[2].r/G_EJECT_REG.eject_flit_q_reg[flit_data][29]/D
0.976,19,5,5,intra,u_mesh/GEN_R[5].r/u_datapath/west_vc0_fifo/rd_ptr_reg[0]/C,u_mesh/GEN_R[5].G_LINK_REG.q_n_reg[flit_data][5]/D
0.978,19,5,5,intra,u_mesh/GEN_R[5].r/u_datapath/west_vc0_fifo/rd_ptr_reg[0]/C,u_mesh/GEN_R[5].G_LINK_REG.q_n_reg[flit_data][10]/D
0.980,19,2,2,intra,u_mesh/GEN_R[2].r/u_datapath/local_vc1_fifo/rd_ptr_reg[0]/C,u_mesh/GEN_R[2].r/G_EJECT_REG.eject_flit_q_reg[flit_data][14]/D
0.980,18,3,3,intra,u_mesh/GEN_R[3].r/u_datapath/east_vc2_fifo/rd_ptr_reg[0]/C,u_mesh/GEN_R[3].G_LINK_REG.q_e_reg[flit_data][14]/D
0.981,19,1,1,intra,u_mesh/GEN_R[1].r/u_datapath/south_vc2_fifo/rd_ptr_reg[0]/C,u_mesh/GEN_R[1].G_LINK_REG.q_w_reg[flit_data][29]/D
0.983,19,4,4,intra,u_mesh/GEN_R[4].r/u_datapath/north_vc2_fifo/rd_ptr_reg[1]/C,u_mesh/GEN_R[4].G_LINK_REG.q_n_reg[vc_id][1]/D
0.985,18,3,3,intra,u_mesh/GEN_R[3].r/u_datapath/east_vc2_fifo/rd_ptr_reg[0]/C,u_mesh/GEN_R[3].G_LINK_REG.q_e_reg[flit_type][1]/D
0.987,19,4,4,intra,u_mesh/GEN_R[4].r/u_datapath/local_vc1_fifo/rd_ptr_reg[1]/C,u_mesh/GEN_R[4].r/u_allocator/output_owner_reg[1][0]/CE
0.987,19,4,4,intra,u_mesh/GEN_R[4].r/u_datapath/local_vc1_fifo/rd_ptr_reg[1]/C,u_mesh/GEN_R[4].r/u_allocator/output_owner_reg[1][3]/CE
0.988,19,4,4,intra,u_mesh/GEN_R[4].r/u_datapath/local_vc1_fifo/rd_ptr_reg[1]/C,u_mesh/GEN_R[4].G_LINK_REG.q_e_reg[flit_data][7]/D
0.988,19,5,5,intra,u_mesh/GEN_R[5].r/u_datapath/west_vc0_fifo/rd_ptr_reg[0]/C,u_mesh/GEN_R[5].G_LINK_REG.q_w_reg[flit_data][10]/D
0.988,19,5,5,intra,u_mesh/GEN_R[5].r/u_datapath/west_vc0_fifo/rd_ptr_reg[0]/C,u_mesh/GEN_R[5].G_LINK_REG.q_w_reg[vc_id][0]/D
0.988,18,4,4,intra,u_mesh/GEN_R[4].r/u_datapath/north_vc2_fifo/rd_ptr_reg[1]/C,u_mesh/GEN_R[4].r/u_allocator/output_owner_reg[3][0]/CE
0.988,18,4,4,intra,u_mesh/GEN_R[4].r/u_datapath/north_vc2_fifo/rd_ptr_reg[1]/C,u_mesh/GEN_R[4].r/u_allocator/output_owner_reg[3][1]/CE
0.988,18,4,4,intra,u_mesh/GEN_R[4].r/u_datapath/north_vc2_fifo/rd_ptr_reg[1]/C,u_mesh/GEN_R[4].r/u_allocator/output_owner_reg[3][2]/CE
0.988,18,4,4,intra,u_mesh/GEN_R[4].r/u_datapath/north_vc2_fifo/rd_ptr_reg[1]/C,u_mesh/GEN_R[4].r/u_allocator/output_owner_reg[3][3]/CE
0.989,18,3,3,intra,u_mesh/GEN_R[3].r/u_datapath/east_vc2_fifo/rd_ptr_reg[0]/C,u_mesh/GEN_R[3].G_LINK_REG.q_e_reg[flit_data][1]/D
0.989,18,3,3,intra,u_mesh/GEN_R[3].r/u_datapath/east_vc2_fifo/rd_ptr_reg[0]/C,u_mesh/GEN_R[3].r/G_EJECT_REG.eject_flit_q_reg[flit_data][26]/D
0.991,19,2,2,intra,u_mesh/GEN_R[2].r/u_datapath/local_vc1_fifo/rd_ptr_reg[0]/C,u_mesh/GEN_R[2].r/G_EJECT_REG.eject_flit_q_reg[vc_id][1]/D
0.991,19,4,4,intra,u_mesh/GEN_R[4].r/u_datapath/local_vc1_fifo/rd_ptr_reg[1]/C,u_mesh/GEN_R[4].G_LINK_REG.q_n_reg[flit_data][13]/D
0.992,19,1,1,intra,u_mesh/GEN_R[1].r/u_datapath/south_vc2_fifo/rd_ptr_reg[0]/C,u_mesh/GEN_R[1].G_LINK_REG.q_w_reg[flit_data][30]/D
0.992,18,3,3,intra,u_mesh/GEN_R[3].r/u_datapath/east_vc2_fifo/rd_ptr_reg[0]/C,u_mesh/GEN_R[3].G_LINK_REG.q_n_reg[flit_data][1]/D
0.992,19,4,4,intra,u_mesh/GEN_R[4].r/u_datapath/north_vc2_fifo/rd_ptr_reg[1]/C,u_mesh/GEN_R[4].G_LINK_REG.q_e_reg[flit_data][13]/D
0.993,19,5,5,intra,u_mesh/GEN_R[5].r/u_datapath/west_vc0_fifo/rd_ptr_reg[0]/C,u_mesh/GEN_R[5].G_LINK_REG.q_w_reg[flit_data][13]/D
0.994,19,5,5,intra,u_mesh/GEN_R[5].r/u_datapath/west_vc0_fifo/rd_ptr_reg[0]/C,u_mesh/GEN_R[5].r/G_EJECT_REG.eject_flit_q_reg[flit_data][7]/D
0.994,18,3,3,intra,u_mesh/GEN_R[3].r/u_datapath/east_vc2_fifo/rd_ptr_reg[0]/C,u_mesh/GEN_R[3].r/G_EJECT_REG.eject_flit_q_reg[flit_data][30]/D
0.995,19,4,4,intra,u_mesh/GEN_R[4].r/u_datapath/north_vc2_fifo/rd_ptr_reg[1]/C,u_mesh/GEN_R[4].G_LINK_REG.q_e_reg[flit_data][23]/D
0.995,19,2,2,intra,u_mesh/GEN_R[2].r/u_datapath/local_vc1_fifo/rd_ptr_reg[0]/C,u_mesh/GEN_R[2].r/G_EJECT_REG.eject_flit_q_reg[flit_data][3]/D
0.995,19,4,4,intra,u_mesh/GEN_R[4].r/u_datapath/north_vc2_fifo/rd_ptr_reg[1]/C,u_mesh/GEN_R[4].G_LINK_REG.q_w_reg[flit_data][16]/D
0.996,19,4,4,intra,u_mesh/GEN_R[4].r/u_datapath/north_vc2_fifo/rd_ptr_reg[1]/C,u_mesh/GEN_R[4].G_LINK_REG.q_n_reg[flit_data][16]/D
0.997,19,2,2,intra,u_mesh/GEN_R[2].r/u_datapath/local_vc1_fifo/rd_ptr_reg[0]/C,u_mesh/GEN_R[2].G_LINK_REG.q_s_reg[flit_data][22]/D
0.997,19,4,4,intra,u_mesh/GEN_R[4].r/u_datapath/local_vc1_fifo/rd_ptr_reg[1]/C,u_mesh/GEN_R[4].G_LINK_REG.q_n_reg[flit_data][2]/D
0.998,19,5,5,intra,u_mesh/GEN_R[5].r/u_datapath/west_vc0_fifo/rd_ptr_reg[0]/C,u_mesh/GEN_R[5].G_LINK_REG.q_w_reg[flit_data][25]/D
0.998,19,4,4,intra,u_mesh/GEN_R[4].r/u_datapath/local_vc1_fifo/rd_ptr_reg[1]/C,u_mesh/GEN_R[4].G_LINK_REG.q_w_reg[flit_data][15]/D
0.998,19,2,2,intra,u_mesh/GEN_R[2].r/u_datapath/local_vc1_fifo/rd_ptr_reg[0]/C,u_mesh/GEN_R[2].G_LINK_REG.q_w_reg[flit_data][25]/D
0.998,19,4,4,intra,u_mesh/GEN_R[4].r/u_datapath/north_vc2_fifo/rd_ptr_reg[1]/C,u_mesh/GEN_R[4].G_LINK_REG.q_w_reg[flit_data][2]/D
0.999,19,5,5,intra,u_mesh/GEN_R[5].r/u_datapath/west_vc0_fifo/rd_ptr_reg[0]/C,u_mesh/GEN_R[5].r/G_EJECT_REG.eject_flit_q_reg[flit_data][17]/D
0.999,18,5,5,intra,u_mesh/GEN_R[5].r/u_datapath/west_vc0_fifo/rd_ptr_reg[0]/C,u_mesh/GEN_R[5].r/G_EJECT_REG.eject_flit_q_reg[flit_data][2]/D
0.999,18,3,3,intra,u_mesh/GEN_R[3].r/u_datapath/east_vc2_fifo/rd_ptr_reg[0]/C,u_mesh/GEN_R[3].G_LINK_REG.q_n_reg[flit_data][26]/D
1.000,19,4,4,intra,u_mesh/GEN_R[4].r/u_datapath/north_vc2_fifo/rd_ptr_reg[1]/C,u_mesh/GEN_R[4].G_LINK_REG.q_e_reg[vc_id][0]/D
1.001,18,5,5,intra,u_mesh/GEN_R[5].r/u_datapath/west_vc0_fifo/rd_ptr_reg[0]/C,u_mesh/GEN_R[5].G_LINK_REG.q_n_reg[flit_data][7]/D
1.001,19,5,5,intra,u_mesh/GEN_R[5].r/u_datapath/west_vc0_fifo/rd_ptr_reg[0]/C,u_mesh/GEN_R[5].G_LINK_REG.q_w_reg[flit_data][20]/D
1.001,19,1,1,intra,u_mesh/GEN_R[1].r/u_datapath/south_vc2_fifo/rd_ptr_reg[0]/C,u_mesh/GEN_R[1].r/G_EJECT_REG.eject_flit_q_reg[flit_data][27]/D
1.004,19,2,2,intra,u_mesh/GEN_R[2].r/u_datapath/local_vc1_fifo/rd_ptr_reg[0]/C,u_mesh/GEN_R[2].G_LINK_REG.q_w_reg[flit_data][30]/D
1.004,19,2,2,intra,u_mesh/GEN_R[2].r/u_datapath/local_vc1_fifo/rd_ptr_reg[0]/C,u_mesh/GEN_R[2].r/G_EJECT_REG.eject_flit_q_reg[flit_data][8]/D
1.005,19,4,4,intra,u_mesh/GEN_R[4].r/u_datapath/local_vc1_fifo/rd_ptr_reg[1]/C,u_mesh/GEN_R[4].G_LINK_REG.q_n_reg[flit_data][19]/D
1.005,19,4,4,intra,u_mesh/GEN_R[4].r/u_datapath/north_vc2_fifo/rd_ptr_reg[1]/C,u_mesh/GEN_R[4].G_LINK_REG.q_n_reg[vc_id][0]/D
1.005,18,5,5,intra,u_mesh/GEN_R[5].r/u_datapath/west_vc0_fifo/rd_ptr_reg[0]/C,u_mesh/GEN_R[5].r/G_EJECT_REG.eject_flit_q_reg[flit_data][27]/D
1.006,19,4,4,intra,u_mesh/GEN_R[4].r/u_datapath/north_vc2_fifo/rd_ptr_reg[1]/C,u_mesh/GEN_R[4].G_LINK_REG.q_w_reg[flit_data][13]/D
1.007,19,4,4,intra,u_mesh/GEN_R[4].r/u_datapath/north_vc2_fifo/rd_ptr_reg[1]/C,u_mesh/GEN_R[4].G_LINK_REG.q_n_reg[flit_data][0]/D
1.008,18,1,1,intra,u_mesh/GEN_R[1].r/u_datapath/west_vc0_fifo/rd_ptr_reg[0]/C,u_mesh/GEN_R[1].r/u_allocator/output_owner_reg[0][2]/CE
1.008,18,1,1,intra,u_mesh/GEN_R[1].r/u_datapath/west_vc0_fifo/rd_ptr_reg[0]/C,u_mesh/GEN_R[1].r/u_allocator/output_owner_reg[0][3]/CE
1.008,18,5,5,intra,u_mesh/GEN_R[5].r/u_datapath/west_vc0_fifo/rd_ptr_reg[0]/C,u_mesh/GEN_R[5].r/G_EJECT_REG.eject_flit_q_reg[flit_data][15]/D
1.009,19,5,5,intra,u_mesh/GEN_R[5].r/u_datapath/west_vc0_fifo/rd_ptr_reg[0]/C,u_mesh/GEN_R[5].r/G_EJECT_REG.eject_flit_q_reg[flit_data][20]/D
1.011,19,4,4,intra,u_mesh/GEN_R[4].r/u_datapath/north_vc2_fifo/rd_ptr_reg[1]/C,u_mesh/GEN_R[4].G_LINK_REG.q_n_reg[flit_data][14]/D
1.013,19,0,0,intra,u_mesh/GEN_R[0].r/u_datapath/south_vc1_fifo/rd_ptr_reg[0]/C,u_mesh/GEN_R[0].r/u_allocator/output_owner_reg[3][0]/CE
1.013,19,0,0,intra,u_mesh/GEN_R[0].r/u_datapath/south_vc1_fifo/rd_ptr_reg[0]/C,u_mesh/GEN_R[0].r/u_allocator/output_owner_reg[3][1]/CE
1.013,19,0,0,intra,u_mesh/GEN_R[0].r/u_datapath/south_vc1_fifo/rd_ptr_reg[0]/C,u_mesh/GEN_R[0].r/u_allocator/output_owner_reg[3][2]/CE
1.013,19,0,0,intra,u_mesh/GEN_R[0].r/u_datapath/south_vc1_fifo/rd_ptr_reg[0]/C,u_mesh/GEN_R[0].r/u_allocator/output_owner_reg[3][3]/CE
1.018,19,4,4,intra,u_mesh/GEN_R[4].r/u_datapath/north_vc2_fifo/rd_ptr_reg[1]/C,u_mesh/GEN_R[4].G_LINK_REG.q_n_reg[flit_data][10]/D
1.018,19,4,4,intra,u_mesh/GEN_R[4].r/u_datapath/north_vc2_fifo/rd_ptr_reg[1]/C,u_mesh/GEN_R[4].r/G_EJECT_REG.eject_flit_q_reg[flit_data][11]/D
1.020,18,3,3,intra,u_mesh/GEN_R[3].r/u_datapath/east_vc2_fifo/rd_ptr_reg[0]/C,u_mesh/GEN_R[3].r/G_EJECT_REG.eject_flit_q_reg[flit_type][1]/D
1.020,19,2,2,intra,u_mesh/GEN_R[2].r/u_datapath/local_vc1_fifo/rd_ptr_reg[0]/C,u_mesh/GEN_R[2].G_LINK_REG.q_w_reg[flit_data][7]/D
1.021,19,1,1,intra,u_mesh/GEN_R[1].r/u_datapath/south_vc2_fifo/rd_ptr_reg[0]/C,u_mesh/GEN_R[1].G_LINK_REG.q_s_reg[flit_data][27]/D
1.022,19,2,2,intra,u_mesh/GEN_R[2].r/u_datapath/local_vc1_fifo/rd_ptr_reg[0]/C,u_mesh/GEN_R[2].r/G_EJECT_REG.eject_flit_q_reg[flit_data][4]/D
1.023,19,5,5,intra,u_mesh/GEN_R[5].r/u_datapath/west_vc0_fifo/rd_ptr_reg[0]/C,u_mesh/GEN_R[5].G_LINK_REG.q_n_reg[flit_data][31]/D
1.023,19,2,2,intra,u_mesh/GEN_R[2].r/u_datapath/local_vc1_fifo/rd_ptr_reg[0]/C,u_mesh/GEN_R[2].G_LINK_REG.q_w_reg[flit_data][18]/D
1.025,18,3,3,intra,u_mesh/GEN_R[3].r/u_datapath/east_vc2_fifo/rd_ptr_reg[0]/C,u_mesh/GEN_R[3].G_LINK_REG.q_n_reg[flit_data][0]/D
1.025,19,4,4,intra,u_mesh/GEN_R[4].r/u_datapath/local_vc1_fifo/rd_ptr_reg[1]/C,u_mesh/GEN_R[4].G_LINK_REG.q_n_reg[flit_data][24]/D
1.025,19,5,5,intra,u_mesh/GEN_R[5].r/u_datapath/west_vc0_fifo/rd_ptr_reg[0]/C,u_mesh/GEN_R[5].G_LINK_REG.q_w_reg[flit_data][7]/D
1.026,19,0,0,intra,u_mesh/GEN_R[0].r/u_datapath/south_vc1_fifo/rd_ptr_reg[0]/C,u_mesh/GEN_R[0].r/u_datapath/west_vc1_fifo/count_reg[2]/D
1.027,19,1,1,intra,u_mesh/GEN_R[1].r/u_datapath/south_vc2_fifo/rd_ptr_reg[0]/C,u_mesh/GEN_R[1].G_LINK_REG.q_s_reg[vc_id][0]/D
1.029,19,2,2,intra,u_mesh/GEN_R[2].r/u_datapath/local_vc1_fifo/rd_ptr_reg[0]/C,u_mesh/GEN_R[2].r/u_allocator/output_locked_reg[4]/D
1.030,19,2,2,intra,u_mesh/GEN_R[2].r/u_datapath/local_vc1_fifo/rd_ptr_reg[0]/C,u_mesh/GEN_R[2].G_LINK_REG.q_s_reg[flit_data][31]/D
1.030,18,3,3,intra,u_mesh/GEN_R[3].r/u_datapath/east_vc2_fifo/rd_ptr_reg[0]/C,u_mesh/GEN_R[3].G_LINK_REG.q_n_reg[vc_id][1]/D
1.032,18,0,0,intra,u_mesh/GEN_R[0].r/u_datapath/local_vc0_fifo/rd_ptr_reg[0]/C,u_mesh/GEN_R[0].r/u_allocator/output_owner_reg[4][0]/CE
1.032,18,0,0,intra,u_mesh/GEN_R[0].r/u_datapath/local_vc0_fifo/rd_ptr_reg[0]/C,u_mesh/GEN_R[0].r/u_allocator/output_owner_reg[4][1]/CE
1.032,18,0,0,intra,u_mesh/GEN_R[0].r/u_datapath/local_vc0_fifo/rd_ptr_reg[0]/C,u_mesh/GEN_R[0].r/u_allocator/output_owner_reg[4][2]/CE
1.032,18,0,0,intra,u_mesh/GEN_R[0].r/u_datapath/local_vc0_fifo/rd_ptr_reg[0]/C,u_mesh/GEN_R[0].r/u_allocator/output_owner_reg[4][3]/CE
1.033,18,3,3,intra,u_mesh/GEN_R[3].r/u_datapath/east_vc2_fifo/rd_ptr_reg[0]/C,u_mesh/GEN_R[3].r/G_EJECT_REG.eject_flit_q_reg[flit_data][8]/D
1.036,19,4,4,intra,u_mesh/GEN_R[4].r/u_datapath/north_vc2_fifo/rd_ptr_reg[1]/C,u_mesh/GEN_R[4].G_LINK_REG.q_n_reg[flit_data][20]/D
1.037,18,4,4,intra,u_mesh/GEN_R[4].r/u_datapath/west_vc2_fifo/rd_ptr_reg[0]/C,u_mesh/GEN_R[4].r/u_allocator/output_owner_reg[2][0]/CE
1.037,18,4,4,intra,u_mesh/GEN_R[4].r/u_datapath/west_vc2_fifo/rd_ptr_reg[0]/C,u_mesh/GEN_R[4].r/u_allocator/output_owner_reg[2][1]/CE
1.039,19,4,4,intra,u_mesh/GEN_R[4].r/u_datapath/north_vc2_fifo/rd_ptr_reg[1]/C,u_mesh/GEN_R[4].r/G_EJECT_REG.eject_flit_q_reg[flit_data][12]/D
1.039,19,4,4,intra,u_mesh/GEN_R[4].r/u_datapath/north_vc2_fifo/rd_ptr_reg[1]/C,u_mesh/GEN_R[4].G_LINK_REG.q_n_reg[flit_data][12]/D
1.039,19,2,2,intra,u_mesh/GEN_R[2].r/u_datapath/local_vc1_fifo/rd_ptr_reg[0]/C,u_mesh/GEN_R[2].r/G_EJECT_REG.eject_flit_q_reg[flit_data][31]/D
1.042,19,5,5,intra,u_mesh/GEN_R[5].r/u_datapath/west_vc0_fifo/rd_ptr_reg[0]/C,u_mesh/GEN_R[5].G_LINK_REG.q_w_reg[flit_data][28]/D
1.044,19,4,4,intra,u_mesh/GEN_R[4].r/u_datapath/local_vc1_fifo/rd_ptr_reg[1]/C,u_mesh/GEN_R[4].r/G_EJECT_REG.eject_flit_q_reg[flit_data][5]/D
1.045,18,3,3,intra,u_mesh/GEN_R[3].r/u_datapath/east_vc2_fifo/rd_ptr_reg[0]/C,u_mesh/GEN_R[3].r/G_EJECT_REG.eject_flit_q_reg[flit_data][13]/D
1.046,18,3,3,intra,u_mesh/GEN_R[3].r/u_datapath/east_vc2_fifo/rd_ptr_reg[0]/C,u_mesh/GEN_R[3].G_LINK_REG.q_n_reg[vc_id][0]/D
1.046,18,3,3,intra,u_mesh/GEN_R[3].r/u_datapath/east_vc2_fifo/rd_ptr_reg[0]/C,u_mesh/GEN_R[3].r/G_EJECT_REG.eject_flit_q_reg[flit_data][15]/D
1.048,18,1,1,intra,u_mesh/GEN_R[1].r/u_datapath/south_vc2_fifo/rd_ptr_reg[0]/C,u_mesh/GEN_R[1].r/u_datapath/south_vc2_fifo/count_reg[1]/D
1.048,18,3,3,intra,u_mesh/GEN_R[3].r/u_datapath/east_vc2_fifo/rd_ptr_reg[0]/C,u_mesh/GEN_R[3].r/G_EJECT_REG.eject_flit_q_reg[flit_data][24]/D
1.049,19,2,2,intra,u_mesh/GEN_R[2].r/u_datapath/local_vc1_fifo/rd_ptr_reg[0]/C,u_mesh/GEN_R[2].r/G_EJECT_REG.eject_flit_q_reg[flit_data][1]/D
1.051,18,3,3,intra,u_mesh/GEN_R[3].r/u_datapath/east_vc2_fifo/rd_ptr_reg[0]/C,u_mesh/GEN_R[3].r/u_allocator/output_owner_reg[3][0]/CE
1.051,18,3,3,intra,u_mesh/GEN_R[3].r/u_datapath/east_vc2_fifo/rd_ptr_reg[0]/C,u_mesh/GEN_R[3].r/u_allocator/output_owner_reg[3][3]/CE
1.051,19,1,1,intra,u_mesh/GEN_R[1].r/u_datapath/south_vc2_fifo/rd_ptr_reg[0]/C,u_mesh/GEN_R[1].G_LINK_REG.q_w_reg[flit_data][19]/D
1.051,18,3,3,intra,u_mesh/GEN_R[3].r/u_datapath/east_vc2_fifo/rd_ptr_reg[0]/C,u_mesh/GEN_R[3].G_LINK_REG.q_e_reg[flit_data][24]/D
1.052,18,3,3,intra,u_mesh/GEN_R[3].r/u_datapath/east_vc2_fifo/rd_ptr_reg[0]/C,u_mesh/GEN_R[3].r/G_EJECT_REG.eject_flit_q_reg[flit_data][0]/D
1.054,19,4,4,intra,u_mesh/GEN_R[4].r/u_datapath/north_vc2_fifo/rd_ptr_reg[1]/C,u_mesh/GEN_R[4].r/G_EJECT_REG.eject_flit_q_reg[vc_id][0]/D
1.055,19,2,2,intra,u_mesh/GEN_R[2].r/u_datapath/local_vc1_fifo/rd_ptr_reg[0]/C,u_mesh/GEN_R[2].G_LINK_REG.q_w_reg[flit_data][29]/D
1.055,18,5,5,intra,u_mesh/GEN_R[5].r/u_datapath/west_vc0_fifo/rd_ptr_reg[0]/C,u_mesh/GEN_R[5].r/G_EJECT_REG.eject_flit_q_reg[flit_data][4]/D
1.058,18,3,3,intra,u_mesh/GEN_R[3].r/u_datapath/local_vc2_fifo/rd_ptr_reg[1]/C,u_mesh/GEN_R[3].r/u_allocator/output_owner_reg[1][0]/CE
1.058,18,3,3,intra,u_mesh/GEN_R[3].r/u_datapath/local_vc2_fifo/rd_ptr_reg[1]/C,u_mesh/GEN_R[3].r/u_allocator/output_owner_reg[1][1]/CE
1.058,18,3,3,intra,u_mesh/GEN_R[3].r/u_datapath/local_vc2_fifo/rd_ptr_reg[1]/C,u_mesh/GEN_R[3].r/u_allocator/output_owner_reg[1][2]/CE
1.058,18,3,3,intra,u_mesh/GEN_R[3].r/u_datapath/local_vc2_fifo/rd_ptr_reg[1]/C,u_mesh/GEN_R[3].r/u_allocator/output_owner_reg[1][3]/CE
1.060,19,4,4,intra,u_mesh/GEN_R[4].r/u_datapath/north_vc2_fifo/rd_ptr_reg[1]/C,u_mesh/GEN_R[4].G_LINK_REG.q_e_reg[flit_data][5]/D
1.061,19,4,4,intra,u_mesh/GEN_R[4].r/u_datapath/local_vc1_fifo/rd_ptr_reg[1]/C,u_mesh/GEN_R[4].G_LINK_REG.q_w_reg[flit_data][7]/D
1.061,19,4,4,intra,u_mesh/GEN_R[4].r/u_datapath/local_vc1_fifo/rd_ptr_reg[1]/C,u_mesh/GEN_R[4].r/u_allocator/output_owner_reg[1][1]/CE
1.061,19,4,4,intra,u_mesh/GEN_R[4].r/u_datapath/local_vc1_fifo/rd_ptr_reg[1]/C,u_mesh/GEN_R[4].r/u_allocator/output_owner_reg[1][2]/CE
1.063,19,5,5,intra,u_mesh/GEN_R[5].r/u_datapath/west_vc0_fifo/rd_ptr_reg[0]/C,u_mesh/GEN_R[5].G_LINK_REG.q_n_reg[flit_data][0]/D
1.063,19,4,4,intra,u_mesh/GEN_R[4].r/u_datapath/north_vc2_fifo/rd_ptr_reg[1]/C,u_mesh/GEN_R[4].G_LINK_REG.q_n_reg[flit_data][26]/D
1.065,19,4,4,intra,u_mesh/GEN_R[4].r/u_datapath/north_vc2_fifo/rd_ptr_reg[1]/C,u_mesh/GEN_R[4].r/G_EJECT_REG.eject_flit_q_reg[flit_data][1]/D
1.066,18,1,1,intra,u_mesh/GEN_R[1].r/u_datapath/south_vc2_fifo/rd_ptr_reg[0]/C,u_mesh/GEN_R[1].r/u_datapath/south_vc2_fifo/count_reg[2]/D
1.068,18,3,3,intra,u_mesh/GEN_R[3].r/u_datapath/east_vc2_fifo/rd_ptr_reg[0]/C,u_mesh/GEN_R[3].r/G_EJECT_REG.eject_flit_q_reg[flit_data][11]/D
1.069,19,5,5,intra,u_mesh/GEN_R[5].r/u_datapath/west_vc0_fifo/rd_ptr_reg[0]/C,u_mesh/GEN_R[5].G_LINK_REG.q_n_reg[flit_data][24]/D
1.070,18,3,3,intra,u_mesh/GEN_R[3].r/u_datapath/east_vc2_fifo/rd_ptr_reg[0]/C,u_mesh/GEN_R[3].G_LINK_REG.q_e_reg[flit_data][26]/D
1.071,18,3,3,intra,u_mesh/GEN_R[3].r/u_datapath/east_vc2_fifo/rd_ptr_reg[0]/C,u_mesh/GEN_R[3].r/G_EJECT_REG.eject_flit_q_reg[flit_data][21]/D
1.071,17,1,1,intra,u_mesh/GEN_R[1].r/u_datapath/south_vc2_fifo/rd_ptr_reg[0]/C,u_mesh/GEN_R[1].r/u_datapath/local_vc1_fifo/rd_ptr_reg[0]/D
1.072,19,5,5,intra,u_mesh/GEN_R[5].r/u_datapath/west_vc0_fifo/rd_ptr_reg[0]/C,u_mesh/GEN_R[5].G_LINK_REG.q_w_reg[flit_data][26]/D
1.072,19,5,5,intra,u_mesh/GEN_R[5].r/u_datapath/west_vc0_fifo/rd_ptr_reg[0]/C,u_mesh/GEN_R[5].G_LINK_REG.q_w_reg[vc_id][1]/D
1.072,19,3,3,intra,u_mesh/GEN_R[3].r/u_datapath/local_vc2_fifo/rd_ptr_reg[1]/C,u_mesh/GEN_R[3].r/G_EJECT_REG.eject_flit_q_reg[flit_data][4]/D
1.074,18,3,3,intra,u_mesh/GEN_R[3].r/u_datapath/north_vc2_fifo/rd_ptr_reg[0]/C,u_mesh/GEN_R[3].r/u_allocator/output_locked_reg[4]/D
1.074,18,3,3,intra,u_mesh/GEN_R[3].r/u_datapath/east_vc2_fifo/rd_ptr_reg[0]/C,u_mesh/GEN_R[3].G_LINK_REG.q_n_reg[flit_data][3]/D
1.074,18,3,3,intra,u_mesh/GEN_R[3].r/u_datapath/east_vc2_fifo/rd_ptr_reg[0]/C,u_mesh/GEN_R[3].G_LINK_REG.q_n_reg[flit_data][28]/D
1.077,19,2,2,intra,u_mesh/GEN_R[2].r/u_datapath/local_vc1_fifo/rd_ptr_reg[0]/C,u_mesh/GEN_R[2].G_LINK_REG.q_s_reg[vc_id][1]/D
1.079,18,3,3,intra,u_mesh/GEN_R[3].r/u_datapath/east_vc2_fifo/rd_ptr_reg[0]/C,u_mesh/GEN_R[3].G_LINK_REG.q_e_reg[vc_id][0]/D
1.082,18,5,5,intra,u_mesh/GEN_R[5].r/u_datapath/west_vc0_fifo/rd_ptr_reg[0]/C,u_mesh/GEN_R[5].G_LINK_REG.q_n_reg[flit_data][25]/D
1.082,19,5,5,intra,u_mesh/GEN_R[5].r/u_datapath/west_vc0_fifo/rd_ptr_reg[0]/C,u_mesh/GEN_R[5].G_LINK_REG.qv_w_reg/D
1.083,18,3,3,intra,u_mesh/GEN_R[3].r/u_datapath/east_vc2_fifo/rd_ptr_reg[0]/C,u_mesh/GEN_R[3].r/G_EJECT_REG.eject_flit_q_reg[vc_id][0]/D
1.086,18,5,5,intra,u_mesh/GEN_R[5].r/u_datapath/west_vc0_fifo/rd_ptr_reg[0]/C,u_mesh/GEN_R[5].G_LINK_REG.q_n_reg[flit_data][20]/D
1.087,19,4,4,intra,u_mesh/GEN_R[4].r/u_datapath/local_vc1_fifo/rd_ptr_reg[1]/C,u_mesh/GEN_R[4].G_LINK_REG.q_w_reg[flit_data][22]/D
1.089,19,5,5,intra,u_mesh/GEN_R[5].r/u_datapath/west_vc0_fifo/rd_ptr_reg[0]/C,u_mesh/GEN_R[5].G_LINK_REG.q_w_reg[flit_data][16]/D
1.090,19,0,0,intra,u_mesh/GEN_R[0].r/u_datapath/south_vc1_fifo/rd_ptr_reg[0]/C,u_mesh/GEN_R[0].r/u_datapath/west_vc1_fifo/count_reg[1]/D
1.092,19,0,0,intra,u_mesh/GEN_R[0].r/u_datapath/south_vc1_fifo/rd_ptr_reg[0]/C,u_mesh/GEN_R[0].r/u_datapath/west_vc1_fifo/count_reg[0]/D
1.092,19,4,4,intra,u_mesh/GEN_R[4].r/u_datapath/north_vc2_fifo/rd_ptr_reg[1]/C,u_mesh/GEN_R[4].G_LINK_REG.q_e_reg[flit_data][22]/D
1.094,19,2,2,intra,u_mesh/GEN_R[2].r/u_datapath/local_vc1_fifo/rd_ptr_reg[0]/C,u_mesh/GEN_R[2].G_LINK_REG.q_s_reg[flit_type][0]/D
1.095,19,4,4,intra,u_mesh/GEN_R[4].r/u_datapath/north_vc2_fifo/rd_ptr_reg[1]/C,u_mesh/GEN_R[4].r/G_EJECT_REG.eject_flit_q_reg[flit_data][15]/D
1.095,19,4,4,intra,u_mesh/GEN_R[4].r/u_datapath/local_vc1_fifo/rd_ptr_reg[1]/C,u_mesh/GEN_R[4].r/G_EJECT_REG.eject_flit_q_reg[flit_data][14]/D
1.097,19,2,2,intra,u_mesh/GEN_R[2].r/u_datapath/local_vc1_fifo/rd_ptr_reg[0]/C,u_mesh/GEN_R[2].r/G_EJECT_REG.eject_flit_q_reg[flit_data][26]/D
1.097,19,4,4,intra,u_mesh/GEN_R[4].r/u_datapath/north_vc2_fifo/rd_ptr_reg[1]/C,u_mesh/GEN_R[4].G_LINK_REG.q_n_reg[flit_data][22]/D
1.098,18,3,3,intra,u_mesh/GEN_R[3].r/u_datapath/east_vc2_fifo/rd_ptr_reg[0]/C,u_mesh/GEN_R[3].G_LINK_REG.q_n_reg[flit_data][10]/D
1.099,18,3,3,intra,u_mesh/GEN_R[3].r/u_datapath/east_vc2_fifo/rd_ptr_reg[0]/C,u_mesh/GEN_R[3].r/G_EJECT_REG.eject_flit_q_reg[flit_data][23]/D
1.099,18,3,3,intra,u_mesh/GEN_R[3].r/u_datapath/east_vc2_fifo/rd_ptr_reg[0]/C,u_mesh/GEN_R[3].G_LINK_REG.q_n_reg[flit_data][24]/D
1.101,19,5,5,intra,u_mesh/GEN_R[5].r/u_datapath/west_vc0_fifo/rd_ptr_reg[0]/C,u_mesh/GEN_R[5].G_LINK_REG.q_w_reg[flit_data][3]/D
1.102,19,2,2,intra,u_mesh/GEN_R[2].r/u_datapath/local_vc1_fifo/rd_ptr_reg[0]/C,u_mesh/GEN_R[2].G_LINK_REG.q_w_reg[flit_type][1]/D
1.103,19,5,5,intra,u_mesh/GEN_R[5].r/u_datapath/west_vc0_fifo/rd_ptr_reg[0]/C,u_mesh/GEN_R[5].G_LINK_REG.q_n_reg[flit_data][17]/D
1.103,19,4,4,intra,u_mesh/GEN_R[4].r/u_datapath/local_vc1_fifo/rd_ptr_reg[1]/C,u_mesh/GEN_R[4].G_LINK_REG.q_w_reg[flit_data][20]/D
1.103,19,2,2,intra,u_mesh/GEN_R[2].r/u_datapath/local_vc1_fifo/rd_ptr_reg[0]/C,u_mesh/GEN_R[2].G_LINK_REG.q_s_reg[flit_data][26]/D
1.103,19,5,5,intra,u_mesh/GEN_R[5].r/u_datapath/west_vc0_fifo/rd_ptr_reg[0]/C,u_mesh/GEN_R[5].G_LINK_REG.q_w_reg[flit_data][1]/D
1.104,19,2,2,intra,u_mesh/GEN_R[2].r/u_datapath/local_vc1_fifo/rd_ptr_reg[0]/C,u_mesh/GEN_R[2].G_LINK_REG.q_w_reg[flit_data][22]/D
1.104,19,4,4,intra,u_mesh/GEN_R[4].r/u_datapath/local_vc1_fifo/rd_ptr_reg[1]/C,u_mesh/GEN_R[4].r/G_EJECT_REG.eject_flit_q_reg[flit_data][20]/D
1.105,19,2,2,intra,u_mesh/GEN_R[2].r/u_datapath/local_vc1_fifo/rd_ptr_reg[0]/C,u_mesh/GEN_R[2].G_LINK_REG.q_s_reg[flit_data][29]/D
1.106,18,3,3,intra,u_mesh/GEN_R[3].r/u_datapath/east_vc2_fifo/rd_ptr_reg[0]/C,u_mesh/GEN_R[3].r/G_EJECT_REG.eject_flit_q_reg[flit_data][9]/D
1.106,18,3,3,intra,u_mesh/GEN_R[3].r/u_datapath/east_vc2_fifo/rd_ptr_reg[0]/C,u_mesh/GEN_R[3].G_LINK_REG.q_n_reg[flit_data][8]/D
1.107,19,5,5,intra,u_mesh/GEN_R[5].r/u_datapath/west_vc0_fifo/rd_ptr_reg[0]/C,u_mesh/GEN_R[5].G_LINK_REG.q_n_reg[flit_data][16]/D
1.109,19,2,2,intra,u_mesh/GEN_R[2].r/u_datapath/local_vc1_fifo/rd_ptr_reg[0]/C,u_mesh/GEN_R[2].r/G_EJECT_REG.eject_flit_q_reg[flit_data][22]/D
1.111,19,2,2,intra,u_mesh/GEN_R[2].r/u_datapath/local_vc1_fifo/rd_ptr_reg[0]/C,u_mesh/GEN_R[2].G_LINK_REG.q_s_reg[flit_data][30]/D
1.111,18,3,3,intra,u_mesh/GEN_R[3].r/u_datapath/east_vc2_fifo/rd_ptr_reg[0]/C,u_mesh/GEN_R[3].G_LINK_REG.q_n_reg[flit_data][6]/D
1.112,19,4,4,intra,u_mesh/GEN_R[4].r/u_datapath/local_vc1_fifo/rd_ptr_reg[1]/C,u_mesh/GEN_R[4].r/G_EJECT_REG.eject_flit_q_reg[flit_data][21]/D
1.115,19,4,4,intra,u_mesh/GEN_R[4].r/u_datapath/north_vc2_fifo/rd_ptr_reg[1]/C,u_mesh/GEN_R[4].G_LINK_REG.q_w_reg[flit_data][9]/D
1.117,18,3,3,intra,u_mesh/GEN_R[3].r/u_datapath/east_vc2_fifo/rd_ptr_reg[0]/C,u_mesh/GEN_R[3].G_LINK_REG.q_n_reg[flit_data][15]/D
1.119,19,4,4,intra,u_mesh/GEN_R[4].r/u_datapath/local_vc1_fifo/rd_ptr_reg[1]/C,u_mesh/GEN_R[4].G_LINK_REG.q_n_reg[flit_data][23]/D
1.119,18,1,1,intra,u_mesh/GEN_R[1].r/u_datapath/west_vc0_fifo/rd_ptr_reg[0]/C,u_mesh/GEN_R[1].r/u_allocator/output_owner_reg[0][0]/CE
1.119,18,1,1,intra,u_mesh/GEN_R[1].r/u_datapath/west_vc0_fifo/rd_ptr_reg[0]/C,u_mesh/GEN_R[1].r/u_allocator/output_owner_reg[0][1]/CE
1.120,19,2,2,intra,u_mesh/GEN_R[2].r/u_datapath/local_vc1_fifo/rd_ptr_reg[0]/C,u_mesh/GEN_R[2].G_LINK_REG.q_w_reg[flit_data][26]/D
1.120,19,4,4,intra,u_mesh/GEN_R[4].r/u_datapath/north_vc2_fifo/rd_ptr_reg[1]/C,u_mesh/GEN_R[4].r/G_EJECT_REG.eject_flit_q_reg[flit_data][0]/D
1.121,19,4,4,intra,u_mesh/GEN_R[4].r/u_datapath/north_vc2_fifo/rd_ptr_reg[1]/C,u_mesh/GEN_R[4].G_LINK_REG.q_w_reg[flit_data][0]/D
1.121,19,4,4,intra,u_mesh/GEN_R[4].r/u_datapath/local_vc1_fifo/rd_ptr_reg[1]/C,u_mesh/GEN_R[4].r/G_EJECT_REG.eject_flit_q_reg[flit_data][22]/D
1.122,18,3,3,intra,u_mesh/GEN_R[3].r/u_datapath/east_vc2_fifo/rd_ptr_reg[0]/C,u_mesh/GEN_R[3].r/G_EJECT_REG.eject_flit_q_reg[flit_data][7]/D
1.123,19,5,5,intra,u_mesh/GEN_R[5].r/u_datapath/west_vc0_fifo/rd_ptr_reg[0]/C,u_mesh/GEN_R[5].G_LINK_REG.q_n_reg[vc_id][0]/D
1.126,19,2,2,intra,u_mesh/GEN_R[2].r/u_datapath/local_vc1_fifo/rd_ptr_reg[0]/C,u_mesh/GEN_R[2].G_LINK_REG.q_w_reg[vc_id][0]/D
1.127,19,4,4,intra,u_mesh/GEN_R[4].r/u_datapath/north_vc2_fifo/rd_ptr_reg[1]/C,u_mesh/GEN_R[4].G_LINK_REG.q_w_reg[flit_data][23]/D
1.127,19,4,4,intra,u_mesh/GEN_R[4].r/u_datapath/north_vc2_fifo/rd_ptr_reg[1]/C,u_mesh/GEN_R[4].r/G_EJECT_REG.eject_flit_q_reg[vc_id][1]/D
1.130,18,4,4,intra,u_mesh/GEN_R[4].r/u_datapath/west_vc2_fifo/rd_ptr_reg[0]/C,u_mesh/GEN_R[4].r/u_allocator/output_owner_reg[2][2]/CE
1.130,18,4,4,intra,u_mesh/GEN_R[4].r/u_datapath/west_vc2_fifo/rd_ptr_reg[0]/C,u_mesh/GEN_R[4].r/u_allocator/output_owner_reg[2][3]/CE
1.131,19,4,4,intra,u_mesh/GEN_R[4].r/u_datapath/local_vc1_fifo/rd_ptr_reg[1]/C,u_mesh/GEN_R[4].G_LINK_REG.q_e_reg[flit_data][16]/D
1.131,18,3,3,intra,u_mesh/GEN_R[3].r/u_datapath/east_vc2_fifo/rd_ptr_reg[0]/C,u_mesh/GEN_R[3].r/G_EJECT_REG.eject_flit_q_reg[flit_data][1]/D
1.131,19,2,2,intra,u_mesh/GEN_R[2].r/u_datapath/local_vc1_fifo/rd_ptr_reg[0]/C,u_mesh/GEN_R[2].r/G_EJECT_REG.eject_flit_q_reg[flit_data][25]/D
1.132,18,3,3,intra,u_mesh/GEN_R[3].r/u_datapath/east_vc2_fifo/rd_ptr_reg[0]/C,u_mesh/GEN_R[3].r/u_allocator/output_owner_reg[3][1]/CE
1.132,18,3,3,intra,u_mesh/GEN_R[3].r/u_datapath/east_vc2_fifo/rd_ptr_reg[0]/C,u_mesh/GEN_R[3].r/u_allocator/output_owner_reg[3][2]/CE
1.133,19,1,1,intra,u_mesh/GEN_R[1].r/u_datapath/south_vc2_fifo/rd_ptr_reg[0]/C,u_mesh/GEN_R[1].G_LINK_REG.q_e_reg[flit_data][27]/D
1.133,18,1,1,intra,u_mesh/GEN_R[1].r/u_datapath/south_vc2_fifo/rd_ptr_reg[0]/C,u_mesh/GEN_R[1].r/u_datapath/south_vc2_fifo/count_reg[0]/D
1.134,18,5,5,intra,u_mesh/GEN_R[5].r/u_datapath/west_vc0_fifo/rd_ptr_reg[0]/C,u_mesh/GEN_R[5].r/G_EJECT_REG.eject_flit_q_reg[flit_data][26]/D
1.134,18,3,3,intra,u_mesh/GEN_R[3].r/u_datapath/east_vc2_fifo/rd_ptr_reg[0]/C,u_mesh/GEN_R[3].r/G_EJECT_REG.eject_flit_q_reg[flit_data][20]/D
1.135,19,2,2,intra,u_mesh/GEN_R[2].r/u_datapath/local_vc1_fifo/rd_ptr_reg[0]/C,u_mesh/GEN_R[2].G_LINK_REG.q_s_reg[vc_id][0]/D
1.136,19,4,4,intra,u_mesh/GEN_R[4].r/u_datapath/north_vc2_fifo/rd_ptr_reg[1]/C,u_mesh/GEN_R[4].r/G_EJECT_REG.eject_flit_q_reg[flit_data][2]/D
1.137,18,3,3,intra,u_mesh/GEN_R[3].r/u_datapath/east_vc2_fifo/rd_ptr_reg[0]/C,u_mesh/GEN_R[3].G_LINK_REG.q_n_reg[flit_data][20]/D
1.138,18,4,4,intra,u_mesh/GEN_R[4].r/u_datapath/east_vc2_fifo/rd_ptr_reg[0]/C,u_mesh/GEN_R[4].G_LINK_REG.q_e_reg[flit_data][10]/D
1.138,19,5,5,intra,u_mesh/GEN_R[5].r/u_datapath/west_vc0_fifo/rd_ptr_reg[0]/C,u_mesh/GEN_R[5].r/G_EJECT_REG.eject_flit_q_reg[flit_data][31]/D
1.139,19,1,1,intra,u_mesh/GEN_R[1].r/u_datapath/south_vc2_fifo/rd_ptr_reg[0]/C,u_mesh/GEN_R[1].r/G_EJECT_REG.eject_flit_q_reg[flit_data][24]/D
1.139,19,5,5,intra,u_mesh/GEN_R[5].r/u_datapath/local_vc2_fifo/rd_ptr_reg[1]/C,u_mesh/GEN_R[5].r/u_allocator/output_owner_reg[1][1]/CE
1.139,19,5,5,intra,u_mesh/GEN_R[5].r/u_datapath/local_vc2_fifo/rd_ptr_reg[1]/C,u_mesh/GEN_R[5].r/u_allocator/output_owner_reg[1][2]/CE
1.139,18,5,5,intra,u_mesh/GEN_R[5].r/u_datapath/west_vc0_fifo/rd_ptr_reg[0]/C,u_mesh/GEN_R[5].G_LINK_REG.q_w_reg[flit_data][31]/D
1.139,19,1,1,intra,u_mesh/GEN_R[1].r/u_datapath/south_vc2_fifo/rd_ptr_reg[0]/C,u_mesh/GEN_R[1].G_LINK_REG.q_w_reg[flit_data][25]/D
1.140,19,2,2,intra,u_mesh/GEN_R[2].r/u_datapath/local_vc1_fifo/rd_ptr_reg[0]/C,u_mesh/GEN_R[2].G_LINK_REG.q_w_reg[flit_type][0]/D
1.140,19,4,4,intra,u_mesh/GEN_R[4].r/u_datapath/local_vc1_fifo/rd_ptr_reg[1]/C,u_mesh/GEN_R[4].G_LINK_REG.q_e_reg[flit_data][4]/D
1.141,19,4,4,intra,u_mesh/GEN_R[4].r/u_datapath/local_vc1_fifo/rd_ptr_reg[1]/C,u_mesh/GEN_R[4].G_LINK_REG.q_n_reg[flit_data][21]/D
1.141,19,4,4,intra,u_mesh/GEN_R[4].r/u_datapath/north_vc2_fifo/rd_ptr_reg[1]/C,u_mesh/GEN_R[4].G_LINK_REG.q_e_reg[vc_id][1]/D
1.143,19,4,4,intra,u_mesh/GEN_R[4].r/u_datapath/north_vc2_fifo/rd_ptr_reg[1]/C,u_mesh/GEN_R[4].r/G_EJECT_REG.eject_flit_q_reg[flit_data][16]/D
1.145,19,4,4,intra,u_mesh/GEN_R[4].r/u_datapath/north_vc2_fifo/rd_ptr_reg[1]/C,u_mesh/GEN_R[4].G_LINK_REG.q_n_reg[flit_data][4]/D
1.147,18,3,3,intra,u_mesh/GEN_R[3].r/u_datapath/east_vc2_fifo/rd_ptr_reg[0]/C,u_mesh/GEN_R[3].G_LINK_REG.q_e_reg[flit_data][11]/D
1.150,18,3,3,intra,u_mesh/GEN_R[3].r/u_datapath/east_vc2_fifo/rd_ptr_reg[0]/C,u_mesh/GEN_R[3].r/G_EJECT_REG.eject_flit_q_reg[flit_data][14]/D
1.151,19,5,5,intra,u_mesh/GEN_R[5].r/u_datapath/west_vc0_fifo/rd_ptr_reg[0]/C,u_mesh/GEN_R[5].r/G_EJECT_REG.eject_flit_q_reg[flit_data][13]/D
1.152,19,4,4,intra,u_mesh/GEN_R[4].r/u_datapath/local_vc1_fifo/rd_ptr_reg[1]/C,u_mesh/GEN_R[4].G_LINK_REG.q_e_reg[flit_data][26]/D
1.152,19,1,1,intra,u_mesh/GEN_R[1].r/u_datapath/south_vc2_fifo/rd_ptr_reg[0]/C,u_mesh/GEN_R[1].G_LINK_REG.q_e_reg[flit_data][29]/D
1.154,19,5,5,intra,u_mesh/GEN_R[5].r/u_datapath/west_vc0_fifo/rd_ptr_reg[0]/C,u_mesh/GEN_R[5].r/G_EJECT_REG.eject_flit_q_reg[vc_id][1]/D
1.154,19,1,1,intra,u_mesh/GEN_R[1].r/u_datapath/south_vc2_fifo/rd_ptr_reg[0]/C,u_mesh/GEN_R[1].G_LINK_REG.q_e_reg[flit_data][25]/D
1.154,19,4,4,intra,u_mesh/GEN_R[4].r/u_datapath/north_vc2_fifo/rd_ptr_reg[1]/C,u_mesh/GEN_R[4].G_LINK_REG.q_e_reg[flit_data][3]/D
1.155,19,5,5,intra,u_mesh/GEN_R[5].r/u_datapath/west_vc0_fifo/rd_ptr_reg[0]/C,u_mesh/GEN_R[5].r/u_allocator/output_owner_reg[3][0]/CE
1.155,19,5,5,intra,u_mesh/GEN_R[5].r/u_datapath/west_vc0_fifo/rd_ptr_reg[0]/C,u_mesh/GEN_R[5].r/u_allocator/output_owner_reg[3][1]/CE
1.155,19,5,5,intra,u_mesh/GEN_R[5].r/u_datapath/west_vc0_fifo/rd_ptr_reg[0]/C,u_mesh/GEN_R[5].r/u_allocator/output_owner_reg[3][2]/CE
1.155,19,5,5,intra,u_mesh/GEN_R[5].r/u_datapath/west_vc0_fifo/rd_ptr_reg[0]/C,u_mesh/GEN_R[5].r/u_allocator/output_owner_reg[3][3]/CE
1.156,19,5,5,intra,u_mesh/GEN_R[5].r/u_datapath/local_vc2_fifo/rd_ptr_reg[1]/C,u_mesh/GEN_R[5].r/u_allocator/output_owner_reg[2][0]/CE
1.156,19,5,5,intra,u_mesh/GEN_R[5].r/u_datapath/local_vc2_fifo/rd_ptr_reg[1]/C,u_mesh/GEN_R[5].r/u_allocator/output_owner_reg[2][1]/CE
1.156,19,5,5,intra,u_mesh/GEN_R[5].r/u_datapath/local_vc2_fifo/rd_ptr_reg[1]/C,u_mesh/GEN_R[5].r/u_allocator/output_owner_reg[2][2]/CE
1.156,19,5,5,intra,u_mesh/GEN_R[5].r/u_datapath/local_vc2_fifo/rd_ptr_reg[1]/C,u_mesh/GEN_R[5].r/u_allocator/output_owner_reg[2][3]/CE
1.156,19,4,4,intra,u_mesh/GEN_R[4].r/u_datapath/local_vc1_fifo/rd_ptr_reg[1]/C,u_mesh/GEN_R[4].r/G_EJECT_REG.eject_flit_q_reg[flit_data][23]/D
1.157,19,5,5,intra,u_mesh/GEN_R[5].r/u_datapath/west_vc0_fifo/rd_ptr_reg[0]/C,u_mesh/GEN_R[5].r/G_EJECT_REG.eject_flit_q_reg[flit_data][5]/D
1.157,19,4,4,intra,u_mesh/GEN_R[4].r/u_datapath/local_vc1_fifo/rd_ptr_reg[1]/C,u_mesh/GEN_R[4].G_LINK_REG.q_e_reg[flit_data][19]/D
1.157,19,2,2,intra,u_mesh/GEN_R[2].r/u_datapath/local_vc1_fifo/rd_ptr_reg[0]/C,u_mesh/GEN_R[2].r/G_EJECT_REG.eject_flit_q_reg[flit_data][7]/D
1.157,19,5,5,intra,u_mesh/GEN_R[5].r/u_datapath/west_vc0_fifo/rd_ptr_reg[0]/C,u_mesh/GEN_R[5].G_LINK_REG.q_w_reg[flit_type][1]/D
1.158,18,3,3,intra,u_mesh/GEN_R[3].r/u_datapath/east_vc2_fifo/rd_ptr_reg[0]/C,u_mesh/GEN_R[3].r/G_EJECT_REG.eject_flit_q_reg[flit_data][31]/D
1.159,19,4,4,intra,u_mesh/GEN_R[4].r/u_datapath/north_vc2_fifo/rd_ptr_reg[1]/C,u_mesh/GEN_R[4].G_LINK_REG.q_n_reg[flit_data][3]/D
1.159,18,3,3,intra,u_mesh/GEN_R[3].r/u_datapath/east_vc2_fifo/rd_ptr_reg[0]/C,u_mesh/GEN_R[3].r/G_EJECT_REG.eject_flit_q_reg[flit_data][16]/D
1.160,18,0,0,intra,u_mesh/GEN_R[0].r/u_datapath/south_vc1_fifo/rd_ptr_reg[0]/C,u_mesh/GEN_R[0].r/u_datapath/local_vc2_fifo/rd_ptr_reg[0]/D
1.161,18,3,3,intra,u_mesh/GEN_R[3].r/u_datapath/east_vc2_fifo/rd_ptr_reg[0]/C,u_mesh/GEN_R[3].G_LINK_REG.q_e_reg[flit_data][8]/D
1.161,18,3,3,intra,u_mesh/GEN_R[3].r/u_datapath/east_vc2_fifo/rd_ptr_reg[0]/C,u_mesh/GEN_R[3].G_LINK_REG.q_n_reg[flit_data][31]/D
1.162,19,2,2,intra,u_mesh/GEN_R[2].r/u_datapath/local_vc1_fifo/rd_ptr_reg[0]/C,u_mesh/GEN_R[2].G_LINK_REG.q_s_reg[flit_data][20]/D
1.163,19,0,0,intra,u_mesh/GEN_R[0].r/u_datapath/south_vc1_fifo/rd_ptr_reg[0]/C,u_mesh/GEN_R[0].r/u_datapath/east_vc2_fifo/count_reg[0]/D
1.163,19,2,2,intra,u_mesh/GEN_R[2].r/u_datapath/local_vc1_fifo/rd_ptr_reg[1]/C,u_mesh/GEN_R[2].r/u_datapath/local_vc1_fifo/rd_ptr_reg[0]/D
1.164,19,4,4,intra,u_mesh/GEN_R[4].r/u_datapath/local_vc1_fifo/rd_ptr_reg[1]/C,u_mesh/GEN_R[4].r/G_EJECT_REG.eject_flit_q_reg[flit_data][19]/D
1.166,19,4,4,intra,u_mesh/GEN_R[4].r/u_datapath/north_vc2_fifo/rd_ptr_reg[1]/C,u_mesh/GEN_R[4].G_LINK_REG.q_w_reg[flit_data][29]/D
1.167,19,4,4,intra,u_mesh/GEN_R[4].r/u_datapath/local_vc1_fifo/rd_ptr_reg[1]/C,u_mesh/GEN_R[4].G_LINK_REG.q_w_reg[flit_data][19]/D
1.171,18,5,5,intra,u_mesh/GEN_R[5].r/u_datapath/west_vc0_fifo/rd_ptr_reg[0]/C,u_mesh/GEN_R[5].r/G_EJECT_REG.eject_flit_q_reg[flit_type][1]/D
1.171,19,2,2,intra,u_mesh/GEN_R[2].r/u_datapath/local_vc1_fifo/rd_ptr_reg[0]/C,u_mesh/GEN_R[2].r/G_EJECT_REG.eject_flit_q_reg[flit_data][27]/D
1.171,19,2,2,intra,u_mesh/GEN_R[2].r/u_datapath/local_vc1_fifo/rd_ptr_reg[0]/C,u_mesh/GEN_R[2].r/u_datapath/local_vc0_fifo/rd_ptr_reg[0]/D
1.172,19,2,2,intra,u_mesh/GEN_R[2].r/u_datapath/local_vc1_fifo/rd_ptr_reg[0]/C,u_mesh/GEN_R[2].G_LINK_REG.q_s_reg[flit_data][27]/D
1.172,19,4,4,intra,u_mesh/GEN_R[4].r/u_datapath/north_vc2_fifo/rd_ptr_reg[1]/C,u_mesh/GEN_R[4].G_LINK_REG.q_e_reg[flit_data][15]/D
1.173,19,4,4,intra,u_mesh/GEN_R[4].r/u_datapath/local_vc1_fifo/rd_ptr_reg[1]/C,u_mesh/GEN_R[4].r/G_EJECT_REG.eject_flit_q_reg[flit_data][4]/D
1.173,19,4,4,intra,u_mesh/GEN_R[4].r/u_datapath/local_vc1_fifo/rd_ptr_reg[1]/C,u_mesh/GEN_R[4].r/G_EJECT_REG.eject_flit_q_reg[flit_data][25]/D
1.174,19,2,2,intra,u_mesh/GEN_R[2].r/u_datapath/local_vc1_fifo/rd_ptr_reg[0]/C,u_mesh/GEN_R[2].G_LINK_REG.q_w_reg[flit_data][27]/D
1.176,18,3,3,intra,u_mesh/GEN_R[3].r/u_datapath/east_vc2_fifo/rd_ptr_reg[0]/C,u_mesh/GEN_R[3].G_LINK_REG.q_e_reg[flit_data][3]/D
1.177,19,4,4,intra,u_mesh/GEN_R[4].r/u_datapath/north_vc2_fifo/rd_ptr_reg[1]/C,u_mesh/GEN_R[4].r/G_EJECT_REG.eject_flit_q_reg[flit_data][26]/D
1.178,18,3,3,intra,u_mesh/GEN_R[3].r/u_datapath/east_vc2_fifo/rd_ptr_reg[0]/C,u_mesh/GEN_R[3].G_LINK_REG.q_e_reg[flit_data][30]/D
1.178,19,4,4,intra,u_mesh/GEN_R[4].r/u_datapath/north_vc2_fifo/rd_ptr_reg[1]/C,u_mesh/GEN_R[4].G_LINK_REG.q_w_reg[vc_id][0]/D
1.181,19,4,4,intra,u_mesh/GEN_R[4].r/u_datapath/north_vc2_fifo/rd_ptr_reg[1]/C,u_mesh/GEN_R[4].G_LINK_REG.q_e_reg[flit_data][12]/D
1.183,19,4,4,intra,u_mesh/GEN_R[4].r/u_datapath/north_vc2_fifo/rd_ptr_reg[1]/C,u_mesh/GEN_R[4].G_LINK_REG.q_e_reg[flit_data][18]/D
1.185,18,5,5,intra,u_mesh/GEN_R[5].r/u_datapath/west_vc0_fifo/rd_ptr_reg[0]/C,u_mesh/GEN_R[5].r/G_EJECT_REG.eject_flit_q_reg[flit_data][3]/D
1.186,18,3,3,intra,u_mesh/GEN_R[3].r/u_datapath/east_vc2_fifo/rd_ptr_reg[0]/C,u_mesh/GEN_R[3].G_LINK_REG.q_n_reg[flit_type][1]/D
1.188,19,4,4,intra,u_mesh/GEN_R[4].r/u_datapath/north_vc2_fifo/rd_ptr_reg[1]/C,u_mesh/GEN_R[4].G_LINK_REG.q_w_reg[flit_data][3]/D
1.188,19,2,2,intra,u_mesh/GEN_R[2].r/u_datapath/local_vc1_fifo/rd_ptr_reg[0]/C,u_mesh/GEN_R[2].r/G_EJECT_REG.eject_flit_q_reg[flit_data][30]/D
1.189,19,4,4,intra,u_mesh/GEN_R[4].r/u_datapath/north_vc2_fifo/rd_ptr_reg[1]/C,u_mesh/GEN_R[4].G_LINK_REG.q_e_reg[flit_data][8]/D
1.191,19,5,5,intra,u_mesh/GEN_R[5].r/u_datapath/west_vc0_fifo/rd_ptr_reg[0]/C,u_mesh/GEN_R[5].G_LINK_REG.qv_n_reg/D
1.192,19,4,4,intra,u_mesh/GEN_R[4].r/u_datapath/local_vc1_fifo/rd_ptr_reg[1]/C,u_mesh/GEN_R[4].r/G_EJECT_REG.eject_flit_q_reg[flit_data][7]/D
1.192,19,4,4,intra,u_mesh/GEN_R[4].r/u_datapath/north_vc2_fifo/rd_ptr_reg[1]/C,u_mesh/GEN_R[4].G_LINK_REG.q_w_reg[flit_data][31]/D
1.196,19,4,4,intra,u_mesh/GEN_R[4].r/u_datapath/north_vc2_fifo/rd_ptr_reg[1]/C,u_mesh/GEN_R[4].G_LINK_REG.q_n_reg[flit_data][18]/D
1.198,19,2,2,intra,u_mesh/GEN_R[2].r/u_datapath/local_vc1_fifo/rd_ptr_reg[0]/C,u_mesh/GEN_R[2].G_LINK_REG.q_w_reg[flit_data][31]/D
1.198,19,4,4,intra,u_mesh/GEN_R[4].r/u_datapath/local_vc1_fifo/rd_ptr_reg[1]/C,u_mesh/GEN_R[4].r/G_EJECT_REG.eject_flit_q_reg[flit_data][24]/D
1.200,19,4,4,intra,u_mesh/GEN_R[4].r/u_datapath/local_vc1_fifo/rd_ptr_reg[1]/C,u_mesh/GEN_R[4].r/G_EJECT_REG.eject_flit_q_reg[flit_data][28]/D
1.203,19,1,1,intra,u_mesh/GEN_R[1].r/u_datapath/south_vc2_fifo/rd_ptr_reg[0]/C,u_mesh/GEN_R[1].G_LINK_REG.q_w_reg[flit_data][27]/D
1.206,18,5,5,intra,u_mesh/GEN_R[5].r/u_datapath/west_vc0_fifo/rd_ptr_reg[0]/C,u_mesh/GEN_R[5].r/G_EJECT_REG.eject_flit_q_reg[flit_data][25]/D
1.206,17,1,1,intra,u_mesh/GEN_R[1].r/u_datapath/south_vc2_fifo/rd_ptr_reg[0]/C,u_mesh/GEN_R[1].r/u_datapath/local_vc0_fifo/rd_ptr_reg[0]/D
1.207,18,4,4,intra,u_mesh/GEN_R[4].r/u_datapath/west_vc2_fifo/rd_ptr_reg[0]/C,u_mesh/GEN_R[4].r/u_datapath/east_vc1_fifo/count_reg[2]/D
1.208,19,2,2,intra,u_mesh/GEN_R[2].r/u_datapath/local_vc1_fifo/rd_ptr_reg[0]/C,u_mesh/GEN_R[2].r/u_datapath/west_vc1_fifo/count_reg[1]/D
1.209,18,5,5,intra,u_mesh/GEN_R[5].r/u_datapath/west_vc0_fifo/rd_ptr_reg[0]/C,u_mesh/GEN_R[5].r/G_EJECT_REG.eject_flit_q_reg[flit_data][24]/D
1.214,19,5,5,intra,u_mesh/GEN_R[5].r/u_datapath/west_vc0_fifo/rd_ptr_reg[0]/C,u_mesh/GEN_R[5].G_LINK_REG.q_w_reg[flit_type][0]/D
1.220,18,3,3,intra,u_mesh/GEN_R[3].r/u_datapath/east_vc2_fifo/rd_ptr_reg[0]/C,u_mesh/GEN_R[3].G_LINK_REG.q_n_reg[flit_data][2]/D
1.220,19,4,4,intra,u_mesh/GEN_R[4].r/u_datapath/local_vc1_fifo/rd_ptr_reg[1]/C,u_mesh/GEN_R[4].G_LINK_REG.q_w_reg[flit_data][24]/D
1.221,19,2,2,intra,u_mesh/GEN_R[2].r/u_datapath/local_vc1_fifo/rd_ptr_reg[0]/C,u_mesh/GEN_R[2].r/G_EJECT_REG.eject_flit_q_reg[vc_id][0]/D
1.223,18,3,3,intra,u_mesh/GEN_R[3].r/u_datapath/east_vc2_fifo/rd_ptr_reg[0]/C,u_mesh/GEN_R[3].G_LINK_REG.q_n_reg[flit_data][13]/D
1.225,18,3,3,intra,u_mesh/GEN_R[3].r/u_datapath/east_vc2_fifo/rd_ptr_reg[0]/C,u_mesh/GEN_R[3].G_LINK_REG.q_n_reg[flit_data][25]/D
1.226,19,4,4,intra,u_mesh/GEN_R[4].r/u_datapath/local_vc1_fifo/rd_ptr_reg[1]/C,u_mesh/GEN_R[4].G_LINK_REG.q_e_reg[flit_data][25]/D
1.228,18,3,3,intra,u_mesh/GEN_R[3].r/u_datapath/east_vc2_fifo/rd_ptr_reg[0]/C,u_mesh/GEN_R[3].G_LINK_REG.q_e_reg[flit_data][31]/D
1.228,19,5,5,intra,u_mesh/GEN_R[5].r/u_datapath/west_vc0_fifo/rd_ptr_reg[0]/C,u_mesh/GEN_R[5].G_LINK_REG.q_w_reg[flit_data][30]/D
1.229,19,4,4,intra,u_mesh/GEN_R[4].r/u_datapath/north_vc2_fifo/rd_ptr_reg[1]/C,u_mesh/GEN_R[4].r/G_EJECT_REG.eject_flit_q_reg[flit_type][1]/D
1.230,18,3,3,intra,u_mesh/GEN_R[3].r/u_datapath/east_vc2_fifo/rd_ptr_reg[0]/C,u_mesh/GEN_R[3].G_LINK_REG.q_n_reg[flit_data][23]/D
1.230,18,3,3,intra,u_mesh/GEN_R[3].r/u_datapath/east_vc2_fifo/rd_ptr_reg[0]/C,u_mesh/GEN_R[3].G_LINK_REG.q_n_reg[flit_data][4]/D
1.232,19,5,5,intra,u_mesh/GEN_R[5].r/u_datapath/west_vc0_fifo/rd_ptr_reg[0]/C,u_mesh/GEN_R[5].G_LINK_REG.q_n_reg[flit_type][0]/D
1.232,19,4,4,intra,u_mesh/GEN_R[4].r/u_datapath/local_vc1_fifo/rd_ptr_reg[1]/C,u_mesh/GEN_R[4].G_LINK_REG.q_e_reg[flit_data][24]/D
1.233,19,4,4,intra,u_mesh/GEN_R[4].r/u_datapath/local_vc1_fifo/rd_ptr_reg[1]/C,u_mesh/GEN_R[4].G_LINK_REG.q_n_reg[flit_data][7]/D
1.235,19,4,4,intra,u_mesh/GEN_R[4].r/u_datapath/local_vc1_fifo/rd_ptr_reg[1]/C,u_mesh/GEN_R[4].r/G_EJECT_REG.eject_flit_q_reg[flit_data][18]/D
1.238,18,3,3,intra,u_mesh/GEN_R[3].r/u_datapath/east_vc2_fifo/rd_ptr_reg[0]/C,u_mesh/GEN_R[3].G_LINK_REG.q_n_reg[flit_type][0]/D
1.239,18,3,3,intra,u_mesh/GEN_R[3].r/u_datapath/east_vc2_fifo/rd_ptr_reg[0]/C,u_mesh/GEN_R[3].r/G_EJECT_REG.eject_flit_q_reg[flit_data][6]/D
1.241,19,4,4,intra,u_mesh/GEN_R[4].r/u_datapath/north_vc2_fifo/rd_ptr_reg[1]/C,u_mesh/GEN_R[4].G_LINK_REG.q_e_reg[flit_data][21]/D
1.245,18,3,3,intra,u_mesh/GEN_R[3].r/u_datapath/east_vc2_fifo/rd_ptr_reg[0]/C,u_mesh/GEN_R[3].r/G_EJECT_REG.eject_flit_q_reg[flit_data][29]/D
1.246,19,4,4,intra,u_mesh/GEN_R[4].r/u_datapath/north_vc2_fifo/rd_ptr_reg[1]/C,u_mesh/GEN_R[4].r/G_EJECT_REG.eject_flit_q_reg[flit_data][3]/D
1.247,18,4,4,intra,u_mesh/GEN_R[4].r/u_datapath/east_vc2_fifo/rd_ptr_reg[0]/C,u_mesh/GEN_R[4].G_LINK_REG.q_w_reg[flit_data][10]/D
1.248,19,3,3,intra,u_mesh/GEN_R[3].r/u_datapath/local_vc2_fifo/rd_ptr_reg[1]/C,u_mesh/GEN_R[3].G_LINK_REG.q_e_reg[flit_data][2]/D
1.251,18,3,3,intra,u_mesh/GEN_R[3].r/u_datapath/east_vc2_fifo/rd_ptr_reg[0]/C,u_mesh/GEN_R[3].r/G_EJECT_REG.eject_flit_q_reg[flit_data][28]/D
1.255,18,5,5,intra,u_mesh/GEN_R[5].r/u_datapath/west_vc0_fifo/rd_ptr_reg[0]/C,u_mesh/GEN_R[5].r/G_EJECT_REG.eject_flit_q_reg[flit_data][29]/D
1.257,19,2,2,intra,u_mesh/GEN_R[2].r/u_datapath/local_vc1_fifo/rd_ptr_reg[0]/C,u_mesh/GEN_R[2].r/u_datapath/west_vc1_fifo/count_reg[2]/D
1.258,18,3,3,intra,u_mesh/GEN_R[3].r/u_datapath/east_vc2_fifo/rd_ptr_reg[0]/C,u_mesh/GEN_R[3].G_LINK_REG.q_e_reg[flit_data][29]/D
1.258,19,4,4,intra,u_mesh/GEN_R[4].r/u_datapath/local_vc1_fifo/rd_ptr_reg[1]/C,u_mesh/GEN_R[4].G_LINK_REG.q_e_reg[flit_data][27]/D
1.260,19,5,5,intra,u_mesh/GEN_R[5].r/u_datapath/west_vc0_fifo/rd_ptr_reg[0]/C,u_mesh/GEN_R[5].G_LINK_REG.q_w_reg[flit_data][29]/D
1.262,18,3,3,intra,u_mesh/GEN_R[3].r/u_datapath/east_vc2_fifo/rd_ptr_reg[0]/C,u_mesh/GEN_R[3].r/G_EJECT_REG.eject_flit_q_reg[flit_data][27]/D
1.262,18,4,4,intra,u_mesh/GEN_R[4].r/u_datapath/east_vc2_fifo/rd_ptr_reg[0]/C,u_mesh/GEN_R[4].G_LINK_REG.q_e_reg[flit_data][20]/D
1.267,18,4,4,intra,u_mesh/GEN_R[4].r/u_datapath/east_vc2_fifo/rd_ptr_reg[0]/C,u_mesh/GEN_R[4].G_LINK_REG.q_w_reg[flit_data][12]/D
1.268,19,4,4,intra,u_mesh/GEN_R[4].r/u_datapath/north_vc2_fifo/rd_ptr_reg[1]/C,u_mesh/GEN_R[4].r/G_EJECT_REG.eject_flit_q_reg[flit_data][30]/D
1.268,18,3,3,intra,u_mesh/GEN_R[3].r/u_datapath/east_vc2_fifo/rd_ptr_reg[0]/C,u_mesh/GEN_R[3].G_LINK_REG.q_e_reg[flit_data][5]/D
1.269,19,4,4,intra,u_mesh/GEN_R[4].r/u_datapath/north_vc2_fifo/rd_ptr_reg[1]/C,u_mesh/GEN_R[4].G_LINK_REG.q_e_reg[flit_data][9]/D
1.271,19,4,4,intra,u_mesh/GEN_R[4].r/u_datapath/local_vc1_fifo/rd_ptr_reg[1]/C,u_mesh/GEN_R[4].G_LINK_REG.q_w_reg[flit_data][18]/D
1.274,18,5,5,intra,u_mesh/GEN_R[5].r/u_datapath/west_vc0_fifo/rd_ptr_reg[0]/C,u_mesh/GEN_R[5].G_LINK_REG.q_n_reg[flit_type][1]/D
1.274,19,4,4,intra,u_mesh/GEN_R[4].r/u_datapath/north_vc2_fifo/rd_ptr_reg[1]/C,u_mesh/GEN_R[4].G_LINK_REG.q_n_reg[flit_data][9]/D
1.275,19,4,4,intra,u_mesh/GEN_R[4].r/u_datapath/north_vc2_fifo/rd_ptr_reg[1]/C,u_mesh/GEN_R[4].r/G_EJECT_REG.eject_flit_q_reg[flit_data][10]/D
1.277,19,4,4,intra,u_mesh/GEN_R[4].r/u_datapath/north_vc2_fifo/rd_ptr_reg[1]/C,u_mesh/GEN_R[4].G_LINK_REG.q_n_reg[flit_data][25]/D
1.277,19,2,2,intra,u_mesh/GEN_R[2].r/u_datapath/local_vc1_fifo/rd_ptr_reg[0]/C,u_mesh/GEN_R[2].r/u_datapath/south_vc2_fifo/credit_valid_reg/D
1.277,18,3,3,intra,u_mesh/GEN_R[3].r/u_datapath/east_vc2_fifo/rd_ptr_reg[0]/C,u_mesh/GEN_R[3].G_LINK_REG.q_e_reg[flit_data][10]/D
1.277,19,5,5,intra,u_mesh/GEN_R[5].r/u_datapath/local_vc2_fifo/rd_ptr_reg[1]/C,u_mesh/GEN_R[5].r/u_allocator/output_owner_reg[1][0]/CE
1.277,19,5,5,intra,u_mesh/GEN_R[5].r/u_datapath/local_vc2_fifo/rd_ptr_reg[1]/C,u_mesh/GEN_R[5].r/u_allocator/output_owner_reg[1][3]/CE
1.279,19,2,2,intra,u_mesh/GEN_R[2].r/u_datapath/local_vc1_fifo/rd_ptr_reg[0]/C,u_mesh/GEN_R[2].r/u_datapath/south_vc2_fifo/count_reg[1]/D
1.280,18,5,5,intra,u_mesh/GEN_R[5].r/u_datapath/west_vc0_fifo/rd_ptr_reg[0]/C,u_mesh/GEN_R[5].r/G_EJECT_REG.eject_flit_q_reg[flit_data][30]/D
1.280,18,0,0,intra,u_mesh/GEN_R[0].r/u_datapath/local_vc0_fifo/rd_ptr_reg[0]/C,u_mesh/GEN_R[0].r/u_allocator/output_locked_reg[4]/D
1.281,18,3,3,intra,u_mesh/GEN_R[3].r/u_datapath/east_vc2_fifo/rd_ptr_reg[0]/C,u_mesh/GEN_R[3].G_LINK_REG.q_n_reg[flit_data][7]/D
1.283,19,4,4,intra,u_mesh/GEN_R[4].r/u_datapath/local_vc1_fifo/rd_ptr_reg[1]/C,u_mesh/GEN_R[4].G_LINK_REG.q_w_reg[flit_data][21]/D
1.284,19,1,1,intra,u_mesh/GEN_R[1].r/u_datapath/south_vc2_fifo/rd_ptr_reg[0]/C,u_mesh/GEN_R[1].r/G_EJECT_REG.eject_wr_q_reg/D
1.286,19,2,2,intra,u_mesh/GEN_R[2].r/u_datapath/local_vc1_fifo/rd_ptr_reg[0]/C,u_mesh/GEN_R[2].r/u_datapath/west_vc1_fifo/credit_valid_reg/D
1.288,19,4,4,intra,u_mesh/GEN_R[4].r/u_datapath/north_vc2_fifo/rd_ptr_reg[1]/C,u_mesh/GEN_R[4].G_LINK_REG.q_n_reg[flit_data][28]/D
1.288,19,1,1,intra,u_mesh/GEN_R[1].r/u_datapath/local_vc0_fifo/rd_ptr_reg[0]/C,u_mesh/GEN_R[1].r/u_allocator/output_locked_reg[2]/D
1.289,19,4,4,intra,u_mesh/GEN_R[4].r/u_datapath/local_vc1_fifo/rd_ptr_reg[1]/C,u_mesh/GEN_R[4].G_LINK_REG.q_w_reg[flit_data][30]/D
1.295,19,4,4,intra,u_mesh/GEN_R[4].r/u_datapath/west_vc2_fifo/rd_ptr_reg[0]/C,u_mesh/GEN_R[4].G_LINK_REG.q_n_reg[flit_data][30]/D
1.299,19,4,4,intra,u_mesh/GEN_R[4].r/u_datapath/north_vc2_fifo/rd_ptr_reg[1]/C,u_mesh/GEN_R[4].G_LINK_REG.q_w_reg[flit_type][1]/D
1.302,19,5,5,intra,u_mesh/GEN_R[5].r/u_datapath/west_vc0_fifo/rd_ptr_reg[0]/C,u_mesh/GEN_R[5].r/G_EJECT_REG.eject_flit_q_reg[vc_id][0]/D
1.302,18,5,5,intra,u_mesh/GEN_R[5].r/u_datapath/west_vc0_fifo/rd_ptr_reg[0]/C,u_mesh/GEN_R[5].G_LINK_REG.q_w_reg[flit_data][24]/D
1.307,19,4,4,intra,u_mesh/GEN_R[4].r/u_datapath/north_vc2_fifo/rd_ptr_reg[1]/C,u_mesh/GEN_R[4].r/G_EJECT_REG.eject_flit_q_reg[flit_data][31]/D
1.309,17,1,1,intra,u_mesh/GEN_R[1].r/u_datapath/south_vc2_fifo/rd_ptr_reg[0]/C,u_mesh/GEN_R[1].r/u_datapath/west_vc0_fifo/credit_valid_reg/D
1.309,19,4,4,intra,u_mesh/GEN_R[4].r/u_datapath/north_vc2_fifo/rd_ptr_reg[1]/C,u_mesh/GEN_R[4].G_LINK_REG.q_e_reg[flit_data][0]/D
1.312,19,4,4,intra,u_mesh/GEN_R[4].r/u_datapath/west_vc2_fifo/rd_ptr_reg[0]/C,u_mesh/GEN_R[4].r/G_EJECT_REG.eject_flit_q_reg[flit_data][29]/D
1.314,19,2,2,intra,u_mesh/GEN_R[2].r/u_datapath/local_vc1_fifo/rd_ptr_reg[0]/C,u_mesh/GEN_R[2].r/u_datapath/west_vc1_fifo/count_reg[0]/D
1.314,18,1,1,intra,u_mesh/GEN_R[1].r/u_datapath/south_vc2_fifo/rd_ptr_reg[0]/C,u_mesh/GEN_R[1].r/u_allocator/output_locked_reg[1]/D
1.316,19,4,4,intra,u_mesh/GEN_R[4].r/u_datapath/north_vc2_fifo/rd_ptr_reg[1]/C,u_mesh/GEN_R[4].G_LINK_REG.q_w_reg[flit_data][28]/D
1.316,18,3,3,intra,u_mesh/GEN_R[3].r/u_datapath/east_vc2_fifo/rd_ptr_reg[0]/C,u_mesh/GEN_R[3].G_LINK_REG.q_e_reg[flit_data][21]/D
1.316,18,3,3,intra,u_mesh/GEN_R[3].r/u_datapath/east_vc2_fifo/rd_ptr_reg[0]/C,u_mesh/GEN_R[3].r/G_EJECT_REG.eject_flit_q_reg[flit_type][0]/D
1.317,18,1,1,intra,u_mesh/GEN_R[1].r/u_datapath/south_vc2_fifo/rd_ptr_reg[0]/C,u_mesh/GEN_R[1].r/u_datapath/south_vc2_fifo/credit_valid_reg/D
1.317,18,3,3,intra,u_mesh/GEN_R[3].r/u_datapath/east_vc2_fifo/rd_ptr_reg[0]/C,u_mesh/GEN_R[3].G_LINK_REG.q_n_reg[flit_data][9]/D
1.320,18,3,3,intra,u_mesh/GEN_R[3].r/u_datapath/east_vc2_fifo/rd_ptr_reg[0]/C,u_mesh/GEN_R[3].G_LINK_REG.q_e_reg[flit_data][25]/D
1.321,18,3,3,intra,u_mesh/GEN_R[3].r/u_datapath/east_vc2_fifo/rd_ptr_reg[0]/C,u_mesh/GEN_R[3].r/G_EJECT_REG.eject_flit_q_reg[flit_data][10]/D
1.322,17,1,1,intra,u_mesh/GEN_R[1].r/u_datapath/south_vc2_fifo/rd_ptr_reg[0]/C,u_mesh/GEN_R[1].r/u_datapath/west_vc0_fifo/count_reg[2]/D
1.324,17,1,1,intra,u_mesh/GEN_R[1].r/u_datapath/south_vc2_fifo/rd_ptr_reg[0]/C,u_mesh/GEN_R[1].r/u_datapath/west_vc0_fifo/count_reg[0]/D
1.324,19,4,4,intra,u_mesh/GEN_R[4].r/u_datapath/north_vc2_fifo/rd_ptr_reg[1]/C,u_mesh/GEN_R[4].G_LINK_REG.q_w_reg[flit_data][8]/D
1.326,19,2,2,intra,u_mesh/GEN_R[2].r/u_datapath/local_vc1_fifo/rd_ptr_reg[0]/C,u_mesh/GEN_R[2].r/u_datapath/south_vc2_fifo/rd_ptr_reg[0]/D
1.326,19,2,2,intra,u_mesh/GEN_R[2].r/u_datapath/local_vc1_fifo/rd_ptr_reg[0]/C,u_mesh/GEN_R[2].r/u_datapath/west_vc1_fifo/rd_ptr_reg[1]/D
1.327,19,4,4,intra,u_mesh/GEN_R[4].r/u_datapath/north_vc2_fifo/rd_ptr_reg[1]/C,u_mesh/GEN_R[4].G_LINK_REG.q_n_reg[flit_data][31]/D
1.328,19,2,2,intra,u_mesh/GEN_R[2].r/u_datapath/local_vc1_fifo/rd_ptr_reg[0]/C,u_mesh/GEN_R[2].r/u_datapath/south_vc2_fifo/count_reg[2]/D
1.329,19,4,4,intra,u_mesh/GEN_R[4].r/u_datapath/north_vc2_fifo/rd_ptr_reg[1]/C,u_mesh/GEN_R[4].r/G_EJECT_REG.eject_flit_q_reg[flit_data][8]/D
1.330,18,3,3,intra,u_mesh/GEN_R[3].r/u_datapath/east_vc2_fifo/rd_ptr_reg[0]/C,u_mesh/GEN_R[3].r/G_EJECT_REG.eject_flit_q_reg[flit_data][25]/D
1.331,19,5,5,intra,u_mesh/GEN_R[5].r/u_datapath/west_vc0_fifo/rd_ptr_reg[0]/C,u_mesh/GEN_R[5].r/G_EJECT_REG.eject_flit_q_reg[flit_type][0]/D
1.334,19,2,2,intra,u_mesh/GEN_R[2].r/u_datapath/local_vc1_fifo/rd_ptr_reg[0]/C,u_mesh/GEN_R[2].r/u_datapath/west_vc1_fifo/rd_ptr_reg[0]/D
1.337,18,2,2,intra,u_mesh/GEN_R[2].r/u_datapath/local_vc1_fifo/rd_ptr_reg[1]/C,u_mesh/GEN_R[2].r/u_datapath/local_vc2_fifo/rd_ptr_reg[0]/D
1.346,18,4,4,intra,u_mesh/GEN_R[4].r/u_datapath/east_vc2_fifo/rd_ptr_reg[0]/C,u_mesh/GEN_R[4].G_LINK_REG.q_w_reg[flit_data][11]/D
1.352,19,4,4,intra,u_mesh/GEN_R[4].r/u_datapath/north_vc2_fifo/rd_ptr_reg[1]/C,u_mesh/GEN_R[4].G_LINK_REG.q_e_reg[flit_data][11]/D
1.359,18,5,5,intra,u_mesh/GEN_R[5].r/u_datapath/local_vc2_fifo/rd_ptr_reg[1]/C,u_mesh/GEN_R[5].r/u_datapath/local_vc1_fifo/rd_ptr_reg[0]/D
1.359,19,4,4,intra,u_mesh/GEN_R[4].r/u_datapath/local_vc1_fifo/rd_ptr_reg[1]/C,u_mesh/GEN_R[4].G_LINK_REG.q_w_reg[flit_data][27]/D
1.361,19,4,4,intra,u_mesh/GEN_R[4].r/u_datapath/local_vc1_fifo/rd_ptr_reg[1]/C,u_mesh/GEN_R[4].r/G_EJECT_REG.eject_flit_q_reg[flit_data][6]/D
1.361,17,1,1,intra,u_mesh/GEN_R[1].r/u_datapath/south_vc2_fifo/rd_ptr_reg[0]/C,u_mesh/GEN_R[1].r/u_datapath/west_vc0_fifo/rd_ptr_reg[0]/D
1.364,19,4,4,intra,u_mesh/GEN_R[4].r/u_datapath/north_vc2_fifo/rd_ptr_reg[1]/C,u_mesh/GEN_R[4].G_LINK_REG.qv_w_reg/D
1.369,18,1,1,intra,u_mesh/GEN_R[1].r/u_datapath/south_vc2_fifo/rd_ptr_reg[0]/C,u_mesh/GEN_R[1].r/u_datapath/south_vc2_fifo/rd_ptr_reg[0]/D
1.371,19,2,2,intra,u_mesh/GEN_R[2].r/u_datapath/local_vc1_fifo/rd_ptr_reg[0]/C,u_mesh/GEN_R[2].r/u_allocator/output_owner_reg[2][0]/CE
1.371,19,2,2,intra,u_mesh/GEN_R[2].r/u_datapath/local_vc1_fifo/rd_ptr_reg[0]/C,u_mesh/GEN_R[2].r/u_allocator/output_owner_reg[2][1]/CE
1.371,19,2,2,intra,u_mesh/GEN_R[2].r/u_datapath/local_vc1_fifo/rd_ptr_reg[0]/C,u_mesh/GEN_R[2].r/u_allocator/output_owner_reg[2][2]/CE
1.371,19,2,2,intra,u_mesh/GEN_R[2].r/u_datapath/local_vc1_fifo/rd_ptr_reg[0]/C,u_mesh/GEN_R[2].r/u_allocator/output_owner_reg[2][3]/CE
1.376,17,1,1,intra,u_mesh/GEN_R[1].r/u_datapath/south_vc2_fifo/rd_ptr_reg[0]/C,u_mesh/GEN_R[1].r/u_datapath/west_vc0_fifo/count_reg[1]/D
1.376,18,1,1,intra,u_mesh/GEN_R[1].r/u_datapath/south_vc2_fifo/rd_ptr_reg[0]/C,u_mesh/GEN_R[1].r/u_datapath/west_vc1_fifo/count_reg[1]/D
1.382,19,4,4,intra,u_mesh/GEN_R[4].r/u_datapath/north_vc2_fifo/rd_ptr_reg[1]/C,u_mesh/GEN_R[4].G_LINK_REG.q_e_reg[flit_data][6]/D
1.386,19,4,4,intra,u_mesh/GEN_R[4].r/u_datapath/local_vc1_fifo/rd_ptr_reg[1]/C,u_mesh/GEN_R[4].G_LINK_REG.q_e_reg[flit_data][28]/D
1.386,19,5,5,intra,u_mesh/GEN_R[5].r/u_datapath/west_vc0_fifo/rd_ptr_reg[0]/C,u_mesh/GEN_R[5].r/u_allocator/output_locked_reg[3]/D
1.386,19,4,4,intra,u_mesh/GEN_R[4].r/u_datapath/north_vc2_fifo/rd_ptr_reg[1]/C,u_mesh/GEN_R[4].G_LINK_REG.q_n_reg[flit_data][6]/D
1.391,19,2,2,intra,u_mesh/GEN_R[2].r/u_datapath/local_vc1_fifo/rd_ptr_reg[0]/C,u_mesh/GEN_R[2].r/u_allocator/output_locked_reg[1]/D
1.404,19,4,4,intra,u_mesh/GEN_R[4].r/u_datapath/north_vc2_fifo/rd_ptr_reg[1]/C,u_mesh/GEN_R[4].G_LINK_REG.q_n_reg[flit_data][11]/D
1.404,19,4,4,intra,u_mesh/GEN_R[4].r/u_datapath/north_vc2_fifo/rd_ptr_reg[1]/C,u_mesh/GEN_R[4].G_LINK_REG.q_n_reg[flit_type][0]/D
1.407,19,4,4,intra,u_mesh/GEN_R[4].r/u_datapath/north_vc2_fifo/rd_ptr_reg[1]/C,u_mesh/GEN_R[4].G_LINK_REG.q_w_reg[flit_data][6]/D
1.407,19,4,4,intra,u_mesh/GEN_R[4].r/u_datapath/local_vc1_fifo/rd_ptr_reg[1]/C,u_mesh/GEN_R[4].r/G_EJECT_REG.eject_flit_q_reg[flit_type][0]/D
1.408,18,3,3,intra,u_mesh/GEN_R[3].r/u_datapath/east_vc2_fifo/rd_ptr_reg[0]/C,u_mesh/GEN_R[3].G_LINK_REG.q_n_reg[flit_data][29]/D
1.416,19,4,4,intra,u_mesh/GEN_R[4].r/u_datapath/north_vc2_fifo/rd_ptr_reg[1]/C,u_mesh/GEN_R[4].r/G_EJECT_REG.eject_flit_q_reg[flit_data][9]/D
1.417,18,3,3,intra,u_mesh/GEN_R[3].r/u_datapath/east_vc2_fifo/rd_ptr_reg[0]/C,u_mesh/GEN_R[3].r/G_EJECT_REG.eject_flit_q_reg[flit_data][5]/D
1.425,18,3,3,intra,u_mesh/GEN_R[3].r/u_datapath/east_vc2_fifo/rd_ptr_reg[0]/C,u_mesh/GEN_R[3].r/G_EJECT_REG.eject_flit_q_reg[flit_data][2]/D
1.425,18,1,1,intra,u_mesh/GEN_R[1].r/u_datapath/south_vc2_fifo/rd_ptr_reg[0]/C,u_mesh/GEN_R[1].r/u_datapath/west_vc1_fifo/count_reg[2]/D
1.430,18,4,4,intra,u_mesh/GEN_R[4].r/u_datapath/east_vc2_fifo/rd_ptr_reg[0]/C,u_mesh/GEN_R[4].G_LINK_REG.qv_n_reg/D
1.430,18,3,3,intra,u_mesh/GEN_R[3].r/u_datapath/east_vc2_fifo/rd_ptr_reg[0]/C,u_mesh/GEN_R[3].G_LINK_REG.q_n_reg[flit_data][5]/D
1.432,19,4,4,intra,u_mesh/GEN_R[4].r/u_datapath/north_vc2_fifo/rd_ptr_reg[1]/C,u_mesh/GEN_R[4].G_LINK_REG.q_n_reg[flit_data][27]/D
1.434,18,4,4,intra,u_mesh/GEN_R[4].r/u_datapath/east_vc2_fifo/rd_ptr_reg[0]/C,u_mesh/GEN_R[4].G_LINK_REG.q_e_reg[flit_type][1]/D
1.440,18,0,0,intra,u_mesh/GEN_R[0].r/u_datapath/south_vc1_fifo/rd_ptr_reg[0]/C,u_mesh/GEN_R[0].r/u_credit_control/credit_count_reg[1][0][1]/D
1.446,19,3,3,intra,u_mesh/GEN_R[3].r/u_datapath/local_vc2_fifo/rd_ptr_reg[1]/C,u_mesh/GEN_R[3].G_LINK_REG.q_e_reg[flit_data][7]/D
1.446,19,4,4,intra,u_mesh/GEN_R[4].r/u_datapath/north_vc2_fifo/rd_ptr_reg[1]/C,u_mesh/GEN_R[4].G_LINK_REG.q_n_reg[flit_data][29]/D
1.447,18,1,1,intra,u_mesh/GEN_R[1].r/u_datapath/south_vc2_fifo/rd_ptr_reg[0]/C,u_mesh/GEN_R[1].r/u_datapath/west_vc1_fifo/rd_ptr_reg[1]/D
1.461,18,3,3,intra,u_mesh/GEN_R[3].r/u_datapath/east_vc2_fifo/rd_ptr_reg[0]/C,u_mesh/GEN_R[3].r/u_allocator/output_locked_reg[3]/D
1.464,18,1,1,intra,u_mesh/GEN_R[1].r/u_datapath/south_vc2_fifo/rd_ptr_reg[0]/C,u_mesh/GEN_R[1].r/u_datapath/south_vc2_fifo/rd_ptr_reg[1]/D
1.465,19,4,4,intra,u_mesh/GEN_R[4].r/u_datapath/local_vc1_fifo/rd_ptr_reg[1]/C,u_mesh/GEN_R[4].r/G_EJECT_REG.eject_flit_q_reg[flit_data][27]/D
1.465,19,2,2,intra,u_mesh/GEN_R[2].r/u_datapath/local_vc1_fifo/rd_ptr_reg[0]/C,u_mesh/GEN_R[2].r/u_allocator/output_locked_reg[2]/D
1.467,18,3,3,intra,u_mesh/GEN_R[3].r/u_datapath/east_vc2_fifo/rd_ptr_reg[0]/C,u_mesh/GEN_R[3].G_LINK_REG.q_n_reg[flit_data][30]/D
1.468,18,3,3,intra,u_mesh/GEN_R[3].r/u_datapath/east_vc2_fifo/rd_ptr_reg[0]/C,u_mesh/GEN_R[3].G_LINK_REG.q_n_reg[flit_data][11]/D
1.470,17,1,1,intra,u_mesh/GEN_R[1].r/u_datapath/south_vc2_fifo/rd_ptr_reg[0]/C,u_mesh/GEN_R[1].r/u_datapath/west_vc2_fifo/credit_valid_reg/D
1.474,19,4,4,intra,u_mesh/GEN_R[4].r/u_datapath/north_vc2_fifo/rd_ptr_reg[1]/C,u_mesh/GEN_R[4].G_LINK_REG.q_e_reg[flit_data][31]/D
1.478,19,0,0,intra,u_mesh/GEN_R[0].r/u_datapath/south_vc1_fifo/rd_ptr_reg[0]/C,u_mesh/GEN_R[0].r/u_datapath/east_vc2_fifo/credit_valid_reg/D
1.479,18,1,1,intra,u_mesh/GEN_R[1].r/u_datapath/west_vc0_fifo/rd_ptr_reg[0]/C,u_mesh/GEN_R[1].r/u_allocator/output_locked_reg[3]/D
1.481,18,3,3,intra,u_mesh/GEN_R[3].r/u_datapath/local_vc2_fifo/rd_ptr_reg[1]/C,u_mesh/GEN_R[3].r/u_allocator/output_locked_reg[1]/D
1.482,19,2,2,intra,u_mesh/GEN_R[2].r/u_datapath/local_vc1_fifo/rd_ptr_reg[0]/C,u_mesh/GEN_R[2].r/u_datapath/south_vc2_fifo/rd_ptr_reg[1]/D
1.486,19,0,0,intra,u_mesh/GEN_R[0].r/u_datapath/south_vc1_fifo/rd_ptr_reg[0]/C,u_mesh/GEN_R[0].r/u_datapath/east_vc2_fifo/count_reg[1]/D
1.498,19,4,4,intra,u_mesh/GEN_R[4].r/u_datapath/local_vc1_fifo/rd_ptr_reg[1]/C,u_mesh/GEN_R[4].G_LINK_REG.q_e_reg[flit_type][0]/D
1.499,18,4,4,intra,u_mesh/GEN_R[4].r/u_datapath/east_vc2_fifo/rd_ptr_reg[0]/C,u_mesh/GEN_R[4].G_LINK_REG.q_w_reg[flit_data][25]/D
1.499,19,4,4,intra,u_mesh/GEN_R[4].r/u_datapath/local_vc1_fifo/rd_ptr_reg[1]/C,u_mesh/GEN_R[4].G_LINK_REG.q_w_reg[vc_id][1]/D
1.504,17,0,0,intra,u_mesh/GEN_R[0].r/u_datapath/south_vc1_fifo/rd_ptr_reg[0]/C,u_mesh/GEN_R[0].r/u_datapath/local_vc1_fifo/count_reg[2]/D
1.506,17,0,0,intra,u_mesh/GEN_R[0].r/u_datapath/south_vc1_fifo/rd_ptr_reg[0]/C,u_mesh/GEN_R[0].r/u_datapath/local_vc1_fifo/count_reg[0]/D
1.509,19,3,3,intra,u_mesh/GEN_R[3].r/u_datapath/local_vc2_fifo/rd_ptr_reg[1]/C,u_mesh/GEN_R[3].G_LINK_REG.qv_e_reg/D
1.519,17,1,1,intra,u_mesh/GEN_R[1].r/u_datapath/south_vc2_fifo/rd_ptr_reg[0]/C,u_mesh/GEN_R[1].r/u_datapath/west_vc2_fifo/rd_ptr_reg[0]/D
1.521,19,2,2,intra,u_mesh/GEN_R[2].r/u_datapath/local_vc1_fifo/rd_ptr_reg[0]/C,u_mesh/GEN_R[2].r/u_datapath/south_vc2_fifo/count_reg[0]/D
1.523,18,1,1,intra,u_mesh/GEN_R[1].r/u_datapath/south_vc2_fifo/rd_ptr_reg[0]/C,u_mesh/GEN_R[1].r/u_datapath/west_vc1_fifo/count_reg[0]/D
1.527,19,0,0,intra,u_mesh/GEN_R[0].r/u_datapath/south_vc1_fifo/rd_ptr_reg[0]/C,u_mesh/GEN_R[0].r/u_datapath/east_vc2_fifo/rd_ptr_reg[0]/D
1.529,18,4,4,intra,u_mesh/GEN_R[4].r/u_datapath/east_vc2_fifo/rd_ptr_reg[0]/C,u_mesh/GEN_R[4].G_LINK_REG.q_w_reg[flit_type][0]/D
1.535,19,0,0,intra,u_mesh/GEN_R[0].r/u_datapath/south_vc1_fifo/rd_ptr_reg[0]/C,u_mesh/GEN_R[0].r/u_datapath/east_vc2_fifo/count_reg[2]/D
1.548,18,1,1,intra,u_mesh/GEN_R[1].r/u_datapath/west_vc0_fifo/rd_ptr_reg[0]/C,u_mesh/GEN_R[1].r/u_allocator/output_locked_reg[0]/D
1.556,19,4,4,intra,u_mesh/GEN_R[4].r/u_datapath/north_vc2_fifo/rd_ptr_reg[1]/C,u_mesh/GEN_R[4].G_LINK_REG.qv_e_reg/D
1.558,17,0,0,intra,u_mesh/GEN_R[0].r/u_datapath/south_vc1_fifo/rd_ptr_reg[0]/C,u_mesh/GEN_R[0].r/u_datapath/local_vc1_fifo/count_reg[1]/D
1.564,17,1,1,intra,u_mesh/GEN_R[1].r/u_datapath/south_vc2_fifo/rd_ptr_reg[0]/C,u_mesh/GEN_R[1].r/u_datapath/west_vc0_fifo/rd_ptr_reg[1]/D
1.567,17,1,1,intra,u_mesh/GEN_R[1].r/u_datapath/south_vc2_fifo/rd_ptr_reg[0]/C,u_mesh/GEN_R[1].r/u_datapath/west_vc2_fifo/rd_ptr_reg[1]/D
1.568,18,0,0,intra,u_mesh/GEN_R[0].r/u_datapath/south_vc1_fifo/rd_ptr_reg[0]/C,u_mesh/GEN_R[0].r/u_datapath/south_vc0_fifo/count_reg[0]/D
1.575,18,1,1,intra,u_mesh/GEN_R[1].r/u_datapath/south_vc2_fifo/rd_ptr_reg[0]/C,u_mesh/GEN_R[1].r/u_datapath/east_vc2_fifo/credit_valid_reg/D
1.576,19,4,4,intra,u_mesh/GEN_R[4].r/u_datapath/north_vc2_fifo/rd_ptr_reg[1]/C,u_mesh/GEN_R[4].r/G_EJECT_REG.eject_wr_q_reg/D
1.591,19,4,4,intra,u_mesh/GEN_R[4].r/u_datapath/north_vc2_fifo/rd_ptr_reg[1]/C,u_mesh/GEN_R[4].G_LINK_REG.q_e_reg[flit_data][29]/D
1.594,19,0,0,intra,u_mesh/GEN_R[0].r/u_datapath/south_vc1_fifo/rd_ptr_reg[0]/C,u_mesh/GEN_R[0].r/u_datapath/east_vc2_fifo/rd_ptr_reg[1]/D
1.603,18,1,1,intra,u_mesh/GEN_R[1].r/u_datapath/south_vc2_fifo/rd_ptr_reg[0]/C,u_mesh/GEN_R[1].r/u_datapath/east_vc2_fifo/count_reg[1]/D
1.605,18,1,1,intra,u_mesh/GEN_R[1].r/u_datapath/south_vc2_fifo/rd_ptr_reg[0]/C,u_mesh/GEN_R[1].r/u_datapath/east_vc2_fifo/rd_ptr_reg[1]/D
1.605,18,1,1,intra,u_mesh/GEN_R[1].r/u_datapath/south_vc2_fifo/rd_ptr_reg[0]/C,u_mesh/GEN_R[1].r/u_datapath/east_vc2_fifo/count_reg[0]/D
1.607,17,1,1,intra,u_mesh/GEN_R[1].r/u_datapath/south_vc2_fifo/rd_ptr_reg[0]/C,u_mesh/GEN_R[1].r/u_datapath/west_vc2_fifo/count_reg[2]/D
1.611,18,0,0,intra,u_mesh/GEN_R[0].r/u_datapath/south_vc1_fifo/rd_ptr_reg[0]/C,u_mesh/GEN_R[0].r/u_credit_control/credit_count_reg[1][0][2]/D
1.620,18,0,0,intra,u_mesh/GEN_R[0].r/u_datapath/south_vc1_fifo/rd_ptr_reg[0]/C,u_mesh/GEN_R[0].r/u_datapath/south_vc0_fifo/count_reg[1]/D
1.624,18,1,1,intra,u_mesh/GEN_R[1].r/u_datapath/south_vc2_fifo/rd_ptr_reg[0]/C,u_mesh/GEN_R[1].r/u_datapath/east_vc2_fifo/rd_ptr_reg[0]/D
1.630,18,1,1,intra,u_mesh/GEN_R[1].r/u_datapath/west_vc0_fifo/rd_ptr_reg[0]/C,u_mesh/GEN_R[1].r/u_allocator/output_owner_reg[0][0]/D
1.634,18,2,2,intra,u_mesh/GEN_R[2].r/u_datapath/local_vc1_fifo/rd_ptr_reg[0]/C,u_mesh/GEN_R[2].r/u_datapath/north_vc1_fifo/count_reg[0]/D
1.635,17,1,1,intra,u_mesh/GEN_R[1].r/u_datapath/south_vc2_fifo/rd_ptr_reg[0]/C,u_mesh/GEN_R[1].r/u_datapath/west_vc2_fifo/count_reg[0]/D
1.650,17,1,1,intra,u_mesh/GEN_R[1].r/u_datapath/south_vc2_fifo/rd_ptr_reg[0]/C,u_mesh/GEN_R[1].r/u_datapath/south_vc0_fifo/count_reg[0]/D
1.650,18,1,1,intra,u_mesh/GEN_R[1].r/u_datapath/west_vc0_fifo/rd_ptr_reg[0]/C,u_mesh/GEN_R[1].r/u_allocator/output_owner_reg[0][1]/D
1.652,18,1,1,intra,u_mesh/GEN_R[1].r/u_datapath/south_vc2_fifo/rd_ptr_reg[0]/C,u_mesh/GEN_R[1].r/u_datapath/east_vc2_fifo/count_reg[2]/D
1.656,19,3,3,intra,u_mesh/GEN_R[3].r/u_datapath/local_vc2_fifo/rd_ptr_reg[1]/C,u_mesh/GEN_R[3].r/G_EJECT_REG.eject_wr_q_reg/D
1.662,18,2,2,intra,u_mesh/GEN_R[2].r/u_datapath/local_vc1_fifo/rd_ptr_reg[0]/C,u_mesh/GEN_R[2].r/u_datapath/north_vc2_fifo/count_reg[0]/D
1.664,17,1,1,intra,u_mesh/GEN_R[1].r/u_datapath/south_vc2_fifo/rd_ptr_reg[0]/C,u_mesh/GEN_R[1].r/u_datapath/south_vc0_fifo/credit_valid_reg/D
1.667,18,0,0,intra,u_mesh/GEN_R[0].r/u_datapath/south_vc1_fifo/rd_ptr_reg[0]/C,u_mesh/GEN_R[0].r/u_datapath/south_vc1_fifo/count_reg[0]/D
1.668,18,1,1,intra,u_mesh/GEN_R[1].r/u_datapath/west_vc0_fifo/rd_ptr_reg[0]/C,u_mesh/GEN_R[1].r/u_allocator/output_owner_reg[0][2]/D
1.671,18,5,5,intra,u_mesh/GEN_R[5].r/u_datapath/local_vc2_fifo/rd_ptr_reg[1]/C,u_mesh/GEN_R[5].r/u_datapath/local_vc0_fifo/rd_ptr_reg[0]/D
1.677,18,0,0,intra,u_mesh/GEN_R[0].r/u_datapath/south_vc1_fifo/rd_ptr_reg[0]/C,u_mesh/GEN_R[0].r/u_datapath/south_vc0_fifo/count_reg[2]/D
1.683,18,1,1,intra,u_mesh/GEN_R[1].r/u_datapath/west_vc0_fifo/rd_ptr_reg[0]/C,u_mesh/GEN_R[1].r/u_allocator/output_owner_reg[0][3]/D
1.687,17,1,1,intra,u_mesh/GEN_R[1].r/u_datapath/south_vc2_fifo/rd_ptr_reg[0]/C,u_mesh/GEN_R[1].r/u_datapath/west_vc2_fifo/count_reg[1]/D
1.687,18,0,0,intra,u_mesh/GEN_R[0].r/u_datapath/south_vc1_fifo/rd_ptr_reg[0]/C,u_mesh/GEN_R[0].r/u_datapath/south_vc0_fifo/credit_valid_reg/D
1.691,18,0,0,intra,u_mesh/GEN_R[0].r/u_datapath/south_vc1_fifo/rd_ptr_reg[0]/C,u_mesh/GEN_R[0].r/u_datapath/south_vc0_fifo/rd_ptr_reg[1]/D
1.694,19,3,3,intra,u_mesh/GEN_R[3].r/u_datapath/local_vc2_fifo/rd_ptr_reg[1]/C,u_mesh/GEN_R[3].G_LINK_REG.qv_n_reg/D
1.696,17,0,0,intra,u_mesh/GEN_R[0].r/u_datapath/south_vc1_fifo/rd_ptr_reg[0]/C,u_mesh/GEN_R[0].r/u_datapath/local_vc1_fifo/rd_ptr_reg[1]/D
1.698,17,0,0,intra,u_mesh/GEN_R[0].r/u_datapath/south_vc1_fifo/rd_ptr_reg[0]/C,u_mesh/GEN_R[0].r/u_datapath/local_vc1_fifo/rd_ptr_reg[0]/D
1.701,18,2,2,intra,u_mesh/GEN_R[2].r/u_datapath/local_vc1_fifo/rd_ptr_reg[0]/C,u_mesh/GEN_R[2].r/u_datapath/south_vc1_fifo/count_reg[1]/D
1.702,17,1,1,intra,u_mesh/GEN_R[1].r/u_datapath/south_vc2_fifo/rd_ptr_reg[0]/C,u_mesh/GEN_R[1].r/u_datapath/south_vc0_fifo/count_reg[1]/D
1.705,17,1,1,intra,u_mesh/GEN_R[1].r/u_datapath/south_vc2_fifo/rd_ptr_reg[0]/C,u_mesh/GEN_R[1].r/u_credit_control/credit_count_reg[1][0][2]/D
1.706,19,4,4,intra,u_mesh/GEN_R[4].r/u_datapath/local_vc1_fifo/rd_ptr_reg[1]/C,u_mesh/GEN_R[4].r/u_allocator/output_locked_reg[1]/D
1.707,18,0,0,intra,u_mesh/GEN_R[0].r/u_datapath/south_vc1_fifo/rd_ptr_reg[0]/C,u_mesh/GEN_R[0].r/u_datapath/south_vc0_fifo/rd_ptr_reg[0]/D
1.712,17,1,1,intra,u_mesh/GEN_R[1].r/u_datapath/south_vc2_fifo/rd_ptr_reg[0]/C,u_mesh/GEN_R[1].r/u_credit_control/credit_count_reg[1][0][1]/D
1.716,17,1,1,intra,u_mesh/GEN_R[1].r/u_datapath/south_vc2_fifo/rd_ptr_reg[0]/C,u_mesh/GEN_R[1].r/u_datapath/south_vc0_fifo/rd_ptr_reg[0]/D
1.716,18,0,0,intra,u_mesh/GEN_R[0].r/u_datapath/south_vc1_fifo/rd_ptr_reg[0]/C,u_mesh/GEN_R[0].r/u_datapath/south_vc1_fifo/count_reg[1]/D
1.716,18,2,2,intra,u_mesh/GEN_R[2].r/u_datapath/local_vc1_fifo/rd_ptr_reg[0]/C,u_mesh/GEN_R[2].r/u_datapath/south_vc1_fifo/count_reg[2]/D
1.717,18,3,3,intra,u_mesh/GEN_R[3].r/u_datapath/local_vc2_fifo/rd_ptr_reg[1]/C,u_mesh/GEN_R[3].r/u_allocator/output_owner_reg[2][0]/CE
1.717,18,3,3,intra,u_mesh/GEN_R[3].r/u_datapath/local_vc2_fifo/rd_ptr_reg[1]/C,u_mesh/GEN_R[3].r/u_allocator/output_owner_reg[2][1]/CE
1.717,18,3,3,intra,u_mesh/GEN_R[3].r/u_datapath/local_vc2_fifo/rd_ptr_reg[1]/C,u_mesh/GEN_R[3].r/u_allocator/output_owner_reg[2][2]/CE
1.717,18,3,3,intra,u_mesh/GEN_R[3].r/u_datapath/local_vc2_fifo/rd_ptr_reg[1]/C,u_mesh/GEN_R[3].r/u_allocator/output_owner_reg[2][3]/CE
1.722,18,4,4,intra,u_mesh/GEN_R[4].r/u_datapath/north_vc2_fifo/rd_ptr_reg[1]/C,u_mesh/GEN_R[4].r/u_datapath/north_vc0_fifo/count_reg[0]/D
1.731,17,4,4,intra,u_mesh/GEN_R[4].r/u_datapath/east_vc2_fifo/rd_ptr_reg[0]/C,u_mesh/GEN_R[4].r/u_datapath/local_vc0_fifo/rd_ptr_reg[0]/D
1.743,18,2,2,intra,u_mesh/GEN_R[2].r/u_datapath/local_vc1_fifo/rd_ptr_reg[0]/C,u_mesh/GEN_R[2].r/u_datapath/south_vc1_fifo/credit_valid_reg/D
1.747,18,1,1,intra,u_mesh/GEN_R[1].r/u_datapath/south_vc2_fifo/rd_ptr_reg[0]/C,u_mesh/GEN_R[1].r/u_datapath/west_vc1_fifo/credit_valid_reg/D
1.752,18,2,2,intra,u_mesh/GEN_R[2].r/u_datapath/local_vc1_fifo/rd_ptr_reg[0]/C,u_mesh/GEN_R[2].r/u_allocator/output_locked_reg[3]/D
1.754,17,1,1,intra,u_mesh/GEN_R[1].r/u_datapath/south_vc2_fifo/rd_ptr_reg[0]/C,u_mesh/GEN_R[1].r/u_datapath/local_vc0_fifo/rd_ptr_reg[1]/D
1.768,18,3,3,intra,u_mesh/GEN_R[3].r/u_datapath/local_vc2_fifo/rd_ptr_reg[1]/C,u_mesh/GEN_R[3].r/u_allocator/output_locked_reg[2]/D
1.771,18,3,3,intra,u_mesh/GEN_R[3].r/u_datapath/north_vc2_fifo/rd_ptr_reg[0]/C,u_mesh/GEN_R[3].r/u_datapath/north_vc0_fifo/count_reg[1]/D
1.772,17,1,1,intra,u_mesh/GEN_R[1].r/u_datapath/south_vc2_fifo/rd_ptr_reg[0]/C,u_mesh/GEN_R[1].r/u_datapath/south_vc1_fifo/credit_valid_reg/D
1.773,17,1,1,intra,u_mesh/GEN_R[1].r/u_datapath/south_vc2_fifo/rd_ptr_reg[0]/C,u_mesh/GEN_R[1].r/u_datapath/south_vc1_fifo/count_reg[0]/D
1.773,18,0,0,intra,u_mesh/GEN_R[0].r/u_datapath/south_vc1_fifo/rd_ptr_reg[0]/C,u_mesh/GEN_R[0].r/u_datapath/south_vc1_fifo/count_reg[2]/D
1.775,18,5,5,intra,u_mesh/GEN_R[5].r/u_datapath/local_vc2_fifo/rd_ptr_reg[1]/C,u_mesh/GEN_R[5].r/u_datapath/local_vc2_fifo/rd_ptr_reg[0]/D
1.775,17,1,1,intra,u_mesh/GEN_R[1].r/u_datapath/south_vc2_fifo/rd_ptr_reg[0]/C,u_mesh/GEN_R[1].r/u_datapath/south_vc0_fifo/rd_ptr_reg[1]/D
1.775,19,2,2,intra,u_mesh/GEN_R[2].r/u_datapath/local_vc1_fifo/rd_ptr_reg[0]/C,u_mesh/GEN_R[2].r/u_datapath/south_vc0_fifo/credit_valid_reg/D
1.784,18,5,5,intra,u_mesh/GEN_R[5].r/u_datapath/local_vc2_fifo/rd_ptr_reg[1]/C,u_mesh/GEN_R[5].r/u_datapath/local_vc2_fifo/count_reg[0]/D
1.785,18,0,0,intra,u_mesh/GEN_R[0].r/u_datapath/south_vc1_fifo/rd_ptr_reg[0]/C,u_mesh/GEN_R[0].r/u_allocator/output_owner_reg[2][0]/D
1.787,18,4,4,intra,u_mesh/GEN_R[4].r/u_datapath/east_vc2_fifo/rd_ptr_reg[0]/C,u_mesh/GEN_R[4].r/u_allocator/output_owner_reg[4][0]/CE
1.787,18,4,4,intra,u_mesh/GEN_R[4].r/u_datapath/east_vc2_fifo/rd_ptr_reg[0]/C,u_mesh/GEN_R[4].r/u_allocator/output_owner_reg[4][1]/CE
1.787,18,4,4,intra,u_mesh/GEN_R[4].r/u_datapath/east_vc2_fifo/rd_ptr_reg[0]/C,u_mesh/GEN_R[4].r/u_allocator/output_owner_reg[4][2]/CE
1.787,18,4,4,intra,u_mesh/GEN_R[4].r/u_datapath/east_vc2_fifo/rd_ptr_reg[0]/C,u_mesh/GEN_R[4].r/u_allocator/output_owner_reg[4][3]/CE
1.787,18,0,0,intra,u_mesh/GEN_R[0].r/u_datapath/south_vc1_fifo/rd_ptr_reg[0]/C,u_mesh/GEN_R[0].r/u_datapath/north_vc1_fifo/count_reg[0]/D
1.788,17,1,1,intra,u_mesh/GEN_R[1].r/u_datapath/south_vc2_fifo/rd_ptr_reg[0]/C,u_mesh/GEN_R[1].r/u_datapath/local_vc0_fifo/count_reg[2]/D
1.794,19,0,0,intra,u_mesh/GEN_R[0].r/u_datapath/south_vc1_fifo/rd_ptr_reg[0]/C,u_mesh/GEN_R[0].r/u_allocator/output_locked_reg[3]/D
1.795,18,2,2,intra,u_mesh/GEN_R[2].r/u_datapath/local_vc1_fifo/rd_ptr_reg[0]/C,u_mesh/GEN_R[2].r/u_datapath/south_vc1_fifo/rd_ptr_reg[0]/D
1.797,19,5,5,intra,u_mesh/GEN_R[5].r/u_datapath/west_vc0_fifo/rd_ptr_reg[0]/C,u_mesh/GEN_R[5].r/u_datapath/west_vc1_fifo/credit_valid_reg/D
1.799,18,1,1,intra,u_mesh/GEN_R[1].r/u_datapath/south_vc2_fifo/rd_ptr_reg[0]/C,u_mesh/GEN_R[1].r/u_datapath/west_vc1_fifo/rd_ptr_reg[0]/D
1.799,18,5,5,intra,u_mesh/GEN_R[5].r/u_datapath/local_vc2_fifo/rd_ptr_reg[1]/C,u_mesh/GEN_R[5].r/u_datapath/local_vc2_fifo/count_reg[1]/D
1.805,18,0,0,intra,u_mesh/GEN_R[0].r/u_datapath/south_vc1_fifo/rd_ptr_reg[0]/C,u_mesh/GEN_R[0].r/u_allocator/output_owner_reg[2][1]/D
1.807,19,2,2,intra,u_mesh/GEN_R[2].r/u_datapath/local_vc1_fifo/rd_ptr_reg[0]/C,u_mesh/GEN_R[2].r/u_datapath/east_vc2_fifo/count_reg[2]/D
1.811,19,2,2,intra,u_mesh/GEN_R[2].r/u_datapath/local_vc1_fifo/rd_ptr_reg[0]/C,u_mesh/GEN_R[2].r/u_datapath/east_vc2_fifo/count_reg[1]/D
1.818,17,1,1,intra,u_mesh/GEN_R[1].r/u_datapath/south_vc2_fifo/rd_ptr_reg[0]/C,u_mesh/GEN_R[1].r/u_credit_control/credit_count_reg[1][0][0]/D
1.820,18,3,3,intra,u_mesh/GEN_R[3].r/u_datapath/north_vc2_fifo/rd_ptr_reg[0]/C,u_mesh/GEN_R[3].r/u_datapath/north_vc0_fifo/count_reg[2]/D
1.822,17,1,1,intra,u_mesh/GEN_R[1].r/u_datapath/south_vc2_fifo/rd_ptr_reg[0]/C,u_mesh/GEN_R[1].r/u_datapath/south_vc1_fifo/count_reg[1]/D
1.824,17,1,1,intra,u_mesh/GEN_R[1].r/u_datapath/south_vc2_fifo/rd_ptr_reg[0]/C,u_mesh/GEN_R[1].r/u_datapath/south_vc1_fifo/rd_ptr_reg[0]/D
1.827,19,2,2,intra,u_mesh/GEN_R[2].r/u_datapath/local_vc1_fifo/rd_ptr_reg[0]/C,u_mesh/GEN_R[2].r/u_datapath/south_vc0_fifo/rd_ptr_reg[0]/D
1.827,18,0,0,intra,u_mesh/GEN_R[0].r/u_datapath/south_vc1_fifo/rd_ptr_reg[0]/C,u_mesh/GEN_R[0].r/u_datapath/local_vc0_fifo/count_reg[2]/D
1.829,18,0,0,intra,u_mesh/GEN_R[0].r/u_datapath/south_vc1_fifo/rd_ptr_reg[0]/C,u_mesh/GEN_R[0].r/u_datapath/local_vc0_fifo/count_reg[0]/D
1.831,17,5,5,intra,u_mesh/GEN_R[5].r/u_datapath/west_vc0_fifo/rd_ptr_reg[0]/C,u_mesh/GEN_R[5].r/u_datapath/north_vc2_fifo/credit_valid_reg/D
1.833,17,5,5,intra,u_mesh/GEN_R[5].r/u_datapath/west_vc0_fifo/rd_ptr_reg[0]/C,u_mesh/GEN_R[5].r/u_datapath/north_vc2_fifo/count_reg[2]/D
1.841,18,0,0,intra,u_mesh/GEN_R[0].r/u_datapath/south_vc1_fifo/rd_ptr_reg[0]/C,u_mesh/GEN_R[0].r/u_datapath/west_vc2_fifo/count_reg[0]/D
1.846,19,5,5,intra,u_mesh/GEN_R[5].r/u_datapath/west_vc0_fifo/rd_ptr_reg[0]/C,u_mesh/GEN_R[5].r/u_datapath/west_vc1_fifo/rd_ptr_reg[0]/D
1.852,19,2,2,intra,u_mesh/GEN_R[2].r/u_datapath/local_vc1_fifo/rd_ptr_reg[0]/C,u_mesh/GEN_R[2].r/u_allocator/output_owner_reg[1][0]/D
1.867,17,1,1,intra,u_mesh/GEN_R[1].r/u_datapath/south_vc2_fifo/rd_ptr_reg[0]/C,u_mesh/GEN_R[1].r/u_datapath/local_vc1_fifo/count_reg[0]/D
1.868,17,5,5,intra,u_mesh/GEN_R[5].r/u_datapath/west_vc0_fifo/rd_ptr_reg[0]/C,u_mesh/GEN_R[5].r/u_datapath/north_vc2_fifo/rd_ptr_reg[1]/D
1.872,17,5,5,intra,u_mesh/GEN_R[5].r/u_datapath/west_vc0_fifo/rd_ptr_reg[0]/C,u_mesh/GEN_R[5].r/u_datapath/north_vc2_fifo/count_reg[0]/D
1.875,19,2,2,intra,u_mesh/GEN_R[2].r/u_datapath/local_vc1_fifo/rd_ptr_reg[0]/C,u_mesh/GEN_R[2].r/u_allocator/output_owner_reg[1][1]/D
1.877,19,5,5,intra,u_mesh/GEN_R[5].r/u_datapath/local_vc2_fifo/rd_ptr_reg[1]/C,u_mesh/GEN_R[5].r/u_allocator/output_locked_reg[2]/D
1.880,17,5,5,intra,u_mesh/GEN_R[5].r/u_datapath/west_vc0_fifo/rd_ptr_reg[0]/C,u_mesh/GEN_R[5].r/u_datapath/north_vc2_fifo/rd_ptr_reg[0]/D
1.881,18,0,0,intra,u_mesh/GEN_R[0].r/u_datapath/south_vc1_fifo/rd_ptr_reg[0]/C,u_mesh/GEN_R[0].r/u_datapath/local_vc0_fifo/count_reg[1]/D
1.884,18,0,0,intra,u_mesh/GEN_R[0].r/u_datapath/south_vc1_fifo/rd_ptr_reg[0]/C,u_mesh/GEN_R[0].r/u_datapath/north_vc2_fifo/count_reg[1]/D
1.884,18,5,5,intra,u_mesh/GEN_R[5].r/u_datapath/west_vc0_fifo/rd_ptr_reg[0]/C,u_mesh/GEN_R[5].r/u_allocator/output_locked_reg[4]/D
1.884,18,5,5,intra,u_mesh/GEN_R[5].r/u_datapath/local_vc2_fifo/rd_ptr_reg[1]/C,u_mesh/GEN_R[5].r/u_datapath/north_vc0_fifo/rd_ptr_reg[0]/D
1.885,19,4,4,intra,u_mesh/GEN_R[4].r/u_datapath/west_vc2_fifo/rd_ptr_reg[0]/C,u_mesh/GEN_R[4].r/u_allocator/output_owner_reg[0][2]/CE
1.885,19,4,4,intra,u_mesh/GEN_R[4].r/u_datapath/west_vc2_fifo/rd_ptr_reg[0]/C,u_mesh/GEN_R[4].r/u_allocator/output_owner_reg[0][3]/CE
1.886,18,0,0,intra,u_mesh/GEN_R[0].r/u_datapath/south_vc1_fifo/rd_ptr_reg[0]/C,u_mesh/GEN_R[0].r/u_datapath/north_vc2_fifo/count_reg[0]/D
1.887,17,1,1,intra,u_mesh/GEN_R[1].r/u_datapath/south_vc2_fifo/rd_ptr_reg[0]/C,u_mesh/GEN_R[1].r/u_datapath/local_vc1_fifo/count_reg[1]/D
1.889,17,1,1,intra,u_mesh/GEN_R[1].r/u_datapath/south_vc2_fifo/rd_ptr_reg[0]/C,u_mesh/GEN_R[1].r/u_datapath/south_vc1_fifo/count_reg[2]/D
1.893,18,4,4,intra,u_mesh/GEN_R[4].r/u_datapath/west_vc2_fifo/rd_ptr_reg[0]/C,u_mesh/GEN_R[4].r/u_datapath/east_vc1_fifo/credit_valid_reg/D
1.895,19,2,2,intra,u_mesh/GEN_R[2].r/u_datapath/local_vc1_fifo/rd_ptr_reg[0]/C,u_mesh/GEN_R[2].r/u_allocator/output_owner_reg[1][2]/D
1.895,18,2,2,intra,u_mesh/GEN_R[2].r/u_datapath/local_vc1_fifo/rd_ptr_reg[0]/C,u_mesh/GEN_R[2].r/u_credit_control/credit_count_reg[1][2][2]/D
1.897,17,1,1,intra,u_mesh/GEN_R[1].r/u_datapath/south_vc2_fifo/rd_ptr_reg[0]/C,u_mesh/GEN_R[1].r/u_datapath/south_vc0_fifo/count_reg[2]/D
1.897,19,2,2,intra,u_mesh/GEN_R[2].r/u_datapath/local_vc1_fifo/rd_ptr_reg[0]/C,u_mesh/GEN_R[2].r/u_datapath/east_vc2_fifo/count_reg[0]/D
1.901,19,2,2,intra,u_mesh/GEN_R[2].r/u_datapath/local_vc1_fifo/rd_ptr_reg[0]/C,u_mesh/GEN_R[2].r/u_allocator/output_owner_reg[1][3]/D
1.911,18,0,0,intra,u_mesh/GEN_R[0].r/u_datapath/south_vc1_fifo/rd_ptr_reg[0]/C,u_mesh/GEN_R[0].r/u_allocator/output_owner_reg[2][2]/D
1.921,19,2,2,intra,u_mesh/GEN_R[2].r/u_datapath/local_vc1_fifo/rd_ptr_reg[0]/C,u_mesh/GEN_R[2].r/u_datapath/south_vc0_fifo/count_reg[1]/D
1.922,17,3,3,intra,u_mesh/GEN_R[3].r/u_datapath/east_vc2_fifo/rd_ptr_reg[0]/C,u_mesh/GEN_R[3].r/u_datapath/local_vc2_fifo/rd_ptr_reg[0]/D
1.923,18,2,2,intra,u_mesh/GEN_R[2].r/u_datapath/local_vc1_fifo/rd_ptr_reg[0]/C,u_mesh/GEN_R[2].r/u_credit_control/credit_count_reg[1][2][1]/D
1.924,18,3,3,intra,u_mesh/GEN_R[3].r/u_datapath/north_vc2_fifo/rd_ptr_reg[0]/C,u_mesh/GEN_R[3].r/u_datapath/north_vc0_fifo/credit_valid_reg/D
1.924,17,5,5,intra,u_mesh/GEN_R[5].r/u_datapath/west_vc0_fifo/rd_ptr_reg[0]/C,u_mesh/GEN_R[5].r/u_datapath/north_vc2_fifo/count_reg[1]/D
1.927,18,0,0,intra,u_mesh/GEN_R[0].r/u_datapath/south_vc1_fifo/rd_ptr_reg[0]/C,u_mesh/GEN_R[0].r/u_allocator/output_owner_reg[2][3]/D
1.927,18,3,3,intra,u_mesh/GEN_R[3].r/u_datapath/north_vc2_fifo/rd_ptr_reg[0]/C,u_mesh/GEN_R[3].r/u_datapath/north_vc0_fifo/rd_ptr_reg[1]/D
1.930,18,5,5,intra,u_mesh/GEN_R[5].r/u_datapath/local_vc2_fifo/rd_ptr_reg[1]/C,u_mesh/GEN_R[5].r/u_datapath/local_vc0_fifo/count_reg[0]/D
1.931,19,2,2,intra,u_mesh/GEN_R[2].r/u_datapath/local_vc1_fifo/rd_ptr_reg[0]/C,u_mesh/GEN_R[2].r/u_allocator/output_owner_reg[4][0]/D
1.933,18,0,0,intra,u_mesh/GEN_R[0].r/u_datapath/south_vc1_fifo/rd_ptr_reg[0]/C,u_mesh/GEN_R[0].r/u_datapath/north_vc2_fifo/count_reg[2]/D
1.934,18,4,4,intra,u_mesh/GEN_R[4].r/u_datapath/west_vc2_fifo/rd_ptr_reg[0]/C,u_mesh/GEN_R[4].r/u_datapath/local_vc2_fifo/rd_ptr_reg[0]/D
1.935,18,3,3,intra,u_mesh/GEN_R[3].r/u_datapath/north_vc2_fifo/rd_ptr_reg[0]/C,u_mesh/GEN_R[3].r/u_datapath/north_vc0_fifo/count_reg[0]/D
1.940,18,0,0,intra,u_mesh/GEN_R[0].r/u_datapath/south_vc1_fifo/rd_ptr_reg[0]/C,u_mesh/GEN_R[0].r/u_datapath/local_vc0_fifo/rd_ptr_reg[1]/D
1.940,18,5,5,intra,u_mesh/GEN_R[5].r/u_datapath/local_vc2_fifo/rd_ptr_reg[0]/C,u_mesh/GEN_R[5].r/u_datapath/local_vc2_fifo/rd_ptr_reg[1]/D
1.941,18,4,4,intra,u_mesh/GEN_R[4].r/u_datapath/east_vc2_fifo/rd_ptr_reg[0]/C,u_mesh/GEN_R[4].r/u_allocator/output_locked_reg[4]/D
1.943,18,4,4,intra,u_mesh/GEN_R[4].r/u_datapath/west_vc2_fifo/rd_ptr_reg[0]/C,u_mesh/GEN_R[4].r/u_datapath/east_vc1_fifo/rd_ptr_reg[0]/D
1.943,18,2,2,intra,u_mesh/GEN_R[2].r/u_datapath/local_vc1_fifo/rd_ptr_reg[0]/C,u_mesh/GEN_R[2].r/u_credit_control/credit_count_reg[1][2][0]/D
1.944,18,5,5,intra,u_mesh/GEN_R[5].r/u_datapath/local_vc2_fifo/rd_ptr_reg[0]/C,u_mesh/GEN_R[5].r/u_datapath/local_vc2_fifo/count_reg[2]/D
1.945,18,3,3,intra,u_mesh/GEN_R[3].r/u_datapath/local_vc2_fifo/rd_ptr_reg[1]/C,u_mesh/GEN_R[3].r/u_allocator/output_owner_reg[1][1]/D
1.945,19,2,2,intra,u_mesh/GEN_R[2].r/u_datapath/local_vc1_fifo/rd_ptr_reg[0]/C,u_mesh/GEN_R[2].r/u_datapath/north_vc0_fifo/count_reg[0]/D
1.946,19,5,5,intra,u_mesh/GEN_R[5].r/u_datapath/west_vc0_fifo/rd_ptr_reg[0]/C,u_mesh/GEN_R[5].r/u_datapath/south_vc2_fifo/count_reg[2]/D
1.951,17,1,1,intra,u_mesh/GEN_R[1].r/u_datapath/south_vc2_fifo/rd_ptr_reg[0]/C,u_mesh/GEN_R[1].r/u_datapath/local_vc2_fifo/rd_ptr_reg[0]/D
1.954,18,5,5,intra,u_mesh/GEN_R[5].r/u_datapath/local_vc2_fifo/rd_ptr_reg[1]/C,u_mesh/GEN_R[5].r/u_datapath/local_vc0_fifo/rd_ptr_reg[1]/D
1.956,19,2,2,intra,u_mesh/GEN_R[2].r/u_datapath/local_vc1_fifo/rd_ptr_reg[0]/C,u_mesh/GEN_R[2].r/u_allocator/output_owner_reg[4][2]/D
1.959,17,1,1,intra,u_mesh/GEN_R[1].r/u_datapath/south_vc2_fifo/rd_ptr_reg[0]/C,u_mesh/GEN_R[1].r/u_datapath/local_vc2_fifo/count_reg[0]/D
1.963,18,3,3,intra,u_mesh/GEN_R[3].r/u_datapath/local_vc2_fifo/rd_ptr_reg[1]/C,u_mesh/GEN_R[3].r/u_allocator/output_owner_reg[1][2]/D
1.968,19,5,5,intra,u_mesh/GEN_R[5].r/u_datapath/local_vc2_fifo/rd_ptr_reg[1]/C,u_mesh/GEN_R[5].r/u_allocator/output_locked_reg[1]/D
1.970,19,2,2,intra,u_mesh/GEN_R[2].r/u_datapath/local_vc1_fifo/rd_ptr_reg[0]/C,u_mesh/GEN_R[2].r/u_datapath/south_vc0_fifo/count_reg[2]/D
1.974,18,4,4,intra,u_mesh/GEN_R[4].r/u_datapath/west_vc2_fifo/rd_ptr_reg[0]/C,u_mesh/GEN_R[4].r/u_datapath/local_vc1_fifo/rd_ptr_reg[0]/D
1.976,18,3,3,intra,u_mesh/GEN_R[3].r/u_datapath/north_vc2_fifo/rd_ptr_reg[0]/C,u_mesh/GEN_R[3].r/u_datapath/north_vc0_fifo/rd_ptr_reg[0]/D
1.976,19,2,2,intra,u_mesh/GEN_R[2].r/u_datapath/local_vc1_fifo/rd_ptr_reg[0]/C,u_mesh/GEN_R[2].r/u_allocator/output_owner_reg[4][3]/D
1.979,17,1,1,intra,u_mesh/GEN_R[1].r/u_datapath/south_vc2_fifo/rd_ptr_reg[0]/C,u_mesh/GEN_R[1].r/u_datapath/local_vc2_fifo/count_reg[1]/D
1.980,18,2,2,intra,u_mesh/GEN_R[2].r/u_datapath/local_vc1_fifo/rd_ptr_reg[0]/C,u_mesh/GEN_R[2].r/u_datapath/south_vc1_fifo/count_reg[0]/D
1.981,17,1,1,intra,u_mesh/GEN_R[1].r/u_datapath/south_vc2_fifo/rd_ptr_reg[0]/C,u_mesh/GEN_R[1].r/u_datapath/east_vc0_fifo/count_reg[0]/D
1.982,19,4,4,intra,u_mesh/GEN_R[4].r/u_datapath/west_vc2_fifo/rd_ptr_reg[0]/C,u_mesh/GEN_R[4].r/u_allocator/output_owner_reg[0][0]/CE
1.982,19,4,4,intra,u_mesh/GEN_R[4].r/u_datapath/west_vc2_fifo/rd_ptr_reg[0]/C,u_mesh/GEN_R[4].r/u_allocator/output_owner_reg[0][1]/CE
1.982,18,5,5,intra,u_mesh/GEN_R[5].r/u_datapath/local_vc2_fifo/rd_ptr_reg[1]/C,u_mesh/GEN_R[5].r/u_datapath/local_vc0_fifo/count_reg[1]/D
1.988,18,2,2,intra,u_mesh/GEN_R[2].r/u_datapath/local_vc1_fifo/rd_ptr_reg[0]/C,u_mesh/GEN_R[2].r/u_datapath/south_vc1_fifo/rd_ptr_reg[1]/D
1.992,18,1,1,intra,u_mesh/GEN_R[1].r/u_datapath/east_vc1_fifo/rd_ptr_reg[0]/C,u_mesh/GEN_R[1].r/u_allocator/output_locked_reg[4]/D
2.001,18,4,4,intra,u_mesh/GEN_R[4].r/u_datapath/west_vc2_fifo/rd_ptr_reg[0]/C,u_mesh/GEN_R[4].r/u_datapath/local_vc2_fifo/count_reg[2]/D
2.012,19,2,2,intra,u_mesh/GEN_R[2].r/u_datapath/local_vc1_fifo/rd_ptr_reg[0]/C,u_mesh/GEN_R[2].r/u_datapath/south_vc0_fifo/rd_ptr_reg[1]/D
2.014,18,0,0,intra,u_mesh/GEN_R[0].r/u_datapath/south_vc1_fifo/rd_ptr_reg[0]/C,u_mesh/GEN_R[0].r/u_datapath/local_vc2_fifo/rd_ptr_reg[1]/D
2.014,17,1,1,intra,u_mesh/GEN_R[1].r/u_datapath/south_vc2_fifo/rd_ptr_reg[0]/C,u_mesh/GEN_R[1].r/u_datapath/south_vc1_fifo/rd_ptr_reg[1]/D
2.018,18,3,3,intra,u_mesh/GEN_R[3].r/u_datapath/local_vc2_fifo/rd_ptr_reg[1]/C,u_mesh/GEN_R[3].r/u_allocator/output_owner_reg[1][0]/D
2.021,18,0,0,intra,u_mesh/GEN_R[0].r/u_datapath/south_vc1_fifo/rd_ptr_reg[0]/C,u_mesh/GEN_R[0].r/u_datapath/east_vc1_fifo/count_reg[0]/D
2.023,18,0,0,intra,u_mesh/GEN_R[0].r/u_datapath/south_vc1_fifo/rd_ptr_reg[0]/C,u_mesh/GEN_R[0].r/u_credit_control/credit_count_reg[1][0][0]/D
2.025,19,2,2,intra,u_mesh/GEN_R[2].r/u_datapath/local_vc1_fifo/rd_ptr_reg[0]/C,u_mesh/GEN_R[2].r/u_datapath/local_vc0_fifo/count_reg[1]/D
2.026,18,5,5,intra,u_mesh/GEN_R[5].r/u_datapath/local_vc2_fifo/rd_ptr_reg[1]/C,u_mesh/GEN_R[5].r/u_datapath/local_vc0_fifo/count_reg[2]/D
2.026,18,0,0,intra,u_mesh/GEN_R[0].r/u_datapath/south_vc1_fifo/rd_ptr_reg[0]/C,u_mesh/GEN_R[0].r/u_datapath/south_vc1_fifo/credit_valid_reg/D
2.027,18,4,4,intra,u_mesh/GEN_R[4].r/u_datapath/west_vc2_fifo/rd_ptr_reg[0]/C,u_mesh/GEN_R[4].r/u_datapath/east_vc1_fifo/count_reg[0]/D
2.027,19,5,5,intra,u_mesh/GEN_R[5].r/u_datapath/west_vc0_fifo/rd_ptr_reg[0]/C,u_mesh/GEN_R[5].r/u_datapath/west_vc1_fifo/count_reg[1]/D
2.032,18,0,0,intra,u_mesh/GEN_R[0].r/u_datapath/south_vc1_fifo/rd_ptr_reg[0]/C,u_mesh/GEN_R[0].r/u_datapath/north_vc0_fifo/count_reg[1]/D
2.033,17,1,1,intra,u_mesh/GEN_R[1].r/u_datapath/south_vc2_fifo/rd_ptr_reg[0]/C,u_mesh/GEN_R[1].r/u_datapath/east_vc0_fifo/count_reg[1]/D
2.036,18,5,5,intra,u_mesh/GEN_R[5].r/u_datapath/local_vc2_fifo/rd_ptr_reg[1]/C,u_mesh/GEN_R[5].r/u_datapath/north_vc0_fifo/count_reg[2]/D
2.038,18,5,5,intra,u_mesh/GEN_R[5].r/u_datapath/local_vc2_fifo/rd_ptr_reg[1]/C,u_mesh/GEN_R[5].r/u_datapath/north_vc0_fifo/count_reg[0]/D
2.044,19,4,4,intra,u_mesh/GEN_R[4].r/u_datapath/west_vc2_fifo/rd_ptr_reg[0]/C,u_mesh/GEN_R[4].r/u_datapath/west_vc1_fifo/count_reg[1]/D
2.052,18,0,0,intra,u_mesh/GEN_R[0].r/u_datapath/south_vc1_fifo/rd_ptr_reg[0]/C,u_mesh/GEN_R[0].r/u_datapath/east_vc0_fifo/rd_ptr_reg[1]/D
2.053,18,4,4,intra,u_mesh/GEN_R[4].r/u_datapath/north_vc2_fifo/rd_ptr_reg[1]/C,u_mesh/GEN_R[4].r/u_datapath/north_vc2_fifo/credit_valid_reg/D
2.053,19,5,5,intra,u_mesh/GEN_R[5].r/u_datapath/west_vc0_fifo/rd_ptr_reg[0]/C,u_mesh/GEN_R[5].r/u_datapath/south_vc2_fifo/count_reg[0]/D
2.054,18,5,5,intra,u_mesh/GEN_R[5].r/u_datapath/local_vc2_fifo/rd_ptr_reg[1]/C,u_mesh/GEN_R[5].r/u_datapath/north_vc0_fifo/rd_ptr_reg[1]/D
2.058,19,5,5,intra,u_mesh/GEN_R[5].r/u_datapath/west_vc0_fifo/rd_ptr_reg[0]/C,u_mesh/GEN_R[5].r/u_datapath/south_vc2_fifo/count_reg[1]/D
2.064,19,2,2,intra,u_mesh/GEN_R[2].r/u_datapath/local_vc1_fifo/rd_ptr_reg[0]/C,u_mesh/GEN_R[2].r/u_allocator/output_owner_reg[3][0]/D
2.068,19,2,2,intra,u_mesh/GEN_R[2].r/u_datapath/local_vc1_fifo/rd_ptr_reg[0]/C,u_mesh/GEN_R[2].r/u_allocator/output_owner_reg[3][1]/D
2.070,18,3,3,intra,u_mesh/GEN_R[3].r/u_datapath/local_vc2_fifo/rd_ptr_reg[1]/C,u_mesh/GEN_R[3].r/u_allocator/output_owner_reg[1][3]/D
2.072,18,2,2,intra,u_mesh/GEN_R[2].r/u_datapath/local_vc1_fifo/rd_ptr_reg[0]/C,u_mesh/GEN_R[2].r/u_credit_control/credit_count_reg[1][1][0]/D
2.073,18,2,2,intra,u_mesh/GEN_R[2].r/u_datapath/local_vc1_fifo/rd_ptr_reg[0]/C,u_mesh/GEN_R[2].r/u_credit_control/credit_count_reg[1][1][2]/D
2.073,18,0,0,intra,u_mesh/GEN_R[0].r/u_datapath/south_vc1_fifo/rd_ptr_reg[0]/C,u_mesh/GEN_R[0].r/u_datapath/east_vc1_fifo/count_reg[1]/D
2.075,18,0,0,intra,u_mesh/GEN_R[0].r/u_datapath/south_vc1_fifo/rd_ptr_reg[0]/C,u_mesh/GEN_R[0].r/u_datapath/south_vc1_fifo/rd_ptr_reg[0]/D
2.076,18,4,4,intra,u_mesh/GEN_R[4].r/u_datapath/west_vc2_fifo/rd_ptr_reg[0]/C,u_mesh/GEN_R[4].r/u_datapath/east_vc1_fifo/count_reg[1]/D
2.076,19,5,5,intra,u_mesh/GEN_R[5].r/u_datapath/west_vc0_fifo/rd_ptr_reg[0]/C,u_mesh/GEN_R[5].r/u_datapath/west_vc1_fifo/count_reg[2]/D
2.077,18,2,2,intra,u_mesh/GEN_R[2].r/u_datapath/local_vc1_fifo/rd_ptr_reg[0]/C,u_mesh/GEN_R[2].r/u_credit_control/credit_count_reg[1][1][1]/D
2.077,19,2,2,intra,u_mesh/GEN_R[2].r/u_datapath/local_vc1_fifo/rd_ptr_reg[0]/C,u_mesh/GEN_R[2].r/u_datapath/local_vc0_fifo/count_reg[2]/D
2.077,18,0,0,intra,u_mesh/GEN_R[0].r/u_datapath/south_vc1_fifo/rd_ptr_reg[0]/C,u_mesh/GEN_R[0].r/u_datapath/north_vc1_fifo/count_reg[1]/D
2.082,17,1,1,intra,u_mesh/GEN_R[1].r/u_datapath/south_vc2_fifo/rd_ptr_reg[0]/C,u_mesh/GEN_R[1].r/u_datapath/local_vc0_fifo/count_reg[0]/D
2.084,18,0,0,intra,u_mesh/GEN_R[0].r/u_datapath/south_vc1_fifo/rd_ptr_reg[0]/C,u_mesh/GEN_R[0].r/u_datapath/north_vc0_fifo/count_reg[2]/D
2.084,19,2,2,intra,u_mesh/GEN_R[2].r/u_datapath/local_vc1_fifo/rd_ptr_reg[0]/C,u_mesh/GEN_R[2].r/u_allocator/output_owner_reg[3][3]/D
2.085,18,5,5,intra,u_mesh/GEN_R[5].r/u_datapath/local_vc2_fifo/rd_ptr_reg[1]/C,u_mesh/GEN_R[5].r/u_datapath/north_vc0_fifo/credit_valid_reg/D
2.085,19,5,5,intra,u_mesh/GEN_R[5].r/u_datapath/west_vc0_fifo/rd_ptr_reg[0]/C,u_mesh/GEN_R[5].r/u_datapath/west_vc1_fifo/rd_ptr_reg[1]/D
2.085,17,3,3,intra,u_mesh/GEN_R[3].r/u_datapath/local_vc2_fifo/rd_ptr_reg[1]/C,u_mesh/GEN_R[3].r/u_datapath/local_vc0_fifo/rd_ptr_reg[0]/D
2.086,19,2,2,intra,u_mesh/GEN_R[2].r/u_datapath/local_vc1_fifo/rd_ptr_reg[0]/C,u_mesh/GEN_R[2].r/u_allocator/output_owner_reg[3][2]/D
2.089,19,4,4,intra,u_mesh/GEN_R[4].r/u_datapath/west_vc2_fifo/rd_ptr_reg[0]/C,u_mesh/GEN_R[4].r/u_datapath/east_vc2_fifo/count_reg[1]/D
2.090,18,5,5,intra,u_mesh/GEN_R[5].r/u_datapath/local_vc2_fifo/rd_ptr_reg[1]/C,u_mesh/GEN_R[5].r/u_datapath/north_vc0_fifo/count_reg[1]/D
2.091,19,4,4,intra,u_mesh/GEN_R[4].r/u_datapath/west_vc2_fifo/rd_ptr_reg[0]/C,u_mesh/GEN_R[4].r/u_datapath/east_vc2_fifo/count_reg[0]/D
2.092,18,2,2,intra,u_mesh/GEN_R[2].r/u_datapath/local_vc1_fifo/rd_ptr_reg[0]/C,u_mesh/GEN_R[2].r/u_datapath/east_vc0_fifo/count_reg[1]/D
2.095,18,0,0,intra,u_mesh/GEN_R[0].r/u_datapath/south_vc1_fifo/rd_ptr_reg[0]/C,u_mesh/GEN_R[0].r/u_datapath/north_vc1_fifo/count_reg[2]/D
2.096,19,4,4,intra,u_mesh/GEN_R[4].r/u_datapath/west_vc2_fifo/rd_ptr_reg[0]/C,u_mesh/GEN_R[4].r/u_datapath/west_vc1_fifo/count_reg[2]/D
2.101,18,4,4,intra,u_mesh/GEN_R[4].r/u_datapath/north_vc2_fifo/rd_ptr_reg[1]/C,u_mesh/GEN_R[4].r/u_datapath/north_vc2_fifo/rd_ptr_reg[0]/D
2.103,17,1,1,intra,u_mesh/GEN_R[1].r/u_datapath/south_vc2_fifo/rd_ptr_reg[0]/C,u_mesh/GEN_R[1].r/u_datapath/east_vc1_fifo/rd_ptr_reg[1]/D
2.105,18,3,3,intra,u_mesh/GEN_R[3].r/u_datapath/local_vc2_fifo/rd_ptr_reg[1]/C,u_mesh/GEN_R[3].r/u_datapath/east_vc2_fifo/count_reg[1]/D
2.110,18,2,2,intra,u_mesh/GEN_R[2].r/u_datapath/local_vc1_fifo/rd_ptr_reg[0]/C,u_mesh/GEN_R[2].r/u_datapath/east_vc0_fifo/count_reg[2]/D
2.110,17,1,1,intra,u_mesh/GEN_R[1].r/u_datapath/south_vc2_fifo/rd_ptr_reg[0]/C,u_mesh/GEN_R[1].r/u_datapath/east_vc1_fifo/credit_valid_reg/D
2.111,17,1,1,intra,u_mesh/GEN_R[1].r/u_datapath/south_vc2_fifo/rd_ptr_reg[0]/C,u_mesh/GEN_R[1].r/u_datapath/east_vc0_fifo/credit_valid_reg/D
2.113,19,4,4,intra,u_mesh/GEN_R[4].r/u_datapath/west_vc2_fifo/rd_ptr_reg[0]/C,u_mesh/GEN_R[4].r/u_datapath/east_vc2_fifo/rd_ptr_reg[1]/D
2.114,17,1,1,intra,u_mesh/GEN_R[1].r/u_datapath/south_vc2_fifo/rd_ptr_reg[0]/C,u_mesh/GEN_R[1].r/u_datapath/east_vc1_fifo/count_reg[0]/D
2.115,17,1,1,intra,u_mesh/GEN_R[1].r/u_datapath/south_vc2_fifo/rd_ptr_reg[0]/C,u_mesh/GEN_R[1].r/u_datapath/east_vc0_fifo/count_reg[2]/D
2.116,18,0,0,intra,u_mesh/GEN_R[0].r/u_datapath/south_vc1_fifo/rd_ptr_reg[0]/C,u_mesh/GEN_R[0].r/u_credit_control/credit_count_reg[0][2][0]/D
2.122,17,1,1,intra,u_mesh/GEN_R[1].r/u_datapath/south_vc2_fifo/rd_ptr_reg[0]/C,u_mesh/GEN_R[1].r/u_datapath/local_vc2_fifo/count_reg[2]/D
2.125,18,4,4,intra,u_mesh/GEN_R[4].r/u_datapath/north_vc2_fifo/rd_ptr_reg[1]/C,u_mesh/GEN_R[4].r/u_datapath/north_vc0_fifo/credit_valid_reg/D
2.127,18,4,4,intra,u_mesh/GEN_R[4].r/u_datapath/north_vc2_fifo/rd_ptr_reg[1]/C,u_mesh/GEN_R[4].r/u_datapath/north_vc0_fifo/count_reg[1]/D
2.129,17,1,1,intra,u_mesh/GEN_R[1].r/u_datapath/south_vc2_fifo/rd_ptr_reg[0]/C,u_mesh/GEN_R[1].r/u_datapath/local_vc2_fifo/rd_ptr_reg[1]/D
2.131,18,0,0,intra,u_mesh/GEN_R[0].r/u_datapath/south_vc1_fifo/rd_ptr_reg[0]/C,u_mesh/GEN_R[0].r/u_credit_control/credit_count_reg[0][2][1]/D
2.131,17,1,1,intra,u_mesh/GEN_R[1].r/u_datapath/south_vc2_fifo/rd_ptr_reg[0]/C,u_mesh/GEN_R[1].r/u_datapath/local_vc0_fifo/count_reg[1]/D
2.131,18,4,4,intra,u_mesh/GEN_R[4].r/u_datapath/west_vc2_fifo/rd_ptr_reg[0]/C,u_mesh/GEN_R[4].r/u_datapath/east_vc1_fifo/rd_ptr_reg[1]/D
2.133,18,4,4,intra,u_mesh/GEN_R[4].r/u_datapath/north_vc2_fifo/rd_ptr_reg[1]/C,u_mesh/GEN_R[4].r/u_datapath/north_vc2_fifo/count_reg[2]/D
2.135,18,4,4,intra,u_mesh/GEN_R[4].r/u_datapath/north_vc2_fifo/rd_ptr_reg[1]/C,u_mesh/GEN_R[4].r/u_datapath/north_vc2_fifo/count_reg[0]/D
2.138,19,4,4,intra,u_mesh/GEN_R[4].r/u_datapath/west_vc2_fifo/rd_ptr_reg[0]/C,u_mesh/GEN_R[4].r/u_datapath/east_vc2_fifo/count_reg[2]/D
2.140,18,0,0,intra,u_mesh/GEN_R[0].r/u_datapath/south_vc1_fifo/rd_ptr_reg[0]/C,u_mesh/GEN_R[0].r/u_datapath/local_vc2_fifo/count_reg[0]/D
2.142,18,0,0,intra,u_mesh/GEN_R[0].r/u_datapath/south_vc1_fifo/rd_ptr_reg[0]/C,u_mesh/GEN_R[0].r/u_datapath/south_vc1_fifo/rd_ptr_reg[1]/D
2.145,18,4,4,intra,u_mesh/GEN_R[4].r/u_datapath/north_vc2_fifo/rd_ptr_reg[1]/C,u_mesh/GEN_R[4].r/u_datapath/north_vc1_fifo/rd_ptr_reg[0]/D
2.146,18,4,4,intra,u_mesh/GEN_R[4].r/u_datapath/north_vc2_fifo/rd_ptr_reg[1]/C,u_mesh/GEN_R[4].r/u_datapath/north_vc1_fifo/count_reg[0]/D
2.148,18,0,0,intra,u_mesh/GEN_R[0].r/u_datapath/south_vc1_fifo/rd_ptr_reg[0]/C,u_mesh/GEN_R[0].r/u_datapath/west_vc2_fifo/count_reg[1]/D
2.152,19,2,2,intra,u_mesh/GEN_R[2].r/u_datapath/local_vc1_fifo/rd_ptr_reg[0]/C,u_mesh/GEN_R[2].r/u_datapath/south_vc0_fifo/count_reg[0]/D
2.153,18,0,0,intra,u_mesh/GEN_R[0].r/u_datapath/south_vc1_fifo/rd_ptr_reg[0]/C,u_mesh/GEN_R[0].r/u_datapath/east_vc1_fifo/count_reg[2]/D
2.154,18,4,4,intra,u_mesh/GEN_R[4].r/u_datapath/north_vc2_fifo/rd_ptr_reg[1]/C,u_mesh/GEN_R[4].r/u_datapath/north_vc1_fifo/count_reg[2]/D
2.154,18,3,3,intra,u_mesh/GEN_R[3].r/u_datapath/local_vc2_fifo/rd_ptr_reg[1]/C,u_mesh/GEN_R[3].r/u_datapath/east_vc2_fifo/count_reg[2]/D
2.155,17,1,1,intra,u_mesh/GEN_R[1].r/u_datapath/south_vc2_fifo/rd_ptr_reg[0]/C,u_mesh/GEN_R[1].r/u_datapath/local_vc1_fifo/rd_ptr_reg[1]/D
2.160,17,1,1,intra,u_mesh/GEN_R[1].r/u_datapath/south_vc2_fifo/rd_ptr_reg[0]/C,u_mesh/GEN_R[1].r/u_datapath/east_vc0_fifo/rd_ptr_reg[0]/D
2.162,17,1,1,intra,u_mesh/GEN_R[1].r/u_datapath/south_vc2_fifo/rd_ptr_reg[0]/C,u_mesh/GEN_R[1].r/u_datapath/east_vc1_fifo/rd_ptr_reg[0]/D
2.166,18,3,3,intra,u_mesh/GEN_R[3].r/u_datapath/local_vc2_fifo/rd_ptr_reg[1]/C,u_mesh/GEN_R[3].r/u_datapath/east_vc2_fifo/count_reg[0]/D
2.166,17,1,1,intra,u_mesh/GEN_R[1].r/u_datapath/south_vc2_fifo/rd_ptr_reg[0]/C,u_mesh/GEN_R[1].r/u_datapath/east_vc1_fifo/count_reg[1]/D
2.168,19,4,4,intra,u_mesh/GEN_R[4].r/u_datapath/west_vc2_fifo/rd_ptr_reg[0]/C,u_mesh/GEN_R[4].r/u_datapath/west_vc1_fifo/count_reg[0]/D
2.174,18,4,4,intra,u_mesh/GEN_R[4].r/u_datapath/north_vc2_fifo/rd_ptr_reg[1]/C,u_mesh/GEN_R[4].r/u_datapath/north_vc0_fifo/rd_ptr_reg[0]/D
2.179,18,4,4,intra,u_mesh/GEN_R[4].r/u_datapath/north_vc2_fifo/rd_ptr_reg[1]/C,u_mesh/GEN_R[4].r/u_datapath/north_vc0_fifo/count_reg[2]/D
2.184,18,4,4,intra,u_mesh/GEN_R[4].r/u_datapath/local_vc1_fifo/rd_ptr_reg[1]/C,u_mesh/GEN_R[4].r/u_credit_control/credit_count_reg[1][2][0]/D
2.185,19,4,4,intra,u_mesh/GEN_R[4].r/u_datapath/west_vc2_fifo/rd_ptr_reg[0]/C,u_mesh/GEN_R[4].r/u_datapath/east_vc2_fifo/credit_valid_reg/D
2.187,19,3,3,intra,u_mesh/GEN_R[3].r/u_datapath/local_vc2_fifo/rd_ptr_reg[1]/C,u_mesh/GEN_R[3].r/u_allocator/output_owner_reg[0][0]/CE
2.187,19,3,3,intra,u_mesh/GEN_R[3].r/u_datapath/local_vc2_fifo/rd_ptr_reg[1]/C,u_mesh/GEN_R[3].r/u_allocator/output_owner_reg[0][1]/CE
2.187,19,3,3,intra,u_mesh/GEN_R[3].r/u_datapath/local_vc2_fifo/rd_ptr_reg[1]/C,u_mesh/GEN_R[3].r/u_allocator/output_owner_reg[0][2]/CE
2.187,19,3,3,intra,u_mesh/GEN_R[3].r/u_datapath/local_vc2_fifo/rd_ptr_reg[1]/C,u_mesh/GEN_R[3].r/u_allocator/output_owner_reg[0][3]/CE
2.187,18,4,4,intra,u_mesh/GEN_R[4].r/u_datapath/north_vc2_fifo/rd_ptr_reg[1]/C,u_mesh/GEN_R[4].r/u_datapath/north_vc2_fifo/count_reg[1]/D
2.192,18,0,0,intra,u_mesh/GEN_R[0].r/u_datapath/south_vc1_fifo/rd_ptr_reg[0]/C,u_mesh/GEN_R[0].r/u_datapath/local_vc2_fifo/count_reg[1]/D
2.194,18,4,4,intra,u_mesh/GEN_R[4].r/u_datapath/local_vc1_fifo/rd_ptr_reg[1]/C,u_mesh/GEN_R[4].r/u_credit_control/credit_count_reg[1][2][1]/D
2.194,17,0,0,intra,u_mesh/GEN_R[0].r/u_datapath/south_vc1_fifo/rd_ptr_reg[0]/C,u_mesh/GEN_R[0].r/u_allocator/output_owner_reg[0][0]/D
2.194,18,4,4,intra,u_mesh/GEN_R[4].r/u_datapath/north_vc2_fifo/rd_ptr_reg[1]/C,u_mesh/GEN_R[4].r/u_datapath/north_vc1_fifo/count_reg[1]/D
2.194,18,0,0,intra,u_mesh/GEN_R[0].r/u_datapath/south_vc1_fifo/rd_ptr_reg[0]/C,u_mesh/GEN_R[0].r/u_datapath/west_vc2_fifo/count_reg[2]/D
2.197,18,0,0,intra,u_mesh/GEN_R[0].r/u_datapath/south_vc1_fifo/rd_ptr_reg[0]/C,u_mesh/GEN_R[0].r/u_datapath/east_vc0_fifo/credit_valid_reg/D
2.199,18,4,4,intra,u_mesh/GEN_R[4].r/u_datapath/west_vc2_fifo/rd_ptr_reg[0]/C,u_mesh/GEN_R[4].r/u_datapath/east_vc0_fifo/count_reg[2]/D
2.202,18,4,4,intra,u_mesh/GEN_R[4].r/u_datapath/north_vc2_fifo/rd_ptr_reg[1]/C,u_mesh/GEN_R[4].r/u_datapath/north_vc1_fifo/credit_valid_reg/D
2.202,17,3,3,intra,u_mesh/GEN_R[3].r/u_datapath/local_vc2_fifo/rd_ptr_reg[1]/C,u_mesh/GEN_R[3].r/u_datapath/local_vc1_fifo/rd_ptr_reg[0]/D
2.207,18,2,2,intra,u_mesh/GEN_R[2].r/u_datapath/local_vc1_fifo/rd_ptr_reg[0]/C,u_mesh/GEN_R[2].r/u_datapath/local_vc2_fifo/rd_ptr_reg[1]/D
2.207,18,2,2,intra,u_mesh/GEN_R[2].r/u_datapath/local_vc1_fifo/rd_ptr_reg[0]/C,u_mesh/GEN_R[2].r/u_datapath/east_vc0_fifo/count_reg[0]/D
2.211,17,0,0,intra,u_mesh/GEN_R[0].r/u_datapath/south_vc1_fifo/rd_ptr_reg[0]/C,u_mesh/GEN_R[0].r/u_allocator/output_owner_reg[0][1]/D
2.211,18,4,4,intra,u_mesh/GEN_R[4].r/u_datapath/west_vc2_fifo/rd_ptr_reg[0]/C,u_mesh/GEN_R[4].r/u_datapath/south_vc0_fifo/count_reg[0]/D
2.216,17,1,1,intra,u_mesh/GEN_R[1].r/u_datapath/south_vc2_fifo/rd_ptr_reg[0]/C,u_mesh/GEN_R[1].r/u_datapath/local_vc1_fifo/count_reg[2]/D
2.216,17,1,1,intra,u_mesh/GEN_R[1].r/u_datapath/south_vc2_fifo/rd_ptr_reg[0]/C,u_mesh/GEN_R[1].r/u_datapath/east_vc1_fifo/count_reg[2]/D
2.229,17,5,5,intra,u_mesh/GEN_R[5].r/u_datapath/west_vc0_fifo/rd_ptr_reg[0]/C,u_mesh/GEN_R[5].r/u_datapath/west_vc2_fifo/count_reg[0]/D
2.229,18,5,5,intra,u_mesh/GEN_R[5].r/u_datapath/local_vc2_fifo/rd_ptr_reg[1]/C,u_mesh/GEN_R[5].r/u_datapath/local_vc1_fifo/count_reg[2]/D
2.229,17,1,1,intra,u_mesh/GEN_R[1].r/u_datapath/south_vc2_fifo/rd_ptr_reg[0]/C,u_mesh/GEN_R[1].r/u_credit_control/credit_count_reg[1][1][2]/D
2.232,18,0,0,intra,u_mesh/GEN_R[0].r/u_datapath/south_vc1_fifo/rd_ptr_reg[0]/C,u_mesh/GEN_R[0].r/u_datapath/local_vc2_fifo/count_reg[2]/D
2.237,19,4,4,intra,u_mesh/GEN_R[4].r/u_datapath/west_vc2_fifo/rd_ptr_reg[0]/C,u_mesh/GEN_R[4].r/u_datapath/east_vc2_fifo/rd_ptr_reg[0]/D
2.239,18,5,5,intra,u_mesh/GEN_R[5].r/u_datapath/local_vc2_fifo/rd_ptr_reg[1]/C,u_mesh/GEN_R[5].r/u_datapath/local_vc1_fifo/count_reg[0]/D
2.240,19,2,2,intra,u_mesh/GEN_R[2].r/u_datapath/local_vc1_fifo/rd_ptr_reg[0]/C,u_mesh/GEN_R[2].r/u_datapath/north_vc0_fifo/count_reg[1]/D
2.241,18,4,4,intra,u_mesh/GEN_R[4].r/u_datapath/north_vc2_fifo/rd_ptr_reg[1]/C,u_mesh/GEN_R[4].r/u_datapath/north_vc0_fifo/rd_ptr_reg[1]/D
2.249,18,0,0,intra,u_mesh/GEN_R[0].r/u_datapath/south_vc1_fifo/rd_ptr_reg[0]/C,u_mesh/GEN_R[0].r/u_datapath/east_vc0_fifo/rd_ptr_reg[0]/D
2.249,17,4,4,intra,u_mesh/GEN_R[4].r/u_datapath/east_vc2_fifo/rd_ptr_reg[0]/C,u_mesh/GEN_R[4].r/u_datapath/local_vc0_fifo/count_reg[2]/D
2.251,18,3,3,intra,u_mesh/GEN_R[3].r/u_datapath/local_vc2_fifo/rd_ptr_reg[1]/C,u_mesh/GEN_R[3].r/u_datapath/east_vc2_fifo/rd_ptr_reg[1]/D
2.252,17,0,0,intra,u_mesh/GEN_R[0].r/u_datapath/south_vc1_fifo/rd_ptr_reg[0]/C,u_mesh/GEN_R[0].r/u_allocator/output_owner_reg[0][2]/D
2.255,18,1,1,intra,u_mesh/GEN_R[1].r/u_datapath/west_vc0_fifo/rd_ptr_reg[0]/C,u_mesh/GEN_R[1].r/u_credit_control/credit_count_reg[3][1][2]/D
2.256,19,2,2,intra,u_mesh/GEN_R[2].r/u_datapath/local_vc1_fifo/rd_ptr_reg[0]/C,u_mesh/GEN_R[2].r/u_datapath/north_vc0_fifo/count_reg[2]/D
2.261,19,2,2,intra,u_mesh/GEN_R[2].r/u_datapath/local_vc1_fifo/rd_ptr_reg[0]/C,u_mesh/GEN_R[2].r/u_datapath/local_vc0_fifo/count_reg[0]/D
2.261,18,5,5,intra,u_mesh/GEN_R[5].r/u_datapath/west_vc0_fifo/rd_ptr_reg[0]/C,u_mesh/GEN_R[5].r/u_allocator/output_owner_reg[0][0]/CE
2.261,18,5,5,intra,u_mesh/GEN_R[5].r/u_datapath/west_vc0_fifo/rd_ptr_reg[0]/C,u_mesh/GEN_R[5].r/u_allocator/output_owner_reg[0][1]/CE
2.261,18,5,5,intra,u_mesh/GEN_R[5].r/u_datapath/west_vc0_fifo/rd_ptr_reg[0]/C,u_mesh/GEN_R[5].r/u_allocator/output_owner_reg[0][2]/CE
2.261,18,5,5,intra,u_mesh/GEN_R[5].r/u_datapath/west_vc0_fifo/rd_ptr_reg[0]/C,u_mesh/GEN_R[5].r/u_allocator/output_owner_reg[0][3]/CE
2.264,19,2,2,intra,u_mesh/GEN_R[2].r/u_datapath/local_vc1_fifo/rd_ptr_reg[0]/C,u_mesh/GEN_R[2].r/u_datapath/local_vc0_fifo/rd_ptr_reg[1]/D
2.266,18,3,3,intra,u_mesh/GEN_R[3].r/u_datapath/local_vc2_fifo/rd_ptr_reg[1]/C,u_mesh/GEN_R[3].r/u_datapath/east_vc2_fifo/credit_valid_reg/D
2.273,18,4,4,intra,u_mesh/GEN_R[4].r/u_datapath/local_vc1_fifo/rd_ptr_reg[1]/C,u_mesh/GEN_R[4].r/u_credit_control/credit_count_reg[1][2][2]/D
2.276,17,1,1,intra,u_mesh/GEN_R[1].r/u_datapath/south_vc2_fifo/rd_ptr_reg[0]/C,u_mesh/GEN_R[1].r/u_datapath/east_vc0_fifo/rd_ptr_reg[1]/D
2.279,18,4,4,intra,u_mesh/GEN_R[4].r/u_datapath/west_vc2_fifo/rd_ptr_reg[0]/C,u_mesh/GEN_R[4].r/u_datapath/east_vc0_fifo/count_reg[0]/D
2.281,17,5,5,intra,u_mesh/GEN_R[5].r/u_datapath/west_vc0_fifo/rd_ptr_reg[0]/C,u_mesh/GEN_R[5].r/u_datapath/west_vc2_fifo/count_reg[1]/D
2.282,19,5,5,intra,u_mesh/GEN_R[5].r/u_datapath/west_vc0_fifo/rd_ptr_reg[0]/C,u_mesh/GEN_R[5].r/u_datapath/west_vc1_fifo/count_reg[0]/D
2.286,17,4,4,intra,u_mesh/GEN_R[4].r/u_datapath/east_vc2_fifo/rd_ptr_reg[0]/C,u_mesh/GEN_R[4].r/u_datapath/west_vc0_fifo/count_reg[2]/D
2.289,19,2,2,intra,u_mesh/GEN_R[2].r/u_datapath/local_vc1_fifo/rd_ptr_reg[0]/C,u_mesh/GEN_R[2].r/u_allocator/output_owner_reg[0][2]/D
2.291,18,2,2,intra,u_mesh/GEN_R[2].r/u_datapath/local_vc1_fifo/rd_ptr_reg[0]/C,u_mesh/GEN_R[2].r/u_datapath/west_vc0_fifo/count_reg[1]/D
2.291,19,2,2,intra,u_mesh/GEN_R[2].r/u_datapath/local_vc1_fifo/rd_ptr_reg[0]/C,u_mesh/GEN_R[2].r/u_allocator/output_owner_reg[0][0]/D
2.291,18,5,5,intra,u_mesh/GEN_R[5].r/u_datapath/local_vc2_fifo/rd_ptr_reg[1]/C,u_mesh/GEN_R[5].r/u_datapath/local_vc1_fifo/count_reg[1]/D
2.297,18,1,1,intra,u_mesh/GEN_R[1].r/u_datapath/west_vc0_fifo/rd_ptr_reg[0]/C,u_mesh/GEN_R[1].r/u_datapath/north_vc0_fifo/count_reg[1]/D
2.298,18,2,2,intra,u_mesh/GEN_R[2].r/u_datapath/local_vc1_fifo/rd_ptr_reg[0]/C,u_mesh/GEN_R[2].r/u_datapath/west_vc0_fifo/credit_valid_reg/D
2.298,17,0,0,intra,u_mesh/GEN_R[0].r/u_datapath/south_vc1_fifo/rd_ptr_reg[0]/C,u_mesh/GEN_R[0].r/u_allocator/output_owner_reg[0][3]/D
2.298,18,0,0,intra,u_mesh/GEN_R[0].r/u_datapath/south_vc1_fifo/rd_ptr_reg[0]/C,u_mesh/GEN_R[0].r/u_credit_control/credit_count_reg[2][2][1]/D
2.300,18,2,2,intra,u_mesh/GEN_R[2].r/u_datapath/local_vc1_fifo/rd_ptr_reg[0]/C,u_mesh/GEN_R[2].r/u_datapath/west_vc0_fifo/rd_ptr_reg[1]/D
2.301,18,2,2,intra,u_mesh/GEN_R[2].r/u_datapath/local_vc1_fifo/rd_ptr_reg[0]/C,u_mesh/GEN_R[2].r/u_datapath/west_vc2_fifo/credit_valid_reg/D
2.304,18,1,1,intra,u_mesh/GEN_R[1].r/u_datapath/west_vc0_fifo/rd_ptr_reg[0]/C,u_mesh/GEN_R[1].r/u_datapath/north_vc0_fifo/count_reg[0]/D
2.304,18,4,4,intra,u_mesh/GEN_R[4].r/u_datapath/north_vc2_fifo/rd_ptr_reg[1]/C,u_mesh/GEN_R[4].r/u_datapath/north_vc2_fifo/rd_ptr_reg[1]/D
2.306,18,0,0,intra,u_mesh/GEN_R[0].r/u_datapath/south_vc1_fifo/rd_ptr_reg[0]/C,u_mesh/GEN_R[0].r/u_datapath/east_vc1_fifo/credit_valid_reg/D
2.315,18,3,3,intra,u_mesh/GEN_R[3].r/u_datapath/local_vc2_fifo/rd_ptr_reg[1]/C,u_mesh/GEN_R[3].r/u_datapath/east_vc2_fifo/rd_ptr_reg[0]/D
2.318,19,4,4,intra,u_mesh/GEN_R[4].r/u_datapath/local_vc1_fifo/rd_ptr_reg[1]/C,u_mesh/GEN_R[4].r/u_datapath/west_vc1_fifo/rd_ptr_reg[1]/D
2.320,18,0,0,intra,u_mesh/GEN_R[0].r/u_datapath/south_vc1_fifo/rd_ptr_reg[0]/C,u_mesh/GEN_R[0].r/u_credit_control/credit_count_reg[2][2][2]/D
2.320,19,4,4,intra,u_mesh/GEN_R[4].r/u_datapath/local_vc1_fifo/rd_ptr_reg[1]/C,u_mesh/GEN_R[4].r/u_datapath/west_vc1_fifo/credit_valid_reg/D
2.321,18,0,0,intra,u_mesh/GEN_R[0].r/u_datapath/south_vc1_fifo/rd_ptr_reg[0]/C,u_mesh/GEN_R[0].r/u_credit_control/credit_count_reg[2][2][0]/D
2.323,18,1,1,intra,u_mesh/GEN_R[1].r/u_datapath/west_vc0_fifo/rd_ptr_reg[0]/C,u_mesh/GEN_R[1].r/u_credit_control/credit_count_reg[3][1][1]/D
2.325,18,0,0,intra,u_mesh/GEN_R[0].r/u_datapath/south_vc1_fifo/rd_ptr_reg[0]/C,u_mesh/GEN_R[0].r/u_datapath/east_vc0_fifo/count_reg[0]/D
2.325,18,1,1,intra,u_mesh/GEN_R[1].r/u_datapath/west_vc0_fifo/rd_ptr_reg[0]/C,u_mesh/GEN_R[1].r/u_credit_control/credit_count_reg[3][1][0]/D
2.330,18,4,4,intra,u_mesh/GEN_R[4].r/u_datapath/west_vc2_fifo/rd_ptr_reg[0]/C,u_mesh/GEN_R[4].r/u_datapath/east_vc0_fifo/credit_valid_reg/D
2.331,18,4,4,intra,u_mesh/GEN_R[4].r/u_datapath/west_vc2_fifo/rd_ptr_reg[0]/C,u_mesh/GEN_R[4].r/u_datapath/east_vc0_fifo/count_reg[1]/D
2.337,18,5,5,intra,u_mesh/GEN_R[5].r/u_datapath/local_vc2_fifo/rd_ptr_reg[1]/C,u_mesh/GEN_R[5].r/u_datapath/south_vc1_fifo/count_reg[1]/D
2.338,19,2,2,intra,u_mesh/GEN_R[2].r/u_datapath/local_vc1_fifo/rd_ptr_reg[0]/C,u_mesh/GEN_R[2].r/u_allocator/output_owner_reg[0][3]/D
2.340,18,2,2,intra,u_mesh/GEN_R[2].r/u_datapath/local_vc1_fifo/rd_ptr_reg[0]/C,u_mesh/GEN_R[2].r/u_datapath/west_vc0_fifo/count_reg[2]/D
2.341,18,1,1,intra,u_mesh/GEN_R[1].r/u_datapath/west_vc0_fifo/rd_ptr_reg[0]/C,u_mesh/GEN_R[1].r/u_datapath/north_vc0_fifo/count_reg[2]/D
2.343,19,2,2,intra,u_mesh/GEN_R[2].r/u_datapath/local_vc1_fifo/rd_ptr_reg[0]/C,u_mesh/GEN_R[2].r/u_allocator/output_owner_reg[0][1]/D
2.347,18,2,2,intra,u_mesh/GEN_R[2].r/u_datapath/local_vc1_fifo/rd_ptr_reg[0]/C,u_mesh/GEN_R[2].r/u_datapath/west_vc0_fifo/rd_ptr_reg[0]/D
2.348,19,2,2,intra,u_mesh/GEN_R[2].r/u_datapath/local_vc1_fifo/rd_ptr_reg[0]/C,u_mesh/GEN_R[2].r/u_allocator/output_owner_reg[4][1]/D
2.349,18,2,2,intra,u_mesh/GEN_R[2].r/u_datapath/local_vc1_fifo/rd_ptr_reg[0]/C,u_mesh/GEN_R[2].r/u_datapath/west_vc2_fifo/rd_ptr_reg[0]/D
2.354,18,0,0,intra,u_mesh/GEN_R[0].r/u_datapath/south_vc1_fifo/rd_ptr_reg[0]/C,u_mesh/GEN_R[0].r/u_datapath/east_vc1_fifo/rd_ptr_reg[0]/D
2.358,19,5,5,intra,u_mesh/GEN_R[5].r/u_datapath/west_vc0_fifo/rd_ptr_reg[0]/C,u_mesh/GEN_R[5].r/u_datapath/east_vc2_fifo/count_reg[1]/D
2.360,19,5,5,intra,u_mesh/GEN_R[5].r/u_datapath/west_vc0_fifo/rd_ptr_reg[0]/C,u_mesh/GEN_R[5].r/u_datapath/east_vc2_fifo/count_reg[0]/D
2.363,18,5,5,intra,u_mesh/GEN_R[5].r/u_datapath/local_vc2_fifo/rd_ptr_reg[1]/C,u_mesh/GEN_R[5].r/u_datapath/local_vc1_fifo/rd_ptr_reg[1]/D
2.372,19,4,4,intra,u_mesh/GEN_R[4].r/u_datapath/local_vc1_fifo/rd_ptr_reg[1]/C,u_mesh/GEN_R[4].r/u_datapath/west_vc1_fifo/rd_ptr_reg[0]/D
2.375,19,2,2,intra,u_mesh/GEN_R[2].r/u_datapath/local_vc1_fifo/rd_ptr_reg[0]/C,u_mesh/GEN_R[2].r/u_datapath/local_vc1_fifo/count_reg[1]/D
2.377,18,0,0,intra,u_mesh/GEN_R[0].r/u_datapath/south_vc1_fifo/rd_ptr_reg[0]/C,u_mesh/GEN_R[0].r/u_datapath/east_vc0_fifo/count_reg[1]/D
2.377,19,3,3,intra,u_mesh/GEN_R[3].r/u_datapath/local_vc2_fifo/rd_ptr_reg[1]/C,u_mesh/GEN_R[3].r/u_datapath/west_vc1_fifo/count_reg[0]/D
2.379,18,4,4,intra,u_mesh/GEN_R[4].r/u_datapath/west_vc2_fifo/rd_ptr_reg[0]/C,u_mesh/GEN_R[4].r/u_datapath/east_vc0_fifo/rd_ptr_reg[0]/D
2.380,17,3,3,intra,u_mesh/GEN_R[3].r/u_datapath/east_vc2_fifo/rd_ptr_reg[0]/C,u_mesh/GEN_R[3].r/u_allocator/output_owner_reg[3][0]/D
2.382,18,2,2,intra,u_mesh/GEN_R[2].r/u_datapath/local_vc1_fifo/rd_ptr_reg[0]/C,u_mesh/GEN_R[2].r/u_datapath/west_vc2_fifo/rd_ptr_reg[1]/D
2.382,19,3,3,intra,u_mesh/GEN_R[3].r/u_datapath/local_vc2_fifo/rd_ptr_reg[1]/C,u_mesh/GEN_R[3].r/u_datapath/west_vc1_fifo/count_reg[1]/D
2.382,19,3,3,intra,u_mesh/GEN_R[3].r/u_datapath/local_vc2_fifo/rd_ptr_reg[1]/C,u_mesh/GEN_R[3].r/u_datapath/west_vc1_fifo/count_reg[2]/D
2.386,18,5,5,intra,u_mesh/GEN_R[5].r/u_datapath/local_vc2_fifo/rd_ptr_reg[1]/C,u_mesh/GEN_R[5].r/u_datapath/south_vc1_fifo/count_reg[2]/D
2.390,19,2,2,intra,u_mesh/GEN_R[2].r/u_datapath/local_vc1_fifo/rd_ptr_reg[0]/C,u_mesh/GEN_R[2].r/u_datapath/local_vc1_fifo/count_reg[0]/D
2.393,17,1,1,intra,u_mesh/GEN_R[1].r/u_datapath/east_vc1_fifo/rd_ptr_reg[0]/C,u_mesh/GEN_R[1].r/u_allocator/output_owner_reg[4][0]/D
2.393,18,0,0,intra,u_mesh/GEN_R[0].r/u_datapath/south_vc1_fifo/rd_ptr_reg[0]/C,u_mesh/GEN_R[0].r/u_credit_control/credit_count_reg[0][2][2]/D
2.394,17,5,5,intra,u_mesh/GEN_R[5].r/u_datapath/west_vc0_fifo/rd_ptr_reg[0]/C,u_mesh/GEN_R[5].r/u_datapath/west_vc2_fifo/credit_valid_reg/D
2.395,18,4,4,intra,u_mesh/GEN_R[4].r/u_datapath/west_vc2_fifo/rd_ptr_reg[0]/C,u_mesh/GEN_R[4].r/u_datapath/local_vc2_fifo/rd_ptr_reg[1]/D
2.398,17,2,2,intra,u_mesh/GEN_R[2].r/u_datapath/local_vc1_fifo/rd_ptr_reg[0]/C,u_mesh/GEN_R[2].r/u_credit_control/credit_count_reg[4][0][1]/D
2.399,19,2,2,intra,u_mesh/GEN_R[2].r/u_datapath/local_vc1_fifo/rd_ptr_reg[0]/C,u_mesh/GEN_R[2].r/u_datapath/east_vc1_fifo/count_reg[0]/D
2.400,17,3,3,intra,u_mesh/GEN_R[3].r/u_datapath/east_vc2_fifo/rd_ptr_reg[0]/C,u_mesh/GEN_R[3].r/u_allocator/output_owner_reg[3][3]/D
2.401,18,2,2,intra,u_mesh/GEN_R[2].r/u_datapath/local_vc1_fifo/rd_ptr_reg[0]/C,u_mesh/GEN_R[2].r/u_datapath/local_vc2_fifo/count_reg[1]/D
2.406,17,1,1,intra,u_mesh/GEN_R[1].r/u_datapath/west_vc0_fifo/rd_ptr_reg[0]/C,u_mesh/GEN_R[1].r/u_credit_control/credit_count_reg[3][0][2]/D
2.408,18,0,0,intra,u_mesh/GEN_R[0].r/u_datapath/south_vc1_fifo/rd_ptr_reg[0]/C,u_mesh/GEN_R[0].r/u_datapath/east_vc0_fifo/count_reg[2]/D
2.411,17,1,1,intra,u_mesh/GEN_R[1].r/u_datapath/east_vc1_fifo/rd_ptr_reg[0]/C,u_mesh/GEN_R[1].r/u_allocator/output_owner_reg[4][3]/D
2.411,18,4,4,intra,u_mesh/GEN_R[4].r/u_datapath/west_vc2_fifo/rd_ptr_reg[0]/C,u_mesh/GEN_R[4].r/u_datapath/local_vc1_fifo/count_reg[2]/D
2.412,17,3,3,intra,u_mesh/GEN_R[3].r/u_datapath/local_vc2_fifo/rd_ptr_reg[1]/C,u_mesh/GEN_R[3].r/u_datapath/north_vc2_fifo/count_reg[2]/D
2.414,17,3,3,intra,u_mesh/GEN_R[3].r/u_datapath/local_vc2_fifo/rd_ptr_reg[1]/C,u_mesh/GEN_R[3].r/u_datapath/north_vc2_fifo/count_reg[0]/D
2.414,18,1,1,intra,u_mesh/GEN_R[1].r/u_datapath/local_vc0_fifo/rd_ptr_reg[0]/C,u_mesh/GEN_R[1].r/u_allocator/output_owner_reg[2][2]/D
2.424,18,4,4,intra,u_mesh/GEN_R[4].r/u_datapath/west_vc2_fifo/rd_ptr_reg[0]/C,u_mesh/GEN_R[4].r/u_datapath/local_vc2_fifo/count_reg[0]/D
2.426,17,1,1,intra,u_mesh/GEN_R[1].r/u_datapath/east_vc1_fifo/rd_ptr_reg[0]/C,u_mesh/GEN_R[1].r/u_allocator/output_owner_reg[4][1]/D
2.427,18,4,4,intra,u_mesh/GEN_R[4].r/u_datapath/north_vc2_fifo/rd_ptr_reg[1]/C,u_mesh/GEN_R[4].r/u_datapath/north_vc1_fifo/rd_ptr_reg[1]/D
2.427,19,2,2,intra,u_mesh/GEN_R[2].r/u_datapath/local_vc1_fifo/rd_ptr_reg[0]/C,u_mesh/GEN_R[2].r/u_datapath/local_vc1_fifo/count_reg[2]/D
2.432,18,1,1,intra,u_mesh/GEN_R[1].r/u_datapath/local_vc0_fifo/rd_ptr_reg[0]/C,u_mesh/GEN_R[1].r/u_allocator/output_owner_reg[2][3]/D
2.435,18,0,0,intra,u_mesh/GEN_R[0].r/u_datapath/south_vc1_fifo/rd_ptr_reg[0]/C,u_mesh/GEN_R[0].r/u_datapath/west_vc0_fifo/count_reg[1]/D
2.437,18,0,0,intra,u_mesh/GEN_R[0].r/u_datapath/south_vc1_fifo/rd_ptr_reg[0]/C,u_mesh/GEN_R[0].r/u_datapath/west_vc0_fifo/count_reg[0]/D
2.442,17,5,5,intra,u_mesh/GEN_R[5].r/u_datapath/west_vc0_fifo/rd_ptr_reg[0]/C,u_mesh/GEN_R[5].r/u_datapath/west_vc2_fifo/rd_ptr_reg[0]/D
2.444,17,1,1,intra,u_mesh/GEN_R[1].r/u_datapath/west_vc0_fifo/rd_ptr_reg[0]/C,u_mesh/GEN_R[1].r/u_credit_control/credit_count_reg[3][0][1]/D
2.446,17,1,1,intra,u_mesh/GEN_R[1].r/u_datapath/west_vc0_fifo/rd_ptr_reg[0]/C,u_mesh/GEN_R[1].r/u_credit_control/credit_count_reg[3][0][0]/D
2.446,18,4,4,intra,u_mesh/GEN_R[4].r/u_datapath/west_vc2_fifo/rd_ptr_reg[0]/C,u_mesh/GEN_R[4].r/u_datapath/east_vc0_fifo/rd_ptr_reg[1]/D
2.448,18,2,2,intra,u_mesh/GEN_R[2].r/u_datapath/local_vc1_fifo/rd_ptr_reg[0]/C,u_mesh/GEN_R[2].r/u_datapath/north_vc1_fifo/count_reg[1]/D
2.453,18,2,2,intra,u_mesh/GEN_R[2].r/u_datapath/local_vc1_fifo/rd_ptr_reg[0]/C,u_mesh/GEN_R[2].r/u_datapath/local_vc2_fifo/count_reg[2]/D
2.455,17,2,2,intra,u_mesh/GEN_R[2].r/u_datapath/local_vc1_fifo/rd_ptr_reg[0]/C,u_mesh/GEN_R[2].r/u_credit_control/credit_count_reg[4][0][0]/D
2.459,18,2,2,intra,u_mesh/GEN_R[2].r/u_datapath/local_vc1_fifo/rd_ptr_reg[0]/C,u_mesh/GEN_R[2].r/u_datapath/west_vc2_fifo/count_reg[1]/D
2.461,18,2,2,intra,u_mesh/GEN_R[2].r/u_datapath/local_vc1_fifo/rd_ptr_reg[0]/C,u_mesh/GEN_R[2].r/u_datapath/west_vc2_fifo/count_reg[0]/D
2.461,18,0,0,intra,u_mesh/GEN_R[0].r/u_datapath/south_vc1_fifo/rd_ptr_reg[0]/C,u_mesh/GEN_R[0].r/u_credit_control/credit_count_reg[1][1][2]/D
2.466,18,5,5,intra,u_mesh/GEN_R[5].r/u_datapath/local_vc2_fifo/rd_ptr_reg[1]/C,u_mesh/GEN_R[5].r/u_datapath/east_vc1_fifo/count_reg[1]/D
2.466,17,3,3,intra,u_mesh/GEN_R[3].r/u_datapath/local_vc2_fifo/rd_ptr_reg[1]/C,u_mesh/GEN_R[3].r/u_datapath/north_vc2_fifo/count_reg[1]/D
2.468,18,5,5,intra,u_mesh/GEN_R[5].r/u_datapath/local_vc2_fifo/rd_ptr_reg[1]/C,u_mesh/GEN_R[5].r/u_datapath/east_vc1_fifo/count_reg[0]/D
2.469,19,2,2,intra,u_mesh/GEN_R[2].r/u_datapath/local_vc1_fifo/rd_ptr_reg[0]/C,u_mesh/GEN_R[2].r/u_datapath/local_vc1_fifo/rd_ptr_reg[1]/D
2.470,18,4,4,intra,u_mesh/GEN_R[4].r/u_datapath/west_vc2_fifo/rd_ptr_reg[0]/C,u_mesh/GEN_R[4].r/u_datapath/local_vc2_fifo/count_reg[1]/D
2.471,17,3,3,intra,u_mesh/GEN_R[3].r/u_datapath/east_vc2_fifo/rd_ptr_reg[0]/C,u_mesh/GEN_R[3].r/u_datapath/west_vc2_fifo/count_reg[1]/D
2.472,17,3,3,intra,u_mesh/GEN_R[3].r/u_datapath/east_vc2_fifo/rd_ptr_reg[0]/C,u_mesh/GEN_R[3].r/u_allocator/output_owner_reg[3][1]/D
2.472,17,5,5,intra,u_mesh/GEN_R[5].r/u_datapath/west_vc0_fifo/rd_ptr_reg[0]/C,u_mesh/GEN_R[5].r/u_datapath/north_vc1_fifo/count_reg[0]/D
2.474,17,1,1,intra,u_mesh/GEN_R[1].r/u_datapath/south_vc2_fifo/rd_ptr_reg[0]/C,u_mesh/GEN_R[1].r/u_datapath/north_vc1_fifo/count_reg[1]/D
2.474,19,5,5,intra,u_mesh/GEN_R[5].r/u_datapath/west_vc0_fifo/rd_ptr_reg[0]/C,u_mesh/GEN_R[5].r/u_datapath/east_vc2_fifo/count_reg[2]/D
2.475,17,1,1,intra,u_mesh/GEN_R[1].r/u_datapath/east_vc1_fifo/rd_ptr_reg[0]/C,u_mesh/GEN_R[1].r/u_allocator/output_owner_reg[4][2]/D
2.475,18,2,2,intra,u_mesh/GEN_R[2].r/u_datapath/local_vc1_fifo/rd_ptr_reg[0]/C,u_mesh/GEN_R[2].r/u_credit_control/credit_count_reg[4][1][0]/D
2.476,17,1,1,intra,u_mesh/GEN_R[1].r/u_datapath/south_vc2_fifo/rd_ptr_reg[0]/C,u_mesh/GEN_R[1].r/u_datapath/north_vc1_fifo/count_reg[0]/D
2.477,18,2,2,intra,u_mesh/GEN_R[2].r/u_datapath/local_vc1_fifo/rd_ptr_reg[0]/C,u_mesh/GEN_R[2].r/u_datapath/west_vc0_fifo/count_reg[0]/D
2.480,18,2,2,intra,u_mesh/GEN_R[2].r/u_datapath/local_vc1_fifo/rd_ptr_reg[0]/C,u_mesh/GEN_R[2].r/u_credit_control/credit_count_reg[4][1][1]/D
2.484,18,0,0,intra,u_mesh/GEN_R[0].r/u_datapath/south_vc1_fifo/rd_ptr_reg[0]/C,u_mesh/GEN_R[0].r/u_datapath/west_vc0_fifo/count_reg[2]/D
2.487,17,3,3,intra,u_mesh/GEN_R[3].r/u_datapath/east_vc2_fifo/rd_ptr_reg[0]/C,u_mesh/GEN_R[3].r/u_allocator/output_owner_reg[3][2]/D
2.495,18,1,1,intra,u_mesh/GEN_R[1].r/u_datapath/west_vc0_fifo/rd_ptr_reg[0]/C,u_mesh/GEN_R[1].r/u_credit_control/credit_count_reg[0][1][2]/D
2.495,18,0,0,intra,u_mesh/GEN_R[0].r/u_datapath/south_vc1_fifo/rd_ptr_reg[0]/C,u_mesh/GEN_R[0].r/u_credit_control/credit_count_reg[1][1][0]/D
2.497,18,1,1,intra,u_mesh/GEN_R[1].r/u_datapath/west_vc0_fifo/rd_ptr_reg[0]/C,u_mesh/GEN_R[1].r/u_credit_control/credit_count_reg[0][1][0]/D
2.498,18,2,2,intra,u_mesh/GEN_R[2].r/u_datapath/local_vc1_fifo/rd_ptr_reg[0]/C,u_mesh/GEN_R[2].r/u_datapath/north_vc1_fifo/count_reg[2]/D
2.500,18,0,0,intra,u_mesh/GEN_R[0].r/u_datapath/south_vc1_fifo/rd_ptr_reg[0]/C,u_mesh/GEN_R[0].r/u_credit_control/credit_count_reg[1][1][1]/D
2.503,17,1,1,intra,u_mesh/GEN_R[1].r/u_datapath/south_vc2_fifo/rd_ptr_reg[0]/C,u_mesh/GEN_R[1].r/u_credit_control/credit_count_reg[1][1][0]/D
2.505,18,1,1,intra,u_mesh/GEN_R[1].r/u_datapath/south_vc2_fifo/rd_ptr_reg[0]/C,u_mesh/GEN_R[1].r/u_allocator/output_owner_reg[1][1]/D
2.507,18,1,1,intra,u_mesh/GEN_R[1].r/u_datapath/south_vc2_fifo/rd_ptr_reg[0]/C,u_mesh/GEN_R[1].r/u_allocator/output_owner_reg[1][0]/D
2.508,18,2,2,intra,u_mesh/GEN_R[2].r/u_datapath/local_vc1_fifo/rd_ptr_reg[0]/C,u_mesh/GEN_R[2].r/u_datapath/west_vc2_fifo/count_reg[2]/D
2.508,17,1,1,intra,u_mesh/GEN_R[1].r/u_datapath/south_vc2_fifo/rd_ptr_reg[0]/C,u_mesh/GEN_R[1].r/u_credit_control/credit_count_reg[1][1][1]/D
2.514,17,2,2,intra,u_mesh/GEN_R[2].r/u_datapath/local_vc1_fifo/rd_ptr_reg[0]/C,u_mesh/GEN_R[2].r/u_credit_control/credit_count_reg[4][0][2]/D
2.514,18,2,2,intra,u_mesh/GEN_R[2].r/u_datapath/local_vc1_fifo/rd_ptr_reg[0]/C,u_mesh/GEN_R[2].r/u_datapath/local_vc2_fifo/count_reg[0]/D
2.515,18,5,5,intra,u_mesh/GEN_R[5].r/u_datapath/local_vc2_fifo/rd_ptr_reg[1]/C,u_mesh/GEN_R[5].r/u_datapath/east_vc1_fifo/count_reg[2]/D
2.515,17,5,5,intra,u_mesh/GEN_R[5].r/u_datapath/west_vc0_fifo/rd_ptr_reg[0]/C,u_mesh/GEN_R[5].r/u_datapath/west_vc2_fifo/count_reg[2]/D
2.520,17,3,3,intra,u_mesh/GEN_R[3].r/u_datapath/east_vc2_fifo/rd_ptr_reg[0]/C,u_mesh/GEN_R[3].r/u_datapath/west_vc2_fifo/count_reg[2]/D
2.523,17,1,1,intra,u_mesh/GEN_R[1].r/u_datapath/south_vc2_fifo/rd_ptr_reg[0]/C,u_mesh/GEN_R[1].r/u_datapath/north_vc1_fifo/count_reg[2]/D
2.524,17,5,5,intra,u_mesh/GEN_R[5].r/u_datapath/west_vc0_fifo/rd_ptr_reg[0]/C,u_mesh/GEN_R[5].r/u_datapath/north_vc1_fifo/count_reg[1]/D
2.524,17,5,5,intra,u_mesh/GEN_R[5].r/u_datapath/west_vc0_fifo/rd_ptr_reg[0]/C,u_mesh/GEN_R[5].r/u_credit_control/credit_count_reg[0][0][2]/D
2.526,17,3,3,intra,u_mesh/GEN_R[3].r/u_datapath/local_vc2_fifo/rd_ptr_reg[1]/C,u_mesh/GEN_R[3].r/u_datapath/north_vc2_fifo/credit_valid_reg/D
2.528,17,5,5,intra,u_mesh/GEN_R[5].r/u_datapath/west_vc0_fifo/rd_ptr_reg[0]/C,u_mesh/GEN_R[5].r/u_datapath/west_vc2_fifo/rd_ptr_reg[1]/D
2.536,18,2,2,intra,u_mesh/GEN_R[2].r/u_datapath/local_vc1_fifo/rd_ptr_reg[0]/C,u_mesh/GEN_R[2].r/u_credit_control/credit_count_reg[4][2][0]/D
2.540,18,1,1,intra,u_mesh/GEN_R[1].r/u_datapath/local_vc0_fifo/rd_ptr_reg[0]/C,u_mesh/GEN_R[1].r/u_allocator/output_owner_reg[2][0]/D
2.541,18,2,2,intra,u_mesh/GEN_R[2].r/u_datapath/local_vc1_fifo/rd_ptr_reg[0]/C,u_mesh/GEN_R[2].r/u_credit_control/credit_count_reg[4][2][1]/D
2.542,18,2,2,intra,u_mesh/GEN_R[2].r/u_datapath/local_vc1_fifo/rd_ptr_reg[0]/C,u_mesh/GEN_R[2].r/u_credit_control/credit_count_reg[4][2][2]/D
2.542,17,0,0,intra,u_mesh/GEN_R[0].r/u_datapath/local_vc0_fifo/rd_ptr_reg[0]/C,u_mesh/GEN_R[0].r/u_credit_control/credit_count_reg[4][2][0]/D
2.546,17,0,0,intra,u_mesh/GEN_R[0].r/u_datapath/local_vc0_fifo/rd_ptr_reg[0]/C,u_mesh/GEN_R[0].r/u_credit_control/credit_count_reg[4][2][1]/D
2.548,18,4,4,intra,u_mesh/GEN_R[4].r/u_datapath/west_vc2_fifo/rd_ptr_reg[0]/C,u_mesh/GEN_R[4].r/u_allocator/output_locked_reg[2]/D
2.549,18,1,1,intra,u_mesh/GEN_R[1].r/u_datapath/west_vc0_fifo/rd_ptr_reg[0]/C,u_mesh/GEN_R[1].r/u_credit_control/credit_count_reg[0][1][1]/D
2.552,17,3,3,intra,u_mesh/GEN_R[3].r/u_datapath/east_vc2_fifo/rd_ptr_reg[0]/C,u_mesh/GEN_R[3].r/u_datapath/north_vc1_fifo/count_reg[0]/D
2.554,18,1,1,intra,u_mesh/GEN_R[1].r/u_datapath/south_vc2_fifo/rd_ptr_reg[0]/C,u_mesh/GEN_R[1].r/u_allocator/output_owner_reg[1][2]/D
2.557,17,3,3,intra,u_mesh/GEN_R[3].r/u_datapath/east_vc2_fifo/rd_ptr_reg[0]/C,u_mesh/GEN_R[3].r/u_datapath/north_vc1_fifo/count_reg[2]/D
2.558,19,2,2,intra,u_mesh/GEN_R[2].r/u_datapath/local_vc1_fifo/rd_ptr_reg[0]/C,u_mesh/GEN_R[2].r/u_allocator/output_owner_reg[2][2]/D
2.559,18,1,1,intra,u_mesh/GEN_R[1].r/u_datapath/south_vc2_fifo/rd_ptr_reg[0]/C,u_mesh/GEN_R[1].r/u_allocator/output_owner_reg[1][3]/D
2.560,18,1,1,intra,u_mesh/GEN_R[1].r/u_datapath/local_vc0_fifo/rd_ptr_reg[0]/C,u_mesh/GEN_R[1].r/u_allocator/output_owner_reg[2][1]/D
2.561,19,3,3,intra,u_mesh/GEN_R[3].r/u_datapath/local_vc2_fifo/rd_ptr_reg[1]/C,u_mesh/GEN_R[3].r/u_allocator/output_locked_reg[0]/D
2.564,17,5,5,intra,u_mesh/GEN_R[5].r/u_datapath/west_vc0_fifo/rd_ptr_reg[0]/C,u_mesh/GEN_R[5].r/u_datapath/north_vc1_fifo/count_reg[2]/D
2.566,17,5,5,intra,u_mesh/GEN_R[5].r/u_datapath/west_vc0_fifo/rd_ptr_reg[0]/C,u_mesh/GEN_R[5].r/u_datapath/north_vc1_fifo/rd_ptr_reg[1]/D
2.573,19,2,2,intra,u_mesh/GEN_R[2].r/u_datapath/local_vc1_fifo/rd_ptr_reg[0]/C,u_mesh/GEN_R[2].r/u_allocator/output_owner_reg[2][3]/D
2.573,17,1,1,intra,u_mesh/GEN_R[1].r/u_datapath/west_vc0_fifo/rd_ptr_reg[0]/C,u_mesh/GEN_R[1].r/u_credit_control/credit_count_reg[0][0][1]/D
2.574,17,3,3,intra,u_mesh/GEN_R[3].r/u_datapath/local_vc2_fifo/rd_ptr_reg[1]/C,u_mesh/GEN_R[3].r/u_datapath/north_vc2_fifo/rd_ptr_reg[0]/D
2.576,17,5,5,intra,u_mesh/GEN_R[5].r/u_datapath/west_vc0_fifo/rd_ptr_reg[0]/C,u_mesh/GEN_R[5].r/u_datapath/north_vc1_fifo/rd_ptr_reg[0]/D
2.586,18,4,4,intra,u_mesh/GEN_R[4].r/u_datapath/north_vc2_fifo/rd_ptr_reg[1]/C,u_mesh/GEN_R[4].r/u_datapath/south_vc1_fifo/count_reg[1]/D
2.588,18,4,4,intra,u_mesh/GEN_R[4].r/u_datapath/north_vc2_fifo/rd_ptr_reg[1]/C,u_mesh/GEN_R[4].r/u_datapath/south_vc1_fifo/count_reg[0]/D
2.592,17,0,0,intra,u_mesh/GEN_R[0].r/u_datapath/south_vc1_fifo/rd_ptr_reg[0]/C,u_mesh/GEN_R[0].r/u_credit_control/credit_count_reg[0][0][0]/D
2.595,18,5,5,intra,u_mesh/GEN_R[5].r/u_datapath/local_vc2_fifo/rd_ptr_reg[1]/C,u_mesh/GEN_R[5].r/u_datapath/east_vc0_fifo/count_reg[1]/D
2.596,18,0,0,intra,u_mesh/GEN_R[0].r/u_datapath/south_vc1_fifo/rd_ptr_reg[0]/C,u_mesh/GEN_R[0].r/u_datapath/east_vc1_fifo/rd_ptr_reg[1]/D
2.600,17,3,3,intra,u_mesh/GEN_R[3].r/u_datapath/east_vc2_fifo/rd_ptr_reg[0]/C,u_mesh/GEN_R[3].r/u_datapath/north_vc1_fifo/count_reg[1]/D
2.604,17,0,0,intra,u_mesh/GEN_R[0].r/u_datapath/south_vc1_fifo/rd_ptr_reg[0]/C,u_mesh/GEN_R[0].r/u_credit_control/credit_count_reg[3][0][1]/D
2.607,17,3,3,intra,u_mesh/GEN_R[3].r/u_datapath/east_vc2_fifo/rd_ptr_reg[0]/C,u_mesh/GEN_R[3].r/u_datapath/north_vc1_fifo/credit_valid_reg/D
2.611,18,2,2,intra,u_mesh/GEN_R[2].r/u_datapath/local_vc1_fifo/rd_ptr_reg[0]/C,u_mesh/GEN_R[2].r/u_datapath/north_vc2_fifo/count_reg[1]/D
2.612,17,5,5,intra,u_mesh/GEN_R[5].r/u_datapath/west_vc0_fifo/rd_ptr_reg[0]/C,u_mesh/GEN_R[5].r/u_datapath/north_vc1_fifo/credit_valid_reg/D
2.616,16,3,3,intra,u_mesh/GEN_R[3].r/u_datapath/east_vc2_fifo/rd_ptr_reg[0]/C,u_mesh/GEN_R[3].r/u_datapath/west_vc0_fifo/count_reg[1]/D
2.633,18,4,4,intra,u_mesh/GEN_R[4].r/u_datapath/west_vc2_fifo/rd_ptr_reg[0]/C,u_mesh/GEN_R[4].r/u_datapath/west_vc2_fifo/count_reg[0]/D
2.635,18,5,5,intra,u_mesh/GEN_R[5].r/u_datapath/local_vc2_fifo/rd_ptr_reg[1]/C,u_mesh/GEN_R[5].r/u_datapath/south_vc1_fifo/count_reg[0]/D
2.635,18,4,4,intra,u_mesh/GEN_R[4].r/u_datapath/north_vc2_fifo/rd_ptr_reg[1]/C,u_mesh/GEN_R[4].r/u_datapath/south_vc1_fifo/count_reg[2]/D
2.639,18,5,5,intra,u_mesh/GEN_R[5].r/u_datapath/local_vc2_fifo/rd_ptr_reg[1]/C,u_mesh/GEN_R[5].r/u_datapath/east_vc0_fifo/count_reg[2]/D
2.639,18,1,1,intra,u_mesh/GEN_R[1].r/u_datapath/local_vc0_fifo/rd_ptr_reg[0]/C,u_mesh/GEN_R[1].r/u_credit_control/credit_count_reg[2][1][2]/D
2.646,19,2,2,intra,u_mesh/GEN_R[2].r/u_datapath/local_vc1_fifo/rd_ptr_reg[0]/C,u_mesh/GEN_R[2].r/u_datapath/east_vc1_fifo/count_reg[1]/D
2.648,17,3,3,intra,u_mesh/GEN_R[3].r/u_datapath/local_vc2_fifo/rd_ptr_reg[1]/C,u_mesh/GEN_R[3].r/u_credit_control/credit_count_reg[0][0][2]/D
2.652,19,4,4,intra,u_mesh/GEN_R[4].r/u_datapath/west_vc2_fifo/rd_ptr_reg[0]/C,u_mesh/GEN_R[4].r/u_allocator/output_locked_reg[0]/D
2.653,17,3,3,intra,u_mesh/GEN_R[3].r/u_datapath/east_vc2_fifo/rd_ptr_reg[0]/C,u_mesh/GEN_R[3].r/u_datapath/east_vc0_fifo/credit_valid_reg/D
2.657,17,4,4,intra,u_mesh/GEN_R[4].r/u_datapath/east_vc2_fifo/rd_ptr_reg[0]/C,u_mesh/GEN_R[4].r/u_datapath/west_vc0_fifo/credit_valid_reg/D
2.661,18,2,2,intra,u_mesh/GEN_R[2].r/u_datapath/local_vc1_fifo/rd_ptr_reg[0]/C,u_mesh/GEN_R[2].r/u_datapath/north_vc2_fifo/count_reg[2]/D
2.661,18,4,4,intra,u_mesh/GEN_R[4].r/u_datapath/local_vc1_fifo/rd_ptr_reg[1]/C,u_mesh/GEN_R[4].r/u_credit_control/credit_count_reg[1][1][2]/D
2.662,17,0,0,intra,u_mesh/GEN_R[0].r/u_datapath/south_vc1_fifo/rd_ptr_reg[0]/C,u_mesh/GEN_R[0].r/u_credit_control/credit_count_reg[2][0][0]/D
2.663,18,1,1,intra,u_mesh/GEN_R[1].r/u_datapath/west_vc0_fifo/rd_ptr_reg[0]/C,u_mesh/GEN_R[1].r/u_datapath/north_vc2_fifo/count_reg[1]/D
2.663,18,4,4,intra,u_mesh/GEN_R[4].r/u_datapath/local_vc1_fifo/rd_ptr_reg[1]/C,u_mesh/GEN_R[4].r/u_credit_control/credit_count_reg[1][1][0]/D
2.665,18,1,1,intra,u_mesh/GEN_R[1].r/u_datapath/west_vc0_fifo/rd_ptr_reg[0]/C,u_mesh/GEN_R[1].r/u_datapath/north_vc2_fifo/count_reg[0]/D
2.666,18,4,4,intra,u_mesh/GEN_R[4].r/u_datapath/north_vc2_fifo/rd_ptr_reg[1]/C,u_mesh/GEN_R[4].r/u_datapath/west_vc2_fifo/credit_valid_reg/D
2.668,17,3,3,intra,u_mesh/GEN_R[3].r/u_datapath/east_vc2_fifo/rd_ptr_reg[0]/C,u_mesh/GEN_R[3].r/u_datapath/east_vc0_fifo/count_reg[0]/D
2.668,16,3,3,intra,u_mesh/GEN_R[3].r/u_datapath/east_vc2_fifo/rd_ptr_reg[0]/C,u_mesh/GEN_R[3].r/u_datapath/west_vc0_fifo/count_reg[2]/D
2.677,17,4,4,intra,u_mesh/GEN_R[4].r/u_datapath/east_vc2_fifo/rd_ptr_reg[0]/C,u_mesh/GEN_R[4].r/u_datapath/west_vc0_fifo/rd_ptr_reg[0]/D
2.678,18,2,2,intra,u_mesh/GEN_R[2].r/u_datapath/local_vc1_fifo/rd_ptr_reg[0]/C,u_mesh/GEN_R[2].r/u_credit_control/credit_count_reg[4][1][2]/D
2.679,18,0,0,intra,u_mesh/GEN_R[0].r/u_datapath/south_vc1_fifo/rd_ptr_reg[0]/C,u_mesh/GEN_R[0].r/u_credit_control/credit_count_reg[2][1][0]/D
2.681,17,4,4,intra,u_mesh/GEN_R[4].r/u_datapath/east_vc2_fifo/rd_ptr_reg[0]/C,u_mesh/GEN_R[4].r/u_datapath/local_vc0_fifo/count_reg[0]/D
2.684,18,0,0,intra,u_mesh/GEN_R[0].r/u_datapath/south_vc1_fifo/rd_ptr_reg[0]/C,u_mesh/GEN_R[0].r/u_credit_control/credit_count_reg[2][1][1]/D
2.684,19,2,2,intra,u_mesh/GEN_R[2].r/u_datapath/local_vc1_fifo/rd_ptr_reg[0]/C,u_mesh/GEN_R[2].r/u_allocator/output_owner_reg[2][0]/D
2.685,18,4,4,intra,u_mesh/GEN_R[4].r/u_datapath/west_vc2_fifo/rd_ptr_reg[0]/C,u_mesh/GEN_R[4].r/u_datapath/west_vc2_fifo/count_reg[1]/D
2.689,18,4,4,intra,u_mesh/GEN_R[4].r/u_datapath/west_vc2_fifo/rd_ptr_reg[0]/C,u_mesh/GEN_R[4].r/u_datapath/west_vc2_fifo/count_reg[2]/D
2.690,17,3,3,intra,u_mesh/GEN_R[3].r/u_datapath/east_vc2_fifo/rd_ptr_reg[0]/C,u_mesh/GEN_R[3].r/u_datapath/south_vc0_fifo/count_reg[1]/D
2.692,17,3,3,intra,u_mesh/GEN_R[3].r/u_datapath/east_vc2_fifo/rd_ptr_reg[0]/C,u_mesh/GEN_R[3].r/u_datapath/south_vc1_fifo/count_reg[0]/D
2.695,19,2,2,intra,u_mesh/GEN_R[2].r/u_datapath/local_vc1_fifo/rd_ptr_reg[0]/C,u_mesh/GEN_R[2].r/u_datapath/east_vc1_fifo/count_reg[2]/D
2.696,17,4,4,intra,u_mesh/GEN_R[4].r/u_datapath/east_vc2_fifo/rd_ptr_reg[0]/C,u_mesh/GEN_R[4].r/u_datapath/local_vc0_fifo/count_reg[1]/D
2.705,17,3,3,intra,u_mesh/GEN_R[3].r/u_datapath/east_vc2_fifo/rd_ptr_reg[0]/C,u_mesh/GEN_R[3].r/u_datapath/east_vc0_fifo/rd_ptr_reg[0]/D
2.706,18,1,1,intra,u_mesh/GEN_R[1].r/u_datapath/local_vc0_fifo/rd_ptr_reg[0]/C,u_mesh/GEN_R[1].r/u_credit_control/credit_count_reg[2][1][1]/D
2.712,18,1,1,intra,u_mesh/GEN_R[1].r/u_datapath/west_vc0_fifo/rd_ptr_reg[0]/C,u_mesh/GEN_R[1].r/u_datapath/north_vc2_fifo/count_reg[2]/D
2.713,18,1,1,intra,u_mesh/GEN_R[1].r/u_datapath/local_vc0_fifo/rd_ptr_reg[0]/C,u_mesh/GEN_R[1].r/u_credit_control/credit_count_reg[2][1][0]/D
2.713,17,2,2,intra,u_mesh/GEN_R[2].r/u_datapath/local_vc1_fifo/rd_ptr_reg[0]/C,u_mesh/GEN_R[2].r/u_credit_control/credit_count_reg[0][1][0]/D
2.715,18,4,4,intra,u_mesh/GEN_R[4].r/u_datapath/local_vc1_fifo/rd_ptr_reg[1]/C,u_mesh/GEN_R[4].r/u_credit_control/credit_count_reg[1][1][1]/D
2.718,18,4,4,intra,u_mesh/GEN_R[4].r/u_datapath/north_vc2_fifo/rd_ptr_reg[1]/C,u_mesh/GEN_R[4].r/u_datapath/west_vc2_fifo/rd_ptr_reg[0]/D
2.718,19,2,2,intra,u_mesh/GEN_R[2].r/u_datapath/local_vc1_fifo/rd_ptr_reg[0]/C,u_mesh/GEN_R[2].r/u_allocator/output_owner_reg[2][1]/D
2.720,17,3,3,intra,u_mesh/GEN_R[3].r/u_datapath/east_vc2_fifo/rd_ptr_reg[0]/C,u_mesh/GEN_R[3].r/u_datapath/east_vc0_fifo/count_reg[1]/D
2.723,18,5,5,intra,u_mesh/GEN_R[5].r/u_datapath/west_vc0_fifo/rd_ptr_reg[0]/C,u_mesh/GEN_R[5].r/u_allocator/output_owner_reg[3][1]/D
2.724,17,3,3,intra,u_mesh/GEN_R[3].r/u_datapath/east_vc2_fifo/rd_ptr_reg[0]/C,u_mesh/GEN_R[3].r/u_datapath/south_vc1_fifo/count_reg[1]/D
2.727,18,4,4,intra,u_mesh/GEN_R[4].r/u_datapath/north_vc2_fifo/rd_ptr_reg[1]/C,u_mesh/GEN_R[4].r/u_datapath/south_vc2_fifo/count_reg[0]/D
2.728,17,2,2,intra,u_mesh/GEN_R[2].r/u_datapath/local_vc1_fifo/rd_ptr_reg[0]/C,u_mesh/GEN_R[2].r/u_credit_control/credit_count_reg[0][2][0]/D
2.732,18,4,4,intra,u_mesh/GEN_R[4].r/u_datapath/north_vc2_fifo/rd_ptr_reg[1]/C,u_mesh/GEN_R[4].r/u_datapath/south_vc2_fifo/count_reg[1]/D
2.732,18,4,4,intra,u_mesh/GEN_R[4].r/u_datapath/north_vc2_fifo/rd_ptr_reg[1]/C,u_mesh/GEN_R[4].r/u_datapath/south_vc2_fifo/count_reg[2]/D
2.734,18,5,5,intra,u_mesh/GEN_R[5].r/u_datapath/west_vc0_fifo/rd_ptr_reg[0]/C,u_mesh/GEN_R[5].r/u_allocator/output_owner_reg[3][2]/D
2.739,18,4,4,intra,u_mesh/GEN_R[4].r/u_datapath/west_vc2_fifo/rd_ptr_reg[0]/C,u_mesh/GEN_R[4].r/u_datapath/south_vc0_fifo/count_reg[1]/D
2.739,17,3,3,intra,u_mesh/GEN_R[3].r/u_datapath/east_vc2_fifo/rd_ptr_reg[0]/C,u_mesh/GEN_R[3].r/u_datapath/south_vc0_fifo/count_reg[2]/D
2.743,17,3,3,intra,u_mesh/GEN_R[3].r/u_datapath/local_vc2_fifo/rd_ptr_reg[1]/C,u_mesh/GEN_R[3].r/u_datapath/local_vc0_fifo/count_reg[0]/D
2.743,17,5,5,intra,u_mesh/GEN_R[5].r/u_datapath/west_vc0_fifo/rd_ptr_reg[0]/C,u_mesh/GEN_R[5].r/u_credit_control/credit_count_reg[0][0][1]/D
2.751,18,1,1,intra,u_mesh/GEN_R[1].r/u_datapath/west_vc0_fifo/rd_ptr_reg[0]/C,u_mesh/GEN_R[1].r/u_credit_control/credit_count_reg[0][2][2]/D
2.753,18,1,1,intra,u_mesh/GEN_R[1].r/u_datapath/west_vc0_fifo/rd_ptr_reg[0]/C,u_mesh/GEN_R[1].r/u_credit_control/credit_count_reg[0][2][0]/D
2.756,18,4,4,intra,u_mesh/GEN_R[4].r/u_datapath/north_vc2_fifo/rd_ptr_reg[1]/C,u_mesh/GEN_R[4].r/u_datapath/west_vc2_fifo/rd_ptr_reg[1]/D
2.757,18,1,1,intra,u_mesh/GEN_R[1].r/u_datapath/west_vc0_fifo/rd_ptr_reg[0]/C,u_mesh/GEN_R[1].r/u_credit_control/credit_count_reg[3][2][0]/D
2.761,17,0,0,intra,u_mesh/GEN_R[0].r/u_datapath/south_vc1_fifo/rd_ptr_reg[0]/C,u_mesh/GEN_R[0].r/u_credit_control/credit_count_reg[2][0][2]/D
2.761,18,1,1,intra,u_mesh/GEN_R[1].r/u_datapath/west_vc0_fifo/rd_ptr_reg[0]/C,u_mesh/GEN_R[1].r/u_credit_control/credit_count_reg[3][2][1]/D
2.768,18,4,4,intra,u_mesh/GEN_R[4].r/u_datapath/west_vc2_fifo/rd_ptr_reg[0]/C,u_mesh/GEN_R[4].r/u_datapath/local_vc1_fifo/rd_ptr_reg[1]/D
2.769,17,3,3,intra,u_mesh/GEN_R[3].r/u_datapath/east_vc2_fifo/rd_ptr_reg[0]/C,u_mesh/GEN_R[3].r/u_datapath/west_vc2_fifo/count_reg[0]/D
2.773,17,3,3,intra,u_mesh/GEN_R[3].r/u_datapath/east_vc2_fifo/rd_ptr_reg[0]/C,u_mesh/GEN_R[3].r/u_datapath/south_vc1_fifo/count_reg[2]/D
2.773,18,4,4,intra,u_mesh/GEN_R[4].r/u_datapath/north_vc2_fifo/rd_ptr_reg[1]/C,u_mesh/GEN_R[4].r/u_credit_control/credit_count_reg[3][2][0]/D
2.776,18,5,5,intra,u_mesh/GEN_R[5].r/u_datapath/west_vc0_fifo/rd_ptr_reg[0]/C,u_mesh/GEN_R[5].r/u_allocator/output_locked_reg[0]/D
2.777,16,1,1,intra,u_mesh/GEN_R[1].r/u_datapath/south_vc2_fifo/rd_ptr_reg[0]/C,u_mesh/GEN_R[1].r/u_credit_control/credit_count_reg[1][2][1]/D
2.784,16,1,1,intra,u_mesh/GEN_R[1].r/u_datapath/south_vc2_fifo/rd_ptr_reg[0]/C,u_mesh/GEN_R[1].r/u_credit_control/credit_count_reg[1][2][0]/D
2.791,18,4,4,intra,u_mesh/GEN_R[4].r/u_datapath/west_vc2_fifo/rd_ptr_reg[0]/C,u_mesh/GEN_R[4].r/u_datapath/south_vc0_fifo/count_reg[2]/D
2.795,17,3,3,intra,u_mesh/GEN_R[3].r/u_datapath/local_vc2_fifo/rd_ptr_reg[1]/C,u_mesh/GEN_R[3].r/u_datapath/local_vc0_fifo/count_reg[1]/D
2.800,18,3,3,intra,u_mesh/GEN_R[3].r/u_datapath/local_vc2_fifo/rd_ptr_reg[1]/C,u_mesh/GEN_R[3].r/u_datapath/south_vc2_fifo/count_reg[0]/D
2.803,18,2,2,intra,u_mesh/GEN_R[2].r/u_datapath/local_vc1_fifo/rd_ptr_reg[0]/C,u_mesh/GEN_R[2].r/u_credit_control/credit_count_reg[2][2][2]/D
2.804,17,3,3,intra,u_mesh/GEN_R[3].r/u_datapath/east_vc2_fifo/rd_ptr_reg[0]/C,u_mesh/GEN_R[3].r/u_datapath/east_vc0_fifo/count_reg[2]/D
2.805,18,1,1,intra,u_mesh/GEN_R[1].r/u_datapath/west_vc0_fifo/rd_ptr_reg[0]/C,u_mesh/GEN_R[1].r/u_credit_control/credit_count_reg[0][2][1]/D
2.806,18,0,0,intra,u_mesh/GEN_R[0].r/u_datapath/south_vc1_fifo/rd_ptr_reg[0]/C,u_mesh/GEN_R[0].r/u_allocator/output_owner_reg[1][1]/D
2.806,18,3,3,intra,u_mesh/GEN_R[3].r/u_datapath/local_vc2_fifo/rd_ptr_reg[1]/C,u_mesh/GEN_R[3].r/u_datapath/south_vc2_fifo/count_reg[2]/D
2.807,17,3,3,intra,u_mesh/GEN_R[3].r/u_datapath/east_vc2_fifo/rd_ptr_reg[0]/C,u_mesh/GEN_R[3].r/u_datapath/south_vc0_fifo/count_reg[0]/D
2.807,18,3,3,intra,u_mesh/GEN_R[3].r/u_datapath/local_vc2_fifo/rd_ptr_reg[1]/C,u_mesh/GEN_R[3].r/u_datapath/south_vc2_fifo/count_reg[1]/D
2.808,18,1,1,intra,u_mesh/GEN_R[1].r/u_datapath/west_vc0_fifo/rd_ptr_reg[0]/C,u_mesh/GEN_R[1].r/u_credit_control/credit_count_reg[3][2][2]/D
2.809,17,2,2,intra,u_mesh/GEN_R[2].r/u_datapath/local_vc1_fifo/rd_ptr_reg[0]/C,u_mesh/GEN_R[2].r/u_credit_control/credit_count_reg[3][1][0]/D
2.809,17,3,3,intra,u_mesh/GEN_R[3].r/u_datapath/local_vc2_fifo/rd_ptr_reg[1]/C,u_mesh/GEN_R[3].r/u_datapath/north_vc2_fifo/rd_ptr_reg[1]/D
2.810,17,0,0,intra,u_mesh/GEN_R[0].r/u_datapath/south_vc1_fifo/rd_ptr_reg[0]/C,u_mesh/GEN_R[0].r/u_credit_control/credit_count_reg[1][2][0]/D
2.814,17,5,5,intra,u_mesh/GEN_R[5].r/u_datapath/west_vc0_fifo/rd_ptr_reg[0]/C,u_mesh/GEN_R[5].r/u_datapath/west_vc0_fifo/rd_ptr_reg[1]/D
2.814,17,2,2,intra,u_mesh/GEN_R[2].r/u_datapath/local_vc1_fifo/rd_ptr_reg[0]/C,u_mesh/GEN_R[2].r/u_credit_control/credit_count_reg[3][1][1]/D
2.814,17,2,2,intra,u_mesh/GEN_R[2].r/u_datapath/local_vc1_fifo/rd_ptr_reg[0]/C,u_mesh/GEN_R[2].r/u_credit_control/credit_count_reg[3][1][2]/D
2.815,17,0,0,intra,u_mesh/GEN_R[0].r/u_datapath/south_vc1_fifo/rd_ptr_reg[0]/C,u_mesh/GEN_R[0].r/u_credit_control/credit_count_reg[1][2][1]/D
2.817,17,3,3,intra,u_mesh/GEN_R[3].r/u_datapath/east_vc2_fifo/rd_ptr_reg[0]/C,u_mesh/GEN_R[3].r/u_datapath/east_vc0_fifo/rd_ptr_reg[1]/D
2.820,17,3,3,intra,u_mesh/GEN_R[3].r/u_datapath/local_vc2_fifo/rd_ptr_reg[1]/C,u_mesh/GEN_R[3].r/u_credit_control/credit_count_reg[0][0][1]/D
2.824,18,0,0,intra,u_mesh/GEN_R[0].r/u_datapath/south_vc1_fifo/rd_ptr_reg[0]/C,u_mesh/GEN_R[0].r/u_allocator/output_owner_reg[1][2]/D
2.828,17,0,0,intra,u_mesh/GEN_R[0].r/u_datapath/local_vc0_fifo/rd_ptr_reg[0]/C,u_mesh/GEN_R[0].r/u_credit_control/credit_count_reg[4][2][2]/D
2.829,18,2,2,intra,u_mesh/GEN_R[2].r/u_datapath/local_vc1_fifo/rd_ptr_reg[0]/C,u_mesh/GEN_R[2].r/u_credit_control/credit_count_reg[2][2][0]/D
2.831,17,3,3,intra,u_mesh/GEN_R[3].r/u_datapath/local_vc2_fifo/rd_ptr_reg[1]/C,u_mesh/GEN_R[3].r/u_credit_control/credit_count_reg[1][0][2]/D
2.838,17,3,3,intra,u_mesh/GEN_R[3].r/u_datapath/local_vc2_fifo/rd_ptr_reg[1]/C,u_mesh/GEN_R[3].r/u_credit_control/credit_count_reg[1][0][1]/D
2.840,18,4,4,intra,u_mesh/GEN_R[4].r/u_datapath/west_vc2_fifo/rd_ptr_reg[0]/C,u_mesh/GEN_R[4].r/u_datapath/local_vc1_fifo/count_reg[0]/D
2.842,17,4,4,intra,u_mesh/GEN_R[4].r/u_datapath/east_vc2_fifo/rd_ptr_reg[0]/C,u_mesh/GEN_R[4].r/u_datapath/west_vc0_fifo/rd_ptr_reg[1]/D
2.842,17,4,4,intra,u_mesh/GEN_R[4].r/u_datapath/east_vc2_fifo/rd_ptr_reg[0]/C,u_mesh/GEN_R[4].r/u_datapath/local_vc0_fifo/rd_ptr_reg[1]/D
2.843,17,0,0,intra,u_mesh/GEN_R[0].r/u_datapath/south_vc1_fifo/rd_ptr_reg[0]/C,u_mesh/GEN_R[0].r/u_credit_control/credit_count_reg[2][0][1]/D
2.847,17,5,5,intra,u_mesh/GEN_R[5].r/u_datapath/west_vc0_fifo/rd_ptr_reg[0]/C,u_mesh/GEN_R[5].r/u_credit_control/credit_count_reg[0][0][0]/D
2.856,18,5,5,intra,u_mesh/GEN_R[5].r/u_datapath/local_vc2_fifo/rd_ptr_reg[1]/C,u_mesh/GEN_R[5].r/u_credit_control/credit_count_reg[2][2][2]/D
2.858,17,4,4,intra,u_mesh/GEN_R[4].r/u_datapath/east_vc2_fifo/rd_ptr_reg[0]/C,u_mesh/GEN_R[4].r/u_datapath/west_vc0_fifo/count_reg[0]/D
2.859,17,5,5,intra,u_mesh/GEN_R[5].r/u_datapath/west_vc0_fifo/rd_ptr_reg[0]/C,u_mesh/GEN_R[5].r/u_datapath/south_vc0_fifo/count_reg[1]/D
2.861,17,5,5,intra,u_mesh/GEN_R[5].r/u_datapath/west_vc0_fifo/rd_ptr_reg[0]/C,u_mesh/GEN_R[5].r/u_datapath/south_vc0_fifo/count_reg[0]/D
2.862,18,5,5,intra,u_mesh/GEN_R[5].r/u_datapath/local_vc2_fifo/rd_ptr_reg[1]/C,u_mesh/GEN_R[5].r/u_credit_control/credit_count_reg[1][1][2]/D
2.863,18,5,5,intra,u_mesh/GEN_R[5].r/u_datapath/local_vc2_fifo/rd_ptr_reg[1]/C,u_mesh/GEN_R[5].r/u_credit_control/credit_count_reg[2][2][0]/D
2.863,17,2,2,intra,u_mesh/GEN_R[2].r/u_datapath/local_vc1_fifo/rd_ptr_reg[0]/C,u_mesh/GEN_R[2].r/u_credit_control/credit_count_reg[2][0][2]/D
2.869,16,1,1,intra,u_mesh/GEN_R[1].r/u_datapath/south_vc2_fifo/rd_ptr_reg[0]/C,u_mesh/GEN_R[1].r/u_credit_control/credit_count_reg[1][2][2]/D
2.869,17,3,3,intra,u_mesh/GEN_R[3].r/u_datapath/east_vc2_fifo/rd_ptr_reg[0]/C,u_mesh/GEN_R[3].r/u_datapath/north_vc1_fifo/rd_ptr_reg[0]/D
2.870,17,2,2,intra,u_mesh/GEN_R[2].r/u_datapath/local_vc1_fifo/rd_ptr_reg[0]/C,u_mesh/GEN_R[2].r/u_credit_control/credit_count_reg[2][0][1]/D
2.876,16,3,3,intra,u_mesh/GEN_R[3].r/u_datapath/east_vc2_fifo/rd_ptr_reg[0]/C,u_mesh/GEN_R[3].r/u_datapath/west_vc0_fifo/count_reg[0]/D
2.878,18,2,2,intra,u_mesh/GEN_R[2].r/u_datapath/local_vc1_fifo/rd_ptr_reg[0]/C,u_mesh/GEN_R[2].r/u_credit_control/credit_count_reg[2][2][1]/D
2.881,17,3,3,intra,u_mesh/GEN_R[3].r/u_datapath/local_vc2_fifo/rd_ptr_reg[1]/C,u_mesh/GEN_R[3].r/u_datapath/east_vc1_fifo/count_reg[0]/D
2.884,18,5,5,intra,u_mesh/GEN_R[5].r/u_datapath/local_vc2_fifo/rd_ptr_reg[1]/C,u_mesh/GEN_R[5].r/u_credit_control/credit_count_reg[1][1][0]/D
2.885,17,0,0,intra,u_mesh/GEN_R[0].r/u_datapath/south_vc1_fifo/rd_ptr_reg[0]/C,u_mesh/GEN_R[0].r/u_credit_control/credit_count_reg[0][0][2]/D
2.885,18,0,0,intra,u_mesh/GEN_R[0].r/u_datapath/south_vc1_fifo/rd_ptr_reg[0]/C,u_mesh/GEN_R[0].r/u_credit_control/credit_count_reg[2][1][2]/D
2.889,17,3,3,intra,u_mesh/GEN_R[3].r/u_datapath/north_vc2_fifo/rd_ptr_reg[0]/C,u_mesh/GEN_R[3].r/u_credit_control/credit_count_reg[4][1][1]/D
2.891,17,3,3,intra,u_mesh/GEN_R[3].r/u_datapath/north_vc2_fifo/rd_ptr_reg[0]/C,u_mesh/GEN_R[3].r/u_credit_control/credit_count_reg[4][1][0]/D
2.892,18,4,4,intra,u_mesh/GEN_R[4].r/u_datapath/west_vc2_fifo/rd_ptr_reg[0]/C,u_mesh/GEN_R[4].r/u_datapath/local_vc1_fifo/count_reg[1]/D
2.895,17,0,0,intra,u_mesh/GEN_R[0].r/u_datapath/south_vc1_fifo/rd_ptr_reg[0]/C,u_mesh/GEN_R[0].r/u_credit_control/credit_count_reg[1][2][2]/D
2.898,18,3,3,intra,u_mesh/GEN_R[3].r/u_datapath/local_vc2_fifo/rd_ptr_reg[1]/C,u_mesh/GEN_R[3].r/u_credit_control/credit_count_reg[1][2][0]/D
2.900,17,3,3,intra,u_mesh/GEN_R[3].r/u_datapath/north_vc2_fifo/rd_ptr_reg[0]/C,u_mesh/GEN_R[3].r/u_credit_control/credit_count_reg[4][1][2]/D
2.901,18,5,5,intra,u_mesh/GEN_R[5].r/u_datapath/local_vc2_fifo/rd_ptr_reg[1]/C,u_mesh/GEN_R[5].r/u_datapath/east_vc0_fifo/count_reg[0]/D
2.902,17,5,5,intra,u_mesh/GEN_R[5].r/u_datapath/west_vc0_fifo/rd_ptr_reg[0]/C,u_mesh/GEN_R[5].r/u_datapath/west_vc0_fifo/credit_valid_reg/D
2.902,18,3,3,intra,u_mesh/GEN_R[3].r/u_datapath/local_vc2_fifo/rd_ptr_reg[1]/C,u_mesh/GEN_R[3].r/u_credit_control/credit_count_reg[1][2][2]/D
2.908,17,5,5,intra,u_mesh/GEN_R[5].r/u_datapath/west_vc0_fifo/rd_ptr_reg[0]/C,u_mesh/GEN_R[5].r/u_datapath/south_vc0_fifo/count_reg[2]/D
2.910,18,1,1,intra,u_mesh/GEN_R[1].r/u_datapath/south_vc2_fifo/rd_ptr_reg[0]/C,u_mesh/GEN_R[1].r/u_credit_control/credit_count_reg[0][0][0]/D
2.910,17,4,4,intra,u_mesh/GEN_R[4].r/u_datapath/east_vc2_fifo/rd_ptr_reg[0]/C,u_mesh/GEN_R[4].r/u_datapath/west_vc0_fifo/count_reg[1]/D
2.912,18,4,4,intra,u_mesh/GEN_R[4].r/u_datapath/north_vc2_fifo/rd_ptr_reg[1]/C,u_mesh/GEN_R[4].r/u_credit_control/credit_count_reg[3][2][2]/D
2.912,18,5,5,intra,u_mesh/GEN_R[5].r/u_datapath/local_vc2_fifo/rd_ptr_reg[1]/C,u_mesh/GEN_R[5].r/u_credit_control/credit_count_reg[2][2][1]/D
2.913,18,5,5,intra,u_mesh/GEN_R[5].r/u_datapath/local_vc2_fifo/rd_ptr_reg[1]/C,u_mesh/GEN_R[5].r/u_allocator/output_owner_reg[2][0]/D
2.914,16,2,2,intra,u_mesh/GEN_R[2].r/u_datapath/local_vc1_fifo/rd_ptr_reg[0]/C,u_mesh/GEN_R[2].r/u_credit_control/credit_count_reg[0][1][1]/D
2.914,18,4,4,intra,u_mesh/GEN_R[4].r/u_datapath/north_vc2_fifo/rd_ptr_reg[1]/C,u_mesh/GEN_R[4].r/u_credit_control/credit_count_reg[3][2][1]/D
2.918,18,3,3,intra,u_mesh/GEN_R[3].r/u_datapath/local_vc2_fifo/rd_ptr_reg[1]/C,u_mesh/GEN_R[3].r/u_credit_control/credit_count_reg[1][2][1]/D
2.918,17,1,1,intra,u_mesh/GEN_R[1].r/u_datapath/west_vc0_fifo/rd_ptr_reg[0]/C,u_mesh/GEN_R[1].r/u_credit_control/credit_count_reg[0][0][2]/D
2.919,18,5,5,intra,u_mesh/GEN_R[5].r/u_datapath/local_vc2_fifo/rd_ptr_reg[1]/C,u_mesh/GEN_R[5].r/u_credit_control/credit_count_reg[2][0][0]/D
2.922,17,5,5,intra,u_mesh/GEN_R[5].r/u_datapath/west_vc0_fifo/rd_ptr_reg[0]/C,u_mesh/GEN_R[5].r/u_datapath/west_vc0_fifo/rd_ptr_reg[0]/D
2.923,18,4,4,intra,u_mesh/GEN_R[4].r/u_datapath/north_vc2_fifo/rd_ptr_reg[1]/C,u_mesh/GEN_R[4].r/u_credit_control/credit_count_reg[3][1][0]/D
2.925,17,3,3,intra,u_mesh/GEN_R[3].r/u_datapath/local_vc2_fifo/rd_ptr_reg[1]/C,u_mesh/GEN_R[3].r/u_datapath/east_vc1_fifo/count_reg[2]/D
2.929,18,5,5,intra,u_mesh/GEN_R[5].r/u_datapath/local_vc2_fifo/rd_ptr_reg[1]/C,u_mesh/GEN_R[5].r/u_allocator/output_owner_reg[2][1]/D
2.933,17,3,3,intra,u_mesh/GEN_R[3].r/u_datapath/local_vc2_fifo/rd_ptr_reg[1]/C,u_mesh/GEN_R[3].r/u_datapath/east_vc1_fifo/count_reg[1]/D
2.933,18,5,5,intra,u_mesh/GEN_R[5].r/u_datapath/local_vc2_fifo/rd_ptr_reg[1]/C,u_mesh/GEN_R[5].r/u_credit_control/credit_count_reg[1][1][1]/D
2.936,17,3,3,intra,u_mesh/GEN_R[3].r/u_datapath/east_vc2_fifo/rd_ptr_reg[0]/C,u_mesh/GEN_R[3].r/u_datapath/north_vc1_fifo/rd_ptr_reg[1]/D
2.940,18,0,0,intra,u_mesh/GEN_R[0].r/u_datapath/south_vc1_fifo/rd_ptr_reg[0]/C,u_mesh/GEN_R[0].r/u_credit_control/credit_count_reg[0][1][0]/D
2.953,18,5,5,intra,u_mesh/GEN_R[5].r/u_datapath/west_vc0_fifo/rd_ptr_reg[0]/C,u_mesh/GEN_R[5].r/u_credit_control/credit_count_reg[3][2][0]/D
2.955,17,3,3,intra,u_mesh/GEN_R[3].r/u_datapath/local_vc2_fifo/rd_ptr_reg[1]/C,u_mesh/GEN_R[3].r/u_datapath/east_vc1_fifo/rd_ptr_reg[1]/D
2.959,17,3,3,intra,u_mesh/GEN_R[3].r/u_datapath/local_vc2_fifo/rd_ptr_reg[1]/C,u_mesh/GEN_R[3].r/u_datapath/east_vc1_fifo/credit_valid_reg/D
2.959,17,3,3,intra,u_mesh/GEN_R[3].r/u_datapath/north_vc2_fifo/rd_ptr_reg[0]/C,u_mesh/GEN_R[3].r/u_allocator/output_owner_reg[4][0]/D
2.961,17,1,1,intra,u_mesh/GEN_R[1].r/u_datapath/east_vc1_fifo/rd_ptr_reg[0]/C,u_mesh/GEN_R[1].r/u_credit_control/credit_count_reg[4][1][2]/D
2.963,16,5,5,intra,u_mesh/GEN_R[5].r/u_datapath/local_vc2_fifo/rd_ptr_reg[1]/C,u_mesh/GEN_R[5].r/u_credit_control/credit_count_reg[2][0][1]/D
2.967,17,3,3,intra,u_mesh/GEN_R[3].r/u_datapath/local_vc2_fifo/rd_ptr_reg[1]/C,u_mesh/GEN_R[3].r/u_datapath/local_vc1_fifo/count_reg[0]/D
2.976,18,5,5,intra,u_mesh/GEN_R[5].r/u_datapath/west_vc0_fifo/rd_ptr_reg[0]/C,u_mesh/GEN_R[5].r/u_allocator/output_owner_reg[3][0]/D
2.979,17,3,3,intra,u_mesh/GEN_R[3].r/u_datapath/north_vc2_fifo/rd_ptr_reg[0]/C,u_mesh/GEN_R[3].r/u_allocator/output_owner_reg[4][3]/D
2.991,18,5,5,intra,u_mesh/GEN_R[5].r/u_datapath/west_vc0_fifo/rd_ptr_reg[0]/C,u_mesh/GEN_R[5].r/u_allocator/output_owner_reg[3][3]/D
2.991,17,2,2,intra,u_mesh/GEN_R[2].r/u_datapath/local_vc1_fifo/rd_ptr_reg[0]/C,u_mesh/GEN_R[2].r/u_credit_control/credit_count_reg[3][2][0]/D
2.992,18,0,0,intra,u_mesh/GEN_R[0].r/u_datapath/south_vc1_fifo/rd_ptr_reg[0]/C,u_mesh/GEN_R[0].r/u_credit_control/credit_count_reg[0][1][1]/D
2.995,18,4,4,intra,u_mesh/GEN_R[4].r/u_datapath/north_vc2_fifo/rd_ptr_reg[1]/C,u_mesh/GEN_R[4].r/u_credit_control/credit_count_reg[3][1][1]/D
2.996,17,2,2,intra,u_mesh/GEN_R[2].r/u_datapath/local_vc1_fifo/rd_ptr_reg[0]/C,u_mesh/GEN_R[2].r/u_credit_control/credit_count_reg[3][2][1]/D
